dateTime,bpm,level
6/26/24 01:52,75,deep
6/26/24 01:53,71,deep
6/26/24 01:54,71,deep
6/26/24 01:55,86,deep
6/26/24 01:56,88,deep
6/26/24 01:57,99,deep
6/26/24 01:58,109,light
6/26/24 01:59,101,light
6/26/24 02:00,104,light
6/26/24 02:01,103,light
6/26/24 02:02,103,light
6/26/24 02:03,103,light
6/26/24 02:04,101,wake
6/26/24 02:05,98,wake
6/26/24 02:06,97,wake
6/26/24 02:07,99,wake
6/26/24 02:08,104,wake
6/26/24 02:09,104,light
6/26/24 02:10,104,light
6/26/24 02:11,106,light
6/26/24 02:12,119,light
6/26/24 02:13,133,light
6/26/24 02:14,105,light
6/26/24 02:15,91,light
6/26/24 02:16,86,light
6/26/24 02:17,91,light
6/26/24 02:18,85,light
6/26/24 02:19,93,light
6/26/24 02:20,86,light
6/26/24 02:21,85,light
6/26/24 02:22,83,light
6/26/24 02:23,83,light
6/26/24 02:24,79,light
6/26/24 02:25,78,light
6/26/24 02:26,80,light
6/26/24 02:27,78,light
6/26/24 02:28,76,light
6/26/24 02:29,83,light
6/26/24 02:30,77,light
6/26/24 02:31,80,light
6/26/24 02:32,81,light
6/26/24 02:33,97,light
6/26/24 02:34,97,light
6/26/24 02:35,100,light
6/26/24 02:36,100,light
6/26/24 02:37,113,light
6/26/24 02:38,102,light
6/26/24 02:39,90,light
6/26/24 02:40,86,light
6/26/24 02:41,84,light
6/26/24 02:42,81,light
6/26/24 02:43,80,light
6/26/24 02:44,83,rem
6/26/24 02:45,86,rem
6/26/24 02:46,77,rem
6/26/24 02:47,75,rem
6/26/24 02:48,74,rem
6/26/24 02:49,70,rem
6/26/24 02:50,76,rem
6/26/24 02:51,68,rem
6/26/24 02:52,71,rem
6/26/24 02:53,74,rem
6/26/24 02:54,76,rem
6/26/24 02:55,70,rem
6/26/24 02:56,70,rem
6/26/24 02:57,71,rem
6/26/24 02:58,68,rem
6/26/24 02:59,79,rem
6/26/24 03:00,68,rem
6/26/24 03:01,71,rem
6/26/24 03:02,70,rem
6/26/24 03:03,66,rem
6/26/24 03:04,72,rem
6/26/24 03:05,71,rem
6/26/24 03:06,67,rem
6/26/24 03:07,77,rem
6/26/24 03:08,70,rem
6/26/24 03:09,74,rem
6/26/24 03:10,73,rem
6/26/24 03:11,69,rem
6/26/24 03:12,70,rem
6/26/24 03:13,73,rem
6/26/24 03:14,70,rem
6/26/24 03:15,70,rem
6/26/24 03:16,79,rem
6/26/24 03:17,76,rem
6/26/24 03:18,72,light
6/26/24 03:19,74,light
6/26/24 03:20,74,light
6/26/24 03:21,78,light
6/26/24 03:22,77,light
6/26/24 03:23,74,light
6/26/24 03:24,79,light
6/26/24 03:25,75,light
6/26/24 03:26,71,light
6/26/24 03:27,72,light
6/26/24 03:28,73,light
6/26/24 03:29,74,light
6/26/24 03:30,77,light
6/26/24 03:31,76,light
6/26/24 03:32,78,light
6/26/24 03:33,79,light
6/26/24 03:34,68,light
6/26/24 03:35,73,light
6/26/24 03:36,72,light
6/26/24 03:37,75,light
6/26/24 03:38,72,light
6/26/24 03:39,71,light
6/26/24 03:40,66,light
6/26/24 03:41,67,light
6/26/24 03:42,69,light
6/26/24 03:43,60,light
6/26/24 03:44,82,light
6/26/24 03:45,84,light
6/26/24 03:46,89,light
6/26/24 03:47,90,light
6/26/24 03:48,74,light
6/26/24 03:49,66,light
6/26/24 03:50,65,light
6/26/24 03:51,63,light
6/26/24 03:52,70,light
6/26/24 03:53,68,light
6/26/24 03:54,65,light
6/26/24 03:55,61,light
6/26/24 03:56,63,light
6/26/24 03:57,61,light
6/26/24 03:58,62,light
6/26/24 03:59,63,light
6/26/24 04:01,59,deep
6/26/24 04:02,59,deep
6/26/24 04:03,59,deep
6/26/24 04:04,62,deep
6/26/24 04:05,66,deep
6/26/24 04:06,68,deep
6/26/24 04:07,71,deep
6/26/24 04:08,76,deep
6/26/24 04:09,64,deep
6/26/24 04:10,67,deep
6/26/24 04:11,69,deep
6/26/24 04:12,64,deep
6/26/24 04:13,64,deep
6/26/24 04:14,67,deep
6/26/24 04:15,66,deep
6/26/24 04:16,67,deep
6/26/24 04:17,64,deep
6/26/24 04:18,64,deep
6/26/24 04:19,64,deep
6/26/24 04:20,62,deep
6/26/24 04:21,60,deep
6/26/24 04:22,74,deep
6/26/24 04:23,66,deep
6/26/24 04:24,65,light
6/26/24 04:25,67,light
6/26/24 04:26,64,light
6/26/24 04:27,75,light
6/26/24 04:28,62,light
6/26/24 04:29,63,light
6/26/24 04:30,58,light
6/26/24 04:31,61,light
6/26/24 04:32,59,light
6/26/24 04:33,65,light
6/26/24 04:34,63,light
6/26/24 04:35,66,light
6/26/24 04:36,69,light
6/26/24 04:37,60,light
6/26/24 04:38,60,light
6/26/24 04:39,60,light
6/26/24 04:40,64,light
6/26/24 04:41,61,light
6/26/24 04:42,64,light
6/26/24 04:43,69,light
6/26/24 04:44,65,light
6/26/24 04:45,62,light
6/26/24 04:46,60,light
6/26/24 04:47,61,light
6/26/24 04:48,60,light
6/26/24 04:49,67,light
6/26/24 04:50,57,light
6/26/24 04:51,62,light
6/26/24 04:52,59,light
6/26/24 04:53,64,light
6/26/24 04:54,59,light
6/26/24 04:55,59,light
6/26/24 04:56,55,light
6/26/24 04:57,55,light
6/26/24 04:58,56,light
6/26/24 04:59,56,light
6/26/24 05:00,59,light
6/26/24 05:01,58,light
6/26/24 05:02,57,light
6/26/24 05:03,57,light
6/26/24 05:04,60,light
6/26/24 05:05,53,light
6/26/24 05:06,54,light
6/26/24 05:07,72,light
6/26/24 05:09,68,wake
6/26/24 05:10,66,wake
6/26/24 05:11,59,wake
6/26/24 05:12,59,wake
6/26/24 05:13,63,wake
6/26/24 05:14,69,wake
6/26/24 05:15,82,wake
6/26/24 05:16,81,wake
6/26/24 05:17,80,wake
6/26/24 05:18,90,light
6/26/24 05:19,83,rem
6/26/24 05:20,90,rem
6/26/24 05:21,95,rem
6/26/24 05:22,75,rem
6/26/24 05:23,81,rem
6/26/24 05:24,73,rem
6/26/24 05:25,72,rem
6/26/24 05:26,81,rem
6/26/24 05:27,85,rem
6/26/24 05:28,83,rem
6/26/24 05:29,81,rem
6/26/24 05:30,83,rem
6/26/24 05:31,82,rem
6/26/24 05:32,86,rem
6/26/24 05:33,82,rem
6/26/24 05:34,82,rem
6/26/24 05:35,81,rem
6/26/24 05:36,81,rem
6/26/24 05:37,79,rem
6/26/24 05:38,77,rem
6/26/24 05:39,79,rem
6/26/24 05:40,75,rem
6/26/24 05:41,77,rem
6/26/24 05:42,87,rem
6/26/24 05:43,89,rem
6/26/24 05:44,80,rem
6/26/24 05:45,81,rem
6/26/24 05:46,82,rem
6/26/24 05:47,83,rem
6/26/24 05:48,79,rem
6/26/24 05:49,82,rem
6/26/24 05:50,81,rem
6/26/24 05:51,91,wake
6/26/24 05:52,92,wake
6/26/24 05:53,93,wake
6/26/24 05:54,90,wake
6/26/24 05:55,89,wake
6/26/24 05:56,86,wake
6/26/24 05:57,90,light
6/26/24 05:58,92,light
6/26/24 05:59,99,light
6/26/24 06:00,81,light
6/26/24 06:01,81,light
6/26/24 06:02,84,light
6/26/24 06:03,78,light
6/26/24 06:04,77,light
6/26/24 06:05,78,light
6/26/24 06:06,73,light
6/26/24 06:07,76,light
6/26/24 06:08,72,light
6/26/24 06:09,74,light
6/26/24 06:10,72,deep
6/26/24 06:11,75,deep
6/26/24 06:12,75,deep
6/26/24 06:13,75,deep
6/26/24 06:14,74,deep
6/26/24 06:15,66,deep
6/26/24 06:16,79,deep
6/26/24 06:17,73,deep
6/26/24 06:18,72,deep
6/26/24 06:19,80,deep
6/26/24 06:20,70,deep
6/26/24 06:21,67,deep
6/26/24 06:22,74,deep
6/26/24 06:23,72,deep
6/26/24 06:24,70,deep
6/26/24 06:25,75,deep
6/26/24 06:26,72,deep
6/26/24 06:27,73,deep
6/26/24 06:28,71,deep
6/26/24 06:29,71,deep
6/26/24 06:30,78,deep
6/26/24 06:31,75,deep
6/26/24 06:32,69,deep
6/26/24 06:33,78,deep
6/26/24 06:34,75,deep
6/26/24 06:35,73,deep
6/26/24 06:36,76,deep
6/26/24 06:37,75,deep
6/26/24 06:38,76,deep
6/27/24 00:07,56,wake
6/27/24 00:08,54,wake
6/27/24 00:09,56,wake
6/27/24 00:10,59,wake
6/27/24 00:11,57,wake
6/27/24 00:12,57,light
6/27/24 00:13,55,light
6/27/24 00:14,56,light
6/27/24 00:15,50,light
6/27/24 00:16,53,light
6/27/24 00:17,50,light
6/27/24 00:18,50,light
6/27/24 00:19,52,light
6/27/24 00:20,52,light
6/27/24 00:21,59,light
6/27/24 00:22,57,light
6/27/24 00:23,56,light
6/27/24 00:24,56,light
6/27/24 00:25,61,light
6/27/24 00:26,66,light
6/27/24 00:27,66,light
6/27/24 00:28,61,light
6/27/24 00:29,59,light
6/27/24 00:30,66,light
6/27/24 00:31,64,light
6/27/24 00:32,62,light
6/27/24 00:33,68,light
6/27/24 00:34,81,light
6/27/24 00:35,67,light
6/27/24 01:14,77,wake
6/27/24 01:50,77,light
6/27/24 01:51,88,light
6/27/24 01:52,94,light
6/27/24 01:53,98,light
6/27/24 01:54,100,light
6/27/24 01:55,101,light
6/27/24 01:56,101,light
6/27/24 01:57,99,light
6/27/24 01:58,103,light
6/27/24 01:59,104,light
6/27/24 02:00,104,light
6/27/24 02:01,104,light
6/27/24 02:02,102,light
6/27/24 02:03,104,light
6/27/24 02:04,104,light
6/27/24 02:05,108,light
6/27/24 02:06,104,light
6/27/24 02:07,80,light
6/27/24 02:08,79,light
6/27/24 02:09,85,light
6/27/24 02:10,86,light
6/27/24 02:11,84,light
6/27/24 02:12,77,light
6/27/24 02:13,76,light
6/27/24 02:14,81,light
6/27/24 02:15,79,light
6/27/24 02:16,78,light
6/27/24 02:17,79,light
6/27/24 02:18,74,light
6/27/24 02:19,75,light
6/27/24 02:20,74,light
6/27/24 02:21,76,light
6/27/24 02:22,74,light
6/27/24 02:23,74,light
6/27/24 02:24,70,light
6/27/24 02:25,74,light
6/27/24 02:26,70,light
6/27/24 02:27,74,light
6/27/24 02:28,74,light
6/27/24 02:29,71,light
6/27/24 02:30,73,light
6/27/24 02:31,72,light
6/27/24 02:32,68,light
6/27/24 02:33,68,light
6/27/24 02:34,69,light
6/27/24 02:35,68,light
6/27/24 02:36,71,light
6/27/24 02:37,69,light
6/27/24 02:38,68,light
6/27/24 02:39,69,light
6/27/24 02:40,70,light
6/27/24 02:41,71,light
6/27/24 02:42,70,light
6/27/24 02:43,81,light
6/27/24 02:44,84,light
6/27/24 02:45,82,rem
6/27/24 02:46,71,rem
6/27/24 02:47,71,rem
6/27/24 02:48,72,rem
6/27/24 02:49,78,rem
6/27/24 02:50,70,rem
6/27/24 02:51,72,rem
6/27/24 02:52,73,wake
6/27/24 02:53,78,wake
6/27/24 02:54,71,wake
6/27/24 02:55,70,wake
6/27/24 02:56,65,wake
6/27/24 02:57,80,wake
6/27/24 02:58,73,wake
6/27/24 02:59,71,wake
6/27/24 03:00,73,wake
6/27/24 03:01,73,wake
6/27/24 03:02,78,wake
6/27/24 03:03,75,wake
6/27/24 03:04,71,wake
6/27/24 03:05,75,wake
6/27/24 03:06,65,wake
6/27/24 03:07,76,light
6/27/24 03:08,69,light
6/27/24 03:09,68,light
6/27/24 03:10,68,light
6/27/24 03:11,68,light
6/27/24 03:12,69,light
6/27/24 03:13,69,light
6/27/24 03:14,83,light
6/27/24 03:15,67,light
6/27/24 03:16,69,light
6/27/24 03:17,68,light
6/27/24 03:18,73,light
6/27/24 03:19,69,light
6/27/24 03:20,66,light
6/27/24 03:21,66,light
6/27/24 03:22,66,light
6/27/24 03:23,65,light
6/27/24 03:24,69,light
6/27/24 03:25,69,light
6/27/24 03:26,69,light
6/27/24 03:27,69,light
6/27/24 03:28,76,light
6/27/24 03:29,64,light
6/27/24 03:30,68,light
6/27/24 03:31,68,light
6/27/24 03:32,61,light
6/27/24 03:33,65,light
6/27/24 03:34,59,light
6/27/24 03:35,63,light
6/27/24 03:36,63,light
6/27/24 03:37,62,light
6/27/24 03:38,60,light
6/27/24 03:39,59,light
6/27/24 03:40,60,light
6/27/24 03:41,59,light
6/27/24 03:42,62,light
6/27/24 03:44,87,deep
6/27/24 03:45,63,deep
6/27/24 03:46,64,deep
6/27/24 03:47,64,deep
6/27/24 03:48,79,deep
6/27/24 03:49,77,deep
6/27/24 03:50,76,deep
6/27/24 03:51,78,deep
6/27/24 03:52,79,deep
6/27/24 03:53,75,deep
6/27/24 03:54,73,deep
6/27/24 03:55,71,deep
6/27/24 03:56,70,deep
6/27/24 03:57,67,deep
6/27/24 03:58,72,deep
6/27/24 03:59,71,deep
6/27/24 04:00,63,deep
6/27/24 04:01,63,deep
6/27/24 04:02,64,deep
6/27/24 04:03,65,deep
6/27/24 04:04,64,deep
6/27/24 04:05,67,deep
6/27/24 04:06,62,deep
6/27/24 04:07,68,deep
6/27/24 04:08,68,deep
6/27/24 04:09,65,deep
6/27/24 04:10,66,light
6/27/24 04:11,60,light
6/27/24 04:12,62,light
6/27/24 04:13,69,light
6/27/24 04:14,63,light
6/27/24 04:15,64,light
6/27/24 04:16,63,light
6/27/24 04:17,60,light
6/27/24 04:18,63,light
6/27/24 04:19,62,light
6/27/24 04:20,64,light
6/27/24 04:21,61,light
6/27/24 04:22,64,light
6/27/24 04:23,67,light
6/27/24 04:24,59,light
6/27/24 04:25,59,deep
6/27/24 04:26,63,deep
6/27/24 04:27,58,deep
6/27/24 04:28,61,deep
6/27/24 04:29,59,deep
6/27/24 04:30,61,deep
6/27/24 04:32,61,light
6/27/24 04:33,61,light
6/27/24 04:34,60,rem
6/27/24 04:35,61,rem
6/27/24 04:36,59,rem
6/27/24 04:37,57,rem
6/27/24 04:38,62,rem
6/27/24 04:39,62,rem
6/27/24 04:40,65,rem
6/27/24 04:41,65,rem
6/27/24 04:42,63,rem
6/27/24 04:43,66,rem
6/27/24 04:44,82,rem
6/27/24 04:45,77,rem
6/27/24 04:46,75,rem
6/27/24 04:47,57,rem
6/27/24 04:48,60,rem
6/27/24 04:49,58,rem
6/27/24 04:50,60,rem
6/27/24 04:51,59,rem
6/27/24 04:52,60,rem
6/27/24 04:53,60,rem
6/27/24 04:54,70,rem
6/27/24 04:55,63,rem
6/27/24 04:56,57,rem
6/27/24 04:57,57,rem
6/27/24 04:58,61,rem
6/27/24 04:59,59,rem
6/27/24 05:00,66,rem
6/27/24 05:01,59,rem
6/27/24 05:02,64,rem
6/27/24 05:03,61,rem
6/27/24 05:04,67,rem
6/27/24 05:05,61,rem
6/27/24 05:06,66,rem
6/27/24 05:07,72,rem
6/27/24 05:08,69,rem
6/27/24 05:09,68,rem
6/27/24 05:10,71,rem
6/27/24 05:11,63,rem
6/27/24 05:12,64,rem
6/27/24 05:13,69,rem
6/27/24 05:14,66,rem
6/27/24 05:15,64,light
6/27/24 05:16,67,light
6/27/24 05:17,76,light
6/27/24 05:18,89,light
6/27/24 05:19,91,light
6/27/24 05:20,89,light
6/27/24 05:21,83,light
6/27/24 05:22,83,light
6/27/24 05:23,76,light
6/27/24 05:24,73,light
6/27/24 05:25,80,light
6/27/24 05:26,86,light
6/27/24 05:27,83,light
6/27/24 05:28,78,light
6/27/24 05:29,84,light
6/27/24 05:30,83,light
6/27/24 05:31,80,light
6/27/24 05:32,82,light
6/27/24 05:33,81,light
6/27/24 05:34,71,light
6/27/24 05:35,72,light
6/27/24 05:36,83,light
6/27/24 05:37,89,light
6/27/24 05:38,92,light
6/27/24 05:39,94,light
6/27/24 05:40,99,light
6/27/24 05:41,96,light
6/27/24 05:42,93,light
6/27/24 05:43,89,light
6/27/24 05:44,90,light
6/27/24 05:45,82,light
6/27/24 05:46,76,light
6/27/24 05:47,85,light
6/27/24 05:48,81,light
6/27/24 05:49,88,light
6/27/24 05:50,85,light
6/27/24 05:51,82,light
6/27/24 05:52,86,light
6/27/24 05:53,87,light
6/27/24 05:54,85,light
6/27/24 05:55,88,light
6/27/24 05:56,96,light
6/27/24 05:57,86,light
6/27/24 05:58,86,light
6/27/24 05:59,75,light
6/27/24 06:00,75,light
6/27/24 06:02,87,deep
6/27/24 06:03,88,deep
6/27/24 06:04,87,deep
6/27/24 06:05,75,deep
6/27/24 06:06,66,deep
6/27/24 06:07,65,deep
6/27/24 06:08,76,deep
6/27/24 06:09,75,deep
6/27/24 06:10,66,deep
6/27/24 06:11,66,deep
6/27/24 06:12,70,deep
6/27/24 06:13,66,deep
6/27/24 06:14,66,deep
6/27/24 06:15,64,deep
6/27/24 06:16,66,deep
6/27/24 06:17,61,deep
6/27/24 06:18,62,deep
6/27/24 06:19,65,light
6/27/24 06:20,62,light
6/27/24 06:21,65,light
6/27/24 06:22,63,light
6/27/24 06:23,63,light
6/27/24 06:24,63,light
6/27/24 06:25,62,light
6/27/24 06:26,62,light
6/27/24 06:27,65,light
6/27/24 06:28,69,light
6/27/24 06:29,70,light
6/27/24 06:30,70,rem
6/27/24 06:31,70,rem
6/27/24 06:32,67,rem
6/27/24 06:33,70,rem
6/27/24 06:35,77,light
6/27/24 06:36,71,wake
6/27/24 06:37,72,wake
6/27/24 06:38,77,wake
6/27/24 06:39,76,wake
6/27/24 06:40,74,wake
6/27/24 06:41,80,wake
6/27/24 06:42,76,wake
6/27/24 06:43,71,wake
6/27/24 06:45,77,light
6/27/24 06:46,73,light
6/27/24 06:47,77,light
6/27/24 06:48,77,wake
6/27/24 06:49,74,wake
6/27/24 06:50,80,wake
6/27/24 06:51,75,wake
6/27/24 06:52,72,wake
6/27/24 06:54,70,light
6/27/24 06:55,71,light
6/27/24 06:56,78,light
6/27/24 06:57,69,light
6/27/24 06:58,69,light
6/27/24 06:59,66,light
6/27/24 07:00,68,light
6/27/24 07:01,69,light
6/27/24 07:02,64,rem
6/27/24 07:03,67,rem
6/27/24 07:04,67,rem
6/27/24 07:05,65,rem
6/27/24 07:06,71,rem
6/27/24 07:07,64,rem
6/27/24 07:08,72,rem
6/27/24 07:09,66,rem
6/27/24 07:10,73,rem
6/27/24 07:11,66,light
6/27/24 07:12,70,light
6/27/24 07:13,72,light
6/27/24 07:14,72,light
6/27/24 07:15,66,light
6/27/24 07:16,71,rem
6/27/24 07:17,72,rem
6/27/24 07:18,70,rem
6/27/24 07:19,77,rem
6/27/24 07:20,66,rem
6/27/24 07:21,65,rem
6/27/24 07:22,67,rem
6/27/24 07:23,73,rem
6/27/24 07:24,63,wake
6/27/24 07:25,63,wake
6/27/24 07:26,67,wake
6/27/24 07:27,61,wake
6/27/24 07:28,78,wake
6/27/24 07:29,74,wake
6/28/24 00:33,62,light
6/28/24 00:34,69,light
6/28/24 00:35,57,light
6/28/24 00:36,58,light
6/28/24 00:37,59,light
6/28/24 00:38,61,light
6/28/24 00:39,58,light
6/28/24 00:40,60,light
6/28/24 00:41,61,light
6/28/24 00:42,60,light
6/28/24 00:43,64,light
6/28/24 00:44,61,light
6/28/24 00:45,62,light
6/28/24 00:46,62,light
6/28/24 00:47,59,light
6/28/24 00:48,61,light
6/28/24 00:49,63,light
6/28/24 00:50,57,light
6/28/24 00:51,70,light
6/28/24 00:52,67,light
6/28/24 00:53,64,light
6/28/24 00:54,60,light
6/28/24 00:55,67,light
6/28/24 00:56,68,light
6/28/24 00:57,64,light
6/28/24 00:58,72,light
6/28/24 00:59,73,light
6/28/24 01:00,65,light
6/28/24 01:01,77,light
6/28/24 01:02,68,light
6/28/24 01:03,68,light
6/28/24 01:04,73,light
6/28/24 01:05,66,light
6/28/24 01:06,66,wake
6/28/24 01:07,70,wake
6/28/24 01:08,70,wake
6/28/24 01:09,73,wake
6/28/24 01:10,75,wake
6/28/24 01:11,71,wake
6/28/24 01:12,66,wake
6/28/24 01:13,72,wake
6/28/24 01:15,65,light
6/28/24 01:16,64,light
6/28/24 01:17,68,light
6/28/24 01:18,67,light
6/28/24 01:19,74,light
6/28/24 01:20,64,light
6/28/24 01:21,62,light
6/28/24 01:22,75,light
6/28/24 01:23,72,light
6/28/24 01:24,68,light
6/28/24 01:25,62,light
6/28/24 01:26,67,light
6/28/24 01:27,69,light
6/28/24 01:28,72,light
6/28/24 01:29,62,light
6/28/24 01:30,67,rem
6/28/24 01:31,68,rem
6/28/24 01:32,69,rem
6/28/24 01:33,67,rem
6/28/24 01:34,62,light
6/28/24 01:35,66,light
6/28/24 01:43,85,light
6/28/24 01:44,84,light
6/28/24 01:45,87,light
6/28/24 01:46,103,light
6/28/24 01:47,94,light
6/28/24 01:48,96,light
6/28/24 01:49,98,light
6/28/24 01:50,97,light
6/28/24 01:51,96,light
6/28/24 01:52,96,light
6/28/24 01:53,99,light
6/28/24 01:54,97,light
6/28/24 01:55,100,light
6/28/24 01:56,96,light
6/28/24 01:57,98,light
6/28/24 01:58,101,light
6/28/24 01:59,101,light
6/28/24 02:00,102,light
6/28/24 02:01,103,light
6/28/24 02:02,87,light
6/28/24 02:03,87,light
6/28/24 02:04,73,light
6/28/24 02:05,79,light
6/28/24 02:06,72,light
6/28/24 02:07,71,light
6/28/24 02:08,75,light
6/28/24 02:09,68,light
6/28/24 02:10,69,light
6/28/24 02:11,69,light
6/28/24 02:12,75,light
6/28/24 02:13,73,light
6/28/24 02:14,66,light
6/28/24 02:15,70,light
6/28/24 02:16,71,light
6/28/24 02:17,70,light
6/28/24 02:18,72,light
6/28/24 02:19,71,light
6/28/24 02:20,71,light
6/28/24 02:21,66,light
6/28/24 02:22,65,light
6/28/24 02:23,67,light
6/28/24 02:24,73,light
6/28/24 02:25,65,light
6/28/24 02:26,69,light
6/28/24 02:27,67,light
6/28/24 02:28,68,light
6/28/24 02:29,83,light
6/28/24 02:30,74,light
6/28/24 02:31,70,light
6/28/24 02:32,67,light
6/28/24 02:34,66,rem
6/28/24 02:35,69,rem
6/28/24 02:36,72,rem
6/28/24 02:37,63,rem
6/28/24 02:38,65,rem
6/28/24 02:39,67,rem
6/28/24 02:40,66,light
6/28/24 02:41,72,light
6/28/24 02:42,70,light
6/28/24 02:43,76,light
6/28/24 02:44,73,light
6/28/24 02:45,70,light
6/28/24 02:46,74,light
6/28/24 02:47,78,light
6/28/24 02:48,79,light
6/28/24 02:49,78,light
6/28/24 02:50,78,light
6/28/24 02:51,68,light
6/28/24 02:52,71,light
6/28/24 02:53,72,light
6/28/24 02:54,75,light
6/28/24 02:55,71,light
6/28/24 02:56,69,light
6/28/24 02:57,68,light
6/28/24 02:58,71,light
6/28/24 02:59,72,light
6/28/24 03:00,69,light
6/28/24 03:01,70,light
6/28/24 03:02,67,light
6/28/24 03:03,69,light
6/28/24 03:04,65,light
6/28/24 03:05,63,light
6/28/24 03:06,64,light
6/28/24 03:07,75,deep
6/28/24 03:08,65,deep
6/28/24 03:09,63,deep
6/28/24 03:10,61,deep
6/28/24 03:11,64,deep
6/28/24 03:12,61,deep
6/28/24 03:14,59,rem
6/28/24 03:15,61,rem
6/28/24 03:16,62,rem
6/28/24 03:17,61,rem
6/28/24 03:18,63,rem
6/28/24 03:19,62,rem
6/28/24 03:20,67,rem
6/28/24 03:21,61,rem
6/28/24 03:22,65,rem
6/28/24 03:23,62,rem
6/28/24 03:24,62,rem
6/28/24 03:25,67,rem
6/28/24 03:26,63,rem
6/28/24 03:27,67,rem
6/28/24 03:28,68,rem
6/28/24 03:29,62,rem
6/28/24 03:30,66,rem
6/28/24 03:31,67,rem
6/28/24 03:32,68,rem
6/28/24 03:33,74,rem
6/28/24 03:34,87,rem
6/28/24 03:35,81,rem
6/28/24 03:36,81,rem
6/28/24 03:37,76,rem
6/28/24 03:38,89,rem
6/28/24 03:39,76,rem
6/28/24 03:40,66,rem
6/28/24 03:41,65,rem
6/28/24 03:42,64,rem
6/28/24 03:43,68,rem
6/28/24 03:44,64,rem
6/28/24 03:45,68,rem
6/28/24 03:46,71,rem
6/28/24 03:47,62,rem
6/28/24 03:48,65,rem
6/28/24 03:49,64,rem
6/28/24 03:50,63,rem
6/28/24 03:51,67,rem
6/28/24 03:52,67,rem
6/28/24 03:53,67,rem
6/28/24 03:54,67,rem
6/28/24 03:55,64,rem
6/28/24 03:56,66,rem
6/28/24 03:57,68,rem
6/28/24 03:58,61,rem
6/28/24 03:59,64,light
6/28/24 04:00,65,light
6/28/24 04:01,73,light
6/28/24 04:02,77,light
6/28/24 04:03,65,light
6/28/24 04:04,65,light
6/28/24 04:05,64,light
6/28/24 04:06,67,light
6/28/24 04:08,64,deep
6/28/24 04:09,64,deep
6/28/24 04:10,62,deep
6/28/24 04:11,70,deep
6/28/24 04:12,61,deep
6/28/24 04:13,64,deep
6/28/24 04:14,61,deep
6/28/24 04:15,61,deep
6/28/24 04:16,63,deep
6/28/24 04:17,67,deep
6/28/24 04:18,64,deep
6/28/24 04:19,75,deep
6/28/24 04:20,59,deep
6/28/24 04:21,59,deep
6/28/24 04:22,62,deep
6/28/24 04:23,68,deep
6/28/24 04:24,60,deep
6/28/24 04:25,63,deep
6/28/24 04:26,78,deep
6/28/24 04:27,84,deep
6/28/24 04:28,64,deep
6/28/24 04:29,67,deep
6/28/24 04:30,70,deep
6/28/24 04:31,63,deep
6/28/24 04:32,61,deep
6/28/24 04:33,69,deep
6/28/24 04:34,58,deep
6/28/24 04:35,61,deep
6/28/24 04:36,57,deep
6/28/24 04:37,62,deep
6/28/24 04:38,66,deep
6/28/24 04:39,64,deep
6/28/24 04:40,59,deep
6/28/24 04:41,57,deep
6/28/24 04:42,60,deep
6/28/24 04:43,58,deep
6/28/24 04:44,55,deep
6/28/24 04:45,57,deep
6/28/24 04:46,57,deep
6/28/24 04:47,58,deep
6/28/24 04:48,56,deep
6/28/24 04:49,54,deep
6/28/24 04:50,61,deep
6/28/24 04:51,57,deep
6/28/24 04:52,58,deep
6/28/24 04:53,57,deep
6/28/24 04:54,55,deep
6/28/24 04:55,57,deep
6/28/24 04:56,58,deep
6/28/24 04:57,60,deep
6/28/24 04:58,63,deep
6/28/24 04:59,56,deep
6/28/24 05:00,56,deep
6/28/24 05:01,61,deep
6/28/24 05:02,57,deep
6/28/24 05:03,56,deep
6/28/24 05:04,58,light
6/28/24 05:05,60,light
6/28/24 05:06,53,light
6/28/24 05:07,55,light
6/28/24 05:08,54,light
6/28/24 05:09,54,light
6/28/24 05:10,54,light
6/28/24 05:11,52,light
6/28/24 05:12,57,light
6/28/24 05:13,61,light
6/28/24 05:14,53,light
6/28/24 05:15,52,wake
6/28/24 05:16,54,wake
6/28/24 05:17,55,wake
6/28/24 05:18,54,wake
6/28/24 05:19,60,wake
6/28/24 05:20,55,wake
6/28/24 05:21,56,wake
6/28/24 05:22,59,light
6/28/24 05:23,56,light
6/28/24 05:24,54,light
6/28/24 05:25,59,light
6/28/24 05:26,56,light
6/28/24 05:27,55,light
6/28/24 05:28,57,light
6/28/24 05:29,57,light
6/28/24 05:30,56,rem
6/28/24 05:31,58,rem
6/28/24 05:32,78,rem
6/28/24 05:33,76,rem
6/28/24 05:34,83,rem
6/28/24 05:35,96,rem
6/28/24 05:36,91,rem
6/28/24 05:37,94,rem
6/28/24 05:38,91,rem
6/28/24 05:39,99,rem
6/28/24 05:40,93,rem
6/28/24 05:41,87,rem
6/28/24 05:42,83,rem
6/28/24 05:43,79,rem
6/28/24 05:44,77,rem
6/28/24 05:45,77,rem
6/28/24 05:46,67,rem
6/28/24 05:47,64,rem
6/28/24 05:48,58,rem
6/28/24 05:49,63,rem
6/28/24 05:50,69,rem
6/28/24 05:51,67,rem
6/28/24 05:52,60,rem
6/28/24 05:53,72,rem
6/28/24 05:54,67,rem
6/28/24 05:55,77,rem
6/28/24 05:56,60,rem
6/28/24 05:57,74,rem
6/28/24 05:58,69,rem
6/28/24 05:59,71,rem
6/28/24 06:00,78,rem
6/28/24 06:01,79,rem
6/28/24 06:02,85,rem
6/28/24 06:03,91,rem
6/28/24 06:04,87,rem
6/28/24 06:06,96,light
6/28/24 06:07,97,light
6/28/24 06:08,97,light
6/28/24 06:09,92,light
6/28/24 06:10,83,light
6/28/24 06:11,81,light
6/28/24 06:12,76,light
6/28/24 06:13,79,light
6/28/24 06:14,78,light
6/28/24 06:15,80,light
6/28/24 06:16,71,light
6/28/24 06:17,81,light
6/28/24 06:18,81,light
6/28/24 06:19,83,light
6/28/24 06:20,79,light
6/28/24 06:21,81,light
6/28/24 06:22,82,light
6/28/24 06:23,78,light
6/28/24 06:24,80,light
6/28/24 06:25,70,light
6/28/24 06:26,69,light
6/28/24 06:27,65,light
6/28/24 06:28,66,light
6/28/24 06:29,70,light
6/28/24 06:30,74,light
6/28/24 06:31,70,light
6/28/24 06:32,70,light
6/28/24 06:33,65,light
6/28/24 06:34,60,light
6/28/24 06:35,64,light
6/28/24 06:36,66,light
6/28/24 06:37,70,light
6/28/24 06:38,65,light
6/28/24 06:39,67,light
6/28/24 06:40,67,light
6/28/24 06:41,67,light
6/28/24 06:42,69,light
6/28/24 06:43,72,light
6/28/24 06:44,67,light
6/28/24 06:45,65,light
6/28/24 06:46,66,light
6/28/24 06:47,70,light
6/28/24 06:48,66,light
6/28/24 06:49,70,wake
6/28/24 06:50,69,wake
6/28/24 06:51,69,wake
6/28/24 06:52,71,wake
6/28/24 06:53,67,wake
6/28/24 06:54,75,wake
6/28/24 06:55,70,light
6/28/24 06:56,69,light
6/28/24 06:57,76,light
6/28/24 06:58,66,light
6/28/24 06:59,67,light
6/28/24 07:00,68,light
6/28/24 07:01,68,light
6/28/24 07:02,71,light
6/28/24 07:03,71,light
6/28/24 07:04,72,light
6/28/24 07:05,69,light
6/28/24 07:06,70,light
6/28/24 07:07,76,light
6/28/24 07:08,63,light
6/28/24 07:09,68,light
6/28/24 07:10,65,light
6/28/24 07:11,68,light
6/28/24 07:12,67,light
6/28/24 07:13,65,light
6/28/24 07:14,69,rem
6/28/24 07:15,68,rem
6/28/24 07:16,76,rem
6/28/24 07:17,68,rem
6/28/24 07:18,69,rem
6/29/24 03:20,98,light
6/29/24 03:21,100,light
6/29/24 03:22,95,light
6/29/24 03:23,101,light
6/29/24 03:24,103,light
6/29/24 03:25,104,light
6/29/24 03:26,102,light
6/29/24 03:27,102,light
6/29/24 03:28,103,light
6/29/24 03:29,102,light
6/29/24 03:30,101,light
6/29/24 03:31,99,light
6/29/24 03:32,79,light
6/29/24 03:33,82,light
6/29/24 03:34,76,light
6/29/24 03:35,74,light
6/29/24 03:36,78,light
6/29/24 03:37,74,deep
6/29/24 03:38,76,deep
6/29/24 03:39,68,deep
6/29/24 03:40,70,deep
6/29/24 03:41,69,deep
6/29/24 03:42,71,deep
6/29/24 03:43,70,deep
6/29/24 03:44,65,deep
6/29/24 03:45,70,deep
6/29/24 03:46,86,deep
6/29/24 03:47,85,deep
6/29/24 03:48,93,deep
6/29/24 03:49,93,deep
6/29/24 03:50,91,deep
6/29/24 03:51,95,deep
6/29/24 03:52,96,deep
6/29/24 03:53,97,deep
6/29/24 03:54,98,deep
6/29/24 03:56,90,rem
6/29/24 03:57,86,rem
6/29/24 03:58,91,rem
6/29/24 03:59,90,rem
6/29/24 04:00,100,rem
6/29/24 04:01,103,rem
6/29/24 04:02,99,rem
6/29/24 04:03,101,rem
6/29/24 04:04,100,rem
6/29/24 04:05,104,rem
6/29/24 04:06,100,rem
6/29/24 04:07,104,rem
6/29/24 04:08,106,rem
6/29/24 04:09,102,rem
6/29/24 04:10,103,rem
6/29/24 04:11,103,rem
6/29/24 04:12,103,rem
6/29/24 04:13,91,rem
6/29/24 04:14,86,rem
6/29/24 04:15,77,rem
6/29/24 04:16,79,rem
6/29/24 04:17,73,rem
6/29/24 04:18,75,rem
6/29/24 04:19,73,rem
6/29/24 04:20,73,rem
6/29/24 04:21,69,rem
6/29/24 04:22,71,rem
6/29/24 04:23,68,rem
6/29/24 04:24,74,rem
6/29/24 04:26,70,light
6/29/24 04:27,66,light
6/29/24 04:28,70,light
6/29/24 04:29,72,light
6/29/24 04:30,74,light
6/29/24 04:31,78,light
6/29/24 04:32,88,light
6/29/24 04:33,92,light
6/29/24 04:34,88,light
6/29/24 04:35,91,light
6/29/24 04:36,91,light
6/29/24 04:37,90,light
6/29/24 04:38,87,light
6/29/24 04:39,83,light
6/29/24 04:40,88,light
6/29/24 04:41,83,light
6/29/24 04:42,79,light
6/29/24 04:43,89,light
6/29/24 04:44,86,deep
6/29/24 04:45,83,deep
6/29/24 04:46,87,deep
6/29/24 04:47,80,deep
6/29/24 04:48,80,deep
6/29/24 04:49,79,deep
6/29/24 04:50,79,deep
6/29/24 04:51,81,deep
6/29/24 04:53,86,light
6/29/24 04:54,90,light
6/29/24 04:55,75,wake
6/29/24 04:56,72,wake
6/29/24 04:57,72,wake
6/29/24 04:58,71,wake
6/29/24 04:59,69,wake
6/29/24 05:00,66,wake
6/29/24 05:01,63,light
6/29/24 05:02,66,light
6/29/24 05:03,66,light
6/29/24 05:04,68,light
6/29/24 05:05,64,light
6/29/24 05:06,69,light
6/29/24 05:07,78,light
6/29/24 05:08,74,light
6/29/24 05:09,80,light
6/29/24 05:10,76,light
6/29/24 05:11,71,light
6/29/24 05:12,70,light
6/29/24 05:13,78,light
6/29/24 05:14,81,light
6/29/24 05:15,72,light
6/29/24 05:16,76,light
6/29/24 05:17,68,light
6/29/24 05:18,71,light
6/29/24 05:19,70,light
6/29/24 05:20,68,light
6/29/24 05:21,73,deep
6/29/24 05:22,67,deep
6/29/24 05:23,67,deep
6/29/24 05:24,72,deep
6/29/24 05:25,66,deep
6/29/24 05:26,67,deep
6/29/24 05:27,65,deep
6/29/24 05:28,65,deep
6/29/24 05:29,69,deep
6/29/24 05:30,70,deep
6/29/24 05:31,66,deep
6/29/24 05:32,70,deep
6/29/24 05:33,64,deep
6/29/24 05:34,66,deep
6/29/24 05:35,74,deep
6/29/24 05:36,77,deep
6/29/24 05:37,66,deep
6/29/24 05:38,66,deep
6/29/24 05:39,65,deep
6/29/24 05:40,63,deep
6/29/24 05:41,62,deep
6/29/24 05:42,64,deep
6/29/24 05:43,69,deep
6/29/24 05:44,64,deep
6/29/24 05:45,62,deep
6/29/24 05:46,72,deep
6/29/24 05:48,65,light
6/29/24 05:49,70,rem
6/29/24 05:50,64,rem
6/29/24 05:51,64,rem
6/29/24 05:52,62,rem
6/29/24 05:53,62,rem
6/29/24 05:54,72,rem
6/29/24 05:55,62,rem
6/29/24 05:56,74,rem
6/29/24 05:57,69,rem
6/29/24 05:58,65,rem
6/29/24 05:59,66,rem
6/29/24 06:00,71,rem
6/29/24 06:01,68,rem
6/29/24 06:02,62,rem
6/29/24 06:03,76,rem
6/29/24 06:04,67,rem
6/29/24 06:05,73,rem
6/29/24 06:06,70,rem
6/29/24 06:07,72,rem
6/29/24 06:08,64,rem
6/29/24 06:09,66,rem
6/29/24 06:10,74,rem
6/29/24 06:11,77,rem
6/29/24 06:12,75,rem
6/29/24 06:13,76,rem
6/29/24 06:14,79,rem
6/29/24 06:15,80,rem
6/29/24 06:16,81,rem
6/29/24 06:17,82,rem
6/29/24 06:18,77,rem
6/29/24 06:19,72,rem
6/29/24 06:20,81,rem
6/29/24 06:21,77,rem
6/29/24 06:22,81,rem
6/29/24 06:23,80,rem
6/29/24 06:24,85,rem
6/29/24 06:25,80,rem
6/29/24 06:26,81,rem
6/29/24 06:27,84,rem
6/29/24 06:28,89,rem
6/29/24 06:29,86,rem
6/29/24 06:31,79,light
6/29/24 06:32,74,light
6/29/24 06:33,74,light
6/29/24 06:34,77,light
6/29/24 06:35,73,light
6/29/24 06:36,70,light
6/29/24 06:37,68,light
6/29/24 06:38,73,light
6/29/24 06:39,74,light
6/29/24 06:40,72,light
6/29/24 06:41,74,light
6/29/24 06:42,70,light
6/29/24 06:43,69,light
6/29/24 06:44,74,light
6/29/24 06:45,73,light
6/29/24 06:46,77,light
6/29/24 06:47,78,light
6/29/24 06:48,70,light
6/29/24 06:49,69,light
6/29/24 06:50,76,light
6/29/24 06:51,73,deep
6/29/24 06:52,71,deep
6/29/24 06:53,73,deep
6/29/24 06:54,78,deep
6/29/24 06:55,74,deep
6/29/24 06:56,69,deep
6/29/24 06:57,74,deep
6/29/24 06:58,68,deep
6/29/24 06:59,75,deep
6/29/24 07:00,79,deep
6/29/24 07:01,82,deep
6/29/24 07:02,79,deep
6/29/24 07:03,76,deep
6/29/24 07:04,93,deep
6/29/24 07:05,74,deep
6/29/24 07:06,77,deep
6/29/24 07:07,79,deep
6/29/24 07:08,81,deep
6/29/24 07:09,84,deep
6/29/24 07:10,89,deep
6/29/24 07:11,79,deep
6/29/24 07:12,79,light
6/29/24 07:13,73,light
6/29/24 07:14,73,light
6/29/24 07:15,67,light
6/29/24 07:16,72,light
6/29/24 07:17,64,light
6/29/24 07:18,70,light
6/29/24 07:19,70,light
6/29/24 07:20,73,light
6/29/24 07:21,74,light
6/29/24 07:22,72,light
6/29/24 07:23,76,light
6/29/24 07:24,79,light
6/29/24 07:25,71,light
6/29/24 07:26,73,light
6/29/24 07:28,74,rem
6/29/24 07:29,78,rem
6/29/24 07:30,75,rem
6/29/24 07:31,71,rem
6/29/24 07:32,71,rem
6/29/24 07:33,69,rem
6/29/24 07:34,74,rem
6/29/24 07:35,78,rem
6/29/24 07:36,75,rem
6/29/24 07:37,74,rem
6/29/24 07:38,75,light
6/29/24 07:39,76,light
6/29/24 07:40,67,light
6/29/24 07:41,77,light
6/29/24 07:42,74,light
6/29/24 07:43,71,light
6/29/24 07:44,71,light
6/29/24 07:45,72,light
6/29/24 07:46,72,light
6/29/24 07:47,67,light
6/29/24 07:48,65,light
6/29/24 07:49,69,light
6/29/24 07:50,73,light
6/29/24 07:51,70,light
6/29/24 07:52,72,light
6/29/24 07:53,78,light
6/29/24 07:54,68,light
6/29/24 07:55,76,light
6/29/24 07:56,68,light
6/29/24 07:57,70,light
6/29/24 07:58,71,light
6/29/24 07:59,72,light
6/29/24 08:00,68,light
6/29/24 08:01,75,light
6/29/24 08:02,74,light
6/29/24 08:03,76,light
6/29/24 08:04,68,light
6/29/24 08:05,68,light
6/29/24 08:06,73,rem
6/29/24 08:07,69,rem
6/29/24 08:08,71,rem
6/29/24 08:09,69,rem
6/29/24 08:10,72,rem
6/29/24 08:11,69,light
6/29/24 08:12,75,light
6/29/24 08:13,73,light
6/29/24 08:14,74,light
6/29/24 08:15,73,light
6/29/24 08:16,69,light
6/29/24 08:17,70,light
6/29/24 08:18,67,light
6/29/24 08:19,66,light
6/29/24 08:20,66,light
6/29/24 08:21,72,light
6/29/24 08:22,72,light
6/29/24 08:23,74,light
6/29/24 08:24,66,light
6/29/24 08:25,73,light
6/29/24 08:26,70,light
6/29/24 08:27,65,light
6/29/24 08:28,67,light
6/29/24 08:29,66,light
6/29/24 08:30,68,light
6/29/24 08:31,69,light
6/29/24 08:32,71,light
6/29/24 08:33,76,light
6/29/24 08:34,81,light
6/29/24 08:35,76,light
6/29/24 08:36,71,light
6/29/24 08:37,82,light
6/29/24 08:39,79,wake
6/29/24 08:40,76,wake
6/29/24 08:41,74,wake
6/29/24 08:42,71,light
6/29/24 08:43,74,light
6/29/24 08:44,72,light
6/29/24 08:45,73,light
6/29/24 08:46,79,light
6/29/24 08:47,75,light
6/29/24 08:48,69,light
6/29/24 08:49,70,light
6/29/24 08:50,66,light
6/29/24 08:51,67,light
6/29/24 08:52,69,light
6/29/24 08:53,64,light
6/29/24 08:54,69,light
6/29/24 08:55,74,light
6/29/24 08:56,65,light
6/29/24 08:57,69,light
6/29/24 08:58,73,light
6/29/24 08:59,71,light
6/29/24 09:00,68,light
6/29/24 09:01,67,light
6/29/24 09:02,74,light
6/29/24 09:03,71,light
6/29/24 09:04,74,light
6/29/24 09:05,76,light
6/29/24 09:07,75,deep
6/29/24 09:08,75,deep
6/29/24 09:09,70,deep
6/29/24 09:10,77,deep
6/29/24 09:11,76,deep
6/29/24 09:12,74,deep
6/30/24 01:39,75,light
6/30/24 01:40,79,light
6/30/24 01:41,82,light
6/30/24 01:42,85,light
6/30/24 01:43,86,light
6/30/24 01:44,81,light
6/30/24 01:45,91,light
6/30/24 01:46,76,deep
6/30/24 01:47,75,deep
6/30/24 01:48,74,deep
6/30/24 01:49,78,deep
6/30/24 01:50,86,deep
6/30/24 01:51,71,deep
6/30/24 01:52,67,deep
6/30/24 01:53,69,deep
6/30/24 01:54,68,deep
6/30/24 01:55,71,deep
6/30/24 01:56,77,deep
6/30/24 01:57,71,deep
6/30/24 01:58,75,deep
6/30/24 01:59,90,deep
6/30/24 02:00,94,light
6/30/24 02:01,86,light
6/30/24 02:02,74,light
6/30/24 02:03,96,light
6/30/24 02:04,82,light
6/30/24 02:05,85,light
6/30/24 02:06,88,light
6/30/24 02:07,86,light
6/30/24 02:08,87,light
6/30/24 02:09,79,light
6/30/24 02:10,75,light
6/30/24 02:11,73,light
6/30/24 02:12,83,light
6/30/24 02:13,81,light
6/30/24 02:14,87,light
6/30/24 02:15,85,rem
6/30/24 02:16,85,rem
6/30/24 02:17,85,rem
6/30/24 02:18,84,rem
6/30/24 02:19,66,rem
6/30/24 02:20,73,rem
6/30/24 02:21,77,rem
6/30/24 02:22,81,rem
6/30/24 02:23,80,rem
6/30/24 02:24,79,rem
6/30/24 02:25,81,rem
6/30/24 02:26,79,rem
6/30/24 02:27,83,rem
6/30/24 02:28,78,rem
6/30/24 02:29,79,rem
6/30/24 02:30,78,rem
6/30/24 02:31,81,rem
6/30/24 02:32,86,rem
6/30/24 02:33,89,rem
6/30/24 02:34,78,rem
6/30/24 02:35,78,rem
6/30/24 02:36,76,rem
6/30/24 02:37,80,rem
6/30/24 02:38,75,rem
6/30/24 02:39,77,rem
6/30/24 02:40,76,rem
6/30/24 02:41,75,rem
6/30/24 02:42,79,rem
6/30/24 02:43,98,rem
6/30/24 02:44,90,rem
6/30/24 02:45,72,rem
6/30/24 02:46,71,light
6/30/24 02:47,75,light
6/30/24 02:48,70,light
6/30/24 02:49,76,light
6/30/24 02:50,75,light
6/30/24 05:51,76,rem
6/30/24 05:52,80,rem
6/30/24 05:53,65,rem
6/30/24 05:54,67,rem
6/30/24 05:55,57,rem
6/30/24 05:56,62,rem
6/30/24 05:57,61,rem
6/30/24 05:58,62,rem
6/30/24 05:59,62,rem
6/30/24 06:00,65,rem
6/30/24 06:01,62,rem
6/30/24 06:02,64,rem
6/30/24 06:03,65,rem
6/30/24 06:04,70,rem
6/30/24 06:05,63,rem
6/30/24 06:06,64,rem
6/30/24 06:07,64,rem
6/30/24 06:08,65,rem
6/30/24 06:09,70,rem
6/30/24 06:10,65,rem
6/30/24 06:11,66,rem
6/30/24 06:12,65,rem
6/30/24 06:13,65,rem
6/30/24 06:14,62,rem
6/30/24 06:15,65,rem
6/30/24 06:16,68,rem
6/30/24 06:17,74,rem
6/30/24 06:18,77,rem
6/30/24 06:19,78,rem
6/30/24 06:20,74,rem
6/30/24 06:21,69,rem
6/30/24 06:22,76,rem
6/30/24 06:23,85,rem
6/30/24 06:24,81,light
6/30/24 06:25,81,light
6/30/24 06:26,80,light
6/30/24 06:27,77,light
6/30/24 06:28,78,light
6/30/24 06:29,74,light
6/30/24 06:30,66,light
6/30/24 06:31,68,light
6/30/24 06:32,65,light
6/30/24 06:33,62,light
6/30/24 06:34,65,light
7/1/24 03:12,60,wake
7/1/24 03:13,63,wake
7/1/24 03:14,62,wake
7/1/24 03:15,63,wake
7/1/24 03:16,73,light
7/1/24 03:17,67,light
7/1/24 03:18,66,light
7/1/24 03:19,63,light
7/1/24 03:20,73,light
7/1/24 03:21,66,light
7/1/24 03:22,67,light
7/1/24 03:23,67,light
7/1/24 03:24,67,light
7/1/24 03:25,67,light
7/1/24 03:26,66,light
7/1/24 03:27,67,light
7/1/24 03:28,74,light
7/1/24 03:29,72,light
7/1/24 03:30,72,light
7/1/24 03:31,76,light
7/1/24 03:32,75,light
7/1/24 03:33,83,light
7/1/24 03:35,81,wake
7/1/24 04:22,82,light
7/1/24 04:23,82,light
7/1/24 04:24,92,light
7/1/24 04:25,87,light
7/1/24 04:26,85,light
7/1/24 04:27,91,light
7/1/24 04:28,85,light
7/1/24 04:29,82,deep
7/1/24 04:30,86,deep
7/1/24 04:31,83,deep
7/1/24 04:32,93,deep
7/1/24 04:33,91,deep
7/1/24 04:34,94,deep
7/1/24 04:35,94,deep
7/1/24 04:36,94,deep
7/1/24 04:37,91,deep
7/1/24 04:38,91,deep
7/1/24 04:39,86,deep
7/1/24 04:41,98,wake
7/1/24 04:42,100,wake
7/1/24 04:43,102,wake
7/1/24 04:44,102,wake
7/1/24 04:45,104,wake
7/1/24 04:46,103,wake
7/1/24 04:47,101,wake
7/1/24 04:48,97,light
7/1/24 04:49,98,light
7/1/24 04:50,92,light
7/1/24 04:51,98,light
7/1/24 04:52,94,light
7/1/24 04:53,92,light
7/1/24 04:54,94,light
7/1/24 04:55,90,light
7/1/24 04:56,93,light
7/1/24 04:57,91,light
7/1/24 04:58,88,light
7/1/24 05:00,83,deep
7/1/24 05:01,81,deep
7/1/24 05:02,78,deep
7/1/24 05:03,76,deep
7/1/24 05:04,82,deep
7/1/24 05:05,83,deep
7/1/24 05:06,71,deep
7/1/24 05:07,75,deep
7/1/24 05:08,71,deep
7/1/24 05:09,75,deep
7/1/24 05:10,74,deep
7/1/24 05:11,75,deep
7/1/24 05:12,78,wake
7/1/24 05:13,70,wake
7/1/24 05:14,72,wake
7/1/24 05:15,70,wake
7/1/24 05:16,85,wake
7/1/24 05:17,85,wake
7/1/24 05:18,87,wake
7/1/24 05:19,83,wake
7/1/24 05:21,88,light
7/1/24 05:22,84,light
7/1/24 05:23,79,light
7/1/24 05:24,78,light
7/1/24 05:25,81,light
7/1/24 05:26,79,light
7/1/24 05:27,77,light
7/1/24 05:28,82,light
7/1/24 05:29,88,light
7/1/24 05:30,94,light
7/1/24 05:31,95,deep
7/1/24 05:32,99,deep
7/1/24 05:33,96,deep
7/1/24 05:34,98,deep
7/1/24 05:35,97,deep
7/1/24 05:36,96,deep
7/1/24 05:37,100,deep
7/1/24 05:38,99,deep
7/1/24 05:39,98,light
7/1/24 05:40,97,light
7/1/24 05:41,98,light
7/1/24 05:42,101,light
7/1/24 05:43,101,light
7/1/24 05:44,116,light
7/1/24 05:45,110,light
7/1/24 05:46,120,light
7/1/24 05:47,118,light
7/1/24 05:48,119,light
7/1/24 05:49,121,light
7/1/24 05:50,106,light
7/1/24 05:51,108,light
7/1/24 05:52,101,light
7/1/24 05:53,106,light
7/1/24 05:54,110,rem
7/1/24 05:55,111,rem
7/1/24 05:56,108,rem
7/1/24 05:57,106,rem
7/1/24 05:58,110,rem
7/1/24 05:59,102,rem
7/1/24 06:00,92,rem
7/1/24 06:01,84,rem
7/1/24 06:02,86,rem
7/1/24 06:03,78,rem
7/1/24 06:04,79,rem
7/1/24 06:05,84,rem
7/1/24 06:06,80,rem
7/1/24 06:07,79,rem
7/1/24 06:08,77,rem
7/1/24 06:09,76,rem
7/1/24 06:10,73,rem
7/1/24 06:11,73,rem
7/1/24 06:12,76,rem
7/1/24 06:13,74,rem
7/1/24 06:14,77,rem
7/1/24 06:15,74,rem
7/1/24 06:16,73,rem
7/1/24 06:17,75,rem
7/1/24 06:18,78,light
7/1/24 06:19,81,light
7/1/24 06:20,86,light
7/1/24 06:21,81,light
7/1/24 06:22,84,light
7/1/24 06:23,81,light
7/1/24 06:24,80,light
7/1/24 06:25,78,light
7/1/24 06:26,78,light
7/1/24 06:27,75,light
7/1/24 06:28,76,light
7/1/24 06:29,75,light
7/1/24 06:30,73,light
7/1/24 06:31,77,light
7/1/24 06:32,73,light
7/1/24 06:33,71,light
7/1/24 06:34,75,light
7/1/24 06:35,71,light
7/1/24 06:36,73,light
7/1/24 06:37,70,light
7/1/24 06:38,70,light
7/1/24 06:39,70,light
7/1/24 06:40,78,light
7/1/24 06:41,73,light
7/1/24 06:42,75,light
7/1/24 06:43,78,light
7/1/24 06:44,71,light
7/1/24 06:45,73,light
7/1/24 06:46,76,light
7/1/24 06:47,74,light
7/1/24 06:48,68,light
7/1/24 06:49,70,light
7/1/24 06:50,71,light
7/1/24 06:51,74,light
7/1/24 06:52,75,light
7/1/24 06:53,69,light
7/1/24 06:54,71,light
7/1/24 06:55,71,light
7/1/24 06:56,75,light
7/1/24 06:57,70,light
7/1/24 06:58,70,light
7/1/24 06:59,68,light
7/1/24 07:00,66,light
7/1/24 07:01,68,light
7/1/24 07:02,84,light
7/1/24 07:03,87,rem
7/1/24 07:04,90,rem
7/1/24 07:05,87,rem
7/1/24 07:06,92,rem
7/1/24 07:07,90,rem
7/1/24 07:08,77,rem
7/1/24 07:09,80,rem
7/1/24 07:11,86,light
7/1/24 07:12,84,light
7/1/24 07:13,82,light
7/1/24 07:14,88,rem
7/1/24 07:15,82,rem
7/1/24 07:16,82,rem
7/1/24 07:17,79,rem
7/1/24 07:18,83,rem
7/1/24 07:19,77,rem
7/1/24 07:20,79,rem
7/1/24 07:21,75,rem
7/1/24 07:22,75,rem
7/1/24 07:23,79,rem
7/1/24 07:24,74,rem
7/1/24 07:25,75,rem
7/1/24 07:26,78,rem
7/1/24 07:27,78,rem
7/1/24 07:28,78,rem
7/1/24 07:29,75,rem
7/1/24 07:30,72,light
7/1/24 07:31,76,light
7/1/24 07:32,77,light
7/1/24 07:33,72,light
7/1/24 07:34,73,light
7/1/24 07:35,74,light
7/1/24 07:36,74,light
7/1/24 07:37,74,light
7/1/24 07:38,79,light
7/1/24 07:39,76,light
7/1/24 07:40,78,light
7/1/24 07:41,74,light
7/1/24 07:42,70,light
7/1/24 07:43,70,light
7/1/24 07:44,67,light
7/1/24 07:45,70,wake
7/1/24 07:46,67,wake
7/1/24 07:47,75,wake
7/1/24 07:49,73,light
7/1/24 07:50,67,light
7/1/24 07:51,66,light
7/1/24 07:52,64,light
7/1/24 07:53,65,light
7/1/24 07:54,67,light
7/1/24 07:55,64,light
7/1/24 07:56,73,light
7/1/24 07:57,72,light
7/1/24 07:58,68,light
7/1/24 07:59,68,light
7/1/24 08:00,70,light
7/1/24 08:01,69,light
7/1/24 08:02,62,light
7/1/24 08:03,64,light
7/1/24 08:04,79,light
7/1/24 08:05,69,light
7/1/24 08:06,67,light
7/1/24 08:07,70,light
7/1/24 08:08,67,light
7/1/24 08:09,65,light
7/1/24 08:10,64,light
7/1/24 08:11,65,light
7/1/24 08:12,65,light
7/1/24 08:13,64,light
7/1/24 08:14,74,light
7/1/24 08:15,69,light
7/1/24 08:16,70,light
7/1/24 08:17,66,light
7/1/24 08:18,61,light
7/1/24 08:19,72,light
7/1/24 08:20,64,light
7/1/24 08:21,71,light
7/1/24 08:22,72,light
7/1/24 08:23,76,deep
7/1/24 08:24,75,deep
7/1/24 08:25,79,deep
7/1/24 08:26,68,deep
7/1/24 08:28,65,light
7/1/24 08:29,66,light
7/1/24 08:30,66,light
7/1/24 08:31,64,light
7/1/24 08:32,68,rem
7/1/24 08:33,63,rem
7/1/24 08:34,70,rem
7/1/24 08:35,61,rem
7/1/24 08:36,64,rem
7/1/24 08:37,74,rem
7/1/24 08:38,79,rem
7/1/24 08:39,83,rem
7/1/24 08:40,88,rem
7/1/24 08:41,85,rem
7/1/24 08:42,90,rem
7/1/24 08:43,92,rem
7/1/24 08:44,93,rem
7/1/24 08:45,74,rem
7/1/24 08:46,70,rem
7/1/24 08:47,78,wake
7/1/24 08:48,71,wake
7/1/24 08:49,68,wake
7/1/24 08:50,82,wake
7/1/24 08:51,83,wake
7/1/24 08:52,83,wake
7/1/24 08:53,81,wake
7/1/24 08:54,75,light
7/1/24 08:55,84,light
7/1/24 08:56,85,light
7/1/24 08:57,80,light
7/1/24 08:58,80,light
7/1/24 08:59,81,light
7/1/24 09:00,82,light
7/1/24 09:01,82,light
7/1/24 09:02,85,rem
7/1/24 09:03,89,rem
7/1/24 09:04,94,rem
7/1/24 09:05,93,rem
7/1/24 09:06,86,rem
7/1/24 09:07,91,rem
7/1/24 09:09,92,light
7/1/24 09:10,85,light
7/1/24 09:11,76,light
7/1/24 09:12,78,light
7/1/24 09:13,75,light
7/1/24 09:14,76,light
7/1/24 09:15,73,light
7/1/24 09:16,74,light
7/1/24 09:17,72,light
7/1/24 09:18,80,light
7/1/24 09:19,73,light
7/1/24 09:20,71,light
7/1/24 09:21,73,light
7/1/24 09:22,70,light
7/1/24 09:23,84,light
7/1/24 09:24,73,light
7/1/24 09:25,73,light
7/1/24 09:26,74,light
7/1/24 09:27,75,light
7/1/24 09:28,72,light
7/1/24 09:29,69,light
7/1/24 09:30,66,light
7/1/24 09:31,68,light
7/1/24 09:32,68,light
7/1/24 09:33,70,light
7/1/24 09:34,69,light
7/1/24 09:35,71,light
7/1/24 09:36,72,light
7/1/24 09:37,74,light
7/1/24 09:38,80,light
7/1/24 09:39,82,light
7/1/24 09:40,80,light
7/1/24 09:41,75,light
7/1/24 09:42,77,light
7/1/24 09:43,83,light
7/1/24 09:44,85,light
7/1/24 09:45,85,light
7/1/24 09:46,87,light
7/1/24 09:47,90,light
7/1/24 09:48,89,light
7/1/24 09:49,76,light
7/1/24 09:50,79,light
7/1/24 09:51,90,light
7/1/24 09:52,93,light
7/1/24 09:53,96,light
7/1/24 09:54,100,light
7/1/24 09:55,87,light
7/1/24 09:56,77,light
7/1/24 09:57,77,light
7/1/24 09:58,77,light
7/1/24 09:59,80,light
7/1/24 10:00,75,light
7/1/24 10:01,74,light
7/1/24 10:02,76,deep
7/1/24 10:03,75,deep
7/1/24 10:04,78,deep
7/1/24 10:05,74,deep
7/1/24 10:06,82,deep
7/1/24 10:07,76,deep
7/1/24 10:08,77,deep
7/1/24 10:09,75,deep
7/1/24 10:10,76,deep
7/1/24 10:11,74,deep
7/1/24 10:12,77,deep
7/1/24 10:13,85,deep
7/1/24 10:15,80,wake
7/1/24 10:16,77,wake
7/1/24 10:17,79,wake
7/1/24 10:18,79,wake
7/1/24 10:19,77,wake
7/1/24 10:20,70,wake
7/1/24 10:21,71,wake
7/1/24 10:22,67,wake
7/1/24 10:23,70,light
7/1/24 10:24,75,light
7/1/24 10:25,76,light
7/1/24 10:26,71,wake
7/1/24 10:27,73,wake
7/1/24 10:28,69,wake
7/1/24 10:29,74,wake
7/1/24 10:30,76,wake
7/1/24 10:31,74,wake
7/1/24 10:32,75,wake
7/1/24 10:33,77,light
7/1/24 10:34,73,light
7/1/24 23:58,56,light
7/1/24 23:59,54,light
7/2/24 00:00,54,light
7/2/24 00:01,54,light
7/2/24 00:02,56,light
7/2/24 00:03,48,light
7/2/24 00:04,48,light
7/2/24 00:05,50,light
7/2/24 00:06,52,light
7/2/24 00:07,51,light
7/2/24 00:08,57,light
7/2/24 00:09,53,light
7/2/24 00:10,54,light
7/2/24 00:11,54,light
7/2/24 00:12,55,light
7/2/24 00:13,50,light
7/2/24 00:14,51,light
7/2/24 00:15,52,light
7/2/24 00:16,49,light
7/2/24 00:17,50,light
7/2/24 00:18,51,light
7/2/24 00:19,50,light
7/2/24 00:20,49,light
7/2/24 00:21,50,light
7/2/24 00:22,51,light
7/2/24 00:23,52,light
7/2/24 00:24,50,light
7/2/24 00:25,54,light
7/2/24 00:26,52,light
7/2/24 00:27,52,light
7/2/24 00:28,53,light
7/2/24 00:29,50,light
7/2/24 00:30,50,light
7/2/24 00:31,50,light
7/2/24 00:32,52,light
7/2/24 00:33,51,light
7/2/24 00:34,50,light
7/2/24 00:35,50,light
7/2/24 00:36,54,light
7/2/24 00:37,50,wake
7/2/24 00:38,53,wake
7/2/24 00:39,54,wake
7/2/24 00:40,53,wake
7/2/24 00:41,51,light
7/2/24 00:42,52,light
7/2/24 00:44,51,wake
7/2/24 00:45,51,wake
7/2/24 00:46,54,wake
7/2/24 00:47,53,wake
7/2/24 00:48,50,wake
7/2/24 00:49,53,light
7/2/24 00:50,53,light
7/2/24 00:51,53,light
7/2/24 00:52,51,light
7/2/24 00:53,51,light
7/2/24 00:54,52,light
7/2/24 00:55,51,light
7/2/24 00:56,53,light
7/2/24 00:57,50,light
7/2/24 00:58,54,light
7/2/24 00:59,51,light
7/2/24 01:00,53,light
7/2/24 01:01,52,light
7/2/24 01:02,53,light
7/2/24 01:03,53,light
7/2/24 01:04,54,light
7/2/24 01:05,52,light
7/2/24 01:06,50,light
7/2/24 01:07,51,light
7/2/24 01:08,52,light
7/2/24 01:09,50,light
7/2/24 01:10,55,light
7/2/24 01:11,51,light
7/2/24 01:12,67,light
7/2/24 01:13,57,light
7/2/24 01:14,57,light
7/2/24 01:15,58,light
7/2/24 01:16,62,light
7/2/24 01:17,54,light
7/2/24 01:18,56,light
7/2/24 01:19,53,light
7/2/24 01:20,60,light
7/2/24 01:21,59,light
7/2/24 01:22,55,light
7/2/24 01:23,52,light
7/2/24 01:24,60,light
7/2/24 01:25,55,light
7/2/24 01:26,61,light
7/2/24 01:27,52,light
7/2/24 01:28,56,light
7/2/24 01:29,55,deep
7/2/24 01:30,61,deep
7/2/24 01:31,52,deep
7/2/24 01:32,53,deep
7/2/24 01:33,52,deep
7/2/24 01:34,54,deep
7/2/24 01:35,59,deep
7/2/24 01:36,55,deep
7/2/24 01:37,59,deep
7/2/24 01:38,55,deep
7/2/24 02:55,68,light
7/2/24 02:56,77,light
7/2/24 02:57,78,light
7/2/24 02:58,68,light
7/2/24 02:59,68,light
7/2/24 03:00,67,light
7/2/24 03:01,70,light
7/2/24 03:02,66,light
7/2/24 03:03,71,light
7/2/24 03:04,66,light
7/2/24 03:05,72,light
7/2/24 03:06,71,light
7/2/24 03:07,70,light
7/2/24 03:08,73,light
7/2/24 03:09,72,light
7/2/24 03:10,72,light
7/2/24 03:11,69,light
7/2/24 03:12,70,light
7/2/24 03:13,71,light
7/2/24 03:14,73,light
7/2/24 03:15,71,light
7/2/24 03:16,79,light
7/2/24 03:17,71,light
7/2/24 03:18,72,light
7/2/24 03:19,72,light
7/2/24 03:20,73,light
7/2/24 03:21,73,light
7/2/24 03:22,73,light
7/2/24 03:23,80,light
7/2/24 03:24,73,light
7/2/24 03:25,72,light
7/2/24 03:26,72,light
7/2/24 03:27,71,light
7/2/24 03:28,71,light
7/2/24 03:29,70,light
7/2/24 03:30,72,light
7/2/24 03:31,72,light
7/2/24 03:32,82,light
7/2/24 03:33,77,light
7/2/24 03:34,72,light
7/2/24 03:35,66,light
7/2/24 03:36,76,light
7/2/24 03:37,69,light
7/2/24 03:38,68,light
7/2/24 03:39,69,light
7/2/24 03:40,69,light
7/2/24 03:41,65,light
7/2/24 03:42,65,light
7/2/24 03:43,66,light
7/2/24 03:44,65,light
7/2/24 03:45,66,light
7/2/24 03:46,74,light
7/2/24 03:47,65,light
7/2/24 03:48,67,light
7/2/24 03:49,66,light
7/2/24 03:50,65,light
7/2/24 03:51,66,light
7/2/24 03:52,78,light
7/2/24 03:53,69,light
7/2/24 03:54,72,light
7/2/24 03:55,71,light
7/2/24 03:56,73,light
7/2/24 03:57,68,light
7/2/24 03:58,67,light
7/2/24 03:59,68,light
7/2/24 04:00,73,light
7/2/24 04:01,69,light
7/2/24 04:02,66,light
7/2/24 04:03,67,light
7/2/24 04:04,69,light
7/2/24 04:05,69,light
7/2/24 04:06,70,light
7/2/24 04:07,71,light
7/2/24 04:08,68,light
7/2/24 04:09,71,light
7/2/24 04:10,68,light
7/2/24 04:11,71,light
7/2/24 04:12,77,light
7/2/24 04:13,71,light
7/2/24 04:14,73,light
7/2/24 04:15,72,wake
7/2/24 04:16,72,wake
7/2/24 04:17,62,wake
7/2/24 04:19,69,light
7/2/24 04:20,66,light
7/2/24 04:21,64,light
7/2/24 04:22,65,light
7/2/24 04:23,63,rem
7/2/24 04:24,66,rem
7/2/24 04:25,67,rem
7/2/24 04:26,70,rem
7/2/24 04:27,59,rem
7/2/24 04:28,65,rem
7/2/24 04:29,64,rem
7/2/24 04:30,65,rem
7/2/24 04:31,63,rem
7/2/24 04:32,64,rem
7/2/24 04:33,60,rem
7/2/24 04:34,67,rem
7/2/24 04:35,62,rem
7/2/24 04:36,58,rem
7/2/24 04:37,62,rem
7/2/24 04:38,61,rem
7/2/24 04:39,62,rem
7/2/24 04:40,65,rem
7/2/24 04:41,65,rem
7/2/24 04:42,61,rem
7/2/24 04:43,63,rem
7/2/24 04:44,61,rem
7/2/24 04:45,60,rem
7/2/24 04:46,59,rem
7/2/24 04:47,62,rem
7/2/24 04:48,65,rem
7/2/24 04:49,65,rem
7/2/24 04:50,64,rem
7/2/24 04:51,73,rem
7/2/24 04:52,67,rem
7/2/24 04:53,80,rem
7/2/24 04:54,72,rem
7/2/24 04:55,68,rem
7/2/24 04:56,70,rem
7/2/24 04:57,66,rem
7/2/24 04:58,65,rem
7/2/24 04:59,62,rem
7/2/24 05:00,69,rem
7/2/24 05:01,62,rem
7/2/24 05:02,64,rem
7/2/24 05:03,60,rem
7/2/24 05:04,67,rem
7/2/24 05:05,76,rem
7/2/24 05:06,70,rem
7/2/24 05:07,67,light
7/2/24 05:08,73,light
7/2/24 05:09,67,light
7/2/24 05:10,71,light
7/2/24 05:11,66,light
7/2/24 05:12,63,light
7/2/24 05:13,65,light
7/2/24 05:14,73,light
7/2/24 05:15,70,light
7/2/24 05:16,68,light
7/2/24 05:17,63,light
7/2/24 05:18,66,light
7/2/24 05:19,65,light
7/2/24 05:20,70,light
7/2/24 05:21,66,light
7/2/24 05:22,70,light
7/2/24 05:23,73,light
7/2/24 05:24,57,light
7/2/24 05:25,56,light
7/2/24 05:26,54,light
7/2/24 05:27,57,light
7/2/24 05:28,58,light
7/2/24 05:29,57,light
7/2/24 05:30,64,light
7/2/24 05:31,66,light
7/2/24 05:32,65,light
7/2/24 05:33,70,light
7/2/24 05:34,65,light
7/2/24 05:35,58,light
7/2/24 05:36,61,light
7/2/24 05:37,60,light
7/2/24 05:38,63,light
7/2/24 05:39,59,light
7/2/24 05:40,63,light
7/2/24 05:41,67,light
7/2/24 05:42,57,light
7/2/24 05:43,67,light
7/2/24 05:44,65,light
7/2/24 05:46,65,deep
7/2/24 05:47,65,deep
7/2/24 05:48,60,deep
7/2/24 05:49,62,deep
7/2/24 05:50,65,deep
7/2/24 05:51,66,deep
7/2/24 05:52,67,deep
7/2/24 05:53,63,deep
7/2/24 05:54,58,deep
7/2/24 05:55,70,deep
7/2/24 05:56,78,deep
7/2/24 05:57,71,deep
7/2/24 05:58,68,deep
7/2/24 05:59,59,deep
7/2/24 06:00,63,deep
7/2/24 06:01,59,deep
7/2/24 06:02,63,deep
7/2/24 06:03,66,deep
7/2/24 06:04,72,deep
7/2/24 06:05,77,deep
7/2/24 06:06,59,deep
7/2/24 06:07,61,deep
7/2/24 06:08,62,deep
7/2/24 06:09,61,deep
7/2/24 06:10,63,deep
7/2/24 06:11,68,deep
7/2/24 06:12,61,deep
7/2/24 06:13,65,deep
7/2/24 06:14,62,deep
7/2/24 06:15,63,deep
7/2/24 06:16,59,deep
7/2/24 06:17,62,deep
7/2/24 06:18,62,light
7/2/24 06:19,66,light
7/2/24 06:20,61,light
7/2/24 06:21,61,light
7/2/24 06:22,64,light
7/2/24 06:23,63,light
7/2/24 06:24,62,light
7/2/24 06:25,67,light
7/2/24 06:26,78,light
7/2/24 06:27,70,light
7/2/24 06:28,77,light
7/2/24 06:29,79,light
7/2/24 06:30,81,light
7/2/24 06:31,69,light
7/2/24 06:32,70,light
7/2/24 06:33,74,light
7/2/24 06:34,75,light
7/2/24 06:35,75,wake
7/2/24 06:36,80,wake
7/2/24 06:37,78,wake
7/2/24 06:38,68,wake
7/2/24 06:39,60,wake
7/2/24 06:40,67,wake
7/2/24 06:41,61,wake
7/2/24 06:42,63,wake
7/2/24 06:43,65,wake
7/2/24 06:45,62,light
7/2/24 06:46,58,rem
7/2/24 06:47,56,rem
7/2/24 06:48,58,rem
7/2/24 06:49,60,rem
7/2/24 06:50,64,rem
7/2/24 06:51,61,rem
7/2/24 06:52,59,wake
7/2/24 06:53,73,wake
7/2/24 06:54,72,wake
7/2/24 06:55,83,wake
7/2/24 06:56,77,wake
7/2/24 06:57,80,wake
7/2/24 06:58,77,wake
7/2/24 06:59,76,wake
7/2/24 07:00,79,wake
7/2/24 07:01,78,wake
7/2/24 07:02,78,wake
7/2/24 07:03,77,wake
7/2/24 07:04,80,wake
7/2/24 07:05,82,wake
7/2/24 07:06,76,wake
7/2/24 07:07,83,light
7/2/24 07:08,79,light
7/2/24 07:09,79,light
7/2/24 07:10,79,light
7/2/24 07:11,81,light
7/2/24 07:12,78,light
7/2/24 07:13,79,light
7/2/24 07:14,81,light
7/2/24 07:15,78,light
7/2/24 07:16,76,light
7/2/24 07:17,77,light
7/2/24 07:18,72,light
7/2/24 07:19,78,light
7/2/24 07:20,85,light
7/2/24 07:21,72,light
7/2/24 07:22,65,light
7/2/24 07:23,65,light
7/2/24 07:24,61,light
7/2/24 07:25,62,light
7/2/24 07:26,64,light
7/2/24 07:27,61,light
7/2/24 07:28,68,light
7/2/24 07:29,65,light
7/2/24 07:30,63,light
7/2/24 07:31,64,light
7/2/24 07:32,65,light
7/2/24 07:33,68,light
7/2/24 07:34,63,light
7/2/24 07:35,66,light
7/2/24 07:36,65,light
7/2/24 07:37,67,light
7/2/24 07:38,65,light
7/2/24 07:39,70,light
7/2/24 07:40,66,light
7/2/24 07:41,65,light
7/2/24 07:43,69,deep
7/2/24 07:44,78,deep
7/2/24 07:45,68,deep
7/2/24 07:46,69,deep
7/2/24 07:47,64,light
7/2/24 07:48,68,light
7/2/24 07:49,67,light
7/2/24 07:50,71,deep
7/2/24 07:51,74,deep
7/2/24 07:52,69,deep
7/2/24 07:53,73,deep
7/2/24 07:54,68,deep
7/2/24 07:55,74,deep
7/2/24 07:56,71,deep
7/2/24 07:57,65,deep
7/2/24 07:58,67,deep
7/2/24 07:59,75,deep
7/2/24 08:00,72,deep
7/2/24 08:01,74,deep
7/2/24 08:02,68,deep
7/2/24 08:03,66,deep
7/2/24 08:04,65,deep
7/2/24 08:05,62,deep
7/2/24 08:06,63,deep
7/2/24 08:07,64,deep
7/2/24 08:08,63,deep
7/2/24 08:09,64,deep
7/2/24 08:10,62,wake
7/2/24 08:11,63,wake
7/2/24 08:12,80,wake
7/2/24 08:13,88,wake
7/2/24 08:14,88,wake
7/2/24 08:15,85,wake
7/2/24 08:16,87,wake
7/2/24 08:17,84,wake
7/2/24 08:18,90,wake
7/2/24 08:19,89,wake
7/2/24 08:20,85,light
7/2/24 08:21,70,light
7/2/24 08:22,74,light
7/2/24 08:24,83,wake
7/2/24 08:25,78,wake
7/2/24 08:26,75,wake
7/2/24 08:27,71,wake
7/2/24 08:28,69,wake
7/2/24 08:29,66,wake
7/2/24 08:30,68,wake
7/2/24 08:31,67,wake
7/2/24 08:32,65,wake
7/2/24 08:33,69,wake
7/2/24 08:34,68,wake
7/2/24 08:35,73,wake
7/2/24 08:36,68,wake
7/2/24 08:37,73,wake
7/3/24 00:50,69,light
7/3/24 00:51,79,light
7/3/24 00:52,81,light
7/3/24 00:53,69,light
7/3/24 00:54,80,light
7/3/24 00:55,76,light
7/3/24 00:56,75,light
7/3/24 00:57,80,light
7/3/24 00:58,85,light
7/3/24 00:59,84,light
7/3/24 01:00,89,light
7/3/24 01:01,89,light
7/3/24 01:02,86,light
7/3/24 01:03,88,light
7/3/24 01:04,87,light
7/3/24 01:05,83,light
7/3/24 01:06,81,light
7/3/24 01:07,89,light
7/3/24 01:08,92,light
7/3/24 01:09,95,light
7/3/24 01:10,96,light
7/3/24 01:11,97,light
7/3/24 01:12,95,light
7/3/24 01:13,95,light
7/3/24 01:14,101,light
7/3/24 01:15,105,light
7/3/24 01:16,95,light
7/3/24 01:17,83,light
7/3/24 01:18,77,light
7/3/24 01:19,79,light
7/3/24 01:20,65,light
7/3/24 01:21,68,light
7/3/24 01:22,61,light
7/3/24 01:23,65,light
7/3/24 01:24,64,light
7/3/24 01:25,65,light
7/3/24 01:26,64,light
7/3/24 01:27,62,light
7/3/24 01:28,69,light
7/3/24 01:29,62,light
7/3/24 01:30,63,light
7/3/24 01:31,66,light
7/3/24 01:32,63,light
7/3/24 01:33,63,light
7/3/24 01:34,64,light
7/3/24 01:35,64,light
7/3/24 01:36,68,light
7/3/24 01:37,62,light
7/3/24 01:38,62,light
7/3/24 01:39,63,light
7/3/24 01:40,66,light
7/3/24 01:41,62,light
7/3/24 01:42,66,light
7/3/24 01:43,65,light
7/3/24 01:45,55,deep
7/3/24 01:46,78,deep
7/3/24 01:47,66,deep
7/3/24 01:48,64,deep
7/3/24 01:49,64,deep
7/3/24 01:50,67,deep
7/3/24 01:51,76,deep
7/3/24 01:52,75,deep
7/3/24 01:53,78,deep
7/3/24 01:54,75,deep
7/3/24 01:55,78,deep
7/3/24 01:56,76,deep
7/3/24 01:57,73,deep
7/3/24 01:58,78,deep
7/3/24 01:59,80,deep
7/3/24 02:00,75,deep
7/3/24 02:01,71,deep
7/3/24 02:02,76,deep
7/3/24 02:03,71,deep
7/3/24 02:04,76,deep
7/3/24 02:05,68,deep
7/3/24 02:06,69,deep
7/3/24 02:07,69,deep
7/3/24 02:08,73,deep
7/3/24 02:09,73,deep
7/3/24 02:10,77,deep
7/3/24 02:11,74,deep
7/3/24 02:12,76,deep
7/3/24 02:13,72,deep
7/3/24 02:14,76,deep
7/3/24 02:15,76,deep
7/3/24 02:16,77,deep
7/3/24 02:17,74,deep
7/3/24 02:18,78,deep
7/3/24 02:19,73,deep
7/3/24 02:20,68,deep
7/3/24 02:21,67,deep
7/3/24 02:22,66,deep
7/3/24 02:23,74,deep
7/3/24 02:24,77,deep
7/3/24 02:25,64,deep
7/3/24 02:26,68,deep
7/3/24 02:27,67,deep
7/3/24 02:28,67,deep
7/3/24 02:29,70,deep
7/3/24 02:30,68,deep
7/3/24 02:31,71,deep
7/3/24 02:32,77,deep
7/3/24 02:33,71,deep
7/3/24 02:34,76,deep
7/3/24 02:35,68,deep
7/3/24 02:36,72,deep
7/3/24 02:37,78,deep
7/3/24 02:38,72,deep
7/3/24 02:39,74,deep
7/3/24 02:40,70,deep
7/3/24 02:41,71,deep
7/3/24 02:42,72,deep
7/3/24 02:43,76,deep
7/3/24 02:44,68,light
7/3/24 02:45,68,light
7/3/24 02:46,61,light
7/3/24 02:47,63,light
7/3/24 02:48,72,light
7/3/24 02:49,64,light
7/3/24 02:50,66,light
7/3/24 02:51,59,light
7/3/24 02:52,59,rem
7/3/24 02:53,70,rem
7/3/24 02:54,65,rem
7/3/24 02:55,68,rem
7/3/24 02:56,77,rem
7/3/24 02:57,73,rem
7/3/24 02:58,66,rem
7/3/24 02:59,62,rem
7/3/24 03:00,70,rem
7/3/24 03:01,80,rem
7/3/24 03:02,83,rem
7/3/24 03:03,85,rem
7/3/24 03:04,60,rem
7/3/24 03:05,63,rem
7/3/24 03:06,64,light
7/3/24 03:07,60,light
7/3/24 03:08,59,light
7/3/24 03:09,71,light
7/3/24 03:10,59,light
7/3/24 03:11,59,light
7/3/24 03:12,62,light
7/3/24 03:13,63,light
7/3/24 03:14,61,light
7/3/24 03:15,62,light
7/3/24 03:16,61,light
7/3/24 03:17,66,light
7/3/24 03:18,66,light
7/3/24 03:19,66,light
7/3/24 03:20,62,light
7/3/24 03:21,69,light
7/3/24 03:22,60,light
7/3/24 03:23,58,light
7/3/24 03:24,56,light
7/3/24 03:25,58,light
7/3/24 03:26,61,light
7/3/24 03:27,60,light
7/3/24 03:28,57,light
7/3/24 03:29,58,light
7/3/24 03:30,56,light
7/3/24 03:31,55,light
7/3/24 03:32,64,light
7/3/24 03:33,56,light
7/3/24 03:34,63,light
7/3/24 03:35,59,light
7/3/24 03:36,63,light
7/3/24 03:37,59,light
7/3/24 03:38,62,light
7/3/24 03:39,61,light
7/3/24 03:40,60,light
7/3/24 03:41,60,light
7/3/24 03:42,59,light
7/3/24 03:43,68,light
7/3/24 03:44,55,light
7/3/24 03:45,59,light
7/3/24 03:46,59,light
7/3/24 03:47,56,light
7/3/24 03:48,55,light
7/3/24 03:49,54,light
7/3/24 03:50,59,light
7/3/24 03:51,55,light
7/3/24 03:52,60,light
7/3/24 03:53,53,light
7/3/24 03:54,55,light
7/3/24 03:55,60,light
7/3/24 03:56,58,light
7/3/24 03:57,60,light
7/3/24 03:58,61,light
7/3/24 03:59,61,light
7/3/24 04:00,56,light
7/3/24 04:01,58,light
7/3/24 04:02,63,light
7/3/24 04:03,56,light
7/3/24 04:04,57,light
7/3/24 04:05,56,light
7/3/24 04:06,55,light
7/3/24 04:07,57,light
7/3/24 04:08,57,light
7/3/24 04:09,55,light
7/3/24 04:10,69,light
7/3/24 04:11,68,light
7/3/24 04:12,62,light
7/3/24 04:13,64,light
7/3/24 04:14,64,light
7/3/24 04:15,62,light
7/3/24 04:16,60,light
7/3/24 04:17,56,light
7/3/24 04:18,55,light
7/3/24 04:19,61,light
7/3/24 04:20,59,light
7/3/24 04:21,60,light
7/3/24 04:22,55,light
7/3/24 04:23,57,light
7/3/24 04:24,61,light
7/3/24 04:25,65,light
7/3/24 04:26,69,light
7/3/24 04:27,66,light
7/3/24 04:28,67,rem
7/3/24 04:29,56,rem
7/3/24 04:30,57,rem
7/3/24 04:31,56,rem
7/3/24 04:32,64,rem
7/3/24 04:33,55,rem
7/3/24 04:34,56,rem
7/3/24 04:35,58,rem
7/3/24 04:36,53,rem
7/3/24 04:37,54,rem
7/3/24 04:38,56,rem
7/3/24 04:39,62,rem
7/3/24 04:40,57,rem
7/3/24 04:41,54,rem
7/3/24 04:42,57,rem
7/3/24 04:43,57,rem
7/3/24 04:44,65,rem
7/3/24 04:45,53,rem
7/3/24 04:46,56,rem
7/3/24 04:47,53,rem
7/3/24 04:48,53,rem
7/3/24 04:49,55,rem
7/3/24 04:50,55,rem
7/3/24 04:51,55,rem
7/3/24 04:52,55,rem
7/3/24 04:53,56,rem
7/3/24 04:54,56,rem
7/3/24 04:55,55,rem
7/3/24 04:56,56,rem
7/3/24 04:57,62,rem
7/3/24 04:58,68,rem
7/3/24 04:59,57,rem
7/3/24 05:00,57,rem
7/3/24 05:01,55,rem
7/3/24 05:02,54,rem
7/3/24 05:03,53,rem
7/3/24 05:04,56,rem
7/3/24 05:05,53,rem
7/3/24 05:06,60,rem
7/3/24 05:07,56,rem
7/3/24 05:08,60,rem
7/3/24 05:09,61,rem
7/3/24 05:10,57,rem
7/3/24 05:11,57,rem
7/3/24 05:12,57,rem
7/3/24 05:13,59,rem
7/3/24 05:14,60,rem
7/3/24 05:15,58,light
7/3/24 05:16,57,light
7/3/24 05:17,57,light
7/3/24 05:18,62,light
7/3/24 05:19,60,light
7/3/24 05:20,65,light
7/3/24 05:21,60,light
7/3/24 05:22,61,light
7/3/24 05:23,60,light
7/3/24 05:24,65,light
7/3/24 05:25,61,light
7/3/24 05:26,57,light
7/3/24 05:27,60,light
7/3/24 05:28,59,light
7/3/24 05:29,56,light
7/3/24 05:30,57,light
7/3/24 05:31,57,light
7/3/24 05:32,59,light
7/3/24 05:33,53,light
7/3/24 05:34,59,light
7/3/24 05:35,56,light
7/3/24 05:36,58,light
7/3/24 05:37,55,deep
7/3/24 05:38,59,deep
7/3/24 05:39,59,deep
7/3/24 05:40,63,deep
7/3/24 05:41,61,deep
7/3/24 05:43,62,light
7/3/24 05:44,56,light
7/3/24 05:45,58,light
7/3/24 05:46,63,light
7/3/24 05:47,65,light
7/3/24 05:48,59,light
7/3/24 05:49,56,light
7/3/24 05:50,60,light
7/3/24 05:51,59,wake
7/3/24 05:52,59,wake
7/3/24 05:53,55,wake
7/3/24 05:54,66,wake
7/3/24 05:55,64,wake
7/3/24 05:56,74,wake
7/3/24 05:57,88,wake
7/3/24 05:58,90,light
7/3/24 05:59,88,light
7/3/24 06:00,88,light
7/3/24 06:01,87,light
7/3/24 06:02,86,light
7/3/24 06:03,78,light
7/3/24 06:04,75,light
7/3/24 06:05,78,light
7/3/24 06:06,75,light
7/3/24 06:07,80,light
7/3/24 06:08,75,light
7/3/24 06:09,81,light
7/3/24 06:10,81,light
7/3/24 06:11,82,light
7/3/24 06:12,80,light
7/3/24 06:13,79,light
7/3/24 06:14,89,light
7/3/24 06:15,91,light
7/3/24 06:16,76,light
7/3/24 06:17,74,light
7/3/24 06:18,74,light
7/3/24 06:19,90,light
7/3/24 06:20,92,light
7/3/24 06:21,96,light
7/3/24 06:22,96,light
7/3/24 06:23,96,light
7/3/24 06:24,95,light
7/3/24 06:25,96,light
7/3/24 06:26,65,light
7/3/24 06:27,68,light
7/3/24 06:28,73,light
7/3/24 06:29,70,light
7/3/24 06:30,69,light
7/3/24 06:31,61,light
7/3/24 06:32,67,light
7/3/24 06:33,64,light
7/3/24 06:34,59,light
7/3/24 06:35,57,light
7/3/24 06:36,58,light
7/3/24 06:37,62,light
7/3/24 06:38,61,light
7/3/24 06:39,59,light
7/3/24 06:40,64,light
7/3/24 06:41,60,light
7/3/24 06:42,58,light
7/3/24 06:43,59,light
7/3/24 06:44,61,light
7/3/24 06:45,63,light
7/3/24 06:46,62,light
7/3/24 06:47,61,light
7/3/24 06:48,61,light
7/3/24 06:49,60,light
7/3/24 06:50,67,light
7/3/24 06:51,62,light
7/3/24 06:52,67,light
7/3/24 06:54,66,rem
7/3/24 06:55,63,rem
7/3/24 06:56,63,rem
7/3/24 06:57,64,rem
7/3/24 06:58,66,rem
7/3/24 06:59,69,rem
7/3/24 07:00,75,rem
7/3/24 07:01,69,rem
7/3/24 07:02,64,rem
7/3/24 07:03,73,rem
7/3/24 07:04,73,rem
7/3/24 07:05,71,rem
7/3/24 07:06,77,rem
7/3/24 07:07,76,rem
7/3/24 07:08,71,rem
7/3/24 07:09,72,wake
7/3/24 07:10,68,wake
7/3/24 07:11,75,wake
7/3/24 07:12,74,wake
7/3/24 07:13,73,wake
7/3/24 07:14,70,wake
7/3/24 07:15,74,wake
7/4/24 00:12,51,light
7/4/24 00:13,59,light
7/4/24 00:14,54,light
7/4/24 00:15,54,light
7/4/24 00:16,55,light
7/4/24 00:17,52,light
7/4/24 00:18,53,light
7/4/24 00:19,51,light
7/4/24 00:20,52,light
7/4/24 00:21,51,light
7/4/24 00:22,51,light
7/4/24 00:23,54,light
7/4/24 00:24,49,light
7/4/24 00:25,51,wake
7/4/24 00:26,50,wake
7/4/24 00:27,47,wake
7/4/24 00:28,63,wake
7/4/24 00:29,51,wake
7/4/24 00:30,51,light
7/4/24 00:31,52,light
7/4/24 00:32,52,light
7/4/24 00:33,51,light
7/4/24 00:34,52,light
7/4/24 00:35,52,light
7/4/24 00:36,53,light
7/4/24 00:37,50,light
7/4/24 00:38,51,light
7/4/24 00:39,57,light
7/4/24 00:40,53,light
7/4/24 00:41,51,light
7/4/24 00:42,51,light
7/4/24 00:43,51,light
7/4/24 00:44,51,light
7/4/24 00:45,50,light
7/4/24 00:46,54,light
7/4/24 00:47,53,light
7/4/24 00:48,51,light
7/4/24 00:49,51,light
7/4/24 00:50,51,light
7/4/24 00:51,51,light
7/4/24 00:52,50,light
7/4/24 00:53,51,light
7/4/24 00:54,52,light
7/4/24 00:55,52,light
7/4/24 00:56,52,light
7/4/24 00:57,53,light
7/4/24 00:58,51,light
7/4/24 00:59,51,light
7/4/24 01:00,52,light
7/4/24 01:01,54,light
7/4/24 01:02,50,light
7/4/24 01:03,52,light
7/4/24 01:04,51,light
7/4/24 01:05,51,light
7/4/24 01:06,52,light
7/4/24 01:07,54,light
7/4/24 01:08,52,light
7/4/24 01:09,54,light
7/4/24 01:10,55,deep
7/4/24 01:11,52,deep
7/4/24 01:12,51,deep
7/4/24 01:13,50,deep
7/4/24 01:14,50,deep
7/4/24 01:15,50,deep
7/4/24 01:16,50,deep
7/4/24 01:17,49,deep
7/4/24 01:18,51,deep
7/4/24 01:19,50,deep
7/4/24 01:20,49,deep
7/4/24 01:21,50,deep
7/4/24 01:22,54,deep
7/4/24 01:23,55,deep
7/4/24 01:24,51,deep
7/4/24 01:25,57,deep
7/4/24 01:26,51,deep
7/4/24 01:27,51,deep
7/4/24 01:28,52,deep
7/4/24 01:29,53,light
7/4/24 01:30,55,light
7/4/24 01:31,60,light
7/4/24 01:32,67,light
7/4/24 01:33,55,light
7/4/24 01:34,59,light
7/4/24 01:35,58,light
7/4/24 01:36,56,light
7/4/24 01:37,61,light
7/4/24 01:38,61,light
7/4/24 01:39,59,light
7/4/24 01:40,60,light
7/4/24 01:41,57,light
7/4/24 01:42,60,light
7/4/24 01:43,65,light
7/4/24 01:44,58,light
7/4/24 01:45,61,light
7/4/24 01:46,60,light
7/4/24 01:47,55,light
7/4/24 01:48,61,light
7/4/24 01:49,54,light
7/4/24 01:50,58,light
7/4/24 01:51,57,light
7/4/24 01:52,55,light
7/4/24 01:53,62,light
7/4/24 01:54,52,light
7/4/24 01:55,61,light
7/4/24 01:56,60,light
7/4/24 01:57,62,light
7/4/24 01:58,61,light
7/4/24 01:59,62,light
7/4/24 02:00,64,light
7/4/24 02:01,60,light
7/4/24 02:02,55,light
7/4/24 02:04,56,rem
7/4/24 02:05,58,rem
7/4/24 02:06,58,rem
7/4/24 02:07,66,rem
7/4/24 02:08,68,rem
7/4/24 02:09,64,rem
7/4/24 02:10,65,rem
7/4/24 02:11,62,rem
7/4/24 02:53,71,rem
7/4/24 02:54,75,rem
7/4/24 02:55,79,light
7/4/24 02:56,78,light
7/4/24 02:57,79,light
7/4/24 02:58,82,light
7/4/24 02:59,82,light
7/4/24 03:00,77,light
7/4/24 03:01,80,light
7/4/24 03:02,82,light
7/4/24 03:03,91,light
7/4/24 03:04,97,light
7/4/24 03:05,92,deep
7/4/24 03:06,90,deep
7/4/24 03:07,81,deep
7/4/24 03:08,81,deep
7/4/24 03:09,86,deep
7/4/24 03:10,97,deep
7/4/24 03:11,86,deep
7/4/24 03:12,92,deep
7/4/24 03:13,89,deep
7/4/24 03:14,92,deep
7/4/24 03:15,91,deep
7/4/24 03:16,88,deep
7/4/24 03:17,83,deep
7/4/24 03:18,72,deep
7/4/24 03:19,75,deep
7/4/24 03:20,69,deep
7/4/24 03:21,72,deep
7/4/24 03:22,85,deep
7/4/24 03:23,93,deep
7/4/24 03:24,105,deep
7/4/24 03:25,99,deep
7/4/24 03:26,88,deep
7/4/24 03:27,85,deep
7/4/24 03:28,87,deep
7/4/24 03:29,83,deep
7/4/24 03:30,85,deep
7/4/24 03:31,81,deep
7/4/24 03:32,76,deep
7/4/24 03:33,79,deep
7/4/24 03:34,77,deep
7/4/24 03:35,80,deep
7/4/24 03:36,83,deep
7/4/24 03:37,69,light
7/4/24 03:38,71,light
7/4/24 03:39,71,light
7/4/24 03:40,75,light
7/4/24 03:41,75,light
7/4/24 03:42,74,light
7/4/24 03:43,67,light
7/4/24 03:44,74,light
7/4/24 03:45,66,light
7/4/24 03:46,69,light
7/4/24 03:47,77,light
7/4/24 03:48,79,light
7/4/24 03:49,68,light
7/4/24 03:50,66,light
7/4/24 03:51,62,light
7/4/24 03:52,64,light
7/4/24 03:53,71,light
7/4/24 03:54,66,light
7/4/24 03:55,69,light
7/4/24 03:56,66,light
7/4/24 03:57,68,light
7/4/24 03:58,73,light
7/4/24 03:59,75,light
7/4/24 04:00,73,light
7/4/24 04:01,81,light
7/4/24 04:02,68,light
7/4/24 04:03,69,light
7/4/24 04:04,64,light
7/4/24 04:05,69,light
7/4/24 04:06,73,light
7/4/24 04:07,66,light
7/4/24 04:08,65,light
7/4/24 04:09,68,light
7/4/24 04:10,67,light
7/4/24 04:11,70,light
7/4/24 04:12,64,light
7/4/24 04:13,66,light
7/4/24 04:14,68,light
7/4/24 04:15,71,light
7/4/24 04:16,76,light
7/4/24 04:17,72,light
7/4/24 04:18,76,light
7/4/24 04:19,78,light
7/4/24 04:20,67,light
7/4/24 04:21,79,light
7/4/24 04:22,74,light
7/4/24 04:23,72,light
7/4/24 04:24,75,light
7/4/24 04:25,69,light
7/4/24 04:26,73,light
7/4/24 04:27,73,light
7/4/24 04:28,71,light
7/4/24 04:29,72,light
7/4/24 04:30,71,light
7/4/24 04:31,72,light
7/4/24 04:32,84,light
7/4/24 04:33,70,light
7/4/24 04:34,70,light
7/4/24 04:35,70,light
7/4/24 04:36,78,light
7/4/24 04:37,72,light
7/4/24 04:38,72,light
7/4/24 04:39,69,light
7/4/24 04:40,65,light
7/4/24 04:41,69,light
7/4/24 04:42,65,light
7/4/24 04:43,72,light
7/4/24 04:44,68,light
7/4/24 04:45,66,light
7/4/24 04:46,64,light
7/4/24 04:47,66,light
7/4/24 04:48,66,light
7/4/24 04:49,61,light
7/4/24 04:50,68,light
7/4/24 04:51,64,light
7/4/24 04:52,68,light
7/4/24 04:53,72,light
7/4/24 04:54,69,light
7/4/24 04:55,65,light
7/4/24 04:56,61,light
7/4/24 04:57,65,rem
7/4/24 04:58,61,rem
7/4/24 04:59,60,rem
7/4/24 05:00,61,rem
7/4/24 05:01,64,rem
7/4/24 05:02,65,rem
7/4/24 05:03,63,rem
7/4/24 05:04,65,rem
7/4/24 05:05,66,rem
7/4/24 05:06,60,rem
7/4/24 05:07,66,rem
7/4/24 05:08,64,rem
7/4/24 05:09,62,rem
7/4/24 05:10,61,rem
7/4/24 05:11,65,rem
7/4/24 05:12,65,rem
7/4/24 05:13,57,wake
7/4/24 05:14,56,wake
7/4/24 05:15,61,wake
7/4/24 05:16,62,wake
7/4/24 05:18,61,light
7/4/24 05:19,62,light
7/4/24 05:20,64,light
7/4/24 05:21,60,light
7/4/24 05:22,60,light
7/4/24 05:23,59,light
7/4/24 05:24,62,light
7/4/24 05:25,71,light
7/4/24 05:26,60,light
7/4/24 05:27,62,light
7/4/24 05:28,62,light
7/4/24 05:29,59,light
7/4/24 05:30,61,light
7/4/24 05:31,64,light
7/4/24 05:32,66,light
7/4/24 05:33,61,light
7/4/24 05:34,63,light
7/4/24 05:35,68,light
7/4/24 05:36,62,light
7/4/24 05:37,62,light
7/4/24 05:38,60,light
7/4/24 05:39,58,light
7/4/24 05:40,57,light
7/4/24 05:41,57,light
7/4/24 05:42,60,light
7/4/24 05:43,58,light
7/4/24 05:44,74,light
7/4/24 05:45,77,light
7/4/24 05:46,89,light
7/4/24 05:47,89,light
7/4/24 05:48,98,light
7/4/24 05:49,99,light
7/4/24 05:50,97,deep
7/4/24 05:51,77,deep
7/4/24 05:52,77,deep
7/4/24 05:53,72,deep
7/4/24 05:54,76,deep
7/4/24 05:55,74,deep
7/4/24 05:56,77,deep
7/4/24 05:57,73,deep
7/4/24 05:58,77,deep
7/4/24 05:59,76,deep
7/4/24 06:00,75,deep
7/4/24 06:01,75,deep
7/4/24 06:02,73,deep
7/4/24 06:03,78,deep
7/4/24 06:04,79,deep
7/4/24 06:05,80,deep
7/4/24 06:06,77,deep
7/4/24 06:07,79,deep
7/4/24 06:08,74,deep
7/4/24 06:09,76,deep
7/4/24 06:10,77,deep
7/4/24 06:11,76,deep
7/4/24 06:12,72,deep
7/4/24 06:13,79,deep
7/4/24 06:14,74,deep
7/4/24 06:15,85,deep
7/4/24 06:16,91,deep
7/4/24 06:17,95,deep
7/4/24 06:18,92,deep
7/4/24 06:19,92,deep
7/4/24 06:20,96,deep
7/4/24 06:21,94,deep
7/4/24 06:22,97,light
7/4/24 06:23,96,light
7/4/24 06:24,77,light
7/4/24 06:25,80,light
7/4/24 06:26,82,light
7/4/24 06:27,94,light
7/4/24 06:28,89,light
7/4/24 06:29,94,light
7/4/24 06:30,86,light
7/4/24 06:31,88,light
7/4/24 06:32,83,light
7/4/24 06:33,85,light
7/4/24 06:34,90,light
7/4/24 06:35,75,rem
7/4/24 06:36,87,rem
7/4/24 06:37,89,rem
7/4/24 06:38,77,rem
7/4/24 06:39,87,rem
7/4/24 06:40,79,wake
7/4/24 06:41,73,wake
7/4/24 06:42,68,wake
7/4/24 06:43,71,wake
7/4/24 06:44,68,wake
7/4/24 06:45,69,wake
7/4/24 06:46,70,wake
7/4/24 06:47,68,wake
7/4/24 06:48,71,wake
7/4/24 06:49,72,light
7/4/24 06:50,70,light
7/4/24 06:51,78,light
7/4/24 06:52,91,light
7/4/24 06:53,86,rem
7/4/24 06:54,81,rem
7/4/24 06:55,84,rem
7/4/24 06:56,76,rem
7/4/24 06:57,76,rem
7/4/24 06:58,78,rem
7/4/24 06:59,79,rem
7/4/24 07:00,79,rem
7/4/24 07:01,77,rem
7/4/24 07:02,86,rem
7/4/24 07:03,80,rem
7/4/24 07:04,69,rem
7/4/24 07:05,68,rem
7/4/24 07:06,65,rem
7/4/24 07:08,70,wake
7/4/24 07:09,68,wake
7/4/24 07:10,71,wake
7/4/24 07:11,65,wake
7/4/24 07:12,67,wake
7/4/24 07:13,69,wake
7/4/24 07:14,72,wake
7/4/24 07:15,69,wake
7/4/24 07:16,65,wake
7/4/24 07:17,68,light
7/4/24 07:18,71,light
7/4/24 07:19,68,light
7/4/24 07:20,64,light
7/4/24 07:21,67,light
7/4/24 07:22,64,light
7/4/24 07:23,69,light
7/4/24 07:24,69,light
7/4/24 07:25,67,light
7/4/24 07:26,66,light
7/4/24 07:27,63,wake
7/4/24 07:28,66,wake
7/4/24 07:29,66,wake
7/4/24 07:30,65,wake
7/4/24 07:31,71,wake
7/4/24 07:32,67,wake
7/4/24 07:33,69,light
7/4/24 07:34,67,light
7/4/24 07:35,65,light
7/4/24 07:37,71,wake
7/4/24 07:38,65,wake
7/4/24 07:39,64,wake
7/4/24 07:40,74,wake
7/4/24 07:41,73,light
7/4/24 07:42,68,light
7/4/24 07:43,76,light
7/4/24 07:44,74,light
7/4/24 07:45,76,light
7/4/24 07:46,75,light
7/4/24 07:47,71,light
7/4/24 07:48,70,light
7/4/24 07:49,66,light
7/4/24 07:50,65,light
7/4/24 07:51,64,light
7/4/24 07:52,65,light
7/4/24 07:53,64,light
7/4/24 07:54,63,light
7/4/24 07:55,60,light
7/4/24 07:56,62,light
7/4/24 07:57,63,light
7/4/24 07:58,63,light
7/4/24 07:59,61,light
7/4/24 08:00,60,light
7/4/24 08:01,66,light
7/4/24 08:02,72,light
7/4/24 08:03,65,light
7/4/24 08:04,63,light
7/4/24 08:05,62,light
7/4/24 08:06,63,light
7/4/24 08:07,67,light
7/4/24 08:08,63,wake
7/4/24 08:09,62,wake
7/4/24 08:10,79,wake
7/4/24 08:11,68,wake
7/4/24 08:12,63,light
7/4/24 08:13,71,light
7/4/24 08:14,69,light
7/4/24 08:15,66,light
7/4/24 08:16,68,light
7/4/24 08:17,70,light
7/4/24 08:19,67,rem
7/4/24 08:20,70,rem
7/4/24 08:21,63,rem
7/4/24 08:22,66,rem
7/4/24 08:23,63,rem
7/4/24 08:24,65,rem
7/4/24 08:25,65,rem
7/4/24 08:26,64,rem
7/4/24 08:27,71,rem
7/4/24 08:28,67,rem
7/4/24 08:29,67,rem
7/4/24 08:30,67,wake
7/4/24 08:31,73,wake
7/4/24 08:32,78,wake
7/4/24 08:33,69,wake
7/4/24 08:34,65,wake
7/4/24 08:35,69,wake
7/5/24 01:54,64,light
7/5/24 01:55,63,light
7/5/24 01:56,72,light
7/5/24 01:57,69,light
7/5/24 01:58,75,light
7/5/24 01:59,74,light
7/5/24 02:00,83,light
7/5/24 02:01,89,light
7/5/24 02:02,75,light
7/5/24 02:03,83,light
7/5/24 02:04,81,light
7/5/24 02:05,87,light
7/5/24 02:06,90,light
7/5/24 02:07,85,light
7/5/24 02:08,79,light
7/5/24 02:09,85,light
7/5/24 02:10,91,light
7/5/24 02:11,94,light
7/5/24 02:12,92,light
7/5/24 02:13,92,light
7/5/24 02:14,86,light
7/5/24 02:15,90,light
7/5/24 02:16,93,light
7/5/24 02:17,86,light
7/5/24 02:18,81,light
7/5/24 02:19,66,light
7/5/24 02:20,70,light
7/5/24 02:21,72,light
7/5/24 02:22,74,light
7/5/24 02:23,76,light
7/5/24 02:24,65,light
7/5/24 02:25,70,light
7/5/24 02:26,71,light
7/5/24 02:27,77,light
7/5/24 02:28,76,light
7/5/24 02:29,91,light
7/5/24 02:30,84,light
7/5/24 02:31,85,light
7/5/24 02:32,82,light
7/5/24 02:33,84,light
7/5/24 02:34,73,deep
7/5/24 02:35,70,deep
7/5/24 02:36,70,deep
7/5/24 02:37,66,deep
7/5/24 02:38,73,deep
7/5/24 02:39,66,deep
7/5/24 02:40,66,deep
7/5/24 02:41,77,deep
7/5/24 02:42,74,deep
7/5/24 02:43,74,deep
7/5/24 02:44,71,light
7/5/24 02:45,62,light
7/5/24 02:46,73,light
7/5/24 02:47,67,light
7/5/24 02:48,77,light
7/5/24 02:49,66,light
7/5/24 02:50,78,light
7/5/24 02:51,67,light
7/5/24 02:52,68,light
7/5/24 02:53,67,light
7/5/24 02:54,71,light
7/5/24 02:55,64,light
7/5/24 02:56,66,light
7/5/24 02:57,68,light
7/5/24 02:58,62,light
7/5/24 02:59,64,light
7/5/24 03:00,67,light
7/5/24 03:01,64,light
7/5/24 03:02,65,light
7/5/24 03:03,67,light
7/5/24 03:04,64,light
7/5/24 03:05,62,light
7/5/24 03:06,61,light
7/5/24 03:07,74,light
7/5/24 03:08,63,light
7/5/24 03:09,64,light
7/5/24 03:10,66,light
7/5/24 03:11,68,light
7/5/24 03:12,67,rem
7/5/24 03:13,69,rem
7/5/24 03:14,66,rem
7/5/24 03:15,68,rem
7/5/24 03:16,67,rem
7/5/24 03:18,68,light
7/5/24 03:19,75,light
7/5/24 03:20,70,light
7/5/24 03:21,70,light
7/5/24 03:22,71,light
7/5/24 03:23,67,light
7/5/24 03:24,66,light
7/5/24 03:25,75,light
7/5/24 03:26,73,light
7/5/24 03:27,70,light
7/5/24 03:28,71,light
7/5/24 03:29,66,light
7/5/24 03:30,75,light
7/5/24 03:31,68,light
7/5/24 03:32,71,light
7/5/24 03:33,69,light
7/5/24 03:34,71,light
7/5/24 03:35,71,light
7/5/24 03:36,70,light
7/5/24 03:37,69,light
7/5/24 03:38,69,light
7/5/24 03:39,73,light
7/5/24 03:40,81,light
7/5/24 03:41,76,light
7/5/24 03:42,78,light
7/5/24 03:43,77,light
7/5/24 03:44,75,light
7/5/24 03:45,65,light
7/5/24 03:46,69,light
7/5/24 03:47,64,light
7/5/24 03:48,71,light
7/5/24 03:49,64,light
7/5/24 03:50,69,light
7/5/24 03:51,63,light
7/5/24 03:52,62,light
7/5/24 03:53,73,light
7/5/24 03:54,66,light
7/5/24 03:55,61,light
7/5/24 03:56,66,light
7/5/24 03:57,66,light
7/5/24 03:58,66,light
7/5/24 03:59,71,light
7/5/24 04:00,67,light
7/5/24 04:01,66,light
7/5/24 04:02,60,light
7/5/24 04:03,65,light
7/5/24 04:04,62,light
7/5/24 04:05,72,light
7/5/24 04:06,61,light
7/5/24 04:07,58,light
7/5/24 04:08,54,light
7/5/24 04:09,56,light
7/5/24 04:10,55,light
7/5/24 04:11,58,light
7/5/24 04:12,54,light
7/5/24 04:13,54,light
7/5/24 04:14,63,light
7/5/24 04:15,60,light
7/5/24 04:16,67,light
7/5/24 04:17,71,light
7/5/24 04:18,66,light
7/5/24 04:19,64,light
7/5/24 04:20,70,light
7/5/24 04:21,65,light
7/5/24 04:22,79,light
7/5/24 04:23,80,light
7/5/24 04:24,76,light
7/5/24 04:25,92,light
7/5/24 04:26,88,light
7/5/24 04:27,89,light
7/5/24 04:28,83,light
7/5/24 04:29,70,light
7/5/24 04:30,66,light
7/5/24 04:31,73,light
7/5/24 04:32,73,light
7/5/24 04:33,68,light
7/5/24 04:34,78,light
7/5/24 04:35,81,light
7/5/24 04:36,87,light
7/5/24 04:37,88,light
7/5/24 04:38,86,light
7/5/24 04:39,74,light
7/5/24 04:40,73,light
7/5/24 04:41,62,light
7/5/24 04:42,64,light
7/5/24 04:43,63,light
7/5/24 04:44,59,light
7/5/24 04:45,62,light
7/5/24 04:46,60,light
7/5/24 04:47,57,light
7/5/24 04:48,55,light
7/5/24 04:49,58,light
7/5/24 04:50,57,light
7/5/24 04:51,64,light
7/5/24 04:52,62,light
7/5/24 04:53,56,light
7/5/24 04:54,58,light
7/5/24 04:55,60,light
7/5/24 04:56,60,light
7/5/24 04:57,61,light
7/5/24 04:58,64,light
7/5/24 04:59,55,light
7/5/24 05:00,55,light
7/5/24 05:01,69,light
7/5/24 05:02,59,light
7/5/24 05:03,61,light
7/5/24 05:04,63,light
7/5/24 05:05,64,light
7/5/24 05:06,67,light
7/5/24 05:07,68,light
7/5/24 05:08,65,light
7/5/24 05:09,62,light
7/5/24 05:10,65,light
7/5/24 05:11,65,light
7/5/24 05:12,62,light
7/5/24 05:13,60,light
7/5/24 05:14,57,light
7/5/24 05:15,60,light
7/5/24 05:16,57,light
7/5/24 05:17,60,light
7/5/24 05:18,54,rem
7/5/24 05:19,56,rem
7/5/24 05:20,61,rem
7/5/24 05:21,55,rem
7/5/24 05:22,59,rem
7/5/24 05:23,58,rem
7/5/24 05:24,63,rem
7/5/24 05:25,69,rem
7/5/24 05:26,86,rem
7/5/24 05:27,79,rem
7/5/24 05:28,85,rem
7/5/24 05:29,85,rem
7/5/24 05:30,87,rem
7/5/24 05:31,91,rem
7/5/24 05:32,89,rem
7/5/24 05:33,91,rem
7/5/24 05:34,89,rem
7/5/24 05:35,89,rem
7/5/24 05:36,82,rem
7/5/24 05:37,74,rem
7/5/24 05:38,75,rem
7/5/24 05:39,67,rem
7/5/24 05:40,66,rem
7/5/24 05:41,58,rem
7/5/24 05:42,58,rem
7/5/24 05:43,58,rem
7/5/24 05:44,66,light
7/5/24 05:45,63,light
7/5/24 05:46,57,light
7/5/24 05:47,58,light
7/5/24 05:48,64,light
7/5/24 05:49,57,light
7/5/24 05:50,64,light
7/5/24 05:51,56,light
7/5/24 05:52,59,light
7/5/24 05:53,60,light
7/5/24 05:54,63,light
7/5/24 05:55,73,light
7/5/24 05:56,65,light
7/5/24 05:57,76,light
7/5/24 05:58,67,light
7/5/24 05:59,75,light
7/5/24 06:00,69,light
7/5/24 06:01,75,light
7/5/24 06:02,78,light
7/5/24 06:03,79,light
7/5/24 06:04,76,light
7/5/24 06:05,77,light
7/5/24 06:06,84,light
7/5/24 06:07,89,light
7/5/24 06:08,91,light
7/5/24 06:10,72,deep
7/5/24 06:11,74,deep
7/5/24 06:12,74,deep
7/5/24 06:13,71,deep
7/5/24 06:14,64,deep
7/5/24 06:15,76,deep
7/5/24 06:16,69,deep
7/5/24 06:17,70,deep
7/5/24 06:18,72,deep
7/5/24 06:19,71,deep
7/5/24 06:20,66,deep
7/5/24 06:21,74,deep
7/5/24 06:22,74,deep
7/5/24 06:23,71,deep
7/5/24 06:24,75,deep
7/5/24 06:25,73,deep
7/5/24 06:26,81,deep
7/5/24 06:27,79,deep
7/5/24 06:28,77,deep
7/5/24 06:29,76,deep
7/5/24 06:30,73,deep
7/5/24 06:31,77,deep
7/5/24 06:32,89,deep
7/5/24 06:33,91,deep
7/5/24 06:34,87,deep
7/5/24 06:35,91,deep
7/5/24 06:36,80,deep
7/5/24 06:37,86,deep
7/5/24 06:38,82,deep
7/5/24 06:39,80,light
7/5/24 06:40,73,light
7/5/24 06:41,70,light
7/5/24 06:42,69,light
7/5/24 06:43,68,light
7/5/24 06:44,66,light
7/5/24 06:45,68,light
7/5/24 06:46,72,light
7/5/24 06:47,64,light
7/5/24 06:49,66,wake
7/5/24 06:50,64,wake
7/5/24 06:51,64,wake
7/5/24 06:52,65,wake
7/5/24 06:53,62,wake
7/5/24 06:54,62,light
7/5/24 06:55,62,light
7/5/24 06:56,64,deep
7/5/24 06:57,65,deep
7/5/24 06:58,61,deep
7/5/24 06:59,68,deep
7/5/24 07:00,66,deep
7/5/24 07:02,67,light
7/5/24 07:03,71,light
7/5/24 07:04,68,light
7/5/24 07:05,81,light
7/5/24 07:06,76,light
7/5/24 07:07,79,light
7/5/24 07:08,68,rem
7/5/24 07:09,75,rem
7/5/24 07:10,76,rem
7/5/24 07:11,77,rem
7/5/24 07:12,86,rem
7/5/24 07:13,87,rem
7/5/24 07:14,86,rem
7/5/24 07:15,70,rem
7/5/24 07:16,71,rem
7/5/24 07:17,71,rem
7/5/24 07:18,69,rem
7/5/24 07:19,69,rem
7/5/24 07:20,66,rem
7/5/24 07:21,66,rem
7/5/24 07:22,68,rem
7/5/24 07:23,67,rem
7/5/24 07:24,70,rem
7/5/24 07:26,70,wake
7/5/24 07:27,64,wake
7/5/24 07:28,67,wake
7/5/24 07:29,64,wake
7/5/24 07:30,67,wake
7/5/24 07:31,72,wake
7/5/24 07:32,70,wake
7/5/24 07:33,65,wake
7/5/24 07:34,67,wake
7/5/24 07:35,68,wake
7/5/24 07:36,65,wake
7/5/24 07:37,64,light
7/5/24 07:38,65,light
7/5/24 07:39,63,light
7/5/24 07:40,66,wake
7/5/24 07:41,66,wake
7/5/24 07:42,65,wake
7/5/24 07:43,66,wake
7/5/24 07:44,69,wake
7/5/24 07:45,65,wake
7/5/24 07:46,66,light
7/5/24 07:47,69,light
7/5/24 07:48,62,light
7/5/24 07:49,62,light
7/5/24 07:50,69,light
7/5/24 07:51,63,light
7/5/24 07:52,68,light
7/5/24 07:53,68,light
7/5/24 07:54,70,light
7/5/24 07:55,71,light
7/5/24 07:56,67,light
7/5/24 07:57,65,light
7/5/24 07:58,73,light
7/5/24 07:59,63,light
7/5/24 08:00,81,light
7/5/24 08:01,66,light
7/5/24 08:02,71,light
7/5/24 08:03,61,light
7/5/24 08:04,61,light
7/5/24 08:05,66,light
7/5/24 08:06,66,light
7/5/24 08:07,60,light
7/5/24 08:08,66,light
7/5/24 08:09,61,light
7/5/24 08:10,65,light
7/5/24 08:11,64,light
7/5/24 08:12,63,light
7/5/24 08:13,64,light
7/5/24 08:14,63,light
7/5/24 08:15,72,wake
7/5/24 08:16,67,wake
7/5/24 08:17,66,wake
7/5/24 08:18,67,wake
7/5/24 08:19,64,wake
7/5/24 08:20,64,wake
7/5/24 08:21,65,wake
7/5/24 08:22,69,wake
7/5/24 08:23,62,wake
7/5/24 08:24,70,wake
7/5/24 08:25,78,wake
7/5/24 08:26,68,wake
7/6/24 01:23,54,deep
7/6/24 01:24,51,deep
7/6/24 01:25,51,deep
7/6/24 01:26,51,deep
7/6/24 01:27,50,deep
7/6/24 01:28,51,deep
7/6/24 01:29,50,deep
7/6/24 01:30,52,deep
7/6/24 01:31,48,deep
7/6/24 01:32,55,deep
7/6/24 01:33,56,deep
7/6/24 01:34,57,deep
7/6/24 01:35,64,deep
7/6/24 01:36,65,deep
7/6/24 01:37,61,deep
7/6/24 01:38,62,deep
7/6/24 01:39,60,deep
7/6/24 01:40,63,deep
7/6/24 01:41,64,deep
7/6/24 01:42,63,deep
7/6/24 01:43,61,deep
7/6/24 01:44,63,deep
7/6/24 01:45,61,deep
7/6/24 01:46,59,deep
7/6/24 01:47,58,deep
7/6/24 01:48,60,deep
7/6/24 01:49,59,deep
7/6/24 01:50,63,deep
7/6/24 01:51,61,deep
7/6/24 01:52,63,deep
7/6/24 01:53,65,deep
7/6/24 01:54,60,deep
7/6/24 01:55,60,deep
7/6/24 01:56,60,deep
7/6/24 01:57,60,deep
7/6/24 01:58,67,deep
7/6/24 01:59,61,deep
7/6/24 02:00,64,deep
7/6/24 02:01,61,deep
7/6/24 02:02,62,deep
7/6/24 02:03,61,deep
7/6/24 02:04,66,deep
7/6/24 02:05,62,deep
7/6/24 03:21,65,deep
7/6/24 03:22,77,deep
7/6/24 03:23,81,deep
7/6/24 03:24,84,deep
7/6/24 03:25,89,deep
7/6/24 03:26,97,deep
7/6/24 03:27,105,deep
7/6/24 03:28,108,deep
7/6/24 03:29,97,deep
7/6/24 03:30,95,deep
7/6/24 03:31,100,deep
7/6/24 03:32,99,deep
7/6/24 03:33,102,deep
7/6/24 03:34,98,deep
7/6/24 03:35,97,deep
7/6/24 03:36,99,deep
7/6/24 03:37,102,deep
7/6/24 03:38,98,deep
7/6/24 03:39,94,deep
7/6/24 03:40,92,deep
7/6/24 03:41,96,deep
7/6/24 03:42,78,deep
7/6/24 03:43,79,deep
7/6/24 03:44,82,deep
7/6/24 03:45,72,deep
7/6/24 03:46,78,deep
7/6/24 03:47,83,deep
7/6/24 03:48,74,deep
7/6/24 03:49,70,deep
7/6/24 03:50,77,deep
7/6/24 03:51,72,deep
7/6/24 03:52,70,deep
7/6/24 03:53,74,deep
7/6/24 03:54,66,deep
7/6/24 03:55,70,deep
7/6/24 03:56,71,deep
7/6/24 03:57,68,deep
7/6/24 03:58,74,deep
7/6/24 03:59,78,deep
7/6/24 04:00,71,deep
7/6/24 04:01,70,deep
7/6/24 04:02,69,deep
7/6/24 04:03,81,deep
7/6/24 04:04,70,deep
7/6/24 04:05,69,deep
7/6/24 04:06,67,deep
7/6/24 04:07,70,deep
7/6/24 04:08,70,deep
7/6/24 04:09,70,deep
7/6/24 04:10,68,deep
7/6/24 04:11,67,deep
7/6/24 04:12,68,deep
7/6/24 04:13,74,deep
7/6/24 04:14,72,deep
7/6/24 04:15,65,deep
7/6/24 04:16,66,deep
7/6/24 04:17,69,deep
7/6/24 04:18,69,deep
7/6/24 04:19,65,deep
7/6/24 04:20,71,deep
7/6/24 04:21,67,deep
7/6/24 04:22,64,deep
7/6/24 04:23,70,deep
7/6/24 04:24,72,deep
7/6/24 04:25,76,deep
7/6/24 04:26,80,deep
7/6/24 04:27,66,deep
7/6/24 04:28,70,deep
7/6/24 04:29,67,deep
7/6/24 04:30,65,deep
7/6/24 04:31,67,deep
7/6/24 04:32,66,deep
7/6/24 04:33,68,deep
7/6/24 04:34,69,deep
7/6/24 04:35,64,deep
7/6/24 04:36,68,deep
7/6/24 04:37,82,deep
7/6/24 04:38,67,deep
7/6/24 04:39,72,deep
7/6/24 04:41,71,deep
7/6/24 04:42,63,deep
7/6/24 04:43,65,deep
7/6/24 04:44,71,deep
7/6/24 04:45,66,deep
7/6/24 04:46,58,deep
7/6/24 04:47,67,deep
7/6/24 04:48,73,deep
7/6/24 04:49,72,deep
7/6/24 04:50,65,deep
7/6/24 04:51,59,deep
7/6/24 04:52,58,deep
7/6/24 04:53,75,deep
7/6/24 04:54,67,deep
7/6/24 04:55,69,deep
7/6/24 04:56,70,deep
7/6/24 04:57,70,deep
7/6/24 04:58,73,deep
7/6/24 04:59,68,deep
7/6/24 05:00,68,deep
7/6/24 05:01,74,deep
7/6/24 05:02,67,deep
7/6/24 05:03,63,deep
7/6/24 05:04,68,deep
7/6/24 05:05,67,deep
7/6/24 05:06,62,deep
7/6/24 05:07,69,deep
7/6/24 05:08,67,deep
7/6/24 05:09,70,deep
7/6/24 05:10,63,deep
7/6/24 05:11,64,deep
7/6/24 05:12,69,deep
7/6/24 05:13,60,deep
7/6/24 05:14,78,deep
7/6/24 05:15,61,deep
7/6/24 05:16,63,deep
7/6/24 05:17,60,deep
7/6/24 05:18,60,deep
7/6/24 05:19,57,deep
7/6/24 05:20,64,deep
7/6/24 05:21,60,deep
7/6/24 05:22,60,deep
7/6/24 05:23,61,deep
7/6/24 05:24,62,deep
7/6/24 05:25,63,deep
7/6/24 05:26,60,deep
7/6/24 05:27,65,deep
7/6/24 05:28,61,deep
7/6/24 05:29,55,deep
7/6/24 05:30,57,deep
7/6/24 05:31,59,deep
7/6/24 05:32,59,deep
7/6/24 05:33,61,deep
7/6/24 05:34,60,deep
7/6/24 05:35,62,deep
7/6/24 05:36,67,deep
7/6/24 05:37,73,deep
7/6/24 05:38,59,deep
7/6/24 05:39,62,deep
7/6/24 05:40,58,deep
7/6/24 05:41,72,deep
7/6/24 05:42,60,deep
7/6/24 05:43,61,deep
7/6/24 05:44,60,deep
7/6/24 05:45,57,deep
7/6/24 05:46,60,deep
7/6/24 05:47,59,deep
7/6/24 05:48,57,deep
7/6/24 05:49,58,deep
7/6/24 05:50,63,deep
7/6/24 05:51,57,deep
7/6/24 05:52,56,deep
7/6/24 05:53,56,deep
7/6/24 05:54,56,deep
7/6/24 05:55,56,deep
7/6/24 05:56,63,deep
7/6/24 05:57,57,deep
7/6/24 05:58,55,deep
7/6/24 05:59,57,deep
7/6/24 06:00,59,deep
7/6/24 06:01,58,deep
7/6/24 06:02,55,deep
7/6/24 06:03,58,deep
7/6/24 06:04,73,deep
7/6/24 06:05,66,deep
7/6/24 06:06,57,deep
7/6/24 06:07,60,deep
7/6/24 06:08,54,deep
7/6/24 06:09,62,deep
7/6/24 06:10,65,deep
7/6/24 06:11,59,deep
7/6/24 06:12,58,deep
7/6/24 06:13,59,deep
7/6/24 06:14,58,deep
7/6/24 06:15,56,deep
7/6/24 06:16,71,deep
7/6/24 06:17,60,deep
7/6/24 06:18,57,deep
7/6/24 06:19,57,deep
7/6/24 06:20,57,deep
7/6/24 06:21,58,deep
7/6/24 06:22,57,deep
7/6/24 06:23,56,deep
7/6/24 06:24,60,deep
7/6/24 06:25,62,deep
7/6/24 06:26,53,deep
7/6/24 06:27,54,deep
7/6/24 06:28,54,deep
7/6/24 06:29,55,deep
7/6/24 06:30,59,deep
7/6/24 06:31,76,deep
7/6/24 06:32,71,deep
7/6/24 06:33,69,deep
7/6/24 06:34,66,deep
7/6/24 06:35,69,deep
7/6/24 06:36,66,deep
7/6/24 06:37,67,deep
7/6/24 06:38,71,deep
7/6/24 06:39,71,deep
7/6/24 06:40,77,deep
7/6/24 06:41,72,deep
7/6/24 06:42,59,deep
7/6/24 06:43,58,deep
7/6/24 06:44,79,deep
7/6/24 06:45,70,deep
7/6/24 06:46,75,deep
7/6/24 06:47,74,deep
7/6/24 06:48,77,deep
7/6/24 06:49,75,deep
7/6/24 06:50,78,deep
7/6/24 06:51,75,deep
7/6/24 06:52,71,deep
7/6/24 06:53,61,deep
7/6/24 06:54,60,deep
7/6/24 06:55,60,deep
7/6/24 06:56,61,deep
7/6/24 06:57,59,deep
7/6/24 06:58,72,deep
7/6/24 06:59,75,deep
7/6/24 07:00,74,deep
7/6/24 07:01,78,deep
7/6/24 07:02,75,deep
7/6/24 07:03,74,deep
7/6/24 07:04,79,deep
7/6/24 07:05,76,deep
7/6/24 07:06,77,deep
7/6/24 07:07,71,deep
7/6/24 07:08,76,deep
7/6/24 07:09,68,deep
7/6/24 07:10,63,deep
7/6/24 07:11,80,deep
7/6/24 07:12,83,deep
7/6/24 07:13,94,deep
7/6/24 07:14,85,deep
7/6/24 07:15,86,deep
7/6/24 07:16,87,deep
7/6/24 07:17,82,deep
7/6/24 07:18,69,deep
7/6/24 07:19,72,deep
7/6/24 07:20,67,deep
7/6/24 07:21,60,deep
7/6/24 07:22,59,deep
7/6/24 07:23,56,deep
7/6/24 07:24,75,deep
7/6/24 07:25,61,deep
7/6/24 07:26,65,deep
7/6/24 07:27,70,deep
7/6/24 07:28,58,deep
7/6/24 07:29,61,deep
7/6/24 07:30,59,deep
7/6/24 07:31,57,deep
7/6/24 07:32,58,deep
7/6/24 07:33,70,deep
7/6/24 07:34,55,deep
7/6/24 07:35,61,deep
7/6/24 07:36,58,deep
7/6/24 07:37,55,deep
7/6/24 07:38,60,deep
7/6/24 07:39,60,deep
7/6/24 07:40,59,deep
7/6/24 07:41,60,deep
7/6/24 07:42,58,deep
7/6/24 07:43,58,deep
7/6/24 07:44,61,deep
7/6/24 07:45,64,deep
7/6/24 07:46,67,deep
7/6/24 07:47,62,deep
7/6/24 07:48,72,deep
7/6/24 07:49,67,deep
7/6/24 07:50,75,deep
7/6/24 07:51,77,deep
7/6/24 07:52,67,deep
7/6/24 07:53,71,deep
7/6/24 07:54,71,deep
7/6/24 07:55,74,deep
7/6/24 07:56,70,deep
7/6/24 07:57,69,deep
7/6/24 07:58,66,deep
7/6/24 07:59,64,deep
7/6/24 08:00,65,deep
7/6/24 08:01,66,deep
7/6/24 08:02,63,deep
7/6/24 08:03,62,deep
7/6/24 08:04,63,deep
7/6/24 08:05,65,deep
7/6/24 08:06,62,deep
7/6/24 08:07,66,deep
7/6/24 08:08,71,deep
7/6/24 08:09,64,deep
7/6/24 08:10,64,deep
7/6/24 08:11,67,deep
7/6/24 08:12,64,deep
7/6/24 08:13,64,deep
7/6/24 08:14,68,deep
7/6/24 08:15,65,deep
7/6/24 08:16,72,deep
7/6/24 08:17,69,deep
7/6/24 08:18,74,deep
7/6/24 08:19,72,deep
7/6/24 08:20,63,deep
7/6/24 08:21,67,deep
7/6/24 08:22,70,deep
7/6/24 08:23,69,deep
7/6/24 08:24,73,deep
7/6/24 08:25,73,deep
7/6/24 08:26,69,deep
7/6/24 08:27,71,deep
7/6/24 08:28,68,deep
7/6/24 08:29,72,deep
7/6/24 08:30,71,deep
7/6/24 08:31,63,deep
7/6/24 08:32,67,deep
7/6/24 08:33,65,deep
7/6/24 08:34,64,deep
7/7/24 00:18,60,wake
7/7/24 00:19,64,wake
7/7/24 00:20,60,wake
7/7/24 01:05,78,light
7/7/24 01:06,76,light
7/7/24 01:07,82,wake
7/7/24 01:08,82,wake
7/7/24 01:09,90,wake
7/7/24 01:10,109,wake
7/7/24 01:11,85,wake
7/7/24 01:12,84,wake
7/7/24 01:13,88,wake
7/7/24 01:14,73,wake
7/7/24 01:15,74,wake
7/7/24 01:16,73,wake
7/7/24 01:17,86,wake
7/7/24 01:18,84,wake
7/7/24 01:19,89,wake
7/7/24 01:20,86,wake
7/7/24 01:21,88,wake
7/7/24 01:22,86,wake
7/7/24 01:23,86,wake
7/7/24 01:24,87,wake
7/7/24 01:25,86,wake
7/7/24 01:26,83,wake
7/7/24 01:27,83,light
7/7/24 01:28,80,light
7/7/24 01:29,69,light
7/7/24 01:30,64,light
7/7/24 01:31,72,light
7/7/24 01:32,76,light
7/7/24 01:33,73,light
7/7/24 01:34,74,light
7/7/24 01:35,80,light
7/7/24 01:36,64,light
7/7/24 01:37,75,light
7/7/24 01:38,57,light
7/7/24 01:39,59,light
7/7/24 01:40,56,light
7/7/24 01:41,60,light
7/7/24 01:42,61,light
7/7/24 01:43,61,light
7/7/24 01:44,58,light
7/7/24 01:45,61,light
7/7/24 01:46,62,light
7/7/24 01:47,64,light
7/7/24 01:48,64,light
7/7/24 01:49,60,light
7/7/24 01:50,65,light
7/7/24 01:51,64,light
7/7/24 01:52,66,light
7/7/24 01:53,71,light
7/7/24 01:54,64,light
7/7/24 01:55,66,light
7/7/24 01:56,67,light
7/7/24 01:57,62,light
7/7/24 01:58,65,light
7/7/24 01:59,71,light
7/7/24 02:00,62,light
7/7/24 02:01,65,light
7/7/24 02:02,70,light
7/7/24 02:03,69,light
7/7/24 02:04,67,light
7/7/24 02:05,63,light
7/7/24 02:06,68,light
7/7/24 02:07,65,light
7/7/24 02:08,78,light
7/7/24 02:09,72,light
7/7/24 02:10,71,light
7/7/24 02:11,73,light
7/7/24 02:12,76,light
7/7/24 02:13,75,light
7/7/24 02:14,63,light
7/7/24 02:15,69,light
7/7/24 02:16,67,light
7/7/24 02:17,71,light
7/7/24 02:18,70,light
7/7/24 02:19,75,light
7/7/24 02:20,67,light
7/7/24 02:21,72,light
7/7/24 02:22,71,light
7/7/24 02:23,74,light
7/7/24 02:24,74,light
7/7/24 02:25,73,light
7/7/24 02:26,72,light
7/7/24 02:27,77,light
7/7/24 02:28,67,light
7/7/24 02:29,69,light
7/7/24 02:30,69,light
7/7/24 02:31,67,light
7/7/24 02:32,68,light
7/7/24 02:33,73,light
7/7/24 02:34,63,light
7/7/24 02:35,65,light
7/7/24 02:36,77,light
7/7/24 02:37,68,light
7/7/24 02:38,68,light
7/7/24 02:39,65,light
7/7/24 02:40,67,light
7/7/24 02:41,68,light
7/7/24 02:42,83,light
7/7/24 02:43,65,light
7/7/24 02:44,61,light
7/7/24 02:45,74,light
7/7/24 02:46,69,light
7/7/24 02:47,68,light
7/7/24 02:48,69,light
7/7/24 02:49,75,light
7/7/24 02:50,73,light
7/7/24 02:51,78,light
7/7/24 02:52,78,light
7/7/24 02:53,76,light
7/7/24 02:54,77,light
7/7/24 02:55,74,light
7/7/24 02:56,69,light
7/7/24 02:57,73,light
7/7/24 02:58,67,light
7/7/24 02:59,79,light
7/7/24 03:00,66,light
7/7/24 03:01,72,light
7/7/24 03:02,71,light
7/7/24 03:03,66,light
7/7/24 03:05,69,rem
7/7/24 03:06,66,rem
7/7/24 03:07,69,rem
7/7/24 03:08,68,rem
7/7/24 03:09,68,rem
7/7/24 03:10,82,rem
7/7/24 03:11,76,rem
7/7/24 03:12,70,rem
7/7/24 03:13,68,rem
7/7/24 03:14,66,rem
7/7/24 03:15,74,rem
7/7/24 03:16,71,rem
7/7/24 03:17,80,rem
7/7/24 03:18,70,rem
7/7/24 03:19,70,rem
7/7/24 03:20,71,rem
7/7/24 03:21,66,rem
7/7/24 03:22,72,rem
7/7/24 03:23,65,rem
7/7/24 03:24,65,rem
7/7/24 03:25,68,rem
7/7/24 03:26,64,rem
7/7/24 03:27,61,rem
7/7/24 03:28,61,rem
7/7/24 03:29,69,rem
7/7/24 03:30,62,rem
7/7/24 03:31,63,rem
7/7/24 03:32,64,rem
7/7/24 03:33,64,rem
7/7/24 03:34,75,rem
7/7/24 03:35,62,rem
7/7/24 03:36,69,rem
7/7/24 03:37,68,rem
7/7/24 03:38,63,rem
7/7/24 03:39,58,rem
7/7/24 03:40,65,rem
7/7/24 03:41,67,rem
7/7/24 03:42,66,rem
7/7/24 03:43,71,rem
7/7/24 03:44,61,rem
7/7/24 03:45,58,rem
7/7/24 03:46,62,rem
7/7/24 03:47,62,rem
7/7/24 03:48,60,rem
7/7/24 03:49,62,rem
7/7/24 03:50,59,rem
7/7/24 03:51,59,rem
7/7/24 03:52,62,rem
7/7/24 03:53,67,light
7/7/24 03:54,60,light
7/7/24 03:55,72,light
7/7/24 03:56,65,light
7/7/24 03:57,68,light
7/7/24 03:58,67,light
7/7/24 03:59,64,light
7/7/24 04:00,66,light
7/7/24 04:01,67,light
7/7/24 04:02,80,light
7/7/24 04:03,69,light
7/7/24 04:04,73,light
7/7/24 04:05,70,light
7/7/24 04:06,70,light
7/7/24 04:07,68,light
7/7/24 04:08,64,light
7/7/24 04:09,63,light
7/7/24 04:10,58,deep
7/7/24 04:11,64,deep
7/7/24 04:12,63,deep
7/7/24 04:13,56,deep
7/7/24 04:14,62,deep
7/7/24 04:15,64,deep
7/7/24 04:16,69,deep
7/7/24 04:17,64,deep
7/7/24 04:18,75,deep
7/7/24 04:19,64,deep
7/7/24 04:20,65,deep
7/7/24 04:21,63,deep
7/7/24 04:22,60,deep
7/7/24 04:23,61,deep
7/7/24 04:24,64,deep
7/7/24 04:25,61,deep
7/7/24 04:26,60,deep
7/7/24 04:27,56,deep
7/7/24 04:28,58,deep
7/7/24 04:29,55,deep
7/7/24 04:30,57,deep
7/7/24 04:31,58,deep
7/7/24 04:32,57,deep
7/7/24 04:33,57,deep
7/7/24 04:34,67,deep
7/7/24 04:35,65,deep
7/7/24 04:36,55,deep
7/7/24 04:37,54,deep
7/7/24 04:38,58,deep
7/7/24 04:39,65,deep
7/7/24 04:40,58,deep
7/7/24 04:41,55,deep
7/7/24 04:42,65,deep
7/7/24 04:43,56,deep
7/7/24 04:44,55,deep
7/7/24 04:45,54,deep
7/7/24 04:46,53,deep
7/7/24 04:47,56,deep
7/7/24 04:48,57,deep
7/7/24 04:49,61,deep
7/7/24 04:50,55,deep
7/7/24 04:51,55,deep
7/7/24 04:52,56,deep
7/7/24 04:53,58,deep
7/7/24 04:54,61,deep
7/7/24 04:55,66,deep
7/7/24 04:56,60,deep
7/7/24 04:57,56,deep
7/7/24 04:58,63,light
7/7/24 04:59,66,light
7/7/24 05:00,52,light
7/7/24 05:01,56,light
7/7/24 05:02,59,light
7/7/24 05:03,60,light
7/7/24 05:04,58,light
7/7/24 05:05,57,light
7/7/24 05:06,60,light
7/7/24 05:07,60,light
7/7/24 05:08,62,light
7/7/24 05:09,61,light
7/7/24 05:10,60,light
7/7/24 05:11,58,light
7/7/24 05:12,60,light
7/7/24 05:13,60,light
7/7/24 05:14,61,light
7/7/24 05:15,60,light
7/7/24 05:16,61,light
7/7/24 05:17,65,light
7/7/24 05:18,58,light
7/7/24 05:19,59,light
7/7/24 05:20,59,light
7/7/24 05:21,57,light
7/7/24 05:22,57,light
7/7/24 05:23,60,light
7/7/24 05:24,62,light
7/7/24 05:25,65,light
7/7/24 05:26,60,light
7/7/24 05:27,59,light
7/7/24 05:28,61,light
7/7/24 05:29,57,rem
7/7/24 05:30,60,rem
7/7/24 05:31,60,rem
7/7/24 05:32,53,rem
7/7/24 05:33,54,rem
7/7/24 05:34,55,rem
7/7/24 05:35,55,rem
7/7/24 05:36,52,rem
7/7/24 05:37,54,rem
7/7/24 05:38,57,rem
7/7/24 05:39,55,rem
7/7/24 05:40,58,rem
7/7/24 05:41,59,rem
7/7/24 05:42,64,rem
7/7/24 05:43,72,rem
7/7/24 05:44,81,rem
7/7/24 05:45,81,rem
7/7/24 05:46,81,rem
7/7/24 05:47,78,rem
7/7/24 05:48,81,rem
7/7/24 05:49,82,rem
7/7/24 05:50,78,rem
7/7/24 05:51,70,rem
7/7/24 05:52,68,rem
7/7/24 05:53,79,rem
7/7/24 05:54,71,rem
7/7/24 05:55,73,rem
7/7/24 05:56,73,rem
7/7/24 05:57,76,rem
7/7/24 05:58,75,rem
7/7/24 05:59,78,rem
7/7/24 06:00,73,rem
7/7/24 06:01,73,rem
7/7/24 06:02,72,rem
7/7/24 06:03,70,light
7/7/24 06:04,76,light
7/7/24 06:05,61,light
7/7/24 06:06,64,light
7/7/24 06:07,63,light
7/7/24 06:08,70,light
7/7/24 06:09,73,light
7/7/24 06:10,69,light
7/7/24 06:11,68,light
7/7/24 06:12,59,light
7/7/24 06:13,58,light
7/7/24 06:14,54,light
7/7/24 06:15,58,light
7/7/24 06:16,56,light
7/7/24 06:17,64,light
7/7/24 06:18,61,light
7/7/24 06:19,55,light
7/7/24 06:20,63,light
7/7/24 06:21,58,light
7/7/24 06:22,61,light
7/7/24 06:23,75,light
7/7/24 06:24,72,light
7/7/24 06:25,71,light
7/7/24 06:26,68,light
7/7/24 06:27,64,light
7/7/24 06:28,64,light
7/7/24 06:29,65,light
7/7/24 06:30,63,light
7/7/24 06:31,64,light
7/7/24 06:32,59,light
7/7/24 06:33,67,light
7/7/24 06:34,61,light
7/7/24 06:35,63,light
7/7/24 06:36,60,light
7/7/24 06:37,59,light
7/7/24 06:38,64,light
7/7/24 06:39,61,light
7/7/24 06:40,64,light
7/7/24 06:41,57,light
7/7/24 06:42,58,light
7/7/24 06:43,60,light
7/7/24 06:44,64,light
7/7/24 06:45,66,light
7/7/24 06:46,72,light
7/7/24 06:47,73,light
7/7/24 06:48,61,light
7/7/24 06:49,66,light
7/7/24 06:50,73,light
7/7/24 06:51,71,light
7/7/24 06:52,71,light
7/7/24 06:53,66,light
7/7/24 06:54,67,light
7/7/24 06:55,65,light
7/7/24 06:56,69,light
7/7/24 06:57,67,light
7/7/24 06:58,66,light
7/7/24 07:00,61,rem
7/7/24 07:01,72,rem
7/7/24 07:02,62,rem
7/7/24 07:03,61,rem
7/7/24 07:04,60,rem
7/7/24 07:05,66,light
7/7/24 07:06,60,light
7/7/24 07:07,66,light
7/7/24 07:08,63,light
7/7/24 07:09,72,light
7/7/24 07:10,65,wake
7/7/24 07:11,75,wake
7/7/24 07:12,66,wake
7/7/24 07:13,71,wake
7/7/24 07:14,62,wake
7/7/24 07:15,71,wake
7/7/24 07:16,63,wake
7/7/24 07:17,70,wake
7/7/24 07:18,69,wake
7/7/24 07:19,62,wake
7/7/24 07:20,65,wake
7/8/24 00:41,69,light
7/8/24 00:42,67,light
7/8/24 00:43,69,light
7/8/24 00:44,72,light
7/8/24 00:45,70,light
7/8/24 00:46,71,light
7/8/24 00:47,79,light
7/8/24 00:48,73,light
7/8/24 00:49,78,light
7/8/24 00:50,74,light
7/8/24 00:51,75,light
7/8/24 00:52,80,light
7/8/24 00:53,82,light
7/8/24 00:54,77,light
7/8/24 00:55,74,light
7/8/24 00:57,74,deep
7/8/24 00:58,71,deep
7/8/24 00:59,73,deep
7/8/24 01:00,79,deep
7/8/24 01:01,79,deep
7/8/24 01:02,73,deep
7/8/24 01:03,73,deep
7/8/24 01:04,76,wake
7/8/24 01:05,78,wake
7/8/24 01:06,77,wake
7/8/24 01:07,84,wake
7/8/24 01:08,118,wake
7/8/24 01:09,76,wake
7/8/24 01:10,80,wake
7/8/24 01:11,80,wake
7/8/24 01:12,76,wake
7/8/24 01:13,79,wake
7/8/24 01:14,79,wake
7/8/24 01:15,72,wake
7/8/24 01:16,83,wake
7/8/24 01:17,81,wake
7/8/24 01:18,83,wake
7/8/24 01:19,83,rem
7/8/24 01:20,93,rem
7/8/24 01:21,86,rem
7/8/24 01:22,83,rem
7/8/24 01:24,78,light
7/8/24 01:25,75,light
7/8/24 01:26,81,light
7/8/24 01:27,80,light
7/8/24 01:28,82,light
7/8/24 01:29,81,light
7/8/24 01:30,81,light
7/8/24 01:31,76,light
7/8/24 01:32,77,light
7/8/24 01:33,74,light
7/8/24 01:34,73,light
7/8/24 01:35,73,light
7/8/24 01:36,78,light
7/8/24 01:37,75,light
7/8/24 01:38,74,light
7/8/24 01:39,78,light
7/8/24 01:40,93,light
7/8/24 01:41,90,light
7/8/24 01:42,86,light
7/8/24 01:43,68,light
7/8/24 01:44,65,light
7/8/24 01:45,70,light
7/8/24 01:46,68,light
7/8/24 01:47,65,light
7/8/24 01:48,67,light
7/8/24 01:49,68,light
7/8/24 01:50,67,light
7/8/24 01:51,66,light
7/8/24 01:52,70,light
7/8/24 01:53,66,light
7/8/24 01:54,69,light
7/8/24 01:55,69,light
7/8/24 01:56,105,light
7/8/24 01:57,94,light
7/8/24 01:58,107,light
7/8/24 01:59,76,light
7/8/24 02:00,72,light
7/8/24 02:01,74,light
7/8/24 02:02,74,light
7/8/24 02:03,71,light
7/8/24 02:04,71,light
7/8/24 02:05,73,light
7/8/24 02:06,75,light
7/8/24 02:07,74,light
7/8/24 02:08,72,light
7/8/24 02:09,74,light
7/8/24 02:10,78,light
7/8/24 02:11,74,light
7/8/24 02:12,74,light
7/8/24 02:13,75,light
7/8/24 02:14,86,light
7/8/24 02:15,83,light
7/8/24 02:16,84,light
7/8/24 02:17,87,light
7/8/24 02:18,96,light
7/8/24 02:19,98,light
7/8/24 02:20,97,light
7/8/24 02:21,88,light
7/8/24 02:22,95,light
7/8/24 02:23,96,light
7/8/24 02:24,97,light
7/8/24 02:25,95,light
7/8/24 02:26,87,light
7/8/24 02:27,83,light
7/8/24 02:28,81,light
7/8/24 02:29,84,light
7/8/24 02:30,81,light
7/8/24 02:31,86,light
7/8/24 02:32,77,light
7/8/24 02:33,75,light
7/8/24 02:34,73,light
7/8/24 02:35,73,light
7/8/24 02:36,73,light
7/8/24 02:37,75,light
7/8/24 02:38,76,light
7/8/24 02:39,75,light
7/8/24 02:40,69,light
7/8/24 02:41,66,light
7/8/24 02:42,68,light
7/8/24 02:43,76,light
7/8/24 02:44,71,light
7/8/24 02:45,69,deep
7/8/24 02:46,73,deep
7/8/24 02:47,68,deep
7/8/24 02:48,69,deep
7/8/24 02:49,78,deep
7/8/24 02:51,68,light
7/8/24 02:52,73,light
7/8/24 02:53,69,light
7/8/24 02:54,72,light
7/8/24 02:55,64,light
7/8/24 02:56,70,light
7/8/24 02:57,72,light
7/8/24 02:58,77,light
7/8/24 02:59,72,light
7/8/24 03:00,69,light
7/8/24 03:01,74,light
7/8/24 03:02,73,light
7/8/24 03:03,72,light
7/8/24 03:04,77,light
7/8/24 03:05,73,light
7/8/24 03:06,68,light
7/8/24 03:07,70,light
7/8/24 03:08,65,light
7/8/24 03:09,75,light
7/8/24 03:10,78,light
7/8/24 03:11,74,light
7/8/24 03:12,77,light
7/8/24 03:13,70,light
7/8/24 03:14,70,rem
7/8/24 03:15,69,rem
7/8/24 03:16,67,rem
7/8/24 03:17,63,rem
7/8/24 03:18,67,rem
7/8/24 03:19,65,rem
7/8/24 03:20,65,rem
7/8/24 03:21,64,rem
7/8/24 03:22,74,rem
7/8/24 03:23,72,rem
7/8/24 03:24,68,rem
7/8/24 03:25,77,rem
7/8/24 03:26,65,rem
7/8/24 03:27,70,rem
7/8/24 03:28,67,rem
7/8/24 03:29,73,rem
7/8/24 03:30,73,rem
7/8/24 03:31,65,rem
7/8/24 03:32,66,rem
7/8/24 03:33,67,rem
7/8/24 03:34,65,rem
7/8/24 03:35,68,rem
7/8/24 03:36,67,rem
7/8/24 03:37,75,rem
7/8/24 03:38,73,rem
7/8/24 03:39,70,rem
7/8/24 03:40,67,rem
7/8/24 03:41,76,rem
7/8/24 03:42,73,rem
7/8/24 03:43,72,rem
7/8/24 03:44,75,rem
7/8/24 03:45,73,rem
7/8/24 03:46,71,rem
7/8/24 03:47,68,rem
7/8/24 03:48,70,rem
7/8/24 03:49,77,rem
7/8/24 03:50,66,rem
7/8/24 03:51,68,rem
7/8/24 03:52,65,rem
7/8/24 03:53,72,rem
7/8/24 03:54,70,rem
7/8/24 03:55,71,rem
7/8/24 03:56,67,rem
7/8/24 03:57,75,rem
7/8/24 03:58,78,rem
7/8/24 03:59,67,rem
7/8/24 04:00,69,rem
7/8/24 04:01,67,rem
7/8/24 04:02,67,rem
7/8/24 04:03,68,rem
7/8/24 04:04,66,rem
7/8/24 04:05,67,rem
7/8/24 04:06,65,rem
7/8/24 04:07,71,rem
7/8/24 04:08,62,rem
7/8/24 04:09,75,rem
7/8/24 04:10,73,rem
7/8/24 04:11,66,rem
7/8/24 04:12,65,rem
7/8/24 04:13,67,rem
7/8/24 04:14,67,rem
7/8/24 04:15,66,light
7/8/24 04:16,68,light
7/8/24 04:17,72,light
7/8/24 04:18,65,light
7/8/24 04:19,83,light
7/8/24 04:20,77,light
7/8/24 04:21,68,light
7/8/24 04:22,69,light
7/8/24 04:23,63,light
7/8/24 04:24,61,light
7/8/24 04:25,62,light
7/8/24 04:26,62,light
7/8/24 04:27,64,light
7/8/24 04:28,64,light
7/8/24 04:29,66,light
7/8/24 04:30,72,light
7/8/24 04:31,61,light
7/8/24 04:32,67,light
7/8/24 04:33,66,light
7/8/24 04:34,62,light
7/8/24 04:35,62,light
7/8/24 04:36,65,light
7/8/24 04:37,62,light
7/8/24 04:38,65,light
7/8/24 04:39,62,light
7/8/24 04:40,62,light
7/8/24 04:41,68,light
7/8/24 04:42,68,light
7/8/24 04:43,65,light
7/8/24 04:44,77,light
7/8/24 04:45,64,light
7/8/24 04:46,66,light
7/8/24 04:47,65,light
7/8/24 04:48,60,light
7/8/24 04:49,62,light
7/8/24 04:50,61,light
7/8/24 04:51,63,light
7/8/24 04:52,60,light
7/8/24 04:53,67,light
7/8/24 04:54,72,light
7/8/24 04:55,63,light
7/8/24 04:56,61,light
7/8/24 04:57,62,light
7/8/24 04:58,68,light
7/8/24 04:59,68,light
7/8/24 05:00,71,light
7/8/24 05:01,68,light
7/8/24 05:02,72,light
7/8/24 05:03,76,light
7/8/24 05:04,75,light
7/8/24 05:05,86,light
7/8/24 05:06,84,light
7/8/24 05:07,85,light
7/8/24 05:08,80,light
7/8/24 05:09,77,light
7/8/24 05:10,73,deep
7/8/24 05:11,74,deep
7/8/24 05:12,70,deep
7/8/24 05:13,79,deep
7/8/24 05:14,82,deep
7/8/24 05:15,78,deep
7/8/24 05:16,79,deep
7/8/24 05:17,83,deep
7/8/24 05:18,83,deep
7/8/24 05:19,84,deep
7/8/24 05:20,83,deep
7/8/24 05:21,79,deep
7/8/24 05:22,80,deep
7/8/24 05:23,83,deep
7/8/24 05:24,78,deep
7/8/24 05:25,79,deep
7/8/24 05:26,83,deep
7/8/24 05:27,87,deep
7/8/24 05:28,75,light
7/8/24 05:29,85,light
7/8/24 05:30,86,light
7/8/24 05:31,80,light
7/8/24 05:32,75,light
7/8/24 05:33,74,light
7/8/24 05:34,66,light
7/8/24 05:35,66,light
7/8/24 05:36,68,light
7/8/24 05:37,66,rem
7/8/24 05:38,70,rem
7/8/24 05:39,69,rem
7/8/24 05:40,67,rem
7/8/24 05:41,79,rem
7/8/24 05:42,74,rem
7/8/24 05:43,71,rem
7/8/24 05:44,70,rem
7/8/24 05:45,70,rem
7/8/24 05:46,72,rem
7/8/24 05:47,64,rem
7/9/24 01:57,97,light
7/9/24 01:58,95,light
7/9/24 01:59,90,light
7/9/24 02:00,84,light
7/9/24 02:01,86,light
7/9/24 02:02,82,light
7/9/24 02:03,84,light
7/9/24 02:04,77,light
7/9/24 02:05,74,light
7/9/24 02:06,76,light
7/9/24 02:07,73,light
7/9/24 02:08,68,light
7/9/24 02:09,67,light
7/9/24 02:10,71,light
7/9/24 02:11,67,light
7/9/24 02:12,72,light
7/9/24 02:13,75,light
7/9/24 02:14,68,light
7/9/24 02:15,68,light
7/9/24 02:16,74,light
7/9/24 02:17,66,light
7/9/24 02:18,68,light
7/9/24 02:19,73,light
7/9/24 02:20,69,light
7/9/24 02:21,76,light
7/9/24 02:22,68,light
7/9/24 02:23,65,light
7/9/24 02:24,67,light
7/9/24 02:25,70,light
7/9/24 02:26,67,light
7/9/24 02:27,69,light
7/9/24 02:28,72,light
7/9/24 02:29,71,light
7/9/24 02:30,70,light
7/9/24 02:31,78,light
7/9/24 02:32,76,light
7/9/24 02:33,71,light
7/9/24 02:34,77,light
7/9/24 02:35,74,light
7/9/24 02:36,75,light
7/9/24 02:37,72,light
7/9/24 02:38,74,light
7/9/24 02:39,78,light
7/9/24 02:40,73,light
7/9/24 02:41,73,light
7/9/24 02:42,66,light
7/9/24 02:43,74,light
7/9/24 02:44,73,light
7/9/24 02:45,77,light
7/9/24 02:46,74,light
7/9/24 02:47,75,light
7/9/24 02:48,76,light
7/9/24 02:49,72,light
7/9/24 02:50,71,light
7/9/24 02:51,73,light
7/9/24 02:52,79,light
7/9/24 02:53,70,light
7/9/24 02:54,74,light
7/9/24 02:55,74,light
7/9/24 02:56,74,light
7/9/24 02:57,73,light
7/9/24 02:58,78,light
7/9/24 02:59,76,light
7/9/24 03:00,77,light
7/9/24 03:01,68,light
7/9/24 03:02,77,light
7/9/24 03:03,74,light
7/9/24 03:04,80,light
7/9/24 03:05,82,light
7/9/24 03:06,75,light
7/9/24 03:07,73,light
7/9/24 03:08,91,light
7/9/24 03:09,76,light
7/9/24 03:10,73,light
7/9/24 03:11,79,light
7/9/24 03:12,83,light
7/9/24 03:13,95,light
7/9/24 03:14,96,light
7/9/24 03:15,96,light
7/9/24 03:16,89,light
7/9/24 03:17,87,light
7/9/24 03:18,92,light
7/9/24 03:19,97,light
7/9/24 03:20,96,light
7/9/24 03:21,97,light
7/9/24 03:22,87,light
7/9/24 03:23,78,light
7/9/24 03:24,83,light
7/9/24 03:25,78,light
7/9/24 03:26,80,light
7/9/24 03:27,76,light
7/9/24 03:28,73,light
7/9/24 03:29,76,light
7/9/24 03:30,72,light
7/9/24 03:31,68,light
7/9/24 03:32,71,light
7/9/24 03:33,65,light
7/9/24 03:34,65,light
7/9/24 03:35,66,light
7/9/24 03:36,77,light
7/9/24 03:37,77,light
7/9/24 03:38,70,light
7/9/24 03:39,64,light
7/9/24 03:41,68,deep
7/9/24 03:42,67,deep
7/9/24 03:43,65,deep
7/9/24 03:44,69,deep
7/9/24 03:45,67,deep
7/9/24 03:46,73,deep
7/9/24 03:47,67,deep
7/9/24 03:48,69,deep
7/9/24 03:49,70,deep
7/9/24 03:50,72,deep
7/9/24 03:51,76,deep
7/9/24 03:52,75,deep
7/9/24 03:53,71,deep
7/9/24 03:54,70,deep
7/9/24 03:55,69,deep
7/9/24 03:56,65,deep
7/9/24 03:57,78,deep
7/9/24 03:58,67,light
7/9/24 03:59,71,light
7/9/24 04:00,63,light
7/9/24 04:01,73,light
7/9/24 04:02,66,light
7/9/24 04:03,71,light
7/9/24 04:04,78,light
7/9/24 04:05,66,light
7/9/24 04:06,63,light
7/9/24 04:07,65,light
7/9/24 04:08,66,light
7/9/24 04:09,69,light
7/9/24 04:10,66,light
7/9/24 04:11,63,light
7/9/24 04:12,75,light
7/9/24 04:13,71,light
7/9/24 04:14,77,light
7/9/24 04:15,74,light
7/9/24 04:16,64,light
7/9/24 04:17,66,light
7/9/24 04:18,63,light
7/9/24 04:19,64,light
7/9/24 04:20,73,light
7/9/24 04:21,60,light
7/9/24 04:22,61,light
7/9/24 04:23,58,light
7/9/24 04:24,64,light
7/9/24 04:25,62,light
7/9/24 04:26,67,light
7/9/24 04:27,67,light
7/9/24 04:28,65,light
7/9/24 04:29,68,light
7/9/24 04:30,73,rem
7/9/24 04:31,61,rem
7/9/24 04:32,64,rem
7/9/24 04:33,61,rem
7/9/24 04:34,62,rem
7/9/24 04:35,77,rem
7/9/24 04:36,65,rem
7/9/24 04:37,69,rem
7/9/24 04:38,70,rem
7/9/24 04:39,70,rem
7/9/24 04:40,60,rem
7/9/24 04:41,62,rem
7/9/24 04:42,60,rem
7/9/24 04:43,58,rem
7/9/24 04:44,59,rem
7/9/24 04:45,63,rem
7/9/24 04:46,62,rem
7/9/24 04:47,63,rem
7/9/24 04:48,63,rem
7/9/24 04:49,69,rem
7/9/24 04:50,63,rem
7/9/24 04:51,62,rem
7/9/24 04:52,64,rem
7/9/24 04:53,63,rem
7/9/24 04:54,63,rem
7/9/24 04:55,60,rem
7/9/24 04:56,62,rem
7/9/24 04:57,72,rem
7/9/24 04:58,60,rem
7/9/24 04:59,59,rem
7/9/24 05:00,63,rem
7/9/24 05:01,64,light
7/9/24 05:02,66,light
7/9/24 05:03,66,light
7/9/24 05:04,68,light
7/9/24 05:05,65,light
7/9/24 05:06,73,light
7/9/24 05:07,65,light
7/9/24 05:09,69,rem
7/9/24 05:10,70,rem
7/9/24 05:11,74,rem
7/9/24 05:12,67,rem
7/9/24 05:13,62,rem
7/9/24 05:14,62,rem
7/9/24 05:15,62,light
7/9/24 05:16,65,light
7/9/24 05:17,65,light
7/9/24 05:18,60,light
7/9/24 05:19,57,light
7/9/24 05:20,64,light
7/9/24 05:21,70,light
7/9/24 05:22,63,light
7/9/24 05:23,62,light
7/9/24 05:24,65,light
7/9/24 05:25,62,light
7/9/24 05:26,66,light
7/9/24 05:27,61,light
7/9/24 05:28,65,light
7/9/24 05:29,63,light
7/9/24 05:30,61,light
7/9/24 05:31,63,light
7/9/24 05:32,59,light
7/9/24 05:33,60,light
7/9/24 05:34,67,light
7/9/24 05:35,59,light
7/9/24 05:36,75,light
7/9/24 05:37,78,light
7/9/24 05:38,81,light
7/9/24 05:39,91,light
7/9/24 05:40,77,light
7/9/24 05:41,81,light
7/9/24 05:42,82,light
7/9/24 05:43,87,light
7/9/24 05:44,81,light
7/9/24 05:45,82,light
7/9/24 05:46,84,light
7/9/24 05:47,88,light
7/9/24 05:48,74,light
7/9/24 05:49,59,light
7/9/24 05:50,82,light
7/9/24 05:51,73,light
7/9/24 05:52,81,light
7/9/24 05:53,88,light
7/9/24 05:54,95,light
7/9/24 05:55,87,light
7/9/24 05:56,95,light
7/9/24 05:57,83,light
7/9/24 05:58,79,light
7/9/24 05:59,74,deep
7/9/24 06:00,86,deep
7/9/24 06:01,85,deep
7/9/24 06:02,83,deep
7/9/24 06:03,84,deep
7/9/24 06:04,85,deep
7/9/24 06:05,81,deep
7/9/24 06:06,81,deep
7/9/24 06:07,83,deep
7/9/24 06:08,84,deep
7/9/24 06:09,95,deep
7/9/24 06:10,86,deep
7/9/24 06:11,82,deep
7/9/24 06:12,78,deep
7/9/24 06:13,86,deep
7/9/24 06:14,88,deep
7/9/24 06:15,85,deep
7/9/24 06:16,81,deep
7/9/24 06:17,83,deep
7/9/24 06:18,76,deep
7/9/24 06:19,82,deep
7/9/24 06:20,79,deep
7/9/24 06:21,79,deep
7/9/24 06:22,78,deep
7/9/24 06:23,80,deep
7/9/24 06:24,76,deep
7/9/24 06:25,79,deep
7/9/24 06:26,81,deep
7/9/24 06:27,88,deep
7/9/24 06:28,82,deep
7/9/24 06:29,83,deep
7/9/24 06:30,86,deep
7/9/24 06:31,90,deep
7/9/24 06:32,92,deep
7/9/24 06:33,91,deep
7/9/24 06:34,88,deep
7/9/24 06:35,91,light
7/9/24 06:36,88,light
7/9/24 06:37,93,light
7/9/24 06:38,91,light
7/9/24 06:39,98,light
7/9/24 06:40,98,light
7/9/24 06:41,101,light
7/9/24 06:42,97,light
7/9/24 06:44,99,wake
7/9/24 06:45,97,wake
7/9/24 06:46,97,wake
7/9/24 06:47,97,wake
7/9/24 06:48,97,wake
7/9/24 06:49,98,light
7/9/24 06:50,96,light
7/9/24 06:51,95,light
7/9/24 06:52,81,light
7/9/24 06:53,97,light
7/9/24 06:54,93,light
7/9/24 06:55,95,light
7/9/24 06:57,99,rem
7/9/24 06:58,97,rem
7/9/24 06:59,98,rem
7/9/24 07:00,99,rem
7/9/24 07:01,99,rem
7/9/24 07:02,101,rem
7/9/24 07:03,101,wake
7/9/24 07:04,100,wake
7/9/24 07:05,95,wake
7/9/24 07:06,102,wake
7/9/24 07:07,101,wake
7/9/24 07:08,97,wake
7/9/24 07:09,92,wake
7/9/24 07:10,89,wake
7/9/24 07:11,94,light
7/9/24 07:12,87,light
7/9/24 07:13,80,light
7/9/24 07:14,82,light
7/9/24 07:15,86,light
7/9/24 07:16,85,light
7/9/24 07:17,86,light
7/9/24 07:18,81,light
7/9/24 07:19,85,light
7/9/24 07:21,77,rem
7/9/24 07:22,81,rem
7/9/24 07:23,82,rem
7/9/24 07:24,80,rem
7/9/24 07:25,77,rem
7/9/24 07:26,86,rem
7/9/24 07:27,87,rem
7/9/24 07:28,89,rem
7/9/24 07:29,83,rem
7/9/24 07:30,86,rem
7/9/24 07:31,91,rem
7/9/24 07:32,90,rem
7/9/24 07:33,100,rem
7/9/24 07:34,100,rem
7/9/24 07:35,98,rem
7/9/24 07:36,87,rem
7/9/24 07:37,94,rem
7/9/24 07:38,90,rem
7/9/24 07:39,93,rem
7/9/24 07:40,91,rem
7/9/24 07:41,95,wake
7/9/24 07:42,88,wake
7/9/24 07:43,88,wake
7/9/24 07:44,94,wake
7/9/24 07:45,89,wake
7/9/24 07:46,92,wake
7/9/24 07:47,87,wake
7/9/24 07:48,90,wake
7/9/24 07:49,88,wake
7/9/24 07:50,85,wake
7/9/24 07:51,86,wake
7/9/24 07:52,87,wake
7/9/24 07:53,86,wake
7/9/24 07:54,86,wake
7/9/24 07:55,86,wake
7/9/24 07:56,80,wake
7/9/24 07:57,83,wake
7/9/24 07:58,84,wake
7/9/24 07:59,96,wake
7/9/24 23:40,55,light
7/9/24 23:41,54,light
7/9/24 23:42,53,light
7/9/24 23:43,52,light
7/9/24 23:44,53,light
7/9/24 23:45,55,light
7/9/24 23:46,55,light
7/9/24 23:47,54,light
7/9/24 23:48,54,light
7/9/24 23:49,49,light
7/9/24 23:50,58,light
7/9/24 23:51,51,light
7/9/24 23:52,54,light
7/9/24 23:53,51,light
7/9/24 23:54,53,light
7/9/24 23:55,54,light
7/9/24 23:56,51,light
7/9/24 23:57,53,light
7/9/24 23:58,54,light
7/9/24 23:59,55,light
7/10/24 00:00,54,light
7/10/24 00:01,51,light
7/10/24 00:02,53,light
7/10/24 00:03,56,light
7/10/24 00:04,52,light
7/10/24 00:05,51,light
7/10/24 00:06,54,light
7/10/24 00:07,52,light
7/10/24 00:08,55,light
7/10/24 00:09,55,light
7/10/24 00:10,67,light
7/10/24 00:11,53,light
7/10/24 00:12,52,light
7/10/24 00:13,53,light
7/10/24 00:14,54,light
7/10/24 00:15,51,light
7/10/24 00:16,68,light
7/10/24 00:17,50,light
7/10/24 00:18,53,light
7/10/24 00:19,56,light
7/10/24 00:20,59,light
7/10/24 00:21,58,light
7/10/24 00:22,56,light
7/10/24 00:23,71,light
7/10/24 00:24,70,light
7/10/24 00:25,58,light
7/10/24 00:58,63,light
7/10/24 00:59,66,light
7/10/24 01:00,76,light
7/10/24 01:01,84,light
7/10/24 01:02,81,light
7/10/24 01:03,91,light
7/10/24 01:04,100,light
7/10/24 01:05,107,light
7/10/24 01:06,89,light
7/10/24 01:07,86,light
7/10/24 01:08,86,light
7/10/24 01:09,95,light
7/10/24 01:10,97,light
7/10/24 01:11,99,light
7/10/24 01:12,96,light
7/10/24 01:13,96,light
7/10/24 01:14,98,light
7/10/24 01:15,98,light
7/10/24 01:16,90,light
7/10/24 01:17,80,light
7/10/24 01:18,81,light
7/10/24 01:19,89,light
7/10/24 01:20,83,light
7/10/24 01:21,79,light
7/10/24 01:22,80,light
7/10/24 01:23,83,light
7/10/24 01:24,79,light
7/10/24 01:25,80,light
7/10/24 01:26,80,light
7/10/24 01:27,78,light
7/10/24 01:28,77,light
7/10/24 01:29,73,light
7/10/24 01:30,73,light
7/10/24 01:31,70,light
7/10/24 01:32,72,light
7/10/24 01:33,71,light
7/10/24 01:34,73,light
7/10/24 01:35,67,light
7/10/24 01:36,70,light
7/10/24 01:37,70,light
7/10/24 01:38,74,light
7/10/24 01:39,69,light
7/10/24 01:40,69,light
7/10/24 01:41,68,light
7/10/24 01:42,71,light
7/10/24 01:43,72,light
7/10/24 01:44,70,light
7/10/24 01:45,73,light
7/10/24 01:46,74,light
7/10/24 01:47,71,light
7/10/24 01:48,75,light
7/10/24 01:49,75,light
7/10/24 01:50,73,light
7/10/24 01:51,76,light
7/10/24 01:52,81,light
7/10/24 01:53,74,rem
7/10/24 01:54,77,rem
7/10/24 01:55,77,rem
7/10/24 01:56,71,rem
7/10/24 01:57,73,rem
7/10/24 01:58,68,rem
7/10/24 01:59,75,rem
7/10/24 02:00,73,rem
7/10/24 02:01,74,rem
7/10/24 02:02,70,rem
7/10/24 02:03,70,rem
7/10/24 02:04,71,rem
7/10/24 02:05,76,rem
7/10/24 02:06,71,rem
7/10/24 02:07,77,rem
7/10/24 02:08,73,rem
7/10/24 02:09,77,rem
7/10/24 02:10,70,rem
7/10/24 02:11,75,rem
7/10/24 02:12,70,rem
7/10/24 02:13,69,rem
7/10/24 02:14,73,rem
7/10/24 02:15,74,rem
7/10/24 02:16,69,rem
7/10/24 02:17,71,light
7/10/24 02:18,70,light
7/10/24 02:19,68,light
7/10/24 02:20,80,light
7/10/24 02:21,83,light
7/10/24 02:22,77,light
7/10/24 02:23,75,light
7/10/24 02:24,71,light
7/10/24 02:25,76,light
7/10/24 02:26,74,light
7/10/24 02:27,81,light
7/10/24 02:28,74,light
7/10/24 02:29,77,light
7/10/24 02:30,78,light
7/10/24 02:31,70,light
7/10/24 02:32,74,light
7/10/24 02:33,75,light
7/10/24 02:34,75,light
7/10/24 02:35,67,light
7/10/24 02:37,71,deep
7/10/24 02:38,80,deep
7/10/24 02:39,78,deep
7/10/24 02:40,80,deep
7/10/24 02:41,72,deep
7/10/24 02:42,71,light
7/10/24 02:43,83,light
7/10/24 02:44,73,light
7/10/24 02:45,68,light
7/10/24 02:46,70,light
7/10/24 02:47,81,light
7/10/24 02:48,85,light
7/10/24 02:49,74,light
7/10/24 02:50,76,light
7/10/24 02:51,82,light
7/10/24 02:52,76,light
7/10/24 02:53,77,light
7/10/24 02:54,70,light
7/10/24 02:55,72,light
7/10/24 02:56,73,light
7/10/24 02:57,74,light
7/10/24 02:58,71,light
7/10/24 02:59,70,light
7/10/24 03:00,73,light
7/10/24 03:01,68,light
7/10/24 03:02,69,light
7/10/24 03:03,74,light
7/10/24 03:04,78,light
7/10/24 03:05,75,light
7/10/24 03:06,74,light
7/10/24 03:07,74,light
7/10/24 03:08,75,light
7/10/24 03:09,70,light
7/10/24 03:10,69,light
7/10/24 03:11,72,light
7/10/24 03:12,63,light
7/10/24 03:13,68,light
7/10/24 03:14,70,light
7/10/24 03:15,66,light
7/10/24 03:16,71,light
7/10/24 03:17,70,light
7/10/24 03:18,65,light
7/10/24 03:19,70,light
7/10/24 03:20,69,light
7/10/24 03:21,64,light
7/10/24 03:22,69,light
7/10/24 03:23,69,light
7/10/24 03:24,69,light
7/10/24 03:25,67,light
7/10/24 03:26,73,light
7/10/24 03:27,64,light
7/10/24 03:28,70,light
7/10/24 03:29,69,light
7/10/24 03:30,79,light
7/10/24 03:31,88,light
7/10/24 03:32,70,light
7/10/24 03:33,67,light
7/10/24 03:34,68,light
7/10/24 03:35,77,light
7/10/24 03:36,71,light
7/10/24 03:37,72,light
7/10/24 03:38,66,light
7/10/24 03:39,69,light
7/10/24 03:40,67,light
7/10/24 03:41,66,light
7/10/24 03:42,66,light
7/10/24 03:43,80,light
7/10/24 03:44,72,light
7/10/24 03:45,68,rem
7/10/24 03:46,67,rem
7/10/24 03:47,63,rem
7/10/24 03:48,69,rem
7/10/24 03:49,68,rem
7/10/24 03:50,62,rem
7/10/24 03:51,66,rem
7/10/24 03:52,67,rem
7/10/24 03:53,67,rem
7/10/24 03:54,71,rem
7/10/24 03:55,63,rem
7/10/24 03:56,69,rem
7/10/24 03:57,66,rem
7/10/24 03:58,64,rem
7/10/24 03:59,66,rem
7/10/24 04:00,63,rem
7/10/24 04:01,65,rem
7/10/24 04:02,64,rem
7/10/24 04:03,63,rem
7/10/24 04:04,81,rem
7/10/24 04:05,78,rem
7/10/24 04:06,80,rem
7/10/24 04:07,74,rem
7/10/24 04:08,63,rem
7/10/24 04:09,69,rem
7/10/24 04:10,67,rem
7/10/24 04:11,77,rem
7/10/24 04:12,69,rem
7/10/24 04:13,72,rem
7/10/24 04:15,62,light
7/10/24 04:16,67,light
7/10/24 04:17,65,light
7/10/24 04:18,61,light
7/10/24 04:20,65,light
7/10/24 04:21,60,light
7/10/24 04:22,59,rem
7/10/24 04:23,58,rem
7/10/24 04:24,74,rem
7/10/24 04:25,62,rem
7/10/24 04:26,70,rem
7/10/24 04:27,68,rem
7/10/24 04:28,71,rem
7/10/24 04:29,75,rem
7/10/24 04:30,71,light
7/10/24 04:31,71,light
7/10/24 04:32,71,light
7/10/24 04:33,66,light
7/10/24 04:34,59,light
7/10/24 04:35,57,light
7/10/24 04:36,59,light
7/10/24 04:37,59,light
7/10/24 04:38,68,light
7/10/24 04:39,61,light
7/10/24 04:40,64,light
7/10/24 04:41,63,light
7/10/24 04:42,65,light
7/10/24 04:43,64,light
7/10/24 04:44,63,light
7/10/24 04:45,66,light
7/10/24 04:46,72,light
7/10/24 04:47,62,light
7/10/24 04:48,65,deep
7/10/24 04:49,60,deep
7/10/24 04:50,64,deep
7/10/24 04:51,62,deep
7/10/24 04:52,62,deep
7/10/24 04:53,66,deep
7/10/24 04:54,68,deep
7/10/24 04:55,61,deep
7/10/24 04:56,63,deep
7/10/24 04:57,65,deep
7/10/24 04:58,64,deep
7/10/24 04:59,58,deep
7/10/24 05:00,60,deep
7/10/24 05:01,61,deep
7/10/24 05:02,63,deep
7/10/24 05:03,70,deep
7/10/24 05:04,59,deep
7/10/24 05:05,65,deep
7/10/24 05:06,66,deep
7/10/24 05:07,67,deep
7/10/24 05:08,64,deep
7/10/24 05:09,73,deep
7/10/24 05:10,64,deep
7/10/24 05:11,65,deep
7/10/24 05:12,64,deep
7/10/24 05:13,70,deep
7/10/24 05:14,66,deep
7/10/24 05:15,65,deep
7/10/24 05:16,60,deep
7/10/24 05:17,64,deep
7/10/24 05:18,59,deep
7/10/24 05:19,63,deep
7/10/24 05:20,62,deep
7/10/24 05:21,64,deep
7/10/24 05:22,62,deep
7/10/24 05:23,61,deep
7/10/24 05:24,66,deep
7/10/24 05:25,61,deep
7/10/24 05:26,66,deep
7/10/24 05:27,62,deep
7/10/24 05:28,59,deep
7/10/24 05:29,61,deep
7/10/24 05:30,65,deep
7/10/24 05:31,61,light
7/10/24 05:32,68,light
7/10/24 05:33,64,light
7/10/24 05:34,80,light
7/10/24 05:35,76,light
7/10/24 05:36,83,light
7/10/24 05:37,75,light
7/10/24 05:38,65,light
7/10/24 05:39,73,wake
7/10/24 05:40,82,wake
7/10/24 05:41,65,wake
7/10/24 05:42,79,wake
7/10/24 05:43,69,wake
7/10/24 05:44,76,wake
7/10/24 05:45,74,wake
7/10/24 05:46,75,wake
7/10/24 05:47,80,wake
7/10/24 05:48,78,wake
7/10/24 05:49,85,wake
7/10/24 05:50,85,wake
7/10/24 05:51,86,wake
7/10/24 05:52,80,wake
7/10/24 05:53,86,wake
7/10/24 05:54,81,wake
7/10/24 05:55,79,wake
7/10/24 05:56,78,wake
7/10/24 05:57,78,wake
7/10/24 05:58,83,wake
7/10/24 05:59,81,wake
7/10/24 06:00,80,wake
7/10/24 06:01,82,wake
7/10/24 06:02,83,wake
7/10/24 06:03,79,wake
7/10/24 06:04,82,wake
7/10/24 06:05,82,wake
7/10/24 06:06,84,wake
7/10/24 06:08,82,light
7/10/24 06:09,82,light
7/10/24 06:10,82,light
7/10/24 06:11,82,light
7/10/24 06:12,81,light
7/10/24 06:13,74,light
7/10/24 06:14,75,light
7/10/24 06:15,75,light
7/10/24 06:16,77,rem
7/10/24 06:17,84,rem
7/10/24 06:18,78,rem
7/10/24 06:19,78,rem
7/10/24 06:20,81,rem
7/10/24 06:21,74,rem
7/10/24 06:22,80,rem
7/10/24 06:23,80,rem
7/10/24 06:24,93,rem
7/10/24 06:25,90,rem
7/10/24 06:26,94,rem
7/10/24 06:27,92,rem
7/10/24 06:28,90,rem
7/10/24 06:29,90,rem
7/10/24 06:30,97,rem
7/10/24 06:31,98,rem
7/10/24 06:32,98,rem
7/10/24 06:33,97,rem
7/10/24 06:34,100,rem
7/10/24 06:35,99,rem
7/10/24 06:36,84,rem
7/10/24 06:37,84,light
7/10/24 06:38,83,light
7/10/24 06:39,83,light
7/10/24 06:40,82,light
7/10/24 06:41,81,light
7/10/24 06:42,84,light
7/10/24 06:43,77,light
7/10/24 06:44,77,light
7/10/24 06:45,80,light
7/10/24 06:46,75,light
7/10/24 06:47,81,light
7/10/24 06:48,81,light
7/10/24 06:49,82,light
7/10/24 06:50,77,light
7/10/24 06:51,74,light
7/10/24 06:52,78,light
7/10/24 06:53,77,light
7/10/24 06:54,77,light
7/10/24 06:55,74,light
7/10/24 06:56,76,light
7/10/24 06:57,76,light
7/10/24 06:58,74,light
7/10/24 06:59,76,light
7/10/24 07:00,74,light
7/10/24 07:01,83,light
7/10/24 07:02,82,light
7/10/24 07:03,89,light
7/10/24 07:04,81,light
7/10/24 07:05,76,light
7/10/24 07:06,81,light
7/10/24 07:07,82,light
7/10/24 07:08,78,light
7/10/24 07:09,76,light
7/10/24 07:10,81,light
7/10/24 07:11,81,light
7/10/24 07:12,80,light
7/10/24 07:13,76,light
7/10/24 07:14,77,light
7/10/24 07:15,75,light
7/10/24 07:16,76,light
7/10/24 07:17,83,light
7/10/24 07:18,83,light
7/10/24 07:19,77,light
7/11/24 00:24,49,deep
7/11/24 00:25,53,deep
7/11/24 00:26,51,deep
7/11/24 00:27,57,deep
7/11/24 00:28,54,deep
7/11/24 00:29,50,deep
7/11/24 00:30,49,deep
7/11/24 00:31,50,deep
7/11/24 00:32,49,deep
7/11/24 00:33,49,deep
7/11/24 00:34,51,deep
7/11/24 00:35,48,deep
7/11/24 00:36,51,deep
7/11/24 00:37,49,deep
7/11/24 00:38,48,deep
7/11/24 00:39,52,deep
7/11/24 00:40,49,deep
7/11/24 00:41,50,deep
7/11/24 00:42,52,deep
7/11/24 00:43,60,deep
7/11/24 00:44,64,deep
7/11/24 00:45,63,deep
7/11/24 00:46,59,deep
7/11/24 00:47,64,deep
7/11/24 00:48,61,deep
7/11/24 00:49,64,deep
7/11/24 00:50,68,deep
7/11/24 00:51,67,deep
7/11/24 00:52,71,deep
7/11/24 00:53,69,deep
7/11/24 00:54,73,deep
7/11/24 00:55,69,deep
7/11/24 01:27,63,deep
7/11/24 01:28,60,deep
7/11/24 01:29,74,deep
7/11/24 01:30,79,deep
7/11/24 01:31,81,deep
7/11/24 01:32,84,deep
7/11/24 01:33,94,deep
7/11/24 01:34,90,deep
7/11/24 01:35,91,deep
7/11/24 01:36,95,deep
7/11/24 01:37,89,deep
7/11/24 01:38,78,deep
7/11/24 01:39,90,deep
7/11/24 01:40,89,deep
7/11/24 01:41,86,deep
7/11/24 01:42,89,deep
7/11/24 01:43,87,deep
7/11/24 01:44,88,deep
7/11/24 01:45,96,deep
7/11/24 01:46,95,deep
7/11/24 01:47,93,deep
7/11/24 01:48,89,deep
7/11/24 01:49,84,deep
7/11/24 01:50,90,deep
7/11/24 01:51,89,deep
7/11/24 01:52,82,deep
7/11/24 01:53,77,deep
7/11/24 01:54,84,deep
7/11/24 01:55,81,deep
7/11/24 01:56,86,deep
7/11/24 01:57,84,deep
7/11/24 01:58,74,deep
7/11/24 01:59,80,deep
7/11/24 02:00,80,deep
7/11/24 02:01,76,deep
7/11/24 02:02,73,deep
7/11/24 02:03,79,deep
7/11/24 02:04,74,deep
7/11/24 02:05,80,deep
7/11/24 02:06,73,deep
7/11/24 02:07,72,deep
7/11/24 02:08,76,deep
7/11/24 02:09,78,deep
7/11/24 02:10,78,deep
7/11/24 02:11,75,deep
7/11/24 02:12,76,deep
7/11/24 02:13,71,deep
7/11/24 02:14,71,deep
7/11/24 02:15,71,deep
7/11/24 02:16,73,deep
7/11/24 02:17,75,deep
7/11/24 02:18,71,deep
7/11/24 02:19,69,deep
7/11/24 02:20,71,deep
7/11/24 02:21,72,deep
7/11/24 02:22,67,deep
7/11/24 02:23,74,deep
7/11/24 02:24,71,deep
7/11/24 02:25,71,deep
7/11/24 02:26,87,deep
7/11/24 02:27,75,deep
7/11/24 02:28,69,deep
7/11/24 02:29,75,deep
7/11/24 02:30,72,deep
7/11/24 02:31,76,deep
7/11/24 02:32,72,deep
7/11/24 02:33,83,deep
7/11/24 02:34,76,deep
7/11/24 02:35,73,deep
7/11/24 02:36,70,deep
7/11/24 02:37,73,deep
7/11/24 02:38,68,deep
7/11/24 02:39,65,deep
7/11/24 02:40,72,deep
7/11/24 02:41,75,deep
7/11/24 02:42,82,deep
7/11/24 02:43,70,deep
7/11/24 02:44,74,deep
7/11/24 02:45,75,deep
7/11/24 02:46,67,deep
7/11/24 02:47,68,deep
7/11/24 02:48,77,deep
7/11/24 02:49,72,deep
7/11/24 02:50,73,deep
7/11/24 02:51,71,deep
7/11/24 02:52,68,deep
7/11/24 02:53,75,deep
7/11/24 02:54,75,deep
7/11/24 02:55,75,deep
7/11/24 02:56,77,deep
7/11/24 02:57,68,deep
7/11/24 02:58,67,deep
7/11/24 02:59,70,deep
7/11/24 03:00,71,deep
7/11/24 03:01,71,deep
7/11/24 03:02,70,deep
7/11/24 03:03,66,deep
7/11/24 03:04,78,deep
7/11/24 03:05,67,deep
7/11/24 03:06,70,deep
7/11/24 03:07,71,deep
7/11/24 03:08,69,deep
7/11/24 03:09,68,deep
7/11/24 03:10,71,deep
7/11/24 03:11,71,deep
7/11/24 03:12,71,deep
7/11/24 03:13,78,deep
7/11/24 03:14,70,deep
7/11/24 03:15,73,deep
7/11/24 03:16,66,deep
7/11/24 03:17,79,deep
7/11/24 03:18,63,deep
7/11/24 03:19,63,deep
7/11/24 03:20,70,deep
7/11/24 03:21,63,deep
7/11/24 03:22,69,deep
7/11/24 03:23,67,deep
7/11/24 03:24,80,deep
7/11/24 03:25,77,deep
7/11/24 03:26,74,deep
7/11/24 03:27,78,deep
7/11/24 03:28,76,deep
7/11/24 03:29,70,deep
7/11/24 03:30,72,deep
7/11/24 03:31,67,deep
7/11/24 03:32,67,deep
7/11/24 03:33,65,deep
7/11/24 03:34,63,deep
7/11/24 03:35,73,deep
7/11/24 03:36,73,deep
7/11/24 03:37,72,deep
7/11/24 03:38,77,deep
7/11/24 03:39,72,deep
7/11/24 03:40,69,deep
7/11/24 03:41,63,deep
7/11/24 03:42,61,deep
7/11/24 03:43,63,deep
7/11/24 03:44,66,deep
7/11/24 03:45,62,deep
7/11/24 03:46,71,deep
7/11/24 03:47,64,deep
7/11/24 03:48,66,deep
7/11/24 03:49,67,deep
7/11/24 03:50,63,deep
7/11/24 03:51,65,deep
7/11/24 03:52,67,deep
7/11/24 03:53,62,deep
7/11/24 03:54,68,deep
7/11/24 03:55,61,deep
7/11/24 03:56,69,deep
7/11/24 03:57,63,deep
7/11/24 03:58,60,deep
7/11/24 03:59,59,deep
7/11/24 04:00,68,deep
7/11/24 04:01,65,deep
7/11/24 04:02,60,deep
7/11/24 04:03,60,deep
7/11/24 04:04,61,deep
7/11/24 04:05,59,deep
7/11/24 04:06,65,deep
7/11/24 04:07,75,deep
7/11/24 04:08,59,deep
7/11/24 04:09,62,deep
7/11/24 04:10,57,deep
7/11/24 04:11,59,deep
7/11/24 04:12,56,deep
7/11/24 04:13,61,deep
7/11/24 04:14,62,deep
7/11/24 04:15,59,deep
7/11/24 04:16,56,deep
7/11/24 04:17,65,deep
7/11/24 04:18,59,deep
7/11/24 04:19,69,deep
7/11/24 04:20,62,deep
7/11/24 04:21,60,deep
7/11/24 04:22,58,deep
7/11/24 04:23,61,deep
7/11/24 04:24,69,deep
7/11/24 04:25,61,deep
7/11/24 04:26,64,deep
7/11/24 04:27,66,deep
7/11/24 04:28,65,deep
7/11/24 04:29,66,deep
7/11/24 04:30,65,deep
7/11/24 04:31,66,deep
7/11/24 04:32,66,deep
7/11/24 04:33,58,deep
7/11/24 04:34,60,deep
7/11/24 04:35,59,deep
7/11/24 04:36,58,deep
7/11/24 04:37,59,deep
7/11/24 04:38,66,deep
7/11/24 04:39,59,deep
7/11/24 04:40,59,deep
7/11/24 04:41,60,deep
7/11/24 04:42,64,deep
7/11/24 04:43,62,deep
7/11/24 04:44,60,deep
7/11/24 04:45,65,deep
7/11/24 04:46,62,deep
7/11/24 04:47,57,deep
7/11/24 04:48,58,deep
7/11/24 04:49,62,deep
7/11/24 04:50,59,deep
7/11/24 04:51,63,deep
7/11/24 04:52,64,deep
7/11/24 04:53,61,deep
7/11/24 04:54,59,deep
7/11/24 04:55,57,deep
7/11/24 04:56,56,deep
7/11/24 04:57,57,deep
7/11/24 04:58,61,deep
7/11/24 04:59,59,deep
7/11/24 05:00,60,deep
7/11/24 05:01,58,deep
7/11/24 05:02,60,deep
7/11/24 05:03,62,deep
7/11/24 05:04,65,deep
7/11/24 05:05,57,deep
7/11/24 05:06,58,deep
7/11/24 05:07,61,deep
7/11/24 05:08,60,deep
7/11/24 05:09,64,deep
7/11/24 05:10,68,deep
7/11/24 05:11,62,deep
7/11/24 05:12,65,deep
7/11/24 05:13,67,deep
7/11/24 05:14,73,deep
7/11/24 05:15,67,deep
7/11/24 05:16,73,deep
7/11/24 05:17,75,deep
7/11/24 05:18,68,deep
7/11/24 05:19,64,deep
7/11/24 05:20,62,deep
7/11/24 05:21,70,deep
7/11/24 05:22,63,deep
7/11/24 05:23,65,deep
7/11/24 05:24,62,deep
7/11/24 05:25,66,deep
7/11/24 05:26,62,deep
7/11/24 05:27,60,deep
7/11/24 05:28,64,deep
7/11/24 05:29,62,deep
7/11/24 05:30,63,deep
7/11/24 05:31,63,deep
7/11/24 05:32,69,deep
7/11/24 05:33,74,deep
7/11/24 05:34,82,deep
7/11/24 05:35,73,deep
7/11/24 05:36,77,deep
7/11/24 05:37,67,deep
7/11/24 05:38,70,deep
7/11/24 05:39,67,deep
7/11/24 05:40,67,deep
7/11/24 05:41,71,deep
7/11/24 05:42,75,deep
7/11/24 05:43,71,deep
7/11/24 05:44,87,deep
7/11/24 05:45,87,deep
7/11/24 05:46,86,deep
7/11/24 05:47,90,deep
7/11/24 05:48,89,deep
7/11/24 05:49,85,deep
7/11/24 05:50,77,deep
7/11/24 05:51,79,deep
7/11/24 05:52,83,deep
7/11/24 05:53,90,deep
7/11/24 05:54,82,deep
7/11/24 05:55,80,deep
7/11/24 05:56,79,deep
7/11/24 05:57,82,deep
7/11/24 05:58,83,deep
7/11/24 05:59,79,deep
7/11/24 06:00,79,deep
7/11/24 06:01,81,deep
7/11/24 06:02,79,deep
7/11/24 06:03,81,deep
7/11/24 06:04,83,deep
7/11/24 06:05,83,deep
7/11/24 06:06,78,deep
7/11/24 06:07,81,deep
7/11/24 06:08,91,deep
7/11/24 06:09,81,deep
7/11/24 06:10,77,deep
7/11/24 06:11,85,deep
7/11/24 06:12,93,deep
7/11/24 06:13,95,deep
7/11/24 06:14,96,deep
7/11/24 06:15,96,deep
7/11/24 06:16,95,deep
7/11/24 06:17,89,deep
7/11/24 06:18,83,deep
7/11/24 06:19,74,deep
7/11/24 06:20,75,deep
7/11/24 06:21,75,deep
7/11/24 06:22,74,deep
7/11/24 06:23,75,deep
7/11/24 06:24,80,deep
7/11/24 06:25,67,deep
7/11/24 06:26,78,deep
7/11/24 06:27,67,deep
7/11/24 06:28,79,deep
7/11/24 06:29,78,deep
7/11/24 06:30,73,deep
7/11/24 06:31,73,deep
7/11/24 06:32,68,deep
7/11/24 06:33,69,deep
7/11/24 06:34,68,deep
7/11/24 06:35,71,deep
7/11/24 06:36,69,deep
7/11/24 06:37,66,deep
7/11/24 06:38,70,deep
7/11/24 06:39,67,deep
7/11/24 06:40,69,deep
7/11/24 06:41,76,deep
7/11/24 06:42,69,deep
7/11/24 06:43,79,deep
7/11/24 06:44,77,deep
7/11/24 06:45,79,deep
7/11/24 06:46,71,deep
7/11/24 06:47,75,deep
7/11/24 06:48,80,deep
7/11/24 06:49,75,deep
7/11/24 06:50,84,deep
7/11/24 06:51,77,deep
7/11/24 06:52,87,deep
7/11/24 06:53,86,deep
7/11/24 06:54,86,deep
7/11/24 06:55,78,deep
7/11/24 06:56,81,deep
7/11/24 06:57,90,deep
7/11/24 06:58,95,deep
7/11/24 06:59,92,deep
7/11/24 07:00,81,deep
7/11/24 07:01,80,deep
7/11/24 07:02,86,deep
7/11/24 07:03,81,deep
7/11/24 07:04,83,deep
7/11/24 07:05,77,deep
7/11/24 07:06,81,deep
7/11/24 07:07,77,deep
7/11/24 07:08,83,deep
7/11/24 07:09,83,deep
7/11/24 07:10,84,deep
7/11/24 07:11,77,deep
7/11/24 07:12,74,deep
7/11/24 07:13,78,deep
7/11/24 07:14,75,deep
7/11/24 07:15,75,deep
7/11/24 07:16,79,deep
7/11/24 07:17,78,deep
7/11/24 07:18,76,deep
7/11/24 07:19,73,deep
7/11/24 07:20,76,deep
7/11/24 07:21,78,deep
7/11/24 07:22,81,deep
7/11/24 07:23,78,deep
7/11/24 07:24,78,deep
7/11/24 07:25,78,deep
7/11/24 07:26,79,deep
7/11/24 07:27,92,deep
7/11/24 07:28,79,deep
7/11/24 07:29,83,deep
7/11/24 07:30,72,deep
7/11/24 07:31,76,deep
7/11/24 07:32,78,deep
7/11/24 07:33,80,deep
7/11/24 07:34,86,deep
7/11/24 07:35,75,deep
7/11/24 07:36,76,deep
7/11/24 07:37,82,deep
7/11/24 07:38,78,deep
7/11/24 07:39,80,deep
7/12/24 01:15,65,deep
7/12/24 01:16,58,deep
7/12/24 01:17,57,deep
7/12/24 01:18,56,deep
7/12/24 01:19,66,deep
7/12/24 01:20,64,deep
7/12/24 01:21,64,deep
7/12/24 01:22,62,deep
7/12/24 01:23,64,deep
7/12/24 01:49,74,deep
7/12/24 01:50,76,deep
7/12/24 01:51,74,deep
7/12/24 01:52,82,deep
7/12/24 01:53,84,deep
7/12/24 01:54,84,deep
7/12/24 01:55,79,deep
7/12/24 01:56,83,deep
7/12/24 01:57,86,deep
7/12/24 01:58,89,deep
7/12/24 01:59,85,deep
7/12/24 02:00,83,deep
7/12/24 02:01,78,deep
7/12/24 02:02,81,deep
7/12/24 02:03,89,deep
7/12/24 02:04,94,deep
7/12/24 02:05,88,deep
7/12/24 02:06,92,deep
7/12/24 02:07,89,deep
7/12/24 02:08,88,deep
7/12/24 02:09,87,deep
7/12/24 02:10,90,deep
7/12/24 02:11,86,deep
7/12/24 02:12,83,deep
7/12/24 06:22,81,deep
7/12/24 06:23,83,deep
7/12/24 06:24,80,deep
7/12/24 06:25,79,deep
7/12/24 06:26,77,deep
7/12/24 06:27,80,deep
7/12/24 06:28,76,deep
7/12/24 06:29,78,deep
7/12/24 06:30,75,deep
7/12/24 06:31,78,deep
7/12/24 06:32,79,deep
7/12/24 06:33,80,deep
7/12/24 06:34,74,deep
7/12/24 06:35,77,deep
7/12/24 06:36,79,deep
7/12/24 06:37,78,deep
7/12/24 06:38,75,deep
7/12/24 06:39,78,deep
7/12/24 06:40,82,deep
7/12/24 06:41,78,deep
7/12/24 06:42,79,deep
7/12/24 06:43,89,deep
7/12/24 06:44,84,deep
7/12/24 06:45,87,deep
7/12/24 06:46,82,deep
7/12/24 06:47,80,deep
7/12/24 06:48,83,deep
7/12/24 06:49,83,deep
7/12/24 06:50,82,deep
7/12/24 06:51,79,deep
7/12/24 06:52,85,deep
7/12/24 06:53,81,deep
7/12/24 06:54,80,deep
7/12/24 06:55,81,deep
7/12/24 06:56,81,deep
7/12/24 06:57,79,deep
7/12/24 06:58,78,deep
7/12/24 06:59,85,deep
7/12/24 07:00,78,deep
7/12/24 07:01,81,deep
7/12/24 07:02,81,deep
7/12/24 07:03,88,deep
7/12/24 07:04,71,deep
7/12/24 07:05,76,deep
7/12/24 07:06,76,deep
7/12/24 07:07,70,deep
7/12/24 07:08,76,deep
7/12/24 07:09,77,deep
7/12/24 07:10,76,deep
7/12/24 07:11,75,deep
7/12/24 07:12,79,deep
7/12/24 07:13,76,deep
7/12/24 07:14,71,deep
7/12/24 07:15,78,deep
7/12/24 07:16,71,deep
7/12/24 07:17,67,deep
7/12/24 07:18,69,deep
7/12/24 07:19,71,deep
7/12/24 07:20,75,deep
7/12/24 07:21,76,deep
7/12/24 07:22,85,deep
7/12/24 07:23,75,deep
7/12/24 07:24,76,deep
7/12/24 07:25,77,deep
7/12/24 07:26,76,deep
7/12/24 07:27,76,deep
7/12/24 07:28,75,deep
7/12/24 07:29,72,deep
7/12/24 07:30,75,deep
7/12/24 07:31,82,deep
7/12/24 07:32,75,deep
7/12/24 07:33,79,deep
7/12/24 07:34,77,deep
7/12/24 07:35,73,deep
7/12/24 07:36,70,deep
7/12/24 07:37,75,deep
7/12/24 07:38,73,deep
7/12/24 07:39,76,deep
7/12/24 07:40,73,deep
7/12/24 07:41,87,deep
7/12/24 07:42,87,deep
7/12/24 07:43,75,deep
7/12/24 07:44,77,deep
7/12/24 07:45,72,deep
7/12/24 07:46,77,deep
7/12/24 07:47,87,deep
7/12/24 07:48,87,deep
7/12/24 07:49,86,deep
7/12/24 07:50,73,deep
7/12/24 07:51,68,deep
7/12/24 07:52,72,deep
7/12/24 07:53,67,deep
7/12/24 07:54,73,deep
7/12/24 07:55,66,deep
7/12/24 07:56,69,deep
7/12/24 07:57,68,deep
7/12/24 07:58,67,deep
7/12/24 07:59,68,deep
7/12/24 08:00,72,deep
7/12/24 08:01,71,deep
7/12/24 08:02,69,deep
7/12/24 08:03,69,deep
7/12/24 08:04,68,deep
7/12/24 08:05,68,deep
7/13/24 00:21,54,light
7/13/24 00:22,53,light
7/13/24 00:24,57,wake
7/13/24 00:25,54,wake
7/13/24 00:26,56,wake
7/13/24 00:27,55,wake
7/13/24 00:28,54,wake
7/13/24 00:29,54,wake
7/13/24 00:30,54,light
7/13/24 00:31,54,light
7/13/24 00:32,55,light
7/13/24 00:33,56,light
7/13/24 00:34,54,light
7/13/24 00:35,58,wake
7/13/24 00:36,56,wake
7/13/24 00:37,60,wake
7/13/24 00:38,61,wake
7/13/24 00:39,53,wake
7/13/24 00:40,54,wake
7/13/24 00:41,53,wake
7/13/24 00:42,65,wake
7/13/24 00:43,61,wake
7/13/24 00:44,60,wake
7/13/24 00:45,54,wake
7/13/24 00:46,61,wake
7/13/24 00:47,70,wake
7/13/24 00:48,56,wake
7/13/24 00:49,61,light
7/13/24 00:50,63,light
7/13/24 00:51,66,light
7/13/24 00:52,70,light
7/13/24 00:53,57,light
7/13/24 00:54,62,light
7/13/24 00:55,63,light
7/13/24 00:56,58,light
7/13/24 00:57,57,light
7/13/24 00:58,64,light
7/13/24 00:59,66,light
7/13/24 01:00,65,light
7/13/24 01:01,61,light
7/13/24 01:02,65,light
7/13/24 01:03,67,light
7/13/24 01:04,69,light
7/13/24 01:05,63,light
7/13/24 01:06,64,light
7/13/24 01:07,61,light
7/13/24 01:26,66,deep
7/13/24 01:27,86,deep
7/13/24 01:28,82,deep
7/13/24 01:29,76,deep
7/13/24 01:30,82,deep
7/13/24 01:31,91,deep
7/13/24 01:32,111,deep
7/13/24 01:33,76,deep
7/13/24 01:34,78,deep
7/13/24 01:35,71,deep
7/13/24 01:36,73,deep
7/13/24 01:37,72,deep
7/13/24 01:38,72,deep
7/13/24 01:39,65,deep
7/13/24 01:40,61,deep
7/13/24 01:41,67,deep
7/13/24 01:42,78,deep
7/13/24 01:43,58,deep
7/13/24 01:44,65,deep
7/13/24 01:45,83,deep
7/13/24 01:46,85,deep
7/13/24 01:47,82,deep
7/13/24 01:48,83,deep
7/13/24 01:49,80,deep
7/13/24 01:50,86,deep
7/13/24 01:51,78,deep
7/13/24 01:52,69,deep
7/13/24 01:53,66,deep
7/13/24 01:54,78,deep
7/13/24 01:55,76,deep
7/13/24 01:56,80,deep
7/13/24 01:57,83,light
7/13/24 01:58,87,light
7/13/24 01:59,80,light
7/13/24 02:00,89,light
7/13/24 02:01,83,light
7/13/24 02:02,85,light
7/13/24 02:03,85,light
7/13/24 02:04,89,light
7/13/24 02:05,89,light
7/13/24 02:06,83,light
7/13/24 02:07,87,light
7/13/24 02:08,85,light
7/13/24 02:09,82,light
7/13/24 02:10,88,light
7/13/24 02:11,83,light
7/13/24 02:12,86,light
7/13/24 02:13,82,light
7/13/24 02:14,83,light
7/13/24 02:15,83,light
7/14/24 01:52,60,light
7/14/24 01:53,64,light
7/14/24 01:54,60,light
7/14/24 01:55,58,light
7/14/24 01:56,62,light
7/14/24 01:57,60,light
7/14/24 01:58,57,light
7/14/24 01:59,62,light
7/14/24 02:00,66,light
7/14/24 02:01,64,light
7/14/24 02:02,69,light
7/14/24 02:03,72,light
7/14/24 02:04,63,light
7/14/24 02:05,64,light
7/14/24 02:46,89,light
7/14/24 02:47,83,light
7/14/24 02:48,68,light
7/14/24 02:49,73,light
7/14/24 02:50,72,light
7/14/24 02:51,68,light
7/14/24 02:52,65,light
7/14/24 02:53,68,light
7/14/24 02:54,79,light
7/14/24 02:55,83,light
7/14/24 02:56,84,light
7/14/24 02:57,91,light
7/14/24 02:58,90,light
7/14/24 02:59,76,light
7/14/24 03:00,73,light
7/14/24 03:01,72,light
7/14/24 03:02,77,light
7/14/24 03:03,69,light
7/14/24 03:04,75,light
7/14/24 03:05,69,light
7/14/24 03:06,70,light
7/14/24 03:07,67,light
7/14/24 03:08,72,light
7/14/24 03:09,73,light
7/14/24 03:10,72,light
7/14/24 03:11,75,light
7/14/24 03:12,71,light
7/14/24 03:13,69,light
7/14/24 03:14,68,light
7/14/24 03:15,69,light
7/14/24 03:16,67,light
7/14/24 03:17,70,light
7/14/24 03:18,74,light
7/14/24 03:19,70,light
7/14/24 03:20,72,light
7/14/24 03:21,70,light
7/14/24 03:22,67,light
7/14/24 03:23,66,light
7/14/24 03:24,72,light
7/14/24 03:25,77,light
7/14/24 03:26,76,light
7/14/24 03:27,73,light
7/14/24 03:28,82,light
7/14/24 03:29,81,rem
7/14/24 03:30,82,rem
7/14/24 03:31,74,rem
7/14/24 03:32,79,rem
7/14/24 03:33,78,rem
7/14/24 03:34,81,rem
7/14/24 03:35,86,rem
7/14/24 03:36,106,rem
7/14/24 03:37,90,light
7/14/24 03:38,87,light
7/14/24 03:39,73,light
7/14/24 03:40,84,light
7/14/24 03:41,83,light
7/14/24 03:42,98,light
7/14/24 03:43,121,light
7/14/24 03:44,116,deep
7/14/24 03:45,117,deep
7/14/24 03:46,94,deep
7/14/24 03:47,86,deep
7/14/24 03:48,84,deep
7/14/24 03:49,89,deep
7/14/24 03:50,86,deep
7/14/24 03:51,74,deep
7/14/24 03:52,77,deep
7/14/24 03:53,85,deep
7/14/24 03:54,85,deep
7/14/24 03:55,76,deep
7/14/24 03:56,70,deep
7/14/24 03:57,72,deep
7/14/24 03:58,78,deep
7/14/24 03:59,74,deep
7/14/24 04:00,75,deep
7/14/24 04:01,70,deep
7/14/24 04:02,74,deep
7/14/24 04:03,76,deep
7/14/24 04:04,68,deep
7/14/24 04:05,72,light
7/14/24 04:06,75,light
7/14/24 04:07,72,light
7/14/24 04:08,75,light
7/14/24 04:09,78,light
7/14/24 04:10,87,light
7/14/24 04:11,82,light
7/14/24 04:12,83,light
7/14/24 04:13,83,light
7/14/24 04:14,81,light
7/14/24 04:15,75,light
7/14/24 04:16,80,light
7/14/24 04:17,80,light
7/14/24 04:18,85,light
7/14/24 04:19,78,light
7/14/24 04:20,70,light
7/14/24 04:21,73,light
7/14/24 04:22,86,light
7/14/24 04:23,80,light
7/14/24 04:24,81,light
7/14/24 04:25,79,light
7/14/24 04:26,82,light
7/14/24 04:27,72,light
7/14/24 04:28,77,light
7/14/24 04:29,68,light
7/14/24 04:30,77,light
7/14/24 04:31,78,light
7/14/24 04:32,81,light
7/14/24 04:33,82,light
7/14/24 04:34,78,light
7/14/24 04:35,81,light
7/14/24 04:36,84,light
7/14/24 04:37,79,light
7/14/24 04:38,80,light
7/14/24 04:39,78,light
7/14/24 04:40,83,light
7/14/24 04:41,80,light
7/14/24 04:42,82,light
7/14/24 04:43,75,light
7/14/24 04:44,81,light
7/14/24 04:45,89,light
7/14/24 04:46,86,light
7/14/24 04:48,79,rem
7/14/24 04:49,78,rem
7/14/24 04:50,87,rem
7/14/24 04:51,79,rem
7/14/24 04:52,84,rem
7/14/24 04:53,84,rem
7/14/24 04:54,80,rem
7/14/24 04:55,92,rem
7/14/24 04:56,87,rem
7/14/24 04:57,86,rem
7/14/24 04:58,88,rem
7/14/24 04:59,86,rem
7/14/24 05:00,88,rem
7/14/24 05:01,84,rem
7/14/24 05:02,78,rem
7/14/24 05:03,82,rem
7/14/24 05:04,80,rem
7/14/24 05:05,90,rem
7/14/24 05:06,80,rem
7/14/24 05:07,79,rem
7/14/24 05:08,86,light
7/14/24 05:09,86,light
7/14/24 05:10,86,light
7/14/24 05:11,84,light
7/14/24 05:12,81,light
7/14/24 05:13,88,light
7/14/24 05:14,80,light
7/14/24 05:15,79,light
7/14/24 05:16,77,light
7/14/24 05:17,84,light
7/14/24 05:18,78,light
7/14/24 05:19,76,light
7/14/24 05:20,74,light
7/14/24 05:21,80,light
7/14/24 05:23,81,wake
7/14/24 05:24,70,wake
7/14/24 05:25,72,wake
7/14/24 05:26,82,wake
7/14/24 05:27,77,wake
7/14/24 05:28,76,wake
7/14/24 05:29,79,wake
7/14/24 05:30,76,wake
7/14/24 05:31,76,wake
7/14/24 05:32,72,wake
7/14/24 05:33,76,wake
7/14/24 05:34,80,wake
7/14/24 05:35,81,wake
7/14/24 05:36,74,light
7/14/24 05:37,76,light
7/14/24 05:38,77,light
7/14/24 05:39,80,light
7/14/24 05:40,80,light
7/14/24 05:41,80,light
7/14/24 05:42,81,light
7/14/24 05:43,78,light
7/14/24 05:44,81,light
7/14/24 05:45,82,light
7/14/24 05:46,81,light
7/14/24 05:47,78,light
7/14/24 05:48,82,light
7/14/24 05:49,81,light
7/14/24 05:50,74,light
7/14/24 05:51,75,light
7/14/24 05:52,84,light
7/14/24 05:53,72,light
7/14/24 05:54,80,light
7/14/24 05:55,85,light
7/14/24 05:56,85,light
7/14/24 05:57,81,light
7/14/24 05:58,92,light
7/14/24 05:59,77,light
7/14/24 06:00,73,light
7/14/24 06:01,79,light
7/14/24 06:02,72,light
7/14/24 06:03,69,light
7/14/24 06:04,67,light
7/14/24 06:05,70,light
7/14/24 06:06,81,light
7/14/24 06:07,77,light
7/14/24 06:08,71,light
7/14/24 06:09,74,light
7/14/24 06:10,71,light
7/14/24 06:11,75,light
7/14/24 06:12,69,light
7/14/24 06:13,73,light
7/14/24 06:14,68,light
7/14/24 06:15,81,light
7/14/24 06:16,67,light
7/14/24 06:17,67,light
7/14/24 06:18,69,light
7/14/24 06:19,76,deep
7/14/24 06:20,66,deep
7/14/24 06:21,72,deep
7/14/24 06:22,70,deep
7/14/24 06:23,69,deep
7/14/24 06:24,68,light
7/14/24 06:25,69,light
7/14/24 06:26,68,light
7/14/24 06:27,65,light
7/14/24 06:28,68,light
7/14/24 06:29,69,light
7/14/24 06:30,67,light
7/14/24 06:31,67,light
7/14/24 06:32,69,light
7/14/24 06:33,69,light
7/14/24 06:34,79,light
7/14/24 06:35,69,light
7/14/24 06:36,66,light
7/14/24 06:37,67,light
7/14/24 06:38,66,light
7/14/24 06:40,67,rem
7/14/24 06:41,65,rem
7/14/24 06:42,65,rem
7/14/24 06:43,64,rem
7/14/24 06:44,61,rem
7/14/24 06:45,61,rem
7/14/24 06:46,65,rem
7/14/24 06:47,66,rem
7/14/24 06:48,66,light
7/14/24 06:49,66,light
7/14/24 06:50,65,light
7/14/24 06:51,67,light
7/14/24 06:52,64,light
7/14/24 06:53,66,light
7/14/24 06:54,64,rem
7/14/24 06:55,62,rem
7/14/24 06:56,63,rem
7/14/24 06:57,62,rem
7/14/24 06:58,65,rem
7/14/24 06:59,63,rem
7/14/24 07:00,61,rem
7/14/24 07:01,64,rem
7/14/24 07:02,64,rem
7/14/24 07:03,68,rem
7/14/24 07:04,63,rem
7/14/24 07:05,61,rem
7/14/24 07:06,63,rem
7/14/24 07:07,68,rem
7/14/24 07:08,64,rem
7/14/24 07:09,66,rem
7/14/24 07:10,63,rem
7/14/24 07:11,66,rem
7/14/24 07:12,65,rem
7/14/24 07:13,63,rem
7/14/24 07:14,68,rem
7/14/24 07:15,68,rem
7/14/24 07:16,61,rem
7/14/24 07:17,66,rem
7/14/24 07:18,65,rem
7/14/24 07:20,63,light
7/14/24 07:21,63,light
7/14/24 07:22,60,light
7/14/24 07:23,61,light
7/14/24 07:24,70,light
7/14/24 07:25,61,light
7/14/24 07:26,61,light
7/14/24 07:27,61,light
7/14/24 07:28,63,light
7/14/24 07:29,61,light
7/14/24 07:30,63,light
7/14/24 07:31,65,light
7/14/24 07:32,64,light
7/14/24 07:33,67,light
7/14/24 07:34,67,light
7/14/24 07:35,61,light
7/14/24 07:36,60,light
7/14/24 07:37,60,light
7/14/24 07:38,59,light
7/14/24 07:39,61,light
7/14/24 07:40,59,light
7/14/24 07:41,74,light
7/14/24 07:42,73,light
7/14/24 07:43,75,light
7/14/24 07:44,74,light
7/14/24 07:45,82,light
7/14/24 07:46,85,light
7/14/24 07:47,80,light
7/14/24 07:48,82,light
7/14/24 07:49,82,light
7/14/24 07:50,76,deep
7/14/24 07:51,77,deep
7/14/24 07:52,67,deep
7/14/24 07:53,63,deep
7/14/24 07:54,59,deep
7/14/24 07:55,62,deep
7/14/24 07:56,62,deep
7/14/24 07:57,66,deep
7/14/24 07:58,55,deep
7/14/24 07:59,55,deep
7/14/24 08:00,59,deep
7/14/24 08:01,65,deep
7/14/24 08:02,56,deep
7/14/24 08:03,59,deep
7/14/24 08:04,56,light
7/14/24 08:05,57,light
7/14/24 08:06,57,light
7/14/24 08:07,66,light
7/14/24 08:08,60,light
7/14/24 08:10,56,deep
7/14/24 08:11,60,deep
7/14/24 08:12,63,deep
7/14/24 08:13,61,deep
7/14/24 08:14,67,deep
7/14/24 08:15,63,deep
7/14/24 08:16,55,deep
7/14/24 08:17,61,deep
7/14/24 08:18,57,deep
7/14/24 08:19,55,deep
7/14/24 08:20,62,deep
7/14/24 08:21,58,light
7/14/24 08:22,63,light
7/14/24 08:23,63,light
7/14/24 08:24,59,light
7/14/24 08:25,68,light
7/14/24 08:26,70,light
7/14/24 08:27,58,rem
7/14/24 08:28,55,rem
7/14/24 08:29,56,rem
7/14/24 08:30,57,rem
7/14/24 08:31,58,rem
7/14/24 08:32,73,rem
7/14/24 08:33,58,rem
7/14/24 08:34,61,rem
7/14/24 08:36,57,wake
7/14/24 08:37,58,wake
7/14/24 08:38,59,wake
7/14/24 08:39,58,wake
7/14/24 08:40,58,wake
7/14/24 08:41,59,wake
7/14/24 08:42,55,wake
7/14/24 08:43,59,wake
7/14/24 08:44,56,wake
7/14/24 08:45,62,wake
7/14/24 08:46,56,wake
7/14/24 08:47,59,wake
7/14/24 08:48,59,wake
7/14/24 08:49,63,light
7/14/24 08:50,64,light
7/14/24 08:51,76,wake
7/14/24 08:52,76,wake
7/14/24 08:53,69,wake
7/14/24 08:54,64,wake
7/14/24 08:55,65,wake
7/14/24 08:57,58,light
7/14/24 08:58,62,light
7/14/24 08:59,62,light
7/15/24 01:28,62,light
7/15/24 01:29,74,light
7/15/24 01:30,79,light
7/15/24 01:31,93,light
7/15/24 01:32,97,light
7/15/24 01:33,116,light
7/15/24 01:34,114,light
7/15/24 01:35,89,light
7/15/24 01:36,89,wake
7/15/24 01:37,96,wake
7/15/24 01:38,100,wake
7/15/24 01:39,103,wake
7/15/24 01:40,100,wake
7/15/24 01:41,101,wake
7/15/24 01:42,101,light
7/15/24 01:43,99,light
7/15/24 01:44,100,light
7/15/24 01:45,99,light
7/15/24 01:46,98,light
7/15/24 01:47,96,light
7/15/24 01:48,91,light
7/15/24 01:49,86,light
7/15/24 01:50,88,light
7/15/24 01:51,82,light
7/15/24 01:52,83,light
7/15/24 01:53,86,light
7/15/24 01:54,86,light
7/15/24 01:55,81,light
7/15/24 01:56,72,light
7/15/24 01:57,72,light
7/15/24 01:58,73,light
7/15/24 01:59,69,light
7/15/24 02:00,75,light
7/15/24 02:01,73,light
7/15/24 02:02,75,light
7/15/24 02:03,72,light
7/15/24 02:04,69,light
7/15/24 02:05,71,light
7/15/24 02:06,70,light
7/15/24 02:07,71,rem
7/15/24 02:08,70,rem
7/15/24 02:09,72,rem
7/15/24 02:10,77,rem
7/15/24 02:11,79,rem
7/15/24 02:12,77,rem
7/15/24 02:13,78,rem
7/15/24 02:14,78,rem
7/15/24 02:15,76,rem
7/15/24 02:16,73,rem
7/15/24 02:17,76,rem
7/15/24 02:18,72,rem
7/15/24 02:19,69,rem
7/15/24 02:20,75,rem
7/15/24 02:21,80,rem
7/15/24 02:22,76,rem
7/15/24 02:23,72,rem
7/15/24 02:24,69,light
7/15/24 02:25,74,light
7/15/24 02:26,75,light
7/15/24 02:27,70,light
7/15/24 02:28,74,light
7/15/24 02:29,70,light
7/15/24 02:30,71,light
7/15/24 02:31,71,light
7/15/24 02:32,88,light
7/15/24 02:33,78,light
7/15/24 02:34,76,light
7/15/24 02:35,81,light
7/15/24 02:36,79,deep
7/15/24 02:37,81,deep
7/15/24 02:38,77,deep
7/15/24 02:39,75,deep
7/15/24 02:40,76,deep
7/15/24 02:41,79,deep
7/15/24 02:43,81,light
7/15/24 02:44,72,light
7/15/24 02:45,72,light
7/15/24 02:46,76,light
7/15/24 02:47,79,light
7/15/24 02:48,76,light
7/15/24 02:49,76,light
7/15/24 02:50,76,light
7/15/24 02:51,73,light
7/15/24 02:52,80,light
7/15/24 02:53,73,light
7/15/24 02:54,77,light
7/15/24 02:55,83,deep
7/15/24 02:56,81,deep
7/15/24 02:57,83,deep
7/15/24 02:58,78,deep
7/15/24 02:59,84,deep
7/15/24 03:00,76,deep
7/15/24 03:01,81,deep
7/15/24 03:02,76,deep
7/15/24 03:03,81,deep
7/15/24 03:04,85,deep
7/15/24 03:05,83,deep
7/15/24 03:06,87,deep
7/15/24 03:07,89,deep
7/15/24 03:08,80,deep
7/15/24 03:09,77,deep
7/15/24 03:10,83,deep
7/15/24 03:11,88,deep
7/15/24 03:12,79,deep
7/15/24 03:13,73,deep
7/15/24 03:14,84,deep
7/15/24 03:15,78,deep
7/15/24 03:16,78,deep
7/15/24 03:17,80,deep
7/15/24 03:18,76,deep
7/15/24 03:19,76,deep
7/15/24 03:20,81,deep
7/15/24 03:21,84,deep
7/15/24 03:22,86,deep
7/15/24 03:23,81,deep
7/15/24 03:24,86,deep
7/15/24 03:25,85,deep
7/15/24 03:26,93,deep
7/15/24 03:27,77,deep
7/15/24 03:28,77,deep
7/15/24 03:29,84,deep
7/15/24 03:30,82,deep
7/15/24 03:31,79,deep
7/15/24 03:32,81,deep
7/15/24 03:33,73,deep
7/15/24 03:34,79,deep
7/15/24 03:35,75,deep
7/15/24 03:36,78,deep
7/15/24 03:37,71,deep
7/15/24 03:38,72,deep
7/15/24 03:39,79,deep
7/15/24 03:40,83,deep
7/15/24 03:41,78,light
7/15/24 03:42,80,light
7/15/24 03:43,84,light
7/15/24 03:44,79,light
7/15/24 03:45,82,light
7/15/24 03:46,78,light
7/15/24 03:47,67,light
7/15/24 03:48,78,light
7/15/24 03:49,78,light
7/15/24 03:50,79,light
7/15/24 03:51,74,light
7/15/24 03:52,79,light
7/15/24 03:53,85,light
7/15/24 03:54,84,light
7/15/24 03:55,74,light
7/15/24 03:56,76,light
7/15/24 03:57,79,light
7/15/24 03:58,74,light
7/15/24 03:59,75,rem
7/15/24 04:00,73,rem
7/15/24 04:01,80,rem
7/15/24 04:02,67,rem
7/15/24 04:03,73,rem
7/15/24 04:04,73,rem
7/15/24 04:05,66,rem
7/15/24 04:06,74,rem
7/15/24 04:07,76,rem
7/15/24 04:08,79,rem
7/15/24 04:09,74,rem
7/15/24 04:10,74,rem
7/15/24 04:11,74,rem
7/15/24 04:12,75,rem
7/15/24 04:13,74,rem
7/15/24 04:14,68,rem
7/15/24 04:15,68,rem
7/15/24 04:16,67,rem
7/15/24 04:17,64,rem
7/15/24 04:18,65,rem
7/15/24 04:19,66,rem
7/15/24 04:20,67,rem
7/15/24 04:21,70,rem
7/15/24 04:22,64,rem
7/15/24 04:23,69,rem
7/15/24 04:24,69,rem
7/15/24 04:25,70,rem
7/15/24 04:26,68,rem
7/15/24 04:27,72,rem
7/15/24 04:28,68,rem
7/15/24 04:29,64,rem
7/15/24 04:30,65,rem
7/15/24 04:31,66,rem
7/15/24 04:32,72,rem
7/15/24 04:33,71,rem
7/15/24 04:34,70,rem
7/15/24 04:35,70,rem
7/15/24 04:36,79,rem
7/15/24 04:37,81,light
7/15/24 04:38,72,light
7/15/24 04:39,80,light
7/15/24 04:40,78,light
7/15/24 04:41,72,light
7/15/24 04:42,69,light
7/15/24 04:43,78,light
7/15/24 04:44,73,light
7/15/24 04:45,73,light
7/15/24 04:46,71,light
7/15/24 04:47,74,light
7/15/24 04:48,65,light
7/15/24 04:49,78,light
7/15/24 04:50,68,light
7/15/24 04:51,67,light
7/15/24 04:52,66,light
7/15/24 04:53,64,light
7/15/24 04:54,71,light
7/15/24 04:55,67,light
7/15/24 04:56,72,light
7/15/24 04:57,74,light
7/15/24 04:58,64,light
7/15/24 04:59,62,light
7/15/24 05:00,67,light
7/15/24 05:01,62,deep
7/15/24 05:02,64,deep
7/15/24 05:03,68,deep
7/15/24 05:04,85,deep
7/15/24 05:05,61,deep
7/15/24 05:06,64,light
7/15/24 05:07,66,light
7/15/24 05:08,66,light
7/15/24 05:09,71,light
7/15/24 05:10,69,light
7/15/24 05:11,65,light
7/15/24 05:12,70,light
7/15/24 05:13,76,light
7/15/24 05:14,66,light
7/15/24 05:15,69,light
7/15/24 05:16,66,deep
7/15/24 05:17,66,deep
7/15/24 05:18,71,deep
7/15/24 05:19,64,deep
7/15/24 05:20,61,deep
7/15/24 05:21,64,deep
7/15/24 05:22,67,light
7/15/24 05:23,64,light
7/15/24 05:24,71,light
7/15/24 05:25,63,light
7/15/24 05:26,67,light
7/15/24 05:27,63,light
7/15/24 05:28,62,light
7/15/24 05:29,68,light
7/15/24 05:30,67,light
7/15/24 05:31,69,light
7/15/24 05:32,70,light
7/15/24 05:33,68,light
7/15/24 05:34,78,light
7/15/24 05:35,79,light
7/15/24 05:36,82,light
7/15/24 05:37,82,light
7/15/24 05:38,82,light
7/15/24 05:39,88,light
7/15/24 05:40,85,light
7/15/24 05:41,85,light
7/15/24 05:42,73,light
7/15/24 05:43,87,light
7/15/24 05:44,82,light
7/15/24 05:45,77,light
7/15/24 05:46,80,light
7/15/24 05:47,78,light
7/15/24 05:48,80,light
7/15/24 05:49,88,light
7/15/24 05:50,84,light
7/15/24 05:51,88,light
7/15/24 05:52,79,light
7/15/24 05:53,79,light
7/15/24 05:54,77,light
7/15/24 05:55,79,light
7/15/24 05:56,75,rem
7/15/24 05:57,74,rem
7/15/24 05:58,68,rem
7/15/24 05:59,64,rem
7/15/24 06:00,72,rem
7/15/24 06:01,71,rem
7/15/24 06:02,85,rem
7/15/24 06:03,86,rem
7/15/24 06:04,91,rem
7/15/24 06:05,97,rem
7/15/24 06:06,94,rem
7/15/24 06:07,93,rem
7/15/24 06:08,94,rem
7/15/24 06:09,93,rem
7/15/24 06:10,72,rem
7/15/24 06:11,72,rem
7/15/24 06:12,70,rem
7/15/24 06:13,81,rem
7/15/24 06:14,68,rem
7/15/24 06:15,68,rem
7/15/24 06:16,68,rem
7/15/24 06:17,69,rem
7/15/24 06:18,72,rem
7/15/24 06:19,82,rem
7/15/24 06:20,79,rem
7/15/24 06:21,74,rem
7/15/24 06:22,80,rem
7/15/24 06:23,77,rem
7/15/24 06:24,79,rem
7/15/24 06:25,79,rem
7/15/24 06:26,78,rem
7/15/24 06:27,74,rem
7/15/24 06:28,78,rem
7/15/24 06:29,77,rem
7/15/24 06:30,82,light
7/15/24 06:31,78,light
7/15/24 06:32,78,light
7/15/24 06:33,82,light
7/15/24 06:34,79,light
7/15/24 06:35,76,light
7/15/24 06:36,77,light
7/15/24 06:37,75,light
7/15/24 06:38,78,light
7/15/24 06:39,78,light
7/15/24 06:40,82,light
7/15/24 06:41,83,light
7/15/24 06:42,89,light
7/15/24 06:43,93,light
7/15/24 06:44,97,light
7/15/24 06:45,100,light
7/15/24 06:46,102,light
7/15/24 06:47,104,light
7/15/24 06:48,102,light
7/15/24 06:49,103,light
7/15/24 06:50,105,light
7/15/24 06:51,105,light
7/15/24 06:52,106,light
7/15/24 06:53,107,light
7/15/24 06:54,101,light
7/15/24 07:15,103,wake
7/15/24 07:16,103,wake
7/15/24 07:17,100,wake
7/15/24 07:18,83,light
7/15/24 07:19,86,light
7/15/24 07:20,78,light
7/15/24 07:21,87,light
7/15/24 07:22,82,light
7/15/24 07:23,87,light
7/15/24 07:24,81,light
7/15/24 07:25,78,wake
7/15/24 07:26,76,wake
7/15/24 07:27,76,wake
7/15/24 07:28,81,wake
7/15/24 07:29,78,wake
7/15/24 07:30,72,wake
7/15/24 07:31,75,wake
7/15/24 07:32,72,wake
7/15/24 07:34,71,light
7/15/24 07:35,73,light
7/15/24 07:36,73,light
7/15/24 07:37,70,light
7/15/24 07:38,76,light
7/16/24 00:42,65,light
7/16/24 00:43,66,light
7/16/24 00:44,68,light
7/16/24 01:43,73,light
7/16/24 01:44,82,light
7/16/24 01:45,78,light
7/16/24 01:46,87,light
7/16/24 01:47,83,light
7/16/24 01:48,84,light
7/16/24 01:49,77,deep
7/16/24 01:50,91,deep
7/16/24 01:51,94,deep
7/16/24 01:52,94,deep
7/16/24 01:53,93,deep
7/16/24 01:54,95,deep
7/16/24 01:55,97,deep
7/16/24 01:56,93,deep
7/16/24 01:57,98,deep
7/16/24 01:58,99,deep
7/16/24 01:59,98,deep
7/16/24 02:00,99,deep
7/16/24 02:01,104,deep
7/16/24 02:02,97,deep
7/16/24 02:03,102,deep
7/16/24 02:04,103,light
7/16/24 02:05,101,light
7/16/24 02:06,106,light
7/16/24 02:07,90,light
7/16/24 02:08,86,light
7/16/24 02:09,87,light
7/16/24 02:10,89,light
7/16/24 02:11,90,light
7/16/24 02:12,83,light
7/16/24 02:13,83,light
7/16/24 02:14,80,light
7/16/24 02:15,74,light
7/16/24 02:16,84,light
7/16/24 02:17,78,light
7/16/24 02:18,74,light
7/16/24 02:19,74,light
7/16/24 02:20,75,light
7/16/24 02:21,73,light
7/16/24 02:22,82,light
7/16/24 02:23,89,light
7/16/24 02:24,91,light
7/16/24 02:25,82,light
7/16/24 02:26,79,light
7/16/24 02:27,80,light
7/16/24 02:28,83,light
7/16/24 02:29,80,light
7/16/24 02:30,78,light
7/16/24 02:31,79,light
7/16/24 02:32,79,light
7/16/24 02:33,73,light
7/16/24 02:34,75,light
7/16/24 02:35,75,light
7/16/24 02:36,75,light
7/16/24 02:37,70,light
7/16/24 02:38,84,light
7/16/24 02:39,77,light
7/16/24 02:40,75,light
7/16/24 02:41,89,light
7/16/24 02:42,88,light
7/16/24 02:43,81,light
7/16/24 02:44,87,light
7/16/24 02:45,87,light
7/16/24 02:46,81,light
7/16/24 02:47,82,light
7/16/24 02:48,85,light
7/16/24 02:49,94,light
7/16/24 02:50,95,light
7/16/24 02:51,94,light
7/16/24 02:52,96,light
7/16/24 02:53,95,light
7/16/24 02:54,86,light
7/16/24 02:55,78,light
7/16/24 02:56,83,light
7/16/24 02:57,90,light
7/16/24 02:59,88,rem
7/16/24 03:00,87,rem
7/16/24 03:01,93,rem
7/16/24 03:02,98,rem
7/16/24 03:03,102,rem
7/16/24 03:04,97,rem
7/16/24 03:05,102,rem
7/16/24 03:06,106,rem
7/16/24 03:07,105,rem
7/16/24 03:08,106,rem
7/16/24 03:09,106,rem
7/16/24 03:10,113,rem
7/16/24 03:11,124,rem
7/16/24 03:12,121,rem
7/16/24 03:13,128,rem
7/16/24 03:14,123,rem
7/16/24 03:15,129,rem
7/16/24 03:16,128,rem
7/16/24 03:17,126,rem
7/16/24 03:18,120,rem
7/16/24 03:19,128,rem
7/16/24 03:20,129,rem
7/16/24 03:21,127,rem
7/16/24 03:22,126,rem
7/16/24 03:23,124,rem
7/16/24 03:24,125,rem
7/16/24 03:25,125,rem
7/16/24 03:26,125,rem
7/16/24 03:27,125,rem
7/16/24 03:28,127,rem
7/16/24 03:29,125,rem
7/16/24 03:30,124,light
7/16/24 03:31,131,light
7/16/24 03:32,122,light
7/16/24 03:33,129,light
7/16/24 03:34,126,light
7/16/24 03:35,124,rem
7/16/24 03:36,124,rem
7/16/24 03:37,121,rem
7/16/24 03:38,120,rem
7/16/24 03:40,120,light
7/16/24 03:41,118,light
7/16/24 03:42,119,light
7/16/24 03:43,123,light
7/16/24 03:44,114,light
7/16/24 03:45,123,light
7/16/24 03:46,123,light
7/16/24 03:47,121,light
7/16/24 03:48,123,light
7/16/24 03:49,120,light
7/16/24 03:50,121,light
7/16/24 03:51,119,light
7/16/24 03:52,113,light
7/16/24 03:53,117,light
7/16/24 03:54,121,light
7/16/24 03:55,120,light
7/16/24 03:56,119,light
7/16/24 03:57,116,light
7/16/24 03:58,119,light
7/16/24 03:59,121,light
7/16/24 04:00,119,light
7/16/24 04:01,123,deep
7/16/24 04:02,124,deep
7/16/24 04:03,120,deep
7/16/24 04:04,116,deep
7/16/24 04:05,117,deep
7/16/24 04:06,116,deep
7/16/24 04:07,116,deep
7/16/24 04:08,119,deep
7/16/24 04:09,116,deep
7/16/24 04:10,117,deep
7/16/24 04:11,118,deep
7/16/24 04:12,120,deep
7/16/24 04:13,121,deep
7/16/24 04:14,125,deep
7/16/24 04:15,124,deep
7/16/24 04:16,114,deep
7/16/24 04:17,112,deep
7/16/24 04:19,115,light
7/16/24 04:20,103,light
7/16/24 04:21,115,light
7/16/24 04:22,117,light
7/16/24 04:23,113,light
7/16/24 04:24,118,light
7/16/24 04:25,115,light
7/16/24 04:26,114,light
7/16/24 04:27,115,light
7/16/24 04:28,111,deep
7/16/24 04:29,108,deep
7/16/24 04:30,116,deep
7/16/24 04:31,115,deep
7/16/24 04:32,114,deep
7/16/24 04:33,114,light
7/16/24 04:34,113,light
7/16/24 04:35,117,light
7/16/24 04:36,116,light
7/16/24 04:37,117,light
7/16/24 04:38,108,light
7/16/24 04:39,110,light
7/16/24 04:40,119,light
7/16/24 04:41,118,light
7/16/24 04:42,121,light
7/16/24 04:43,118,light
7/16/24 04:44,117,light
7/16/24 04:45,117,light
7/16/24 04:46,111,light
7/16/24 04:47,108,light
7/16/24 04:49,120,deep
7/16/24 04:50,112,deep
7/16/24 04:51,115,deep
7/16/24 04:52,115,deep
7/16/24 04:53,118,deep
7/16/24 04:54,122,deep
7/16/24 04:55,120,deep
7/16/24 04:56,120,deep
7/16/24 04:57,112,deep
7/16/24 04:58,114,deep
7/16/24 04:59,114,deep
7/16/24 05:00,110,deep
7/16/24 05:01,106,deep
7/16/24 05:02,107,deep
7/16/24 05:03,106,rem
7/16/24 05:04,110,rem
7/16/24 05:05,112,rem
7/16/24 05:06,105,rem
7/16/24 05:07,104,rem
7/16/24 05:08,102,rem
7/16/24 05:09,103,rem
7/16/24 05:10,109,rem
7/16/24 05:11,107,rem
7/16/24 05:12,108,rem
7/16/24 05:13,104,rem
7/16/24 05:14,106,rem
7/16/24 05:15,102,rem
7/16/24 05:16,93,rem
7/16/24 05:17,91,rem
7/16/24 05:18,95,rem
7/16/24 05:19,90,rem
7/16/24 05:20,94,rem
7/16/24 05:21,101,rem
7/16/24 05:22,99,rem
7/16/24 05:23,103,rem
7/16/24 05:24,102,rem
7/16/24 05:25,104,rem
7/16/24 05:26,99,rem
7/16/24 05:27,98,rem
7/16/24 05:28,100,wake
7/16/24 05:29,101,wake
7/16/24 05:30,98,wake
7/16/24 05:31,100,wake
7/16/24 05:32,97,wake
7/16/24 05:33,104,wake
7/16/24 05:34,108,light
7/16/24 05:35,106,light
7/16/24 05:36,103,light
7/16/24 05:37,106,light
7/16/24 05:38,104,light
7/16/24 05:39,103,light
7/16/24 05:40,101,light
7/16/24 05:41,103,light
7/16/24 05:42,103,light
7/16/24 05:43,106,light
7/16/24 05:44,102,light
7/16/24 05:45,100,light
7/16/24 05:46,94,light
7/16/24 05:47,96,light
7/16/24 05:48,97,light
7/16/24 05:49,95,light
7/16/24 05:50,94,light
7/16/24 05:51,96,light
7/16/24 05:52,97,light
7/16/24 05:53,100,light
7/16/24 05:54,108,light
7/16/24 05:55,107,light
7/16/24 05:56,102,light
7/16/24 05:57,99,light
7/16/24 05:58,92,light
7/16/24 05:59,93,light
7/16/24 06:00,91,light
7/16/24 06:01,88,light
7/16/24 06:02,94,light
7/16/24 06:03,94,light
7/16/24 06:04,95,light
7/16/24 06:05,102,light
7/16/24 06:06,96,light
7/16/24 06:07,107,light
7/16/24 06:08,103,light
7/16/24 06:09,116,light
7/16/24 06:10,115,light
7/16/24 06:11,113,light
7/16/24 06:12,115,light
7/16/24 06:13,110,light
7/16/24 06:14,111,light
7/16/24 06:15,106,light
7/16/24 06:16,97,light
7/16/24 06:17,89,light
7/16/24 06:18,97,light
7/16/24 06:19,86,light
7/16/24 06:20,88,light
7/16/24 06:21,88,light
7/16/24 06:22,87,light
7/16/24 06:23,89,light
7/16/24 06:24,90,light
7/16/24 06:25,87,light
7/16/24 06:26,88,light
7/16/24 06:27,90,light
7/16/24 06:28,86,light
7/16/24 06:29,86,light
7/16/24 06:30,84,light
7/16/24 06:31,84,light
7/16/24 06:32,85,light
7/16/24 06:33,88,light
7/16/24 06:34,95,light
7/16/24 06:35,85,light
7/16/24 06:36,87,light
7/16/24 06:37,86,light
7/16/24 06:39,93,rem
7/16/24 06:40,86,rem
7/16/24 06:41,83,rem
7/16/24 06:42,85,rem
7/16/24 06:43,85,rem
7/16/24 06:44,89,rem
7/16/24 06:45,85,rem
7/16/24 06:46,91,rem
7/16/24 06:47,88,rem
7/16/24 06:48,90,rem
7/16/24 06:49,87,rem
7/16/24 06:50,96,rem
7/16/24 06:51,88,rem
7/16/24 06:52,89,rem
7/16/24 06:53,88,rem
7/16/24 06:54,91,rem
7/16/24 06:55,90,rem
7/16/24 06:56,88,rem
7/16/24 06:57,87,rem
7/16/24 06:58,84,rem
7/16/24 06:59,94,rem
7/16/24 07:00,96,rem
7/16/24 07:01,94,rem
7/16/24 07:02,91,rem
7/16/24 07:03,92,rem
7/16/24 07:04,88,rem
7/16/24 07:05,89,rem
7/16/24 07:06,88,rem
7/16/24 07:07,84,rem
7/16/24 07:08,85,rem
7/16/24 07:09,85,rem
7/16/24 07:10,82,rem
7/16/24 07:11,82,rem
7/16/24 07:12,88,rem
7/16/24 07:13,92,rem
7/16/24 07:14,94,rem
7/16/24 07:15,85,rem
7/16/24 07:16,72,light
7/16/24 07:17,64,light
7/16/24 07:18,76,light
7/16/24 07:19,82,light
7/16/24 07:20,86,wake
7/16/24 07:21,83,wake
7/16/24 07:22,88,wake
7/16/24 07:23,89,wake
7/16/24 07:24,95,wake
7/16/24 07:25,89,wake
7/16/24 07:26,86,wake
7/16/24 07:27,87,light
7/16/24 07:28,88,light
7/16/24 07:29,83,light
7/16/24 07:30,83,light
7/16/24 07:31,84,light
9/9/24 00:00,72,deep
9/9/24 00:01,71,deep
9/9/24 00:02,72,deep
9/9/24 00:03,71,deep
9/9/24 00:04,71,deep
9/9/24 00:05,72,deep
9/9/24 00:06,71,deep
9/9/24 00:07,71,light
9/9/24 00:08,71,light
9/9/24 00:09,70,light
9/9/24 00:10,70,light
9/9/24 00:11,70,light
9/9/24 00:12,71,light
9/9/24 00:13,75,light
9/9/24 00:14,70,light
9/9/24 00:15,71,light
9/9/24 00:16,73,light
9/9/24 00:17,69,light
9/9/24 00:18,67,light
9/9/24 00:19,68,light
9/9/24 00:20,67,light
9/9/24 00:21,67,light
9/9/24 00:22,67,light
9/9/24 00:23,66,light
9/9/24 00:24,67,light
9/9/24 00:25,70,light
9/9/24 00:26,67,light
9/9/24 00:27,66,light
9/9/24 00:28,77,light
9/9/24 00:29,70,light
9/9/24 00:31,75,wake
9/9/24 00:32,77,wake
9/9/24 00:33,80,wake
9/9/24 00:34,79,wake
9/9/24 00:35,79,wake
9/9/24 00:36,81,wake
9/9/24 00:37,82,wake
9/9/24 00:38,82,wake
9/9/24 00:39,77,wake
9/9/24 00:40,77,wake
9/9/24 00:41,79,wake
9/9/24 00:42,81,wake
9/9/24 00:43,81,wake
9/9/24 00:44,79,wake
9/9/24 00:45,78,wake
9/9/24 00:46,78,wake
9/9/24 00:47,84,wake
9/9/24 00:48,86,wake
9/9/24 00:49,85,wake
9/9/24 00:50,82,wake
9/9/24 00:51,82,wake
9/9/24 00:52,82,wake
9/9/24 00:53,83,wake
9/9/24 00:54,84,wake
9/9/24 00:55,76,light
9/9/24 00:56,73,light
9/9/24 00:57,71,light
9/9/24 00:58,70,light
9/9/24 00:59,68,light
9/9/24 01:00,68,light
9/9/24 01:01,69,light
9/9/24 01:02,67,light
9/9/24 01:03,68,light
9/9/24 01:04,67,light
9/9/24 01:05,67,light
9/9/24 01:06,65,light
9/9/24 01:07,65,light
9/9/24 01:08,65,light
9/9/24 01:09,67,light
9/9/24 01:10,65,light
9/9/24 01:11,66,rem
9/9/24 01:12,66,rem
9/9/24 01:13,67,rem
9/9/24 01:14,69,rem
9/9/24 01:15,77,rem
9/9/24 01:16,71,rem
9/9/24 01:17,72,rem
9/9/24 01:18,73,rem
9/9/24 01:19,65,rem
9/9/24 01:20,70,rem
9/9/24 01:21,74,rem
9/9/24 01:22,77,rem
9/9/24 01:23,69,rem
9/9/24 01:24,69,light
9/9/24 01:25,67,light
9/9/24 01:26,67,light
9/9/24 01:27,66,light
9/9/24 01:28,66,light
9/9/24 01:29,66,light
9/9/24 01:30,65,light
9/9/24 01:31,66,light
9/9/24 01:32,66,light
9/9/24 01:33,66,light
9/9/24 01:34,73,light
9/9/24 01:35,65,light
9/9/24 01:36,66,light
9/9/24 01:37,66,light
9/9/24 01:38,66,light
9/9/24 01:39,66,light
9/9/24 01:40,64,light
9/9/24 01:41,65,light
9/9/24 01:43,65,deep
9/9/24 01:44,65,deep
9/9/24 01:45,65,deep
9/9/24 01:46,65,deep
9/9/24 01:47,65,deep
9/9/24 01:48,64,deep
9/9/24 01:49,68,deep
9/9/24 01:50,65,deep
9/9/24 01:51,65,deep
9/9/24 01:52,64,deep
9/9/24 01:53,65,deep
9/9/24 01:54,65,deep
9/9/24 01:55,65,deep
9/9/24 01:56,64,deep
9/9/24 01:57,64,deep
9/9/24 01:58,64,deep
9/9/24 01:59,65,deep
9/9/24 02:00,64,deep
9/9/24 02:01,64,deep
9/9/24 02:02,64,deep
9/9/24 02:03,63,deep
9/9/24 02:04,64,deep
9/9/24 02:05,64,deep
9/9/24 02:06,64,deep
9/9/24 02:07,63,deep
9/9/24 02:08,64,deep
9/9/24 02:09,63,deep
9/9/24 02:10,64,deep
9/9/24 02:11,63,deep
9/9/24 02:12,63,deep
9/9/24 02:13,63,deep
9/9/24 02:14,63,deep
9/9/24 02:15,71,light
9/9/24 02:16,65,light
9/9/24 02:17,65,light
9/9/24 02:18,65,light
9/9/24 02:19,64,light
9/9/24 02:20,65,light
9/9/24 02:21,64,light
9/9/24 02:22,64,light
9/9/24 02:23,65,light
9/9/24 02:24,64,light
9/9/24 02:25,63,light
9/9/24 02:26,63,light
9/9/24 02:27,66,light
9/9/24 02:28,68,light
9/9/24 02:29,67,light
9/9/24 02:30,62,light
9/9/24 02:31,64,light
9/9/24 02:32,63,light
9/9/24 02:33,64,rem
9/9/24 02:34,61,rem
9/9/24 02:35,65,rem
9/9/24 02:36,75,rem
9/9/24 02:37,65,rem
9/9/24 02:38,66,rem
9/9/24 02:39,66,rem
9/9/24 02:40,66,rem
9/9/24 02:41,66,rem
9/9/24 02:42,67,rem
9/9/24 02:43,67,rem
9/9/24 02:44,75,rem
9/9/24 02:45,66,rem
9/9/24 02:46,67,rem
9/9/24 02:47,69,rem
9/9/24 02:48,75,rem
9/9/24 02:49,76,rem
9/9/24 02:50,72,rem
9/9/24 02:51,68,rem
9/9/24 02:52,67,rem
9/9/24 02:53,67,rem
9/9/24 02:54,70,rem
9/9/24 02:56,64,light
9/9/24 02:57,69,light
9/9/24 02:58,63,light
9/9/24 02:59,62,light
9/9/24 03:00,60,light
9/9/24 03:01,63,light
9/9/24 03:02,63,rem
9/9/24 03:03,64,rem
9/9/24 03:04,64,rem
9/9/24 03:05,61,rem
9/9/24 03:06,63,rem
9/9/24 03:07,64,rem
9/9/24 03:09,70,light
9/9/24 03:10,66,light
9/9/24 03:11,66,light
9/9/24 03:12,66,light
9/9/24 03:13,65,light
9/9/24 03:14,65,light
9/9/24 03:15,65,deep
9/9/24 03:16,65,deep
9/9/24 03:17,65,deep
9/9/24 03:18,64,deep
9/9/24 03:19,64,deep
9/9/24 03:20,64,deep
9/9/24 03:21,63,deep
9/9/24 03:22,64,deep
9/9/24 03:23,64,deep
9/9/24 03:24,64,deep
9/9/24 03:25,64,deep
9/9/24 03:26,64,deep
9/9/24 03:27,64,deep
9/9/24 03:28,64,deep
9/9/24 03:29,64,deep
9/9/24 03:30,63,deep
9/9/24 03:31,68,light
9/9/24 03:32,60,light
9/9/24 03:33,62,light
9/9/24 03:34,63,light
9/9/24 03:35,62,light
9/9/24 03:36,68,light
9/9/24 03:37,62,light
9/9/24 03:38,62,light
9/9/24 03:39,62,light
9/9/24 03:40,61,light
9/9/24 03:41,62,light
9/9/24 03:42,61,light
9/9/24 03:43,61,light
9/9/24 03:44,62,light
9/9/24 03:45,62,light
9/9/24 03:46,61,light
9/9/24 03:47,61,light
9/9/24 03:48,61,light
9/9/24 03:49,63,light
9/9/24 03:50,62,light
9/9/24 03:51,61,light
9/9/24 03:52,61,light
9/9/24 03:53,62,light
9/9/24 03:54,61,light
9/9/24 03:55,62,light
9/9/24 03:56,62,light
9/9/24 03:57,61,light
9/9/24 03:58,60,light
9/9/24 03:59,60,light
9/9/24 04:00,60,light
9/9/24 04:01,61,light
9/9/24 04:02,62,light
9/9/24 04:03,60,light
9/9/24 04:04,61,light
9/9/24 04:05,62,light
9/9/24 04:06,61,light
9/9/24 04:07,61,light
9/9/24 04:08,62,deep
9/9/24 04:09,62,deep
9/9/24 04:10,62,deep
9/9/24 04:11,61,deep
9/9/24 04:12,61,deep
9/9/24 04:13,62,light
9/9/24 04:14,63,light
9/9/24 04:15,74,light
9/9/24 04:16,62,light
9/9/24 04:17,61,light
9/9/24 04:18,60,light
9/9/24 04:19,60,light
9/9/24 04:20,60,light
9/9/24 04:21,60,light
9/9/24 04:22,59,light
9/9/24 04:23,59,light
9/9/24 04:24,59,light
9/9/24 04:25,65,light
9/9/24 04:26,58,light
9/9/24 04:27,58,rem
9/9/24 04:28,58,rem
9/9/24 04:29,63,rem
9/9/24 04:30,61,rem
9/9/24 04:31,64,rem
9/9/24 04:32,61,rem
9/9/24 04:33,65,rem
9/9/24 04:34,64,rem
9/9/24 04:35,63,rem
9/9/24 04:36,64,rem
9/9/24 04:37,64,rem
9/9/24 04:38,66,rem
9/9/24 04:39,63,rem
9/9/24 04:40,63,rem
9/9/24 04:41,68,rem
9/9/24 04:42,62,rem
9/9/24 04:43,63,rem
9/9/24 04:44,61,rem
9/9/24 04:45,61,rem
9/9/24 04:46,58,rem
9/9/24 04:47,58,rem
9/9/24 04:48,59,rem
9/9/24 04:49,57,rem
9/9/24 04:50,59,rem
9/9/24 04:51,59,rem
9/9/24 04:52,60,rem
9/9/24 04:53,59,rem
9/9/24 04:54,62,rem
9/9/24 04:55,65,rem
9/9/24 04:56,61,rem
9/9/24 04:57,60,rem
9/9/24 04:58,60,rem
9/9/24 04:59,62,rem
9/9/24 05:00,61,rem
9/9/24 05:01,60,rem
9/9/24 05:02,62,rem
9/9/24 05:04,63,light
9/9/24 05:05,69,light
9/9/24 05:06,62,light
9/9/24 05:07,62,light
9/9/24 05:08,62,light
9/9/24 05:09,62,light
9/9/24 05:10,62,light
9/9/24 05:11,60,light
9/9/24 05:12,61,light
9/9/24 05:13,62,light
9/9/24 05:14,61,light
9/9/24 05:15,62,light
9/9/24 05:16,61,light
9/9/24 05:17,62,light
9/9/24 05:18,62,light
9/9/24 05:19,62,light
9/9/24 05:20,62,light
9/9/24 05:21,61,light
9/9/24 05:22,61,light
9/9/24 05:23,62,light
9/9/24 05:24,62,light
9/9/24 05:25,63,light
9/9/24 05:26,62,light
9/9/24 05:27,62,light
9/9/24 05:28,62,light
9/10/24 00:12,63,light
9/10/24 00:13,62,light
9/10/24 00:14,63,light
9/10/24 00:15,63,light
9/10/24 00:16,61,light
9/10/24 00:17,61,light
9/10/24 00:18,62,light
9/10/24 00:19,64,light
9/10/24 00:20,63,deep
9/10/24 00:21,62,deep
9/10/24 00:22,62,deep
9/10/24 00:23,62,deep
9/10/24 00:24,61,deep
9/10/24 00:25,62,deep
9/10/24 00:26,61,deep
9/10/24 00:27,62,deep
9/10/24 00:28,62,deep
9/10/24 00:29,62,deep
9/10/24 00:30,62,deep
9/10/24 00:31,63,deep
9/10/24 00:32,63,deep
9/10/24 00:33,63,deep
9/10/24 00:34,63,deep
9/10/24 00:35,74,deep
9/10/24 00:36,74,rem
9/10/24 00:37,65,rem
9/10/24 00:38,69,rem
9/10/24 00:39,63,rem
9/10/24 00:40,64,rem
9/10/24 00:41,65,rem
9/10/24 00:42,64,rem
9/10/24 00:43,77,rem
9/10/24 00:44,70,rem
9/10/24 00:45,65,rem
9/10/24 00:46,66,rem
9/10/24 00:47,65,rem
9/10/24 00:48,64,rem
9/10/24 00:49,67,rem
9/10/24 00:50,64,rem
9/10/24 00:51,63,rem
9/10/24 00:52,62,rem
9/10/24 00:53,64,rem
9/10/24 00:54,71,rem
9/10/24 00:55,65,rem
9/10/24 00:56,59,rem
9/10/24 00:57,57,rem
9/10/24 00:58,59,rem
9/10/24 00:59,63,rem
9/10/24 01:00,73,rem
9/10/24 01:02,66,light
9/10/24 01:03,65,light
9/10/24 01:04,64,light
9/10/24 01:05,64,light
9/10/24 01:06,64,light
9/10/24 01:07,63,light
9/10/24 01:08,63,light
9/10/24 01:09,63,light
9/10/24 01:10,63,light
9/10/24 01:11,63,deep
9/10/24 01:12,62,deep
9/10/24 01:13,62,deep
9/10/24 01:14,62,deep
9/10/24 01:15,62,deep
9/10/24 01:16,62,deep
9/10/24 01:17,67,light
9/10/24 01:18,62,light
9/10/24 01:19,62,light
9/10/24 01:20,62,light
9/10/24 01:21,62,light
9/10/24 01:23,62,deep
9/10/24 01:24,61,deep
9/10/24 01:25,62,deep
9/10/24 01:26,62,deep
9/10/24 01:27,61,deep
9/10/24 01:28,61,deep
9/10/24 01:29,62,deep
9/10/24 01:30,62,deep
9/10/24 01:31,62,deep
9/10/24 01:32,61,deep
9/10/24 01:33,62,deep
9/10/24 01:34,62,deep
9/10/24 01:35,61,deep
9/10/24 01:36,61,deep
9/10/24 01:37,73,deep
9/10/24 01:38,59,light
9/10/24 01:39,60,light
9/10/24 01:40,59,light
9/10/24 01:41,60,light
9/10/24 01:42,60,light
9/10/24 01:43,60,light
9/10/24 01:44,60,deep
9/10/24 01:45,58,deep
9/10/24 01:46,60,deep
9/10/24 01:47,59,deep
9/10/24 01:48,59,deep
9/10/24 01:49,59,deep
9/10/24 01:50,59,deep
9/10/24 01:51,59,deep
9/10/24 01:52,60,deep
9/10/24 01:53,58,deep
9/10/24 01:54,59,deep
9/10/24 01:55,59,deep
9/10/24 01:56,59,deep
9/10/24 01:57,59,deep
9/10/24 01:58,58,deep
9/10/24 01:59,59,deep
9/10/24 02:00,58,deep
9/10/24 02:01,58,deep
9/10/24 02:02,62,deep
9/10/24 02:03,67,deep
9/10/24 02:05,60,light
9/10/24 02:06,59,light
9/10/24 02:07,61,light
9/10/24 02:08,60,light
9/10/24 02:09,58,light
9/10/24 02:10,59,light
9/10/24 02:11,58,light
9/10/24 02:12,57,light
9/10/24 02:13,59,light
9/10/24 02:14,58,rem
9/10/24 02:15,60,rem
9/10/24 02:16,60,rem
9/10/24 02:17,62,rem
9/10/24 02:18,73,rem
9/10/24 02:19,74,rem
9/10/24 02:20,59,rem
9/10/24 02:21,59,rem
9/10/24 02:22,61,rem
9/10/24 02:23,58,rem
9/10/24 02:24,59,rem
9/10/24 02:25,59,rem
9/10/24 02:26,60,rem
9/10/24 02:27,63,rem
9/10/24 02:28,60,rem
9/10/24 02:29,58,rem
9/10/24 02:30,59,rem
9/10/24 02:31,64,rem
9/10/24 02:32,58,rem
9/10/24 02:33,58,rem
9/10/24 02:34,57,rem
9/10/24 02:35,58,rem
9/10/24 02:36,56,rem
9/10/24 02:37,61,rem
9/10/24 02:38,59,rem
9/10/24 02:39,58,rem
9/10/24 02:40,58,rem
9/10/24 02:41,61,rem
9/10/24 02:42,68,rem
9/10/24 02:43,63,rem
9/10/24 02:44,61,rem
9/10/24 02:45,60,rem
9/10/24 02:46,62,rem
9/10/24 02:47,60,rem
9/10/24 02:48,61,rem
9/10/24 02:49,64,rem
9/10/24 02:50,60,rem
9/10/24 02:51,62,rem
9/10/24 02:52,63,light
9/10/24 02:53,66,light
9/10/24 02:54,59,light
9/10/24 02:55,58,light
9/10/24 02:56,58,light
9/10/24 02:57,58,light
9/10/24 02:58,58,light
9/10/24 02:59,58,light
9/10/24 03:00,64,light
9/10/24 03:01,59,light
9/10/24 03:03,58,deep
9/10/24 03:04,58,deep
9/10/24 03:05,58,deep
9/10/24 03:06,59,deep
9/10/24 03:07,59,deep
9/10/24 03:08,60,deep
9/10/24 03:09,60,deep
9/10/24 03:10,60,deep
9/10/24 03:11,58,deep
9/10/24 03:12,58,deep
9/10/24 03:13,59,deep
9/10/24 03:14,58,deep
9/10/24 03:15,57,deep
9/10/24 03:16,59,deep
9/10/24 03:17,59,deep
9/10/24 03:18,58,deep
9/10/24 03:19,59,deep
9/10/24 03:20,59,deep
9/10/24 03:21,58,deep
9/10/24 03:22,58,deep
9/10/24 03:23,59,deep
9/10/24 03:24,59,deep
9/10/24 03:25,58,deep
9/10/24 03:26,58,deep
9/10/24 03:27,58,deep
9/10/24 03:28,58,deep
9/10/24 03:29,59,deep
9/10/24 03:30,58,deep
9/10/24 03:31,59,deep
9/10/24 03:32,59,light
9/10/24 03:33,64,light
9/10/24 03:34,62,light
9/10/24 03:35,61,light
9/10/24 03:36,61,light
9/10/24 03:37,62,light
9/10/24 03:38,61,light
9/10/24 03:39,61,light
9/10/24 03:40,61,light
9/10/24 03:41,61,light
9/10/24 03:42,60,light
9/10/24 03:43,61,light
9/10/24 03:44,61,light
9/10/24 03:45,60,light
9/10/24 03:46,60,light
9/10/24 03:47,69,light
9/10/24 03:48,58,light
9/10/24 03:49,61,light
9/10/24 03:50,60,light
9/10/24 03:51,60,light
9/10/24 03:52,61,light
9/10/24 03:53,60,light
9/10/24 03:54,60,light
9/10/24 03:55,63,light
9/10/24 03:56,66,light
9/10/24 03:57,58,rem
9/10/24 03:58,61,rem
9/10/24 03:59,64,rem
9/10/24 04:00,67,rem
9/10/24 04:01,64,rem
9/10/24 04:02,66,rem
9/10/24 04:03,64,rem
9/10/24 04:04,59,rem
9/10/24 04:05,62,rem
9/10/24 04:06,64,rem
9/10/24 04:07,73,light
9/10/24 04:08,61,light
9/10/24 04:09,67,light
9/10/24 04:10,63,light
9/10/24 04:11,61,light
9/10/24 04:12,63,light
9/10/24 04:13,60,rem
9/10/24 04:14,59,rem
9/10/24 04:15,62,rem
9/10/24 04:16,61,rem
9/10/24 04:17,61,rem
9/10/24 04:18,69,rem
9/10/24 04:19,62,rem
9/10/24 04:20,66,rem
9/10/24 04:21,60,rem
9/10/24 04:22,54,rem
9/10/24 04:23,56,rem
9/10/24 04:24,63,rem
9/10/24 04:25,60,rem
9/10/24 04:26,59,rem
9/10/24 04:27,58,rem
9/10/24 04:28,60,rem
9/10/24 04:29,59,rem
9/10/24 04:30,58,rem
9/10/24 04:31,56,rem
9/10/24 04:32,57,rem
9/10/24 04:33,59,rem
9/10/24 04:34,58,rem
9/10/24 04:35,60,rem
9/10/24 04:36,62,rem
9/10/24 04:37,60,rem
9/10/24 04:39,64,light
9/10/24 04:40,62,light
9/10/24 04:41,62,light
9/10/24 04:42,62,light
9/10/24 04:43,60,light
9/10/24 04:44,60,light
9/10/24 04:45,61,light
9/10/24 04:46,66,light
9/10/24 04:47,58,light
9/10/24 04:48,59,light
9/10/24 04:49,60,light
9/10/24 04:50,59,light
9/10/24 04:51,60,light
9/10/24 04:52,60,light
9/10/24 04:53,60,light
9/10/24 04:54,60,light
9/10/24 04:55,60,light
9/10/24 04:56,60,light
9/10/24 04:57,61,light
9/10/24 04:58,60,light
9/10/24 04:59,61,light
9/10/24 05:00,66,light
9/10/24 05:01,57,light
9/10/24 05:02,58,light
9/10/24 05:03,57,light
9/10/24 05:04,65,light
9/10/24 05:05,62,light
9/10/24 05:06,60,light
9/10/24 05:07,60,light
9/10/24 05:08,60,light
9/10/24 05:09,59,light
9/10/24 05:10,60,light
9/10/24 05:11,60,light
9/10/24 05:12,59,light
9/10/24 05:13,59,light
9/10/24 05:14,59,light
9/10/24 05:15,60,light
9/10/24 05:16,59,light
9/10/24 05:17,60,light
9/10/24 05:18,59,deep
9/10/24 05:19,60,deep
9/10/24 05:20,60,deep
9/10/24 05:21,60,deep
9/10/24 05:22,60,deep
9/10/24 05:23,59,deep
9/10/24 05:24,60,deep
9/10/24 05:25,59,deep
9/10/24 05:26,59,light
9/10/24 05:27,60,light
9/10/24 05:28,60,light
9/10/24 05:29,60,light
9/10/24 05:30,68,light
9/10/24 05:31,58,light
9/10/24 05:32,65,light
9/10/24 05:33,59,light
9/10/24 05:34,58,light
9/10/24 05:35,59,light
9/10/24 05:36,58,light
9/10/24 05:37,58,light
9/10/24 05:38,58,light
9/10/24 05:39,58,light
9/10/24 05:40,68,light
9/10/24 05:41,60,light
9/10/24 05:42,58,light
9/10/24 05:43,58,light
9/10/24 05:44,59,light
9/10/24 05:45,59,light
9/10/24 05:46,58,light
9/10/24 05:47,59,light
9/10/24 05:48,62,light
9/10/24 05:49,65,light
9/10/24 05:50,57,light
9/10/24 05:51,57,light
9/10/24 05:52,58,light
9/10/24 05:53,57,light
9/10/24 05:54,58,light
9/10/24 05:55,58,light
9/10/24 05:56,57,light
9/10/24 05:57,58,light
9/10/24 05:58,58,light
9/10/24 05:59,58,light
9/10/24 06:00,64,light
9/10/24 06:01,57,light
9/10/24 06:02,59,light
9/10/24 06:03,63,light
9/10/24 06:04,58,light
9/10/24 06:05,59,light
9/10/24 06:06,60,rem
9/10/24 06:07,61,rem
9/10/24 06:08,64,rem
9/10/24 06:09,62,rem
9/10/24 06:10,60,rem
9/10/24 06:11,63,rem
9/10/24 06:12,77,rem
9/10/24 06:13,66,rem
9/10/24 06:14,63,rem
9/10/24 06:15,58,rem
9/10/24 06:16,64,rem
9/10/24 06:17,65,rem
9/10/24 06:18,63,rem
9/10/24 06:19,63,rem
9/10/24 06:20,64,rem
9/10/24 06:21,61,rem
9/10/24 06:22,75,rem
9/10/24 06:23,68,rem
9/10/24 06:24,65,rem
9/10/24 06:25,61,rem
9/10/24 06:26,63,rem
9/10/24 06:27,59,rem
9/10/24 06:28,61,rem
9/10/24 06:29,58,rem
9/10/24 06:30,58,rem
9/10/24 06:31,57,rem
9/10/24 06:33,60,wake
9/10/24 06:34,64,wake
9/10/24 06:35,61,wake
9/10/24 06:36,61,wake
9/10/24 06:37,64,wake
9/10/24 06:38,63,wake
9/10/24 06:39,59,wake
9/10/24 06:40,59,light
9/10/24 06:41,59,light
9/10/24 06:42,58,light
9/10/24 06:43,57,light
9/10/24 06:44,57,light
9/10/24 06:45,57,light
9/10/24 06:46,57,light
9/10/24 06:47,57,light
9/10/24 06:49,57,rem
9/10/24 06:50,58,rem
9/10/24 06:51,56,rem
9/10/24 06:52,57,rem
9/10/24 06:53,59,rem
9/10/24 06:54,59,rem
9/10/24 06:55,58,rem
9/10/24 06:56,59,rem
9/10/24 06:57,58,rem
9/10/24 06:58,59,rem
9/10/24 06:59,63,rem
9/12/24 00:43,66,light
9/12/24 00:44,65,light
9/12/24 00:45,64,light
9/12/24 00:46,65,light
9/12/24 00:47,64,light
9/12/24 00:48,64,light
9/12/24 00:49,65,light
9/12/24 00:50,65,light
9/12/24 00:51,64,light
9/12/24 00:52,65,light
9/12/24 00:53,64,light
9/12/24 00:54,65,light
9/12/24 00:55,64,light
9/12/24 00:56,64,light
9/12/24 00:57,65,light
9/12/24 00:58,64,light
9/12/24 00:59,64,light
9/12/24 01:00,66,light
9/12/24 01:01,65,light
9/12/24 01:02,65,light
9/12/24 01:03,62,light
9/12/24 01:04,63,light
9/12/24 01:05,64,light
9/12/24 01:06,63,light
9/12/24 01:07,63,light
9/12/24 01:08,62,light
9/12/24 01:09,63,light
9/12/24 01:10,62,light
9/12/24 01:11,62,light
9/12/24 01:12,62,light
9/12/24 01:13,62,light
9/12/24 01:14,61,light
9/12/24 01:15,65,light
9/12/24 01:16,67,light
9/12/24 01:17,62,light
9/12/24 01:18,63,light
9/12/24 01:19,63,light
9/12/24 01:20,62,light
9/12/24 01:21,62,light
9/12/24 01:22,61,light
9/12/24 01:23,61,light
9/12/24 01:24,62,light
9/12/24 01:25,62,light
9/12/24 01:26,62,light
9/12/24 01:27,63,light
9/12/24 01:28,63,light
9/12/24 01:29,62,light
9/12/24 01:30,62,light
9/12/24 01:31,62,light
9/12/24 01:32,61,light
9/12/24 01:33,62,light
9/12/24 01:34,63,light
9/12/24 01:35,62,light
9/12/24 01:36,60,rem
9/12/24 01:37,58,rem
9/12/24 01:38,64,rem
9/12/24 01:39,69,rem
9/12/24 01:40,74,rem
9/12/24 01:41,63,rem
9/12/24 01:42,62,rem
9/12/24 01:43,66,rem
9/12/24 01:44,66,rem
9/12/24 01:45,65,rem
9/12/24 01:46,62,rem
9/12/24 01:47,63,rem
9/12/24 01:48,69,rem
9/12/24 01:49,65,rem
9/12/24 01:50,73,rem
9/12/24 01:51,59,rem
9/12/24 01:52,66,rem
9/12/24 01:53,64,rem
9/12/24 01:54,68,rem
9/12/24 01:55,66,rem
9/12/24 01:56,65,rem
9/12/24 01:57,63,rem
9/12/24 01:58,70,rem
9/12/24 01:59,64,rem
9/12/24 02:00,61,rem
9/12/24 02:01,65,rem
9/12/24 02:02,72,rem
9/12/24 02:03,65,rem
9/12/24 02:04,64,rem
9/12/24 02:06,61,light
9/12/24 02:07,66,light
9/12/24 02:08,62,light
9/12/24 02:09,60,light
9/12/24 02:10,59,light
9/12/24 02:11,58,light
9/12/24 02:12,59,light
9/12/24 02:13,59,light
9/12/24 02:14,60,light
9/12/24 02:15,60,light
9/12/24 02:16,59,light
9/12/24 02:17,60,light
9/12/24 02:18,58,light
9/12/24 02:19,59,light
9/12/24 02:20,66,light
9/12/24 02:21,61,light
9/12/24 02:22,62,light
9/12/24 02:23,65,light
9/12/24 02:24,63,light
9/12/24 02:25,64,light
9/12/24 02:26,63,deep
9/12/24 02:27,63,deep
9/12/24 02:28,64,deep
9/12/24 02:29,63,deep
9/12/24 02:30,63,deep
9/12/24 02:31,63,deep
9/12/24 02:32,63,deep
9/12/24 02:33,63,deep
9/12/24 02:34,63,deep
9/12/24 02:35,62,deep
9/12/24 02:36,62,deep
9/12/24 02:37,62,deep
9/12/24 02:38,61,deep
9/12/24 02:39,61,deep
9/12/24 02:40,61,deep
9/12/24 02:41,61,deep
9/12/24 02:42,61,deep
9/12/24 02:43,60,deep
9/12/24 02:44,61,deep
9/12/24 02:45,60,deep
9/12/24 02:46,60,deep
9/12/24 02:47,60,deep
9/12/24 02:48,60,deep
9/12/24 02:49,61,deep
9/12/24 02:50,60,deep
9/12/24 02:51,61,deep
9/12/24 02:52,60,deep
9/12/24 02:53,61,deep
9/12/24 02:54,59,deep
9/12/24 02:55,61,deep
9/12/24 02:56,61,deep
9/12/24 02:57,61,deep
9/12/24 02:58,59,deep
9/12/24 02:59,60,deep
9/12/24 03:00,61,deep
9/12/24 03:01,61,light
9/12/24 03:02,58,light
9/12/24 03:03,59,light
9/12/24 03:04,58,light
9/12/24 03:05,58,light
9/12/24 03:06,57,light
9/12/24 03:07,58,light
9/12/24 03:08,57,light
9/12/24 03:09,57,light
9/12/24 03:10,57,light
9/12/24 03:11,59,light
9/12/24 03:12,57,light
9/12/24 03:13,56,light
9/12/24 03:14,56,light
9/12/24 03:15,56,light
9/12/24 03:16,57,light
9/12/24 03:17,59,light
9/12/24 03:18,58,light
9/12/24 03:19,57,light
9/12/24 03:20,68,light
9/12/24 03:21,65,light
9/12/24 03:22,59,light
9/12/24 03:23,58,light
9/12/24 03:24,58,light
9/12/24 03:25,59,light
9/12/24 03:26,59,light
9/12/24 03:27,57,light
9/12/24 03:28,60,light
9/12/24 03:29,59,light
9/12/24 03:30,59,light
9/12/24 03:31,59,light
9/12/24 03:32,60,light
9/12/24 03:33,60,light
9/12/24 03:34,59,light
9/12/24 03:35,61,light
9/12/24 03:36,59,light
9/12/24 03:37,60,light
9/12/24 03:38,61,light
9/12/24 03:39,69,light
9/12/24 03:40,68,light
9/12/24 03:41,58,light
9/12/24 03:42,57,light
9/12/24 03:44,60,rem
9/12/24 03:45,60,rem
9/12/24 03:46,61,rem
9/12/24 03:47,61,rem
9/12/24 03:48,62,rem
9/12/24 03:49,59,rem
9/12/24 03:50,58,rem
9/12/24 03:51,59,rem
9/12/24 03:52,58,rem
9/12/24 03:53,57,rem
9/12/24 03:54,68,rem
9/12/24 03:55,71,rem
9/12/24 03:56,66,rem
9/12/24 03:57,64,rem
9/12/24 03:58,58,rem
9/12/24 03:59,61,rem
9/12/24 04:00,64,rem
9/12/24 04:01,58,rem
9/12/24 04:02,57,rem
9/12/24 04:03,59,rem
9/12/24 04:04,58,rem
9/12/24 04:05,61,rem
9/12/24 04:06,58,light
9/12/24 04:07,59,light
9/12/24 04:08,62,light
9/12/24 04:09,60,light
9/12/24 04:10,58,light
9/12/24 04:12,56,rem
9/12/24 04:13,56,rem
9/12/24 04:14,54,rem
9/12/24 04:15,54,rem
9/12/24 04:16,53,rem
9/12/24 04:17,55,rem
9/12/24 04:18,57,rem
9/12/24 04:19,58,light
9/12/24 04:20,62,light
9/12/24 04:21,60,light
9/12/24 04:22,57,light
9/12/24 04:23,60,light
9/12/24 04:24,58,light
9/12/24 04:25,57,light
9/12/24 04:26,58,light
9/12/24 04:27,57,light
9/12/24 04:28,58,light
9/12/24 04:29,58,light
9/12/24 04:30,57,light
9/12/24 04:31,58,light
9/12/24 04:32,58,light
9/12/24 04:33,57,light
9/12/24 04:34,56,light
9/12/24 04:35,56,light
9/12/24 04:36,57,light
9/12/24 04:37,57,deep
9/12/24 04:38,58,deep
9/12/24 04:39,57,deep
9/12/24 04:40,56,deep
9/12/24 04:41,56,deep
9/12/24 04:42,57,deep
9/12/24 04:43,57,deep
9/12/24 04:44,58,deep
9/12/24 04:45,58,deep
9/12/24 04:46,57,deep
9/12/24 04:47,56,deep
9/12/24 04:48,57,deep
9/12/24 04:49,56,deep
9/12/24 04:50,56,deep
9/12/24 04:51,57,deep
9/12/24 04:52,57,deep
9/12/24 04:53,56,deep
9/12/24 04:54,56,deep
9/12/24 04:55,55,deep
9/12/24 04:56,56,deep
9/12/24 04:58,61,light
9/12/24 04:59,56,light
9/12/24 05:00,55,light
9/12/24 05:01,56,light
9/12/24 05:02,56,light
9/12/24 05:03,56,light
9/12/24 05:04,55,light
9/12/24 05:05,57,light
9/12/24 05:06,55,light
9/12/24 05:07,57,light
9/12/24 05:08,67,light
9/12/24 05:09,57,light
9/12/24 05:10,54,light
9/12/24 05:11,55,light
9/12/24 05:12,55,light
9/12/24 05:13,55,light
9/12/24 05:14,55,light
9/12/24 05:15,54,light
9/12/24 05:16,56,light
9/12/24 05:17,55,light
9/12/24 05:18,55,light
9/12/24 05:19,55,light
9/12/24 05:20,56,light
9/12/24 05:21,55,light
9/12/24 05:22,55,light
9/12/24 05:23,55,light
9/12/24 05:24,55,light
9/12/24 05:25,55,light
9/12/24 05:26,56,light
9/12/24 05:27,56,light
9/12/24 05:28,55,light
9/12/24 05:29,55,light
9/12/24 05:30,59,light
9/12/24 05:31,54,light
9/12/24 05:32,56,light
9/12/24 05:33,55,light
9/12/24 05:34,54,light
9/12/24 05:35,54,light
9/12/24 05:36,55,light
9/12/24 05:37,55,light
9/12/24 05:38,56,light
9/12/24 05:39,56,light
9/12/24 05:40,64,light
9/12/24 05:41,53,light
9/12/24 05:42,56,light
9/12/24 05:43,55,light
9/12/24 05:44,52,rem
9/12/24 05:45,56,rem
9/12/24 05:46,58,rem
9/12/24 05:47,58,rem
9/12/24 05:48,62,rem
9/12/24 05:49,57,rem
9/12/24 05:50,57,rem
9/12/24 05:51,61,rem
9/12/24 05:52,62,rem
9/12/24 05:53,58,rem
9/12/24 05:54,57,rem
9/12/24 05:55,57,rem
9/12/24 05:56,56,rem
9/12/24 05:57,64,wake
9/12/24 05:58,64,wake
9/12/24 05:59,60,wake
9/12/24 06:00,58,wake
9/12/24 06:01,59,wake
9/12/24 06:02,62,wake
9/12/24 06:03,60,wake
9/12/24 06:04,58,wake
9/12/24 06:05,60,wake
9/15/24 00:00,66,light
9/15/24 00:01,63,light
9/15/24 00:02,64,light
9/15/24 00:03,63,light
9/15/24 00:04,69,light
9/15/24 00:05,61,light
9/15/24 00:06,64,light
9/15/24 00:07,65,light
9/15/24 00:08,62,light
9/15/24 00:09,62,light
9/15/24 00:10,67,light
9/15/24 00:11,62,light
9/15/24 00:12,63,light
9/15/24 00:13,62,light
9/15/24 00:14,65,light
9/15/24 00:15,65,light
9/15/24 00:16,67,light
9/15/24 00:17,61,light
9/15/24 00:18,63,light
9/15/24 00:19,65,light
9/15/24 00:20,62,light
9/15/24 00:21,59,light
9/15/24 00:22,60,light
9/15/24 00:23,60,light
9/15/24 00:24,63,light
9/15/24 00:25,63,light
9/15/24 00:26,63,light
9/15/24 00:27,75,light
9/15/24 00:28,67,light
9/15/24 00:29,64,light
9/15/24 00:30,63,light
9/15/24 00:31,61,light
9/15/24 00:32,64,light
9/15/24 00:33,64,light
9/15/24 00:34,61,light
9/15/24 00:35,60,deep
9/15/24 00:36,61,deep
9/15/24 00:37,60,deep
9/15/24 00:38,61,deep
9/15/24 00:39,62,deep
9/15/24 00:40,61,deep
9/15/24 00:41,61,deep
9/15/24 00:42,63,deep
9/15/24 00:43,62,deep
9/15/24 00:44,61,deep
9/15/24 00:45,61,deep
9/15/24 00:46,61,deep
9/15/24 00:47,60,deep
9/15/24 00:48,60,deep
9/15/24 00:49,60,deep
9/15/24 00:50,60,deep
9/15/24 00:51,60,deep
9/15/24 00:52,59,deep
9/15/24 00:53,60,deep
9/15/24 00:54,59,deep
9/15/24 00:55,58,deep
9/15/24 00:56,58,deep
9/15/24 00:57,63,deep
9/15/24 00:58,58,deep
9/15/24 00:59,56,deep
9/15/24 01:00,57,deep
9/15/24 01:01,56,deep
9/15/24 01:02,57,deep
9/15/24 01:03,57,deep
9/15/24 01:04,57,deep
9/15/24 01:05,57,deep
9/15/24 01:06,57,deep
9/15/24 01:07,57,deep
9/15/24 01:08,56,deep
9/15/24 01:09,57,deep
9/15/24 01:10,56,deep
9/15/24 01:11,70,deep
9/15/24 01:13,62,light
9/15/24 01:14,58,light
9/15/24 01:15,58,light
9/15/24 01:16,60,light
9/15/24 01:17,58,light
9/15/24 01:18,58,light
9/15/24 01:19,58,light
9/15/24 01:20,58,light
9/15/24 01:21,57,light
9/15/24 01:22,57,light
9/15/24 01:23,56,light
9/15/24 01:24,57,light
9/15/24 01:25,57,light
9/15/24 01:26,60,light
9/15/24 01:27,61,light
9/15/24 01:28,56,light
9/15/24 01:29,55,light
9/15/24 01:30,57,light
9/15/24 01:31,54,light
9/15/24 01:32,54,light
9/15/24 01:33,54,light
9/15/24 01:34,54,light
9/15/24 01:35,56,light
9/15/24 01:36,62,light
9/15/24 01:37,55,light
9/15/24 01:38,54,light
9/15/24 01:39,55,light
9/15/24 01:40,55,light
9/15/24 01:41,56,light
9/15/24 01:42,55,light
9/15/24 01:43,55,light
9/15/24 01:44,56,light
9/15/24 01:45,54,light
9/15/24 01:46,54,light
9/15/24 01:47,57,light
9/15/24 01:48,69,light
9/15/24 01:49,62,light
9/15/24 01:50,67,light
9/15/24 01:51,59,light
9/15/24 01:52,59,light
9/15/24 01:53,57,light
9/15/24 01:54,56,light
9/15/24 01:55,55,light
9/15/24 01:56,55,light
9/15/24 01:57,56,rem
9/15/24 01:58,57,rem
9/15/24 01:59,58,rem
9/15/24 02:00,53,rem
9/15/24 02:01,60,rem
9/15/24 02:02,63,rem
9/15/24 02:03,58,rem
9/15/24 02:04,57,rem
9/15/24 02:05,65,rem
9/15/24 02:06,64,rem
9/15/24 02:07,64,light
9/15/24 02:08,61,light
9/15/24 02:09,60,light
9/15/24 02:10,59,light
9/15/24 02:11,52,light
9/15/24 02:12,68,light
9/15/24 02:13,58,light
9/15/24 02:15,55,rem
9/15/24 02:16,52,rem
9/15/24 02:17,52,rem
9/15/24 02:18,57,rem
9/15/24 02:19,64,rem
9/15/24 02:20,72,rem
9/15/24 02:21,70,rem
9/15/24 02:22,63,rem
9/15/24 02:23,64,light
9/15/24 02:24,59,light
9/15/24 02:25,56,light
9/15/24 02:26,56,light
9/15/24 02:27,66,light
9/15/24 02:28,58,light
9/15/24 02:29,61,light
9/15/24 02:30,58,light
9/15/24 02:31,56,light
9/15/24 02:32,60,light
9/15/24 02:33,58,light
9/15/24 02:34,58,light
9/15/24 02:35,58,light
9/15/24 02:36,58,light
9/15/24 02:37,58,light
9/15/24 02:38,57,light
9/15/24 02:39,58,light
9/15/24 02:40,58,light
9/15/24 02:41,57,light
9/15/24 02:42,58,light
9/15/24 02:43,59,light
9/15/24 02:44,58,light
9/15/24 02:45,59,light
9/15/24 02:46,58,light
9/15/24 02:47,57,light
9/15/24 02:48,58,light
9/15/24 02:49,61,light
9/15/24 02:50,58,light
9/15/24 02:51,57,light
9/15/24 02:52,58,light
9/15/24 02:53,65,light
9/15/24 02:54,56,light
9/15/24 02:55,56,light
9/15/24 02:56,57,light
9/15/24 02:57,57,light
9/15/24 02:58,62,light
9/15/24 02:59,56,light
9/15/24 03:00,57,light
9/15/24 03:01,56,light
9/15/24 03:02,56,light
9/15/24 03:03,56,light
9/15/24 03:04,59,light
9/15/24 03:05,55,light
9/15/24 03:06,55,light
9/15/24 03:07,56,light
9/15/24 03:08,55,light
9/15/24 03:09,54,light
9/15/24 03:10,55,light
9/15/24 03:11,55,light
9/15/24 03:12,55,light
9/15/24 03:13,58,deep
9/15/24 03:14,56,deep
9/15/24 03:15,56,deep
9/15/24 03:16,56,deep
9/15/24 03:17,55,deep
9/15/24 03:18,55,deep
9/15/24 03:19,56,light
9/15/24 03:20,56,light
9/15/24 03:21,55,light
9/15/24 03:22,58,light
9/15/24 03:23,56,light
9/15/24 03:24,56,light
9/15/24 03:25,55,light
9/15/24 03:26,56,light
9/15/24 03:27,56,light
9/15/24 03:28,60,light
9/15/24 03:29,57,light
9/15/24 03:30,56,light
9/15/24 03:31,56,light
9/15/24 03:32,57,deep
9/15/24 03:33,56,deep
9/15/24 03:34,56,deep
9/15/24 03:35,58,deep
9/15/24 03:37,60,light
9/15/24 03:38,57,light
9/15/24 03:39,56,light
9/15/24 03:40,55,light
9/15/24 03:41,56,light
9/15/24 03:42,56,light
9/15/24 03:43,55,light
9/15/24 03:44,56,light
9/15/24 03:45,55,light
9/15/24 03:46,55,light
9/15/24 03:47,55,light
9/15/24 03:48,56,light
9/15/24 03:49,55,light
9/15/24 03:50,55,light
9/15/24 03:51,55,light
9/15/24 03:52,56,light
9/15/24 03:53,55,light
9/15/24 03:54,58,light
9/15/24 03:55,63,light
9/15/24 03:56,56,wake
9/15/24 03:57,63,wake
9/15/24 03:58,59,wake
9/15/24 04:00,64,light
9/15/24 04:01,58,light
9/15/24 04:02,57,rem
9/15/24 04:03,54,rem
9/15/24 04:04,58,rem
9/15/24 04:05,61,rem
9/15/24 04:06,57,rem
9/15/24 04:07,59,rem
9/15/24 04:08,60,rem
9/15/24 04:09,63,rem
9/15/24 04:10,56,rem
9/15/24 04:11,61,rem
9/15/24 04:12,60,rem
9/15/24 04:13,59,rem
9/15/24 04:14,60,rem
9/15/24 04:15,71,rem
9/15/24 04:16,62,rem
9/15/24 04:17,62,rem
9/15/24 04:18,62,rem
9/15/24 04:19,60,rem
9/15/24 04:20,56,rem
9/15/24 04:21,58,rem
9/15/24 04:22,62,rem
9/15/24 04:23,60,rem
9/15/24 04:24,54,rem
9/15/24 04:25,58,rem
9/15/24 04:26,60,rem
9/15/24 04:27,64,rem
9/15/24 04:28,51,rem
9/15/24 04:29,55,rem
9/15/24 04:30,55,rem
9/15/24 04:31,53,rem
9/15/24 04:32,55,rem
9/15/24 04:33,53,rem
9/15/24 04:34,54,rem
9/15/24 04:35,61,rem
9/15/24 04:36,61,rem
9/15/24 04:37,57,rem
9/15/24 04:38,54,rem
9/15/24 04:39,60,rem
9/15/24 04:40,64,rem
9/15/24 04:42,61,light
9/15/24 04:43,57,light
9/15/24 04:44,58,light
9/15/24 04:45,58,light
9/15/24 04:46,55,light
9/15/24 04:47,53,light
9/15/24 04:48,55,light
9/15/24 04:49,55,light
9/15/24 04:50,54,light
9/15/24 04:51,54,light
9/15/24 04:52,54,rem
9/15/24 04:53,56,rem
9/15/24 04:54,55,rem
9/15/24 04:55,56,rem
9/15/24 04:56,58,rem
9/15/24 04:57,57,light
9/15/24 04:58,55,light
9/15/24 04:59,58,light
9/15/24 05:00,63,light
9/15/24 05:01,57,light
9/15/24 05:02,56,light
9/15/24 05:03,58,light
9/15/24 05:04,57,light
9/15/24 05:05,57,light
9/15/24 05:06,61,light
9/15/24 05:07,61,light
9/15/24 05:08,56,light
9/15/24 05:09,57,light
9/15/24 05:10,56,light
9/15/24 05:11,57,light
9/15/24 05:12,57,light
9/15/24 05:13,57,light
9/15/24 05:14,57,light
9/15/24 05:15,56,light
9/15/24 05:16,57,light
9/15/24 05:17,57,light
9/15/24 05:18,55,light
9/15/24 05:19,56,light
9/15/24 05:20,55,light
9/15/24 05:21,55,light
9/15/24 05:22,56,light
9/15/24 05:23,56,deep
9/15/24 05:24,56,deep
9/15/24 05:25,57,deep
9/15/24 05:26,57,deep
9/15/24 05:27,57,deep
9/15/24 05:28,56,deep
9/15/24 05:29,56,light
9/15/24 05:30,63,light
9/15/24 05:31,55,light
9/15/24 05:32,55,light
9/15/24 05:33,55,light
9/15/24 05:34,54,light
9/15/24 05:35,54,light
9/15/24 05:36,56,light
9/15/24 05:37,55,light
9/15/24 05:38,56,light
9/15/24 05:39,55,light
9/15/24 05:40,57,light
9/15/24 05:41,55,light
9/15/24 05:42,55,light
9/15/24 05:43,55,light
9/15/24 05:44,55,light
9/15/24 05:45,56,light
9/15/24 05:46,54,light
9/15/24 05:47,57,light
9/15/24 05:48,54,light
9/15/24 05:49,59,light
9/15/24 05:50,54,light
9/15/24 05:51,55,light
9/15/24 05:52,54,light
9/15/24 05:53,54,light
9/15/24 05:54,54,light
9/15/24 05:55,53,light
9/15/24 05:56,54,light
9/15/24 05:57,54,light
9/15/24 05:58,55,light
9/15/24 05:59,54,light
9/15/24 06:00,55,light
9/15/24 06:01,54,rem
9/15/24 06:02,56,rem
9/15/24 06:03,58,rem
9/15/24 06:04,57,rem
9/15/24 06:05,61,rem
9/15/24 06:06,58,rem
9/15/24 06:07,59,rem
9/15/24 06:08,61,rem
9/15/24 06:09,52,rem
9/15/24 06:10,55,rem
9/15/24 06:11,57,rem
9/15/24 06:12,57,rem
9/15/24 06:13,56,rem
9/15/24 06:14,58,rem
9/15/24 06:15,57,rem
9/15/24 06:16,57,rem
9/15/24 06:17,58,rem
9/15/24 06:18,60,rem
9/15/24 06:19,62,rem
9/15/24 06:20,59,rem
9/15/24 06:21,62,rem
9/15/24 06:22,61,rem
9/15/24 06:23,65,rem
9/15/24 06:24,61,rem
9/15/24 06:25,59,rem
9/15/24 06:26,57,rem
9/15/24 06:27,53,rem
9/15/24 06:28,56,rem
9/15/24 06:29,62,rem
9/15/24 06:30,54,rem
9/15/24 06:31,56,rem
9/15/24 06:32,53,rem
9/15/24 06:33,54,rem
9/15/24 06:34,56,rem
9/15/24 06:35,55,rem
9/15/24 06:36,53,rem
9/15/24 06:37,56,rem
9/15/24 06:38,58,rem
9/15/24 06:39,61,rem
9/15/24 06:40,57,rem
9/15/24 06:41,52,rem
9/15/24 06:42,60,rem
9/15/24 06:43,61,rem
9/15/24 06:44,69,rem
9/15/24 06:45,56,rem
9/15/24 06:46,59,rem
9/15/24 06:47,56,rem
9/15/24 06:48,54,rem
9/15/24 06:49,52,rem
9/15/24 06:50,52,rem
9/15/24 06:51,51,rem
9/15/24 06:52,52,rem
9/15/24 06:53,54,rem
9/15/24 06:54,57,rem
9/15/24 06:55,54,rem
9/15/24 06:56,56,rem
9/15/24 06:58,54,light
9/15/24 06:59,54,wake
9/15/24 07:00,64,wake
9/15/24 07:01,58,wake
9/15/24 07:02,56,wake
9/15/24 07:03,58,light
9/15/24 07:04,55,light
9/15/24 07:05,55,light
9/15/24 07:06,55,light
9/15/24 07:07,54,light
9/15/24 07:08,55,light
9/15/24 07:09,55,light
9/15/24 07:10,55,light
9/15/24 07:11,56,light
9/15/24 07:12,54,light
9/15/24 07:13,55,light
9/15/24 07:14,54,light
9/15/24 07:15,56,light
9/15/24 07:16,55,light
9/15/24 07:18,57,deep
9/15/24 07:19,56,deep
9/15/24 07:20,57,deep
9/15/24 07:21,57,deep
9/15/24 07:22,58,deep
9/15/24 07:23,57,deep
9/15/24 07:24,57,deep
9/15/24 07:25,57,deep
9/15/24 07:26,56,deep
9/15/24 07:27,58,deep
9/15/24 07:28,57,deep
9/15/24 07:29,57,deep
9/15/24 07:30,57,deep
9/15/24 07:31,57,deep
9/15/24 07:32,57,deep
9/15/24 07:33,57,deep
9/15/24 07:34,57,deep
9/15/24 07:35,57,deep
9/15/24 07:36,57,deep
9/15/24 07:37,57,deep
9/15/24 07:38,57,deep
9/15/24 07:39,57,deep
9/15/24 07:40,58,deep
9/15/24 07:41,56,deep
9/15/24 07:42,59,wake
9/15/24 07:43,68,wake
9/15/24 07:44,62,wake
9/15/24 07:45,60,wake
9/15/24 07:46,70,wake
9/15/24 07:47,64,wake
9/15/24 07:48,62,wake
9/15/24 07:49,59,wake
9/15/24 07:50,64,wake
9/15/24 07:51,59,wake
9/15/24 07:52,62,wake
9/15/24 07:53,57,wake
9/15/24 07:54,58,wake
9/15/24 07:55,60,wake
9/15/24 07:56,61,wake
9/15/24 07:58,59,light
9/15/24 07:59,57,light
9/15/24 08:00,57,light
9/15/24 08:01,56,light
9/15/24 08:02,55,rem
9/15/24 08:03,58,rem
9/15/24 08:04,60,rem
9/15/24 08:05,71,rem
9/15/24 08:06,59,rem
9/15/24 08:07,55,rem
9/15/24 08:08,59,rem
9/15/24 08:09,60,rem
9/15/24 08:10,58,rem
9/15/24 08:11,55,rem
9/15/24 08:12,55,rem
9/15/24 08:13,59,rem
9/15/24 08:14,65,rem
9/15/24 08:15,55,rem
9/15/24 08:16,63,rem
9/16/24 00:12,65,light
9/16/24 00:13,66,light
9/16/24 00:14,66,light
9/16/24 00:15,65,light
9/16/24 00:16,65,light
9/16/24 00:17,63,light
9/16/24 00:18,63,light
9/16/24 00:19,63,light
9/16/24 00:20,61,light
9/16/24 00:21,63,light
9/16/24 00:22,62,light
9/16/24 00:23,62,light
9/16/24 00:24,61,light
9/16/24 00:25,62,light
9/16/24 00:26,61,light
9/16/24 00:27,61,light
9/16/24 00:28,61,light
9/16/24 00:29,61,light
9/16/24 00:30,60,light
9/16/24 00:31,61,light
9/16/24 00:32,61,light
9/16/24 00:33,61,light
9/16/24 00:34,57,light
9/16/24 00:35,59,light
9/16/24 00:36,59,light
9/16/24 00:37,58,light
9/16/24 00:38,58,light
9/16/24 00:39,60,light
9/16/24 00:40,60,light
9/16/24 00:41,59,light
9/16/24 00:42,59,light
9/16/24 00:43,57,light
9/16/24 00:44,57,light
9/16/24 00:45,57,light
9/16/24 00:46,56,light
9/16/24 00:47,57,light
9/16/24 00:48,56,light
9/16/24 00:49,57,light
9/16/24 00:50,56,light
9/16/24 00:51,56,light
9/16/24 00:52,58,light
9/16/24 00:53,56,light
9/16/24 00:54,57,light
9/16/24 00:55,56,light
9/16/24 00:56,56,light
9/16/24 00:57,55,light
9/16/24 00:58,56,light
9/16/24 00:59,55,light
9/16/24 01:00,64,light
9/16/24 01:01,68,light
9/16/24 01:02,61,light
9/16/24 01:03,61,light
9/16/24 01:04,60,light
9/16/24 01:05,62,light
9/16/24 01:06,60,light
9/16/24 01:07,61,light
9/16/24 01:08,62,light
9/16/24 01:09,60,light
9/16/24 01:10,60,light
9/16/24 01:11,60,light
9/16/24 01:12,61,light
9/16/24 01:13,61,light
9/16/24 01:14,60,light
9/16/24 01:15,59,light
9/16/24 01:16,61,light
9/16/24 01:17,61,light
9/16/24 01:18,60,light
9/16/24 01:19,60,light
9/16/24 01:20,60,light
9/16/24 01:21,60,light
9/16/24 01:22,60,light
9/16/24 01:23,68,light
9/16/24 01:24,61,light
9/16/24 01:25,62,light
9/16/24 01:26,61,light
9/16/24 01:27,62,light
9/16/24 01:28,61,light
9/16/24 01:29,65,light
9/16/24 01:30,60,light
9/16/24 01:31,61,light
9/16/24 01:32,59,light
9/16/24 01:33,60,light
9/16/24 01:34,67,light
9/16/24 01:35,58,light
9/16/24 01:36,56,light
9/16/24 01:37,55,light
9/16/24 01:38,55,light
9/16/24 01:39,56,light
9/16/24 01:40,56,light
9/16/24 01:41,55,light
9/16/24 01:42,55,rem
9/16/24 01:43,56,rem
9/16/24 01:44,63,rem
9/16/24 01:45,57,rem
9/16/24 01:46,64,rem
9/16/24 01:47,64,rem
9/16/24 01:48,72,rem
9/16/24 01:49,60,rem
9/16/24 01:50,61,rem
9/16/24 01:51,72,rem
9/16/24 01:52,68,rem
9/16/24 01:53,65,rem
9/16/24 01:54,65,rem
9/16/24 01:55,61,rem
9/16/24 01:56,59,rem
9/16/24 01:57,62,rem
9/16/24 01:58,61,rem
9/16/24 01:59,63,rem
9/16/24 02:00,62,rem
9/16/24 02:01,63,rem
9/16/24 02:02,62,rem
9/16/24 02:03,67,rem
9/16/24 02:04,71,rem
9/16/24 02:05,64,rem
9/16/24 02:06,65,rem
9/16/24 02:08,63,light
9/16/24 02:09,63,light
9/16/24 02:10,65,light
9/16/24 02:11,61,light
9/16/24 02:12,58,light
9/16/24 02:13,57,light
9/16/24 02:14,58,light
9/16/24 02:15,58,light
9/16/24 02:16,57,light
9/16/24 02:17,57,light
9/16/24 02:18,59,deep
9/16/24 02:19,59,deep
9/16/24 02:20,59,deep
9/16/24 02:21,59,deep
9/16/24 02:22,57,deep
9/16/24 02:23,59,deep
9/16/24 02:24,58,deep
9/16/24 02:25,58,deep
9/16/24 02:26,58,deep
9/16/24 02:27,58,deep
9/16/24 02:28,57,deep
9/16/24 02:29,58,deep
9/16/24 02:30,57,deep
9/16/24 02:31,57,deep
9/16/24 02:32,57,deep
9/16/24 02:33,64,deep
9/16/24 02:34,59,deep
9/16/24 02:35,58,deep
9/16/24 02:36,57,deep
9/16/24 02:37,57,deep
9/16/24 02:38,57,deep
9/16/24 02:39,57,deep
9/16/24 02:40,56,deep
9/16/24 02:41,57,deep
9/16/24 02:42,56,deep
9/16/24 02:43,57,deep
9/16/24 02:44,56,deep
9/16/24 02:45,55,deep
9/16/24 02:46,56,deep
9/16/24 02:47,56,deep
9/16/24 02:48,56,deep
9/16/24 02:49,56,deep
9/16/24 02:50,56,deep
9/16/24 02:51,56,deep
9/16/24 02:52,56,deep
9/16/24 02:53,56,deep
9/16/24 02:54,56,deep
9/16/24 02:55,56,deep
9/16/24 02:56,56,deep
9/16/24 02:57,56,deep
9/16/24 02:58,56,deep
9/16/24 02:59,56,deep
9/16/24 03:00,56,deep
9/16/24 03:01,56,deep
9/16/24 03:02,56,deep
9/16/24 03:03,55,deep
9/16/24 03:04,57,deep
9/16/24 03:05,57,deep
9/16/24 03:06,61,deep
9/16/24 03:08,63,light
9/16/24 03:09,58,light
9/16/24 03:10,61,light
9/16/24 03:11,59,light
9/16/24 03:12,59,light
9/16/24 03:13,58,light
9/16/24 03:14,59,light
9/16/24 03:15,58,light
9/16/24 03:16,58,light
9/16/24 03:17,59,light
9/16/24 03:18,58,light
9/16/24 03:19,63,light
9/16/24 03:20,62,light
9/16/24 03:21,59,light
9/16/24 03:22,58,light
9/16/24 03:23,58,light
9/16/24 03:24,58,light
9/16/24 03:25,63,light
9/16/24 03:26,58,light
9/16/24 03:27,57,light
9/16/24 03:28,58,light
9/16/24 03:29,58,light
9/16/24 03:30,59,light
9/16/24 03:31,58,light
9/16/24 03:32,65,light
9/16/24 03:33,60,light
9/16/24 03:34,58,light
9/16/24 03:35,57,light
9/16/24 03:36,57,light
9/16/24 03:37,58,light
9/16/24 03:38,58,light
9/16/24 03:39,58,light
9/16/24 03:40,58,light
9/16/24 03:41,57,light
9/16/24 03:42,64,light
9/16/24 03:43,57,light
9/16/24 03:44,59,light
9/16/24 03:45,58,light
9/16/24 03:46,58,light
9/16/24 03:47,65,light
9/16/24 03:48,60,light
9/16/24 03:49,59,light
9/16/24 03:50,58,light
9/16/24 03:51,58,light
9/16/24 03:52,59,light
9/16/24 03:53,63,wake
9/16/24 03:54,75,wake
9/16/24 03:55,78,wake
9/16/24 03:56,92,wake
9/16/24 03:57,96,wake
9/16/24 03:58,91,wake
9/16/24 03:59,70,wake
9/16/24 04:00,61,wake
9/16/24 04:01,60,wake
9/16/24 04:02,58,wake
9/16/24 04:03,59,light
9/16/24 04:04,57,light
9/16/24 04:05,59,light
9/16/24 04:06,61,light
9/16/24 04:07,61,light
9/16/24 04:08,58,light
9/16/24 04:09,58,light
9/16/24 04:10,59,light
9/16/24 04:11,60,light
9/16/24 04:12,59,rem
9/16/24 04:13,59,rem
9/16/24 04:14,57,rem
9/16/24 04:15,63,rem
9/16/24 04:16,58,rem
9/16/24 04:17,56,rem
9/16/24 04:18,62,rem
9/16/24 04:19,62,rem
9/16/24 04:20,63,rem
9/16/24 04:21,62,rem
9/16/24 04:22,63,rem
9/16/24 04:23,70,rem
9/16/24 04:24,64,rem
9/16/24 04:25,61,rem
9/16/24 04:26,62,rem
9/16/24 04:27,56,rem
9/16/24 04:28,54,rem
9/16/24 04:29,58,rem
9/16/24 04:30,59,rem
9/16/24 04:31,54,rem
9/16/24 04:32,57,rem
9/16/24 04:33,62,rem
9/16/24 04:34,59,rem
9/16/24 04:35,59,rem
9/16/24 04:36,60,rem
9/16/24 04:37,57,rem
9/16/24 04:38,57,rem
9/16/24 04:39,60,rem
9/16/24 04:40,65,rem
9/16/24 04:41,59,rem
9/16/24 04:42,58,rem
9/16/24 04:43,57,light
9/16/24 04:44,58,light
9/16/24 04:45,58,light
9/16/24 04:46,58,light
9/16/24 04:47,57,light
9/16/24 04:48,58,light
9/16/24 04:49,57,light
9/16/24 04:50,56,light
9/16/24 04:51,57,light
9/16/24 04:52,57,light
9/16/24 04:53,56,light
9/16/24 04:54,56,light
9/16/24 04:55,56,light
9/16/24 04:56,61,light
9/16/24 04:57,56,light
9/16/24 04:58,57,light
9/16/24 04:59,56,light
9/16/24 05:00,56,light
9/16/24 05:01,56,light
9/16/24 05:02,56,light
9/16/24 05:03,56,light
9/16/24 05:04,55,light
9/16/24 05:05,56,light
9/16/24 05:06,59,light
9/16/24 05:07,57,light
9/16/24 05:08,59,light
9/16/24 05:09,58,light
9/16/24 05:10,58,light
9/16/24 05:11,63,light
9/16/24 05:12,57,light
9/16/24 05:13,57,light
9/16/24 05:14,56,light
9/16/24 05:15,57,light
9/16/24 05:16,57,light
9/16/24 05:17,57,light
9/16/24 05:18,57,light
9/16/24 05:19,57,light
9/16/24 05:20,57,light
9/16/24 05:21,66,light
9/16/24 05:22,58,light
9/16/24 05:23,57,light
9/16/24 05:24,58,light
9/16/24 05:25,59,light
9/16/24 05:26,57,light
9/16/24 05:27,58,light
9/16/24 05:28,58,light
9/16/24 05:29,58,light
9/16/24 05:30,64,light
9/16/24 05:31,58,light
9/16/24 05:32,56,light
9/16/24 05:33,56,light
9/16/24 05:34,55,light
9/16/24 05:35,56,light
9/16/24 05:36,56,light
9/16/24 05:37,55,light
9/16/24 05:38,57,light
9/16/24 05:39,63,light
9/16/24 05:40,60,light
9/16/24 05:41,57,light
9/16/24 05:42,56,light
9/16/24 05:43,56,light
9/16/24 05:44,56,light
9/16/24 05:45,56,light
9/16/24 05:46,55,light
9/16/24 05:47,55,light
9/16/24 05:48,55,light
9/16/24 05:49,61,light
9/16/24 05:50,56,light
9/16/24 05:51,55,light
9/16/24 05:52,54,light
9/16/24 05:53,59,light
9/16/24 05:54,57,light
9/16/24 05:55,55,light
9/16/24 05:56,55,light
9/16/24 05:57,55,light
9/16/24 05:58,56,light
9/16/24 05:59,56,light
9/16/24 06:00,57,light
9/16/24 06:01,57,light
9/16/24 06:02,57,light
9/16/24 06:03,55,light
9/16/24 06:04,57,light
9/16/24 06:05,55,light
9/16/24 06:06,57,light
9/16/24 06:07,56,light
9/16/24 06:09,57,rem
9/16/24 06:10,56,rem
9/16/24 06:11,58,rem
9/16/24 06:12,60,rem
9/16/24 06:13,59,rem
9/16/24 06:14,59,rem
9/16/24 06:15,59,rem
9/16/24 06:16,59,rem
9/16/24 06:17,63,rem
9/16/24 06:18,64,rem
9/16/24 06:19,67,rem
9/16/24 06:20,73,rem
9/16/24 06:21,64,rem
9/16/24 06:23,65,wake
9/16/24 06:24,64,wake
9/16/24 06:25,69,wake
9/16/24 06:26,59,wake
9/16/24 06:27,63,wake
9/16/24 06:28,61,wake
9/16/24 06:29,62,light
9/16/24 06:30,62,light
9/16/24 06:31,62,light
9/16/24 06:32,60,light
9/16/24 06:33,61,light
9/16/24 06:34,60,light
9/16/24 06:35,60,light
9/16/24 06:36,60,light
9/16/24 06:37,62,light
9/16/24 06:38,62,light
9/16/24 06:39,61,light
9/16/24 06:40,61,light
9/16/24 06:41,60,light
9/16/24 06:42,60,light
9/16/24 06:43,58,light
9/16/24 06:44,59,light
9/16/24 06:45,61,deep
9/16/24 06:46,61,deep
9/16/24 06:47,59,deep
9/16/24 06:48,59,deep
9/16/24 06:49,59,deep
9/16/24 06:50,60,deep
9/16/24 06:51,60,deep
9/16/24 06:52,60,deep
9/16/24 06:53,59,deep
9/16/24 06:54,60,deep
9/16/24 06:55,59,deep
9/16/24 06:56,60,deep
9/16/24 06:57,60,deep
9/16/24 06:58,61,deep
9/16/24 06:59,61,deep
9/16/24 07:01,65,light
9/16/24 07:02,59,light
9/16/24 07:03,64,light
9/16/24 07:04,64,light
9/16/24 07:05,59,light
9/16/24 07:06,62,light
9/16/24 07:07,58,light
9/16/24 07:08,59,light
9/16/24 07:09,60,light
9/16/24 07:10,59,light
9/16/24 07:11,58,light
9/16/24 07:12,58,light
9/16/24 07:13,57,light
9/16/24 07:14,56,light
9/16/24 07:15,57,light
9/16/24 07:16,57,light
9/16/24 07:17,56,light
9/16/24 07:18,57,light
9/16/24 07:19,58,light
9/16/24 07:20,58,light
9/16/24 07:21,58,light
9/16/24 07:22,56,light
9/16/24 07:23,57,light
9/16/24 07:24,57,light
9/16/24 07:25,57,light
9/16/24 07:26,58,light
9/16/24 07:27,57,light
9/16/24 07:28,57,light
9/16/24 07:29,57,light
9/16/24 07:30,57,light
9/16/24 07:31,56,light
9/16/24 07:32,58,light
9/16/24 07:33,56,light
9/16/24 07:34,57,light
9/16/24 07:35,58,light
9/16/24 07:36,56,light
9/16/24 07:37,62,wake
9/16/24 07:38,62,wake
9/16/24 07:39,59,wake
9/16/24 07:40,62,wake
9/16/24 07:41,61,wake
9/16/24 07:42,59,wake
9/16/24 07:43,60,light
9/16/24 07:44,58,light
9/16/24 07:45,60,light
9/16/24 07:46,67,light
9/16/24 07:47,59,light
9/16/24 07:48,59,light
9/16/24 07:49,62,light
9/16/24 07:50,60,light
9/16/24 07:51,60,light
9/16/24 07:52,60,light
9/16/24 07:53,60,light
9/16/24 07:54,60,light
9/16/24 07:55,60,light
9/16/24 07:56,60,light
9/16/24 07:57,60,light
9/16/24 07:58,60,light
9/16/24 07:59,63,light
9/16/24 08:00,66,light
9/16/24 08:01,61,light
9/16/24 08:02,63,wake
9/16/24 08:03,62,wake
9/16/24 08:04,68,wake
9/16/24 08:05,76,wake
9/16/24 08:06,73,wake
9/16/24 08:07,76,wake
9/16/24 08:08,73,wake
9/18/24 00:00,63,light
9/18/24 00:01,64,light
9/18/24 00:02,63,light
9/18/24 00:03,64,light
9/18/24 00:04,64,light
9/18/24 00:05,64,light
9/18/24 00:06,64,light
9/18/24 00:07,63,light
9/18/24 00:08,66,light
9/18/24 00:09,63,light
9/18/24 00:10,61,light
9/18/24 00:11,61,light
9/18/24 00:12,62,light
9/18/24 00:13,62,light
9/18/24 00:14,62,light
9/18/24 00:15,62,light
9/18/24 00:16,62,deep
9/18/24 00:17,62,deep
9/18/24 00:18,62,deep
9/18/24 00:19,62,deep
9/18/24 00:20,61,deep
9/18/24 00:21,61,deep
9/18/24 00:22,62,deep
9/18/24 00:23,62,deep
9/18/24 00:24,62,deep
9/18/24 00:25,62,deep
9/18/24 00:26,61,deep
9/18/24 00:27,62,deep
9/18/24 00:28,61,deep
9/18/24 00:29,61,deep
9/18/24 00:30,60,deep
9/18/24 00:31,60,deep
9/18/24 00:32,61,deep
9/18/24 00:33,61,deep
9/18/24 00:34,60,deep
9/18/24 00:35,60,deep
9/18/24 00:36,61,deep
9/18/24 00:37,61,deep
9/18/24 00:38,59,deep
9/18/24 00:39,59,deep
9/18/24 00:40,68,deep
9/18/24 00:41,74,light
9/18/24 00:42,66,light
9/18/24 00:43,67,light
9/18/24 00:44,66,light
9/18/24 00:45,64,light
9/18/24 00:46,62,light
9/18/24 00:47,63,light
9/18/24 00:48,63,light
9/18/24 00:49,62,light
9/18/24 00:50,70,light
9/18/24 00:51,60,light
9/18/24 00:52,61,light
9/18/24 00:53,64,light
9/18/24 00:54,60,light
9/18/24 00:55,59,light
9/18/24 00:56,58,light
9/18/24 00:57,60,light
9/18/24 00:58,60,light
9/18/24 00:59,58,light
9/18/24 01:00,60,light
9/18/24 01:01,62,light
9/18/24 01:02,60,light
9/18/24 01:03,61,light
9/18/24 01:04,62,light
9/18/24 01:05,61,light
9/18/24 01:06,69,light
9/18/24 01:07,71,light
9/18/24 01:08,63,light
9/18/24 01:09,62,light
9/18/24 01:10,62,light
9/18/24 01:11,62,light
9/18/24 01:13,61,deep
9/18/24 01:14,61,deep
9/18/24 01:15,62,deep
9/18/24 01:16,61,deep
9/18/24 01:17,61,deep
9/18/24 01:18,62,deep
9/18/24 01:19,61,deep
9/18/24 01:20,60,deep
9/18/24 01:21,60,deep
9/18/24 01:22,60,deep
9/18/24 01:23,59,deep
9/18/24 01:24,60,deep
9/18/24 01:25,60,deep
9/18/24 01:26,59,deep
9/18/24 01:27,59,deep
9/18/24 01:28,59,deep
9/18/24 01:29,58,deep
9/18/24 01:30,59,deep
9/18/24 01:31,59,deep
9/18/24 01:32,70,deep
9/18/24 01:33,64,light
9/18/24 01:34,60,light
9/18/24 01:35,60,light
9/18/24 01:36,58,light
9/18/24 01:37,59,light
9/18/24 01:38,59,light
9/18/24 01:39,59,light
9/18/24 01:40,60,light
9/18/24 01:41,59,light
9/18/24 01:42,58,light
9/18/24 01:43,60,light
9/18/24 01:44,67,light
9/18/24 01:45,58,light
9/18/24 01:46,58,rem
9/18/24 01:47,57,rem
9/18/24 01:48,63,rem
9/18/24 01:49,67,rem
9/18/24 01:50,68,rem
9/18/24 01:51,63,rem
9/18/24 01:52,63,rem
9/18/24 01:53,63,rem
9/18/24 01:54,65,rem
9/18/24 01:55,66,rem
9/18/24 01:56,66,rem
9/18/24 01:57,63,rem
9/18/24 01:58,62,rem
9/18/24 01:59,78,rem
9/18/24 02:00,69,rem
9/18/24 02:01,64,rem
9/18/24 02:02,61,rem
9/18/24 02:03,64,rem
9/18/24 02:04,63,rem
9/18/24 02:05,62,rem
9/18/24 02:06,63,rem
9/18/24 02:07,62,rem
9/18/24 02:08,68,rem
9/18/24 02:09,75,rem
9/18/24 02:10,66,light
9/18/24 02:11,67,light
9/18/24 02:12,64,light
9/18/24 02:13,67,light
9/18/24 02:14,64,light
9/18/24 02:15,64,light
9/18/24 02:16,64,light
9/18/24 02:17,64,light
9/18/24 02:18,63,light
9/18/24 02:19,62,light
9/18/24 02:20,58,light
9/18/24 02:21,59,light
9/18/24 02:22,58,light
9/18/24 02:23,58,light
9/18/24 02:24,57,light
9/18/24 02:25,57,light
9/18/24 02:26,64,light
9/18/24 02:27,58,light
9/18/24 02:28,62,light
9/18/24 02:29,60,light
9/18/24 02:30,59,light
9/18/24 02:31,59,light
9/18/24 02:32,57,light
9/18/24 02:33,57,light
9/18/24 02:35,59,deep
9/18/24 02:36,59,deep
9/18/24 02:37,58,deep
9/18/24 02:38,59,deep
9/18/24 02:39,58,deep
9/18/24 02:40,59,deep
9/18/24 02:41,58,deep
9/18/24 02:42,58,deep
9/18/24 02:43,59,deep
9/18/24 02:44,58,deep
9/18/24 02:45,59,deep
9/18/24 02:46,59,deep
9/18/24 02:47,58,deep
9/18/24 02:48,59,deep
9/18/24 02:49,58,light
9/18/24 02:50,67,light
9/18/24 02:51,62,light
9/18/24 02:52,58,light
9/18/24 02:53,58,light
9/18/24 02:54,57,light
9/18/24 02:55,57,light
9/18/24 02:56,56,light
9/18/24 02:57,56,light
9/18/24 02:58,57,light
9/18/24 02:59,56,light
9/18/24 03:00,56,light
9/18/24 03:01,56,light
9/18/24 03:02,56,light
9/18/24 03:03,57,light
9/18/24 03:04,56,light
9/18/24 03:05,55,light
9/18/24 03:06,56,light
9/18/24 03:07,56,light
9/18/24 03:08,56,light
9/18/24 03:09,56,light
9/18/24 03:10,56,light
9/18/24 03:11,57,light
9/18/24 03:12,57,light
9/18/24 03:13,57,light
9/18/24 03:14,56,light
9/18/24 03:15,56,light
9/18/24 03:16,55,light
9/18/24 03:17,56,light
9/18/24 03:18,56,light
9/18/24 03:19,56,light
9/18/24 03:20,55,light
9/18/24 03:21,56,light
9/18/24 03:22,56,light
9/18/24 03:23,56,light
9/18/24 03:24,57,light
9/18/24 03:25,62,light
9/18/24 03:26,61,light
9/18/24 03:27,56,light
9/18/24 03:28,57,light
9/18/24 03:29,58,light
9/18/24 03:30,57,light
9/18/24 03:31,59,light
9/18/24 03:32,58,light
9/18/24 03:33,57,light
9/18/24 03:34,59,light
9/18/24 03:35,64,light
9/18/24 03:36,56,light
9/18/24 03:37,56,light
9/18/24 03:38,56,light
9/18/24 03:39,55,light
9/18/24 03:40,56,light
9/18/24 03:41,57,light
9/18/24 03:42,55,light
9/18/24 03:43,54,light
9/18/24 03:44,54,light
9/18/24 03:45,55,light
9/18/24 03:46,55,light
9/18/24 03:47,54,light
9/18/24 03:48,55,light
9/18/24 03:49,62,light
9/18/24 03:50,57,light
9/18/24 03:51,56,light
9/18/24 03:52,57,light
9/18/24 03:53,57,light
9/18/24 03:54,55,light
9/18/24 03:55,58,light
9/18/24 03:57,57,rem
9/18/24 03:58,57,rem
9/18/24 03:59,57,rem
9/18/24 04:00,63,rem
9/18/24 04:01,56,rem
9/18/24 04:02,53,rem
9/18/24 04:03,65,rem
9/18/24 04:04,55,rem
9/18/24 04:05,60,rem
9/18/24 04:06,61,rem
9/18/24 04:07,59,rem
9/18/24 04:08,60,rem
9/18/24 04:09,59,rem
9/18/24 04:10,57,rem
9/18/24 04:11,60,rem
9/18/24 04:12,60,rem
9/18/24 04:13,54,rem
9/18/24 04:14,60,rem
9/18/24 04:15,62,rem
9/18/24 04:16,65,rem
9/18/24 04:17,68,rem
9/18/24 04:18,59,rem
9/18/24 04:19,60,rem
9/18/24 04:20,58,rem
9/18/24 04:21,65,rem
9/18/24 04:22,59,rem
9/18/24 04:23,58,rem
9/18/24 04:24,58,rem
9/18/24 04:25,59,rem
9/18/24 04:26,61,rem
9/18/24 04:27,57,rem
9/18/24 04:28,52,rem
9/18/24 04:29,53,rem
9/18/24 04:30,65,rem
9/18/24 04:31,63,rem
9/18/24 04:32,61,light
9/18/24 04:33,59,light
9/18/24 04:34,57,light
9/18/24 04:35,58,light
9/18/24 04:36,62,light
9/18/24 04:37,55,light
9/18/24 04:38,55,light
9/18/24 04:39,54,light
9/18/24 04:40,55,light
9/18/24 04:41,54,light
9/18/24 04:42,55,light
9/18/24 04:43,55,light
9/18/24 04:44,59,light
9/18/24 04:45,55,light
9/18/24 04:46,54,light
9/18/24 04:47,53,light
9/18/24 04:48,53,light
9/18/24 04:49,53,light
9/18/24 04:50,53,light
9/18/24 04:51,53,light
9/18/24 04:52,53,light
9/18/24 04:53,53,light
9/18/24 04:54,53,light
9/18/24 04:55,53,light
9/18/24 04:56,53,light
9/18/24 04:57,53,light
9/18/24 04:58,52,light
9/18/24 04:59,53,light
9/18/24 05:00,53,light
9/18/24 05:01,54,light
9/18/24 05:02,53,light
9/18/24 05:03,53,light
9/18/24 05:04,52,light
9/18/24 05:05,53,light
9/18/24 05:06,54,light
9/18/24 05:07,53,light
9/18/24 05:08,53,light
9/18/24 05:09,52,light
9/18/24 05:10,53,light
9/18/24 05:11,52,light
9/18/24 05:12,52,light
9/18/24 05:13,52,light
9/18/24 05:14,54,light
9/18/24 05:15,55,light
9/18/24 05:16,54,rem
9/18/24 05:17,52,rem
9/18/24 05:18,56,rem
9/18/24 05:19,53,rem
9/18/24 05:20,53,rem
9/18/24 05:21,52,rem
9/18/24 05:22,52,rem
9/18/24 05:23,52,rem
9/18/24 05:24,53,rem
9/18/24 05:25,54,rem
9/18/24 05:26,53,rem
9/18/24 05:27,53,rem
9/18/24 05:28,53,rem
9/18/24 05:29,53,wake
9/18/24 05:30,55,wake
9/18/24 05:31,63,wake
9/18/24 05:32,63,wake
9/18/24 05:33,65,wake
9/18/24 05:34,65,wake
9/18/24 05:35,63,wake
9/26/24 02:01,54,light
9/26/24 02:02,53,light
9/26/24 02:03,54,light
9/26/24 02:04,54,light
9/26/24 02:05,57,light
9/26/24 02:06,62,light
9/26/24 02:07,64,light
9/26/24 02:08,55,light
9/26/24 02:09,55,wake
9/26/24 02:10,54,wake
9/26/24 02:11,52,wake
9/26/24 02:12,68,wake
9/26/24 02:13,58,light
9/26/24 02:14,59,light
9/26/24 02:15,56,light
9/26/24 02:16,56,light
9/26/24 02:17,62,light
9/26/24 02:18,58,light
9/26/24 02:19,59,light
9/26/24 02:20,56,light
9/26/24 02:21,58,light
9/26/24 02:22,63,light
9/26/24 02:23,57,light
9/26/24 02:24,64,light
9/26/24 02:25,62,light
9/26/24 02:26,59,light
9/26/24 02:27,58,light
9/26/24 02:28,55,light
9/26/24 02:29,61,light
9/26/24 02:30,61,light
9/26/24 02:31,62,light
9/26/24 02:32,56,light
9/26/24 02:33,59,light
9/26/24 02:34,58,light
9/26/24 02:35,56,light
9/26/24 02:36,57,light
9/26/24 02:37,56,light
9/26/24 02:38,57,light
9/26/24 02:39,58,light
9/26/24 02:40,59,light
9/26/24 02:41,57,light
9/26/24 02:42,56,light
9/26/24 02:43,57,light
9/26/24 02:44,58,light
9/26/24 02:45,58,light
9/26/24 02:46,57,light
9/26/24 02:47,56,light
9/26/24 02:48,57,light
9/26/24 02:49,57,light
9/26/24 02:50,56,light
9/26/24 02:51,55,light
9/26/24 02:52,58,light
9/26/24 02:53,58,light
9/26/24 02:54,56,light
9/26/24 02:55,56,light
9/26/24 02:56,57,light
9/26/24 02:57,55,light
9/26/24 02:58,57,light
9/26/24 02:59,55,light
9/26/24 03:00,55,light
9/26/24 03:01,55,light
9/26/24 03:02,56,light
9/26/24 03:03,56,light
9/26/24 03:04,56,light
9/26/24 03:05,56,light
9/26/24 03:06,56,light
9/26/24 03:07,56,light
9/26/24 03:08,58,light
9/26/24 03:09,54,light
9/26/24 03:10,56,light
9/26/24 03:11,56,light
9/26/24 03:12,56,light
9/26/24 03:13,54,light
9/26/24 03:14,55,light
9/26/24 03:15,54,light
9/26/24 03:16,53,light
9/26/24 03:17,53,light
9/26/24 03:18,53,light
9/26/24 03:19,53,light
9/26/24 03:20,54,light
9/26/24 03:21,53,light
9/26/24 03:22,53,light
9/26/24 03:23,53,light
9/26/24 03:24,53,light
9/26/24 03:25,53,light
9/26/24 03:26,53,light
9/26/24 03:27,58,light
9/26/24 03:28,53,light
9/26/24 03:29,52,light
9/26/24 03:30,53,light
9/26/24 03:31,54,light
9/26/24 03:32,53,light
9/26/24 03:33,52,light
9/26/24 03:34,53,light
9/26/24 03:35,53,rem
9/26/24 03:36,52,rem
9/26/24 03:37,53,rem
9/26/24 03:38,56,rem
9/26/24 03:39,55,rem
9/26/24 03:40,60,rem
9/26/24 03:41,54,rem
9/26/24 03:42,54,rem
9/26/24 03:43,63,rem
9/26/24 03:44,55,rem
9/26/24 03:45,56,rem
9/26/24 03:46,58,rem
9/26/24 03:47,55,rem
9/26/24 03:48,55,rem
9/26/24 03:49,53,rem
9/26/24 03:50,58,rem
9/26/24 03:51,61,rem
9/26/24 03:52,63,rem
9/26/24 03:53,68,rem
9/26/24 03:54,63,light
9/26/24 03:55,61,light
9/26/24 03:56,60,light
9/26/24 03:57,59,light
9/26/24 03:58,56,light
9/26/24 03:59,64,light
9/26/24 04:00,58,light
9/26/24 04:01,56,light
9/26/24 04:02,58,light
9/26/24 04:03,56,light
9/26/24 04:04,57,light
9/26/24 04:05,56,light
9/26/24 04:06,57,light
9/26/24 04:07,56,light
9/26/24 04:08,60,light
9/26/24 04:09,54,light
9/26/24 04:10,55,light
9/26/24 04:11,56,light
9/26/24 04:12,55,light
9/26/24 04:13,57,light
9/26/24 04:14,56,light
9/26/24 04:15,57,light
9/26/24 04:16,56,light
9/26/24 04:17,56,light
9/26/24 04:18,57,light
9/26/24 04:19,56,light
9/26/24 04:20,58,light
9/26/24 04:21,56,light
9/26/24 04:22,55,light
9/26/24 04:23,55,light
9/26/24 04:24,56,deep
9/26/24 04:25,56,deep
9/26/24 04:26,56,deep
9/26/24 04:27,56,deep
9/26/24 04:28,56,deep
9/26/24 04:29,56,deep
9/26/24 04:30,57,deep
9/26/24 04:31,56,deep
9/26/24 04:32,56,deep
9/26/24 04:33,56,deep
9/26/24 04:34,65,deep
9/26/24 04:35,54,deep
9/26/24 04:36,55,deep
9/26/24 04:37,53,deep
9/26/24 04:38,53,deep
9/26/24 04:39,54,deep
9/26/24 04:40,54,deep
9/26/24 04:41,53,deep
9/26/24 04:42,53,deep
9/26/24 04:43,54,deep
9/26/24 04:44,53,deep
9/26/24 04:45,54,deep
9/26/24 04:46,54,deep
9/26/24 04:47,54,deep
9/26/24 04:48,53,deep
9/26/24 04:49,53,deep
9/26/24 04:50,53,deep
9/26/24 04:51,54,deep
9/26/24 04:52,54,deep
9/26/24 04:53,54,deep
9/26/24 04:54,54,deep
9/26/24 04:55,55,deep
9/26/24 04:56,55,deep
9/26/24 04:57,54,deep
9/26/24 04:58,59,deep
9/26/24 04:59,55,deep
9/26/24 05:00,53,deep
9/26/24 05:01,53,deep
9/26/24 05:02,54,deep
9/26/24 05:03,54,deep
9/26/24 05:04,54,deep
9/26/24 05:05,54,deep
9/26/24 05:06,54,deep
9/26/24 05:07,54,deep
9/26/24 05:08,54,deep
9/26/24 05:09,54,deep
9/26/24 05:10,54,deep
9/26/24 05:11,53,deep
9/26/24 05:12,54,deep
9/26/24 05:13,54,deep
9/26/24 05:14,55,deep
9/26/24 05:15,54,deep
9/26/24 05:16,55,light
9/26/24 05:17,53,rem
9/26/24 05:18,55,rem
9/26/24 05:19,55,rem
9/26/24 05:20,59,rem
9/26/24 05:21,60,rem
9/26/24 05:22,62,rem
9/26/24 05:23,57,rem
9/26/24 05:24,54,rem
9/26/24 05:25,55,rem
9/26/24 05:26,58,rem
9/26/24 05:27,63,rem
9/26/24 05:28,61,rem
9/26/24 05:29,61,rem
9/26/24 05:30,65,rem
9/26/24 05:31,60,rem
9/26/24 05:32,58,rem
9/26/24 05:33,55,rem
9/26/24 05:34,63,rem
9/26/24 05:35,68,rem
9/26/24 05:36,58,rem
9/26/24 05:37,57,rem
9/26/24 05:38,54,rem
9/26/24 05:39,56,rem
9/26/24 05:40,67,rem
9/26/24 05:41,54,rem
9/26/24 05:42,56,rem
9/26/24 05:43,52,rem
9/26/24 05:44,52,rem
9/26/24 05:45,53,rem
9/26/24 05:46,56,rem
9/26/24 05:47,60,rem
9/26/24 05:48,56,rem
9/26/24 05:49,57,rem
9/26/24 05:50,63,light
9/26/24 05:51,55,light
9/26/24 05:52,54,light
9/26/24 05:53,54,light
9/26/24 05:54,55,light
9/26/24 05:55,57,light
9/26/24 05:57,50,rem
9/26/24 05:58,52,rem
9/26/24 05:59,54,rem
9/26/24 06:00,55,rem
9/26/24 06:01,50,rem
9/26/24 06:02,53,rem
9/26/24 06:03,53,rem
9/26/24 06:04,56,rem
9/26/24 06:05,62,rem
9/26/24 06:06,58,rem
9/26/24 06:07,59,rem
9/26/24 06:08,58,rem
9/26/24 06:09,59,rem
9/26/24 06:10,56,rem
9/26/24 06:11,56,rem
9/26/24 06:12,55,rem
9/26/24 06:13,56,light
9/26/24 06:14,56,light
9/26/24 06:15,57,light
9/26/24 06:16,61,light
9/26/24 06:17,56,light
9/26/24 06:18,61,light
9/26/24 06:19,56,light
9/26/24 06:20,55,light
9/26/24 06:21,56,light
9/26/24 06:22,53,light
9/26/24 06:23,54,light
9/26/24 06:24,55,light
9/26/24 06:25,54,light
9/26/24 06:26,54,light
9/26/24 06:27,53,light
9/26/24 06:28,55,light
9/26/24 06:29,54,light
9/26/24 06:30,54,light
9/26/24 06:31,56,light
9/26/24 06:32,54,light
9/26/24 06:33,55,light
9/26/24 06:34,57,light
9/26/24 06:35,57,light
9/26/24 06:36,56,light
9/26/24 06:37,55,light
9/26/24 06:38,55,light
9/26/24 06:39,54,light
9/26/24 06:40,52,light
9/26/24 06:41,55,light
9/26/24 06:42,54,light
9/26/24 06:43,55,light
9/26/24 06:45,54,deep
9/26/24 06:46,54,deep
9/26/24 06:47,55,deep
9/26/24 06:48,55,deep
9/26/24 06:49,55,deep
9/26/24 06:50,56,deep
9/26/24 06:51,56,deep
9/26/24 06:52,54,deep
9/26/24 06:53,55,deep
9/26/24 06:54,56,deep
9/26/24 06:55,55,deep
9/26/24 06:56,55,deep
9/26/24 06:57,55,deep
9/26/24 06:58,55,deep
9/26/24 06:59,56,light
9/26/24 07:00,66,light
9/26/24 07:01,55,light
9/26/24 07:02,54,light
9/26/24 07:03,54,light
9/26/24 07:04,55,light
9/26/24 07:05,53,light
9/26/24 07:06,57,light
9/26/24 07:07,53,light
9/26/24 07:08,53,light
9/26/24 07:09,54,light
9/26/24 07:10,53,light
9/26/24 07:11,54,light
9/26/24 07:12,54,light
9/26/24 07:13,55,light
9/26/24 07:14,54,light
9/26/24 07:15,55,light
9/26/24 07:16,53,light
9/26/24 07:17,53,light
9/26/24 07:18,54,light
9/26/24 07:19,53,light
9/26/24 07:20,53,light
9/26/24 07:21,66,light
9/26/24 07:22,56,light
9/26/24 07:23,56,light
9/26/24 07:24,60,light
9/26/24 07:25,54,light
9/26/24 07:26,58,light
9/26/24 07:27,58,light
9/26/24 07:28,58,light
9/26/24 07:29,59,light
9/26/24 07:30,62,light
9/26/24 07:31,55,light
9/26/24 07:32,56,light
9/26/24 07:33,57,light
9/26/24 07:34,57,light
9/26/24 07:35,67,light
9/26/24 07:36,58,light
9/26/24 07:37,55,light
9/26/24 07:38,56,light
9/26/24 07:40,55,rem
9/26/24 07:41,58,rem
9/26/24 07:42,59,rem
9/26/24 07:43,63,rem
9/26/24 07:44,60,rem
9/26/24 07:45,57,rem
9/26/24 07:46,64,rem
9/26/24 07:47,61,rem
9/26/24 07:48,54,rem
9/26/24 07:49,54,rem
9/26/24 07:50,56,rem
9/26/24 07:51,54,rem
9/26/24 07:52,60,rem
9/26/24 07:53,63,rem
9/26/24 07:54,58,rem
9/26/24 07:55,59,rem
9/26/24 07:56,53,rem
9/26/24 07:57,52,rem
9/26/24 07:58,54,rem
9/26/24 07:59,54,rem
9/26/24 08:00,55,rem
9/26/24 08:01,56,rem
9/26/24 08:02,53,rem
9/26/24 08:03,53,rem
10/1/24 01:30,56,light
10/1/24 01:31,56,light
10/1/24 01:32,56,light
10/1/24 01:33,56,light
10/1/24 01:34,57,light
10/1/24 01:35,57,light
10/1/24 01:36,57,light
10/1/24 01:37,57,light
10/1/24 01:38,56,light
10/1/24 01:39,61,light
10/1/24 01:40,60,light
10/1/24 01:41,58,light
10/1/24 01:42,58,light
10/1/24 01:43,58,light
10/1/24 01:44,55,light
10/1/24 01:45,60,light
10/1/24 01:46,60,light
10/1/24 01:47,61,light
10/1/24 01:48,69,light
10/1/24 01:49,70,light
10/1/24 01:50,59,light
10/1/24 01:51,58,wake
10/1/24 01:52,63,wake
10/1/24 01:53,67,wake
10/1/24 01:54,66,wake
10/1/24 01:55,61,wake
10/1/24 01:56,60,light
10/1/24 01:57,57,light
10/1/24 01:58,56,light
10/1/24 01:59,62,light
10/1/24 02:00,70,light
10/1/24 02:01,63,light
10/1/24 02:02,60,light
10/1/24 02:03,59,light
10/1/24 02:04,57,light
10/1/24 02:05,56,light
10/1/24 02:06,56,light
10/1/24 02:07,55,light
10/1/24 02:08,57,light
10/1/24 02:09,56,light
10/1/24 02:10,62,light
10/1/24 02:11,59,light
10/1/24 02:12,59,light
10/1/24 02:13,58,light
10/1/24 02:14,59,light
10/1/24 02:15,70,light
10/1/24 02:16,58,light
10/1/24 02:17,59,light
10/1/24 02:18,58,light
10/1/24 02:19,58,light
10/1/24 02:20,57,deep
10/1/24 02:21,58,deep
10/1/24 02:22,57,deep
10/1/24 02:23,56,deep
10/1/24 02:24,58,deep
10/1/24 02:25,58,deep
10/1/24 02:26,58,deep
10/1/24 02:27,57,deep
10/1/24 02:28,57,deep
10/1/24 02:29,57,deep
10/1/24 02:30,57,deep
10/1/24 02:31,56,deep
10/1/24 02:32,57,deep
10/1/24 02:33,57,deep
10/1/24 02:34,56,deep
10/1/24 02:35,57,deep
10/1/24 02:36,57,deep
10/1/24 02:37,56,deep
10/1/24 02:38,55,deep
10/1/24 02:39,57,deep
10/1/24 02:40,56,deep
10/1/24 02:41,57,deep
10/1/24 02:42,56,deep
10/1/24 02:43,56,deep
10/1/24 02:44,56,deep
10/1/24 02:45,56,deep
10/1/24 02:46,56,deep
10/1/24 02:47,56,deep
10/1/24 02:48,55,deep
10/1/24 02:49,56,deep
10/1/24 02:50,56,deep
10/1/24 02:51,56,deep
10/1/24 02:52,57,deep
10/1/24 02:53,57,deep
10/1/24 02:54,58,deep
10/1/24 02:55,58,deep
10/1/24 02:56,58,deep
10/1/24 02:57,58,deep
10/1/24 02:58,58,deep
10/1/24 02:59,57,deep
10/1/24 03:00,57,deep
10/1/24 03:01,57,deep
10/1/24 03:02,58,deep
10/1/24 03:03,57,deep
10/1/24 03:04,57,deep
10/1/24 03:05,58,deep
10/1/24 03:06,57,deep
10/1/24 03:07,57,deep
10/1/24 03:08,59,deep
10/1/24 03:09,56,deep
10/1/24 03:11,59,rem
10/1/24 03:12,61,rem
10/1/24 03:13,58,rem
10/1/24 03:14,55,rem
10/1/24 03:15,57,rem
10/1/24 03:16,61,rem
10/1/24 03:17,62,rem
10/1/24 03:18,59,rem
10/1/24 03:19,63,rem
10/1/24 03:20,64,rem
10/1/24 03:21,60,rem
10/1/24 03:22,58,rem
10/1/24 03:23,67,rem
10/1/24 03:24,62,rem
10/1/24 03:25,55,rem
10/1/24 03:26,58,rem
10/1/24 03:27,74,rem
10/1/24 03:28,61,rem
10/1/24 03:29,63,rem
10/1/24 03:30,63,rem
10/1/24 03:31,59,rem
10/1/24 03:32,60,rem
10/1/24 03:33,58,rem
10/1/24 03:34,57,light
10/1/24 03:35,66,light
10/1/24 03:36,59,light
10/1/24 03:37,59,light
10/1/24 03:38,59,light
10/1/24 03:39,58,light
10/1/24 03:40,57,light
10/1/24 03:41,58,light
10/1/24 03:42,61,light
10/1/24 03:43,60,light
10/1/24 03:44,59,light
10/1/24 03:45,58,light
10/1/24 03:46,59,light
10/1/24 03:47,58,light
10/1/24 03:48,63,light
10/1/24 03:49,66,light
10/1/24 03:50,58,light
10/1/24 03:51,58,light
10/1/24 03:52,58,light
10/1/24 03:53,60,light
10/1/24 03:54,58,light
10/1/24 03:55,58,light
10/1/24 03:56,68,light
10/1/24 03:57,61,light
10/1/24 03:58,61,light
10/1/24 03:59,59,light
10/1/24 04:00,59,light
10/1/24 04:01,60,light
10/1/24 04:02,59,light
10/1/24 04:03,57,light
10/1/24 04:04,58,light
10/1/24 04:05,59,light
10/1/24 04:06,58,light
10/1/24 04:07,58,light
10/1/24 04:08,58,light
10/1/24 04:09,57,light
10/1/24 04:10,57,light
10/1/24 04:11,57,light
10/1/24 04:12,59,light
10/1/24 04:13,64,light
10/1/24 04:14,59,light
10/1/24 04:15,58,light
10/1/24 04:16,58,light
10/1/24 04:17,59,light
10/1/24 04:18,60,light
10/1/24 04:19,59,light
10/1/24 04:20,59,light
10/1/24 04:21,59,light
10/1/24 04:22,59,light
10/1/24 04:23,58,light
10/1/24 04:24,58,light
10/1/24 04:25,58,deep
10/1/24 04:26,57,deep
10/1/24 04:27,57,deep
10/1/24 04:28,58,deep
10/1/24 04:29,58,deep
10/1/24 04:30,57,deep
10/1/24 04:31,64,light
10/1/24 04:32,57,light
10/1/24 04:33,57,light
10/1/24 04:34,57,light
10/1/24 04:35,56,light
10/1/24 04:36,55,light
10/1/24 04:37,55,light
10/1/24 04:38,56,light
10/1/24 04:39,56,light
10/1/24 04:40,57,light
10/1/24 04:41,57,light
10/1/24 04:42,56,light
10/1/24 04:43,58,light
10/1/24 04:44,57,light
10/1/24 04:45,56,light
10/1/24 04:46,56,light
10/1/24 04:47,56,light
10/1/24 04:48,57,light
10/1/24 04:49,56,light
10/1/24 04:50,57,light
10/1/24 04:51,57,light
10/1/24 04:52,58,light
10/1/24 04:53,57,light
10/1/24 04:54,59,light
10/1/24 04:55,64,light
10/1/24 04:56,59,light
10/1/24 04:57,58,light
10/1/24 04:58,66,light
10/1/24 04:59,58,light
10/1/24 05:00,59,light
10/1/24 05:01,62,light
10/1/24 05:02,62,rem
10/1/24 05:03,58,rem
10/1/24 05:04,57,rem
10/1/24 05:05,61,rem
10/1/24 05:06,65,rem
10/1/24 05:07,64,rem
10/1/24 05:08,62,rem
10/1/24 05:09,60,rem
10/1/24 05:10,61,rem
10/1/24 05:11,61,rem
10/1/24 05:12,59,rem
10/1/24 05:13,59,rem
10/1/24 05:14,60,rem
10/1/24 05:15,67,rem
10/1/24 05:16,55,rem
10/1/24 05:17,56,rem
10/1/24 05:18,56,rem
10/1/24 05:19,54,rem
10/1/24 05:20,54,rem
10/1/24 05:21,61,rem
10/1/24 05:22,60,rem
10/1/24 05:23,60,rem
10/1/24 05:24,62,rem
10/1/24 05:25,64,rem
10/1/24 05:26,62,rem
10/1/24 05:27,61,rem
10/1/24 05:28,61,rem
10/1/24 05:29,58,rem
10/1/24 05:30,66,rem
10/1/24 05:31,58,rem
10/1/24 05:32,57,rem
10/1/24 05:33,63,rem
10/1/24 05:34,59,rem
10/1/24 05:35,59,rem
10/1/24 05:36,62,rem
10/1/24 05:37,55,rem
10/1/24 05:38,62,rem
10/1/24 05:39,59,wake
10/1/24 05:40,67,wake
10/1/24 05:41,62,wake
10/1/24 05:42,63,wake
10/1/24 05:43,57,wake
10/1/24 05:45,62,light
10/1/24 05:46,58,light
10/1/24 05:47,57,light
10/1/24 05:48,54,light
10/1/24 05:49,59,light
10/1/24 05:50,56,light
10/1/24 05:51,57,light
10/1/24 05:52,55,light
10/1/24 05:53,57,light
10/1/24 05:54,56,light
10/1/24 05:55,57,light
10/1/24 05:56,56,light
10/1/24 05:57,55,light
10/1/24 05:58,56,light
10/1/24 05:59,60,light
10/1/24 06:00,54,light
10/1/24 06:01,57,light
10/1/24 06:02,56,light
10/1/24 06:03,57,light
10/1/24 06:04,57,light
10/1/24 06:05,57,light
10/1/24 06:06,57,light
10/1/24 06:07,65,light
10/1/24 06:08,57,light
10/1/24 06:09,57,light
10/1/24 06:10,57,light
10/1/24 06:11,57,light
10/1/24 06:12,56,light
10/1/24 06:13,57,light
10/1/24 06:14,57,light
10/1/24 06:15,55,light
10/1/24 06:16,56,light
10/1/24 06:17,56,light
10/1/24 06:18,55,light
10/1/24 06:19,56,light
10/1/24 06:20,56,light
10/1/24 06:21,56,light
10/1/24 06:22,56,deep
10/1/24 06:23,56,deep
10/1/24 06:24,56,deep
10/1/24 06:25,56,deep
10/1/24 06:26,56,deep
10/1/24 06:27,56,deep
10/1/24 06:28,56,deep
10/1/24 06:29,56,deep
10/1/24 06:30,57,deep
10/1/24 06:31,57,light
10/1/24 06:32,63,light
10/1/24 06:33,62,light
10/1/24 06:34,58,light
10/1/24 06:35,58,light
10/1/24 06:36,58,light
10/1/24 06:37,58,light
10/1/24 06:38,58,light
10/1/24 06:39,58,light
10/1/24 06:40,58,light
10/1/24 06:41,56,light
10/1/24 06:42,57,light
10/1/24 06:43,59,light
10/1/24 06:44,65,light
10/1/24 06:45,56,light
10/1/24 06:46,55,light
10/1/24 06:47,60,light
10/1/24 06:48,55,light
10/1/24 06:50,54,rem
10/1/24 06:51,54,rem
10/1/24 06:52,56,rem
10/1/24 06:53,56,rem
10/1/24 06:54,55,rem
10/1/24 06:55,56,rem
10/1/24 06:56,58,rem
10/1/24 06:57,62,wake
10/1/24 06:58,67,wake
10/1/24 06:59,67,wake
10/1/24 07:00,61,wake
10/1/24 07:01,60,wake
10/1/24 07:02,60,rem
10/1/24 07:03,57,rem
10/1/24 07:04,53,rem
10/1/24 07:05,54,rem
10/1/24 07:06,53,rem
10/1/24 07:07,55,rem
10/1/24 07:08,55,rem
10/1/24 07:09,59,rem
10/1/24 07:10,60,rem
10/1/24 07:11,59,rem
10/1/24 07:12,58,rem
10/1/24 07:13,56,rem
10/1/24 07:14,56,rem
10/1/24 07:15,56,rem
10/1/24 07:16,57,rem
10/1/24 07:17,56,rem
10/1/24 07:18,56,rem
10/1/24 07:19,57,rem
10/1/24 07:20,60,wake
10/1/24 07:21,66,wake
10/1/24 07:22,69,wake
10/1/24 07:23,65,wake
10/1/24 07:24,65,wake
10/1/24 07:25,61,wake
10/1/24 07:26,62,wake
10/1/24 07:27,60,wake
10/1/24 07:28,64,wake
10/1/24 07:30,58,rem
10/1/24 07:31,58,rem
10/1/24 07:32,57,rem
10/1/24 07:33,56,rem
10/1/24 07:34,57,rem
10/1/24 07:36,58,light
10/1/24 07:37,58,light
10/1/24 07:38,56,light
10/1/24 07:39,57,light
10/1/24 07:40,58,light
10/1/24 07:41,58,light
10/1/24 07:42,58,light
10/1/24 07:43,58,light
10/1/24 07:44,57,light
10/1/24 07:45,57,light
10/1/24 07:46,58,light
10/1/24 07:47,58,light
10/1/24 07:48,57,light
10/1/24 07:49,59,light
10/1/24 07:50,58,light
10/1/24 07:51,59,light
10/1/24 07:52,58,light
10/1/24 07:53,59,light
10/1/24 07:54,59,light
10/1/24 07:55,58,light
10/1/24 07:56,58,light
10/1/24 07:57,58,light
10/1/24 07:58,58,light
10/1/24 07:59,58,light
10/1/24 08:00,58,light
10/1/24 08:01,58,light
10/1/24 08:02,59,light
10/1/24 08:03,62,light
10/1/24 08:04,57,light
10/1/24 08:05,57,light
10/1/24 08:06,56,light
10/1/24 08:07,56,light
10/1/24 08:08,56,light
10/1/24 08:09,56,light
10/1/24 08:10,56,light
10/1/24 08:11,55,light
10/1/24 08:12,56,light
10/1/24 08:13,56,light
10/1/24 08:14,57,light
10/1/24 08:15,56,light
10/1/24 08:16,55,light
10/1/24 08:17,57,light
10/1/24 08:18,56,light
10/1/24 08:19,56,light
10/1/24 08:20,56,light
10/1/24 08:21,56,light
10/1/24 08:22,57,light
10/1/24 08:23,57,light
10/1/24 08:24,57,light
10/1/24 08:25,57,light
10/1/24 08:26,62,wake
10/1/24 08:27,59,wake
10/1/24 08:28,64,wake
10/1/24 08:29,60,wake
10/1/24 08:30,61,wake
10/1/24 08:31,58,wake
10/1/24 08:32,60,wake
10/1/24 08:33,60,wake
10/2/24 02:28,66,wake
10/2/24 02:29,65,wake
10/2/24 02:30,63,wake
10/2/24 02:31,65,wake
10/2/24 02:33,63,light
10/2/24 02:34,61,light
10/2/24 02:35,61,light
10/2/24 02:36,62,light
10/2/24 02:37,61,light
10/2/24 02:38,60,light
10/2/24 02:39,62,light
10/2/24 02:40,61,light
10/2/24 02:41,61,light
10/2/24 02:42,59,light
10/2/24 02:43,60,light
10/2/24 02:44,60,light
10/2/24 02:45,60,light
10/2/24 02:46,60,light
10/2/24 02:47,60,light
10/2/24 02:48,60,deep
10/2/24 02:49,60,deep
10/2/24 02:50,60,deep
10/2/24 02:51,60,deep
10/2/24 02:52,60,deep
10/2/24 02:53,59,deep
10/2/24 02:54,60,deep
10/2/24 02:55,60,deep
10/2/24 02:56,62,light
10/2/24 02:57,70,light
10/2/24 02:58,59,light
10/2/24 02:59,60,light
10/2/24 03:00,58,light
10/2/24 03:01,60,light
10/2/24 03:02,60,light
10/2/24 03:03,59,light
10/2/24 03:04,59,light
10/2/24 03:05,58,light
10/2/24 03:06,58,light
10/2/24 03:07,60,light
10/2/24 03:08,57,light
10/2/24 03:09,61,light
10/2/24 03:10,62,light
10/2/24 03:11,58,rem
10/2/24 03:12,58,rem
10/2/24 03:13,52,rem
10/2/24 03:14,57,rem
10/2/24 03:15,72,rem
10/2/24 03:16,69,rem
10/2/24 03:17,65,rem
10/2/24 03:18,62,rem
10/2/24 03:19,61,rem
10/2/24 03:20,68,rem
10/2/24 03:21,62,rem
10/2/24 03:22,64,rem
10/2/24 03:23,64,rem
10/2/24 03:24,65,rem
10/2/24 03:25,62,rem
10/2/24 03:26,63,rem
10/2/24 03:27,62,rem
10/2/24 03:28,63,rem
10/2/24 03:29,61,rem
10/2/24 03:30,66,rem
10/2/24 03:31,62,rem
10/2/24 03:32,62,rem
10/2/24 03:33,65,rem
10/2/24 03:34,53,rem
10/2/24 03:35,60,rem
10/2/24 03:36,64,rem
10/2/24 03:37,60,rem
10/2/24 03:38,65,rem
10/2/24 03:39,58,rem
10/2/24 03:40,59,rem
10/2/24 03:41,57,rem
10/2/24 03:42,57,rem
10/2/24 03:43,57,rem
10/2/24 03:44,59,rem
10/2/24 03:45,61,rem
10/2/24 03:46,65,rem
10/2/24 03:47,63,rem
10/2/24 03:48,63,rem
10/2/24 03:49,57,rem
10/2/24 03:50,61,rem
10/2/24 03:51,61,rem
10/2/24 03:52,63,rem
10/2/24 03:53,62,rem
10/2/24 03:54,61,rem
10/2/24 03:55,61,rem
10/2/24 03:56,64,rem
10/2/24 03:57,59,rem
10/2/24 03:58,57,rem
10/2/24 03:59,56,rem
10/2/24 04:00,53,rem
10/2/24 04:01,53,rem
10/2/24 04:02,57,rem
10/2/24 04:03,56,rem
10/2/24 04:04,55,rem
10/2/24 04:05,62,rem
10/2/24 04:06,56,rem
10/2/24 04:07,61,rem
10/2/24 04:08,59,light
10/2/24 04:09,59,light
10/2/24 04:10,59,light
10/2/24 04:11,59,light
10/2/24 04:12,60,light
10/2/24 04:13,59,light
10/2/24 04:14,58,light
10/2/24 04:15,59,light
10/2/24 04:16,58,deep
10/2/24 04:17,57,deep
10/2/24 04:18,58,deep
10/2/24 04:19,58,deep
10/2/24 04:20,58,deep
10/2/24 04:21,58,deep
10/2/24 04:22,58,deep
10/2/24 04:24,58,light
10/2/24 04:25,69,light
10/2/24 04:26,57,light
10/2/24 04:27,57,light
10/2/24 04:28,57,light
10/2/24 04:29,57,light
10/2/24 04:30,57,light
10/2/24 04:31,56,light
10/2/24 04:32,57,deep
10/2/24 04:33,56,deep
10/2/24 04:34,56,deep
10/2/24 04:35,57,deep
10/2/24 04:36,57,deep
10/2/24 04:37,57,deep
10/2/24 04:38,57,deep
10/2/24 04:39,57,deep
10/2/24 04:40,57,deep
10/2/24 04:41,57,deep
10/2/24 04:42,57,deep
10/2/24 04:43,57,deep
10/2/24 04:44,57,deep
10/2/24 04:45,57,deep
10/2/24 04:46,57,deep
10/2/24 04:47,56,deep
10/2/24 04:48,56,deep
10/2/24 04:49,57,deep
10/2/24 04:50,56,deep
10/2/24 04:51,57,deep
10/2/24 04:52,57,light
10/2/24 04:53,60,light
10/2/24 04:54,55,light
10/2/24 04:55,58,light
10/2/24 04:56,57,light
10/2/24 04:57,56,light
10/2/24 04:58,55,light
10/2/24 04:59,57,light
10/2/24 05:00,56,light
10/2/24 05:01,56,light
10/2/24 05:02,56,light
10/2/24 05:03,56,light
10/2/24 05:04,56,light
10/2/24 05:05,54,light
10/2/24 05:06,56,light
10/2/24 05:07,56,light
10/2/24 05:08,61,light
10/2/24 05:09,58,light
10/2/24 05:10,56,light
10/2/24 05:11,55,light
10/2/24 05:12,55,light
10/2/24 05:13,54,light
10/2/24 05:14,59,light
10/2/24 05:15,54,light
10/2/24 05:16,58,light
10/2/24 05:17,62,light
10/2/24 05:18,57,light
10/2/24 05:19,57,light
10/2/24 05:20,57,light
10/2/24 05:21,58,light
10/2/24 05:22,58,light
10/2/24 05:23,58,light
10/2/24 05:24,57,light
10/2/24 05:25,57,light
10/2/24 05:26,58,light
10/2/24 05:27,67,light
10/2/24 05:28,57,light
10/2/24 05:29,58,light
10/2/24 05:30,63,light
10/2/24 05:31,60,light
10/2/24 05:32,61,light
10/2/24 05:33,56,rem
10/2/24 05:34,54,rem
10/2/24 05:35,61,rem
10/2/24 05:36,56,rem
10/2/24 05:37,58,rem
10/2/24 05:39,63,wake
10/2/24 05:40,69,wake
10/2/24 05:41,61,wake
10/2/24 05:42,63,wake
10/2/24 05:43,58,wake
10/2/24 05:44,58,light
10/2/24 05:45,59,light
10/2/24 05:46,58,rem
10/2/24 05:47,57,rem
10/2/24 05:48,59,rem
10/2/24 05:49,59,rem
10/2/24 05:50,58,rem
10/2/24 05:51,61,rem
10/2/24 05:52,59,rem
10/2/24 05:53,61,light
10/2/24 05:54,58,light
10/2/24 05:55,62,light
10/2/24 05:56,59,light
10/2/24 05:57,63,light
10/2/24 05:58,61,light
10/2/24 05:59,62,light
10/2/24 06:00,65,light
10/2/24 06:01,60,light
10/2/24 06:02,59,light
10/2/24 06:03,58,light
10/2/24 06:04,59,light
10/2/24 06:05,62,light
10/2/24 06:06,59,light
10/2/24 06:07,60,light
10/2/24 06:08,58,light
10/2/24 06:09,59,light
10/2/24 06:10,58,light
10/2/24 06:11,59,light
10/2/24 06:12,59,light
10/2/24 06:13,59,light
10/2/24 06:14,59,light
10/2/24 06:15,58,light
10/2/24 06:16,58,deep
10/2/24 06:17,59,deep
10/2/24 06:18,59,deep
10/2/24 06:19,60,deep
10/2/24 06:20,60,deep
10/2/24 06:21,59,deep
10/2/24 06:22,60,deep
10/2/24 06:23,59,deep
10/2/24 06:24,59,deep
10/2/24 06:25,59,deep
10/2/24 06:26,59,deep
10/2/24 06:27,60,deep
10/2/24 06:28,60,deep
10/2/24 06:29,59,deep
10/2/24 06:30,60,deep
10/2/24 06:31,60,deep
10/2/24 06:32,59,deep
10/2/24 06:33,61,deep
10/2/24 06:34,59,deep
10/2/24 06:35,60,deep
10/2/24 06:36,61,deep
10/2/24 06:37,61,deep
10/2/24 06:38,61,deep
10/2/24 06:39,61,deep
10/2/24 06:40,59,deep
10/2/24 06:41,60,deep
10/2/24 06:42,60,deep
10/2/24 06:43,60,deep
10/2/24 06:44,59,deep
10/2/24 06:45,60,deep
10/2/24 06:46,59,deep
10/2/24 06:47,60,deep
10/2/24 06:48,60,deep
10/2/24 06:49,60,deep
10/2/24 06:50,59,deep
10/2/24 06:51,60,deep
10/2/24 06:52,62,light
10/2/24 06:53,60,light
10/2/24 06:54,57,light
10/2/24 06:55,59,light
10/2/24 06:56,58,light
10/2/24 06:57,59,light
10/2/24 06:58,58,light
10/2/24 06:59,65,light
10/2/24 07:00,62,light
10/2/24 07:01,58,light
10/2/24 07:02,58,light
10/2/24 07:03,58,light
10/2/24 07:04,59,light
10/2/24 07:05,57,rem
10/2/24 07:06,58,rem
10/2/24 07:07,55,rem
10/2/24 07:08,60,rem
10/2/24 07:09,61,rem
10/2/24 07:10,66,rem
10/2/24 07:11,61,rem
10/2/24 07:12,59,rem
10/2/24 07:13,59,rem
10/2/24 07:14,59,rem
10/2/24 07:15,64,rem
10/2/24 07:16,59,rem
10/2/24 07:18,64,light
10/2/24 07:19,61,light
10/2/24 07:20,59,light
10/2/24 07:21,67,light
10/2/24 07:22,62,light
10/2/24 07:23,62,light
10/2/24 07:24,64,light
10/2/24 07:25,62,light
10/2/24 07:26,68,light
10/2/24 07:27,63,light
10/2/24 07:28,61,light
10/2/24 07:29,57,light
10/2/24 07:30,62,light
10/2/24 07:31,62,light
10/2/24 07:32,61,light
10/2/24 07:33,69,light
10/2/24 07:34,61,light
10/2/24 07:35,59,rem
10/2/24 07:36,62,rem
10/2/24 07:37,60,rem
10/2/24 07:38,59,rem
10/2/24 07:40,63,light
10/2/24 07:41,66,light
10/2/24 07:42,61,light
10/2/24 07:43,58,light
10/2/24 07:44,57,light
10/2/24 07:45,57,light
10/2/24 07:46,57,light
10/2/24 07:47,57,light
10/2/24 07:48,56,light
10/2/24 07:49,57,light
10/2/24 07:50,57,light
10/2/24 07:51,59,light
10/2/24 07:52,57,light
10/2/24 07:53,58,light
10/2/24 07:54,56,rem
10/2/24 07:55,58,rem
10/2/24 07:56,59,rem
10/2/24 07:57,56,rem
10/2/24 07:58,59,rem
10/2/24 08:00,69,wake
10/2/24 08:01,83,wake
10/2/24 08:02,71,wake
10/2/24 08:03,69,wake
10/2/24 08:04,65,wake
10/2/24 08:05,67,wake
10/2/24 08:06,68,wake
10/2/24 08:07,65,wake
10/2/24 08:08,66,wake
10/3/24 01:35,66,wake
10/3/24 01:36,65,wake
10/3/24 01:37,66,wake
10/3/24 01:38,67,wake
10/3/24 01:40,66,light
10/3/24 01:41,64,light
10/3/24 01:42,64,light
10/3/24 01:43,63,light
10/3/24 01:44,62,light
10/3/24 01:45,62,light
10/3/24 01:46,63,light
10/3/24 01:47,63,light
10/3/24 01:48,62,light
10/3/24 01:49,64,light
10/3/24 01:50,65,light
10/3/24 01:51,66,light
10/3/24 01:52,65,light
10/3/24 01:53,65,light
10/3/24 01:54,64,light
10/3/24 01:55,62,light
10/3/24 01:56,62,light
10/3/24 01:57,62,light
10/3/24 01:58,62,light
10/3/24 01:59,62,light
10/3/24 02:00,63,light
10/3/24 02:01,61,light
10/3/24 02:02,61,light
10/3/24 02:03,60,light
10/3/24 02:04,61,light
10/3/24 02:05,60,light
10/3/24 02:06,62,light
10/3/24 02:07,60,light
10/3/24 02:08,59,light
10/3/24 02:09,60,light
10/3/24 02:10,59,light
10/3/24 02:11,60,light
10/3/24 02:12,59,light
10/3/24 02:13,62,light
10/3/24 02:14,66,light
10/3/24 02:15,65,light
10/3/24 02:16,62,light
10/3/24 02:17,60,light
10/3/24 02:18,61,light
10/3/24 02:19,61,light
10/3/24 02:20,61,light
10/3/24 02:21,59,light
10/3/24 02:22,61,light
10/3/24 02:23,60,light
10/3/24 02:24,61,light
10/3/24 02:25,60,light
10/3/24 02:26,60,light
10/3/24 02:27,61,light
10/3/24 02:28,61,light
10/3/24 02:29,59,light
10/3/24 02:30,61,light
10/3/24 02:31,66,light
10/3/24 02:32,66,light
10/3/24 02:33,59,light
10/3/24 02:34,58,light
10/3/24 02:35,61,light
10/3/24 02:36,59,light
10/3/24 02:37,57,light
10/3/24 02:38,57,light
10/3/24 02:39,59,light
10/3/24 02:40,58,light
10/3/24 02:41,57,light
10/3/24 02:42,56,light
10/3/24 02:43,58,light
10/3/24 02:44,59,rem
10/3/24 02:45,59,rem
10/3/24 02:46,61,rem
10/3/24 02:47,63,rem
10/3/24 02:48,62,rem
10/3/24 02:49,63,rem
10/3/24 02:50,62,rem
10/3/24 02:51,67,rem
10/3/24 02:52,62,rem
10/3/24 02:53,66,rem
10/3/24 02:54,61,rem
10/3/24 02:55,61,rem
10/3/24 02:56,59,rem
10/3/24 02:57,64,rem
10/3/24 02:58,58,rem
10/3/24 02:59,64,rem
10/3/24 03:00,68,rem
10/3/24 03:01,66,rem
10/3/24 03:02,63,rem
10/3/24 03:03,58,rem
10/3/24 03:04,62,rem
10/3/24 03:05,65,rem
10/3/24 03:06,68,rem
10/3/24 03:07,68,rem
10/3/24 03:08,59,rem
10/3/24 03:09,60,rem
10/3/24 03:10,64,rem
10/3/24 03:12,65,light
10/3/24 03:13,57,light
10/3/24 03:14,61,light
10/3/24 03:15,56,light
10/3/24 03:16,55,light
10/3/24 03:17,60,light
10/3/24 03:18,57,light
10/3/24 03:19,57,light
10/3/24 03:20,59,light
10/3/24 03:21,62,light
10/3/24 03:22,56,light
10/3/24 03:23,55,light
10/3/24 03:24,55,light
10/3/24 03:25,57,light
10/3/24 03:26,64,light
10/3/24 03:27,60,light
10/3/24 03:28,60,light
10/3/24 03:29,59,light
10/3/24 03:30,58,deep
10/3/24 03:31,59,deep
10/3/24 03:32,59,deep
10/3/24 03:33,58,deep
10/3/24 03:34,58,deep
10/3/24 03:35,58,deep
10/3/24 03:36,59,deep
10/3/24 03:37,58,deep
10/3/24 03:38,58,deep
10/3/24 03:39,58,deep
10/3/24 03:40,58,deep
10/3/24 03:41,56,deep
10/3/24 03:42,58,deep
10/3/24 03:43,58,deep
10/3/24 03:44,58,deep
10/3/24 03:45,57,deep
10/3/24 03:46,58,deep
10/3/24 03:47,58,deep
10/3/24 03:48,58,deep
10/3/24 03:49,59,deep
10/3/24 03:50,58,deep
10/3/24 03:51,59,deep
10/3/24 03:53,66,light
10/3/24 03:54,59,light
10/3/24 03:55,59,light
10/3/24 03:56,58,light
10/3/24 03:57,60,light
10/3/24 03:58,59,light
10/3/24 03:59,57,light
10/3/24 04:00,59,light
10/3/24 04:01,57,deep
10/3/24 04:02,58,deep
10/3/24 04:03,57,deep
10/3/24 04:04,57,deep
10/3/24 04:05,57,deep
10/3/24 04:06,57,deep
10/3/24 04:07,63,deep
10/3/24 04:08,57,deep
10/3/24 04:09,58,deep
10/3/24 04:10,57,deep
10/3/24 04:11,57,deep
10/3/24 04:12,57,deep
10/3/24 04:13,58,deep
10/3/24 04:14,58,deep
10/3/24 04:15,58,deep
10/3/24 04:16,58,deep
10/3/24 04:17,58,deep
10/3/24 04:18,58,deep
10/3/24 04:19,59,deep
10/3/24 04:20,59,deep
10/3/24 04:21,59,deep
10/3/24 04:22,62,deep
10/3/24 04:23,59,deep
10/3/24 04:24,57,deep
10/3/24 04:25,58,deep
10/3/24 04:26,58,deep
10/3/24 04:27,57,deep
10/3/24 04:28,58,deep
10/3/24 04:29,59,deep
10/3/24 04:30,58,deep
10/3/24 04:31,58,deep
10/3/24 04:32,58,deep
10/3/24 04:33,58,deep
10/3/24 04:34,59,deep
10/3/24 04:35,59,deep
10/3/24 04:36,59,deep
10/3/24 04:37,58,deep
10/3/24 04:38,58,light
10/3/24 04:39,65,light
10/3/24 04:40,56,light
10/3/24 04:41,57,light
10/3/24 04:42,58,light
10/3/24 04:43,57,light
10/3/24 04:44,62,light
10/3/24 04:45,56,light
10/3/24 04:46,56,rem
10/3/24 04:47,56,rem
10/3/24 04:48,56,rem
10/3/24 04:49,57,rem
10/3/24 04:50,62,rem
10/3/24 04:51,58,rem
10/3/24 04:52,57,rem
10/3/24 04:53,57,rem
10/3/24 04:54,60,rem
10/3/24 04:55,58,rem
10/3/24 04:56,59,rem
10/3/24 04:57,59,rem
10/3/24 04:58,58,rem
10/3/24 04:59,59,rem
10/3/24 05:00,60,rem
10/3/24 05:01,58,rem
10/3/24 05:02,58,rem
10/3/24 05:03,62,rem
10/3/24 05:04,64,rem
10/3/24 05:05,59,rem
10/3/24 05:06,60,rem
10/3/24 05:07,58,rem
10/3/24 05:08,55,rem
10/3/24 05:09,68,rem
10/3/24 05:10,64,rem
10/3/24 05:11,62,rem
10/3/24 05:12,58,rem
10/3/24 05:13,60,rem
10/3/24 05:14,57,rem
10/3/24 05:15,57,rem
10/3/24 05:16,65,rem
10/3/24 05:18,59,light
10/3/24 05:19,59,light
10/3/24 05:20,59,light
10/3/24 05:21,64,light
10/3/24 05:22,58,light
10/3/24 05:23,57,light
10/3/24 05:24,57,light
10/3/24 05:25,58,light
10/3/24 05:26,58,light
10/3/24 05:27,58,light
10/3/24 05:28,58,light
10/3/24 05:29,57,light
10/3/24 05:30,63,light
10/3/24 05:31,57,light
10/3/24 05:32,57,light
10/3/24 05:33,60,light
10/3/24 05:34,57,light
10/3/24 05:35,64,light
10/3/24 05:36,60,light
10/3/24 05:37,59,light
10/3/24 05:38,59,light
10/3/24 05:39,59,light
10/3/24 05:40,68,light
10/3/24 05:41,65,light
10/3/24 05:42,58,light
10/3/24 05:43,58,light
10/3/24 05:44,58,light
10/3/24 05:45,57,light
10/3/24 05:46,58,light
10/3/24 05:47,58,light
10/3/24 05:48,58,light
10/3/24 05:49,70,light
10/3/24 05:50,59,light
10/3/24 05:51,58,light
10/3/24 05:52,56,light
10/3/24 05:53,58,light
10/3/24 05:54,58,light
10/3/24 05:55,57,light
10/3/24 05:56,58,light
10/3/24 05:57,60,light
10/3/24 05:58,60,light
10/3/24 05:59,57,light
10/3/24 06:00,57,light
10/3/24 06:01,57,light
10/3/24 06:02,56,light
10/3/24 06:03,57,light
10/3/24 06:04,57,light
10/3/24 06:05,57,light
10/3/24 06:06,57,light
10/3/24 06:07,59,light
10/3/24 06:08,62,light
10/3/24 06:09,55,light
10/3/24 06:10,57,light
10/3/24 06:11,57,light
10/3/24 06:12,57,light
10/3/24 06:13,58,light
10/3/24 06:14,57,light
10/3/24 06:15,57,light
10/3/24 06:16,58,light
10/3/24 06:17,56,light
10/3/24 06:18,57,light
10/3/24 06:19,62,light
10/3/24 06:20,56,light
10/3/24 06:21,56,light
10/3/24 06:22,55,light
10/3/24 06:23,56,rem
10/3/24 06:24,56,rem
10/3/24 06:25,55,rem
10/3/24 06:26,58,rem
10/3/24 06:27,59,rem
10/3/24 06:28,59,rem
10/3/24 06:29,60,rem
10/3/24 06:30,64,rem
10/3/24 06:31,59,rem
10/3/24 06:32,60,rem
10/3/24 06:33,59,rem
10/3/24 06:34,59,rem
10/3/24 06:35,61,rem
10/3/24 06:36,74,rem
10/3/24 06:37,68,rem
10/3/24 06:38,62,rem
10/3/24 06:39,62,rem
10/3/24 06:40,57,rem
10/3/24 06:41,60,rem
10/3/24 06:42,64,rem
10/3/24 06:43,58,rem
10/3/24 06:44,57,rem
10/3/24 06:45,57,rem
10/3/24 06:46,57,rem
10/3/24 06:47,56,rem
10/3/24 06:48,60,rem
10/3/24 06:49,57,rem
10/3/24 06:50,67,rem
10/3/24 06:51,60,rem
10/3/24 06:52,60,rem
10/3/24 06:53,59,rem
10/3/24 06:54,57,rem
10/3/24 06:55,59,rem
10/3/24 06:56,58,rem
10/3/24 06:57,57,rem
10/3/24 06:58,65,rem
10/3/24 06:59,61,rem
10/3/24 07:00,64,rem
10/3/24 07:01,59,rem
10/3/24 07:02,55,rem
10/3/24 07:03,54,rem
10/3/24 07:04,57,rem
10/3/24 07:05,57,rem
10/3/24 07:06,57,rem
10/3/24 07:07,58,rem
10/3/24 07:08,57,rem
10/3/24 07:09,59,rem
10/3/24 07:10,56,rem
10/3/24 07:11,56,rem
10/3/24 07:12,58,rem
10/3/24 07:13,58,rem
10/3/24 07:14,57,rem
10/3/24 07:15,58,rem
10/3/24 07:16,58,light
10/3/24 07:17,57,light
10/3/24 07:18,56,light
10/3/24 07:19,58,light
10/3/24 07:20,57,light
10/3/24 07:21,58,light
10/3/24 07:22,56,light
10/3/24 07:23,58,light
10/3/24 07:24,61,light
10/3/24 07:25,62,light
10/3/24 07:26,60,light
10/3/24 07:27,57,light
10/3/24 07:28,58,light
10/3/24 07:29,57,light
10/3/24 07:30,58,light
10/3/24 07:31,57,light
10/3/24 07:32,58,light
10/3/24 07:33,57,light
10/3/24 07:34,57,light
10/3/24 07:35,58,light
10/3/24 07:36,59,light
10/3/24 07:37,63,light
10/3/24 07:38,58,light
10/3/24 07:39,56,light
10/3/24 07:40,58,wake
10/3/24 07:41,69,wake
10/3/24 07:42,65,wake
10/3/24 07:43,70,wake
10/3/24 07:44,68,wake
10/3/24 07:45,63,wake
10/3/24 07:46,65,wake
10/3/24 07:47,69,wake
10/4/24 01:23,63,light
10/4/24 01:24,63,light
10/4/24 01:25,62,light
10/4/24 01:27,62,wake
10/4/24 01:28,63,wake
10/4/24 01:29,71,wake
10/4/24 01:30,67,light
10/4/24 01:31,63,light
10/4/24 01:32,63,light
10/4/24 01:33,63,light
10/4/24 01:34,63,light
10/4/24 01:35,62,light
10/4/24 01:36,62,light
10/4/24 01:37,61,light
10/4/24 01:38,61,light
10/4/24 01:39,60,light
10/4/24 01:40,60,light
10/4/24 01:41,60,light
10/4/24 01:42,60,light
10/4/24 01:43,60,light
10/4/24 01:44,61,light
10/4/24 01:45,60,light
10/4/24 01:46,66,light
10/4/24 01:47,61,light
10/4/24 01:48,59,light
10/4/24 01:49,60,light
10/4/24 01:50,62,light
10/4/24 01:51,70,light
10/4/24 01:53,61,rem
10/4/24 01:54,66,rem
10/4/24 01:55,68,rem
10/4/24 01:56,69,rem
10/4/24 01:57,72,rem
10/4/24 01:58,76,rem
10/4/24 01:59,74,rem
10/4/24 02:00,63,rem
10/4/24 02:01,64,rem
10/4/24 02:02,65,rem
10/4/24 02:03,60,rem
10/4/24 02:04,61,rem
10/4/24 02:05,67,rem
10/4/24 02:06,65,rem
10/4/24 02:07,69,rem
10/4/24 02:08,68,rem
10/4/24 02:09,73,rem
10/4/24 02:10,63,rem
10/4/24 02:11,65,light
10/4/24 02:12,57,light
10/4/24 02:13,64,light
10/4/24 02:14,60,light
10/4/24 02:15,63,light
10/4/24 02:16,60,light
10/4/24 02:17,64,light
10/4/24 02:18,62,light
10/4/24 02:19,61,light
10/4/24 02:20,60,light
10/4/24 02:21,60,light
10/4/24 02:22,61,rem
10/4/24 02:23,61,rem
10/4/24 02:24,59,rem
10/4/24 02:25,62,rem
10/4/24 02:26,60,rem
10/4/24 02:27,61,light
10/4/24 02:28,60,light
10/4/24 02:29,60,light
10/4/24 02:30,61,light
10/4/24 02:31,62,light
10/4/24 02:32,61,light
10/4/24 02:33,61,light
10/4/24 02:34,62,light
10/4/24 02:35,61,light
10/4/24 02:36,60,light
10/4/24 02:37,60,light
10/4/24 02:38,61,light
10/4/24 02:39,65,light
10/4/24 02:40,58,light
10/4/24 02:41,60,light
10/4/24 02:42,58,light
10/4/24 02:43,58,light
10/4/24 02:44,58,light
10/4/24 02:45,58,light
10/4/24 02:46,59,light
10/4/24 02:47,58,light
10/4/24 02:48,57,light
10/4/24 02:49,58,light
10/4/24 02:50,57,light
10/4/24 02:51,62,light
10/4/24 02:52,56,light
10/4/24 02:53,55,light
10/4/24 02:54,56,light
10/4/24 02:55,56,deep
10/4/24 02:56,56,deep
10/4/24 02:57,57,deep
10/4/24 02:58,56,deep
10/4/24 02:59,56,deep
10/4/24 03:00,57,deep
10/4/24 03:01,57,deep
10/4/24 03:02,56,deep
10/4/24 03:03,56,deep
10/4/24 03:04,56,deep
10/4/24 03:05,56,deep
10/4/24 03:06,60,light
10/4/24 03:07,59,light
10/4/24 03:08,56,light
10/4/24 03:09,56,light
10/4/24 03:10,55,light
10/4/24 03:11,55,light
10/4/24 03:12,55,deep
10/4/24 03:13,55,deep
10/4/24 03:14,55,deep
10/4/24 03:15,55,deep
10/4/24 03:16,55,deep
10/4/24 03:17,55,deep
10/4/24 03:18,55,deep
10/4/24 03:19,55,deep
10/4/24 03:20,56,deep
10/4/24 03:21,56,deep
10/4/24 03:22,56,deep
10/4/24 03:23,56,deep
10/4/24 03:24,56,deep
10/4/24 03:25,56,deep
10/4/24 03:26,55,light
10/4/24 03:27,61,light
10/4/24 03:28,54,light
10/4/24 03:29,55,light
10/4/24 03:30,54,light
10/4/24 03:31,55,light
10/4/24 03:32,54,deep
10/4/24 03:33,54,deep
10/4/24 03:34,55,deep
10/4/24 03:35,55,deep
10/4/24 03:36,54,deep
10/4/24 03:37,55,deep
10/4/24 03:38,54,deep
10/4/24 03:39,54,deep
10/4/24 03:40,54,deep
10/4/24 03:41,54,deep
10/4/24 03:42,55,deep
10/4/24 03:43,55,deep
10/4/24 03:44,54,deep
10/4/24 03:45,55,deep
10/4/24 03:46,54,deep
10/4/24 03:48,54,rem
10/4/24 03:49,57,rem
10/4/24 03:50,60,rem
10/4/24 03:51,60,rem
10/4/24 03:52,65,rem
10/4/24 03:53,72,rem
10/4/24 03:54,59,rem
10/4/24 03:55,67,rem
10/4/24 03:56,54,rem
10/4/24 03:57,57,rem
10/4/24 03:58,57,rem
10/4/24 03:59,56,rem
10/4/24 04:00,57,rem
10/4/24 04:01,70,rem
10/4/24 04:02,68,rem
10/4/24 04:03,66,rem
10/4/24 04:04,65,rem
10/4/24 04:05,69,rem
10/4/24 04:06,64,rem
10/4/24 04:07,61,rem
10/4/24 04:08,60,rem
10/4/24 04:09,58,rem
10/4/24 04:10,56,rem
10/4/24 04:11,59,light
10/4/24 04:12,57,light
10/4/24 04:13,57,light
10/4/24 04:14,63,light
10/4/24 04:15,56,light
10/4/24 04:16,57,light
10/4/24 04:17,60,light
10/4/24 04:18,57,light
10/4/24 04:19,59,light
10/4/24 04:20,63,light
10/4/24 04:21,58,light
10/4/24 04:22,58,light
10/4/24 04:23,58,light
10/4/24 04:24,58,light
10/4/24 04:25,58,light
10/4/24 04:26,59,light
10/4/24 04:27,59,light
10/4/24 04:28,58,light
10/4/24 04:29,57,light
10/4/24 04:30,58,deep
10/4/24 04:31,57,deep
10/4/24 04:32,57,deep
10/4/24 04:33,58,deep
10/4/24 04:34,57,deep
10/4/24 04:35,58,deep
10/4/24 04:36,58,light
10/4/24 04:37,58,light
10/4/24 04:38,63,light
10/4/24 04:39,56,light
10/4/24 04:40,57,light
10/4/24 04:41,56,light
10/4/24 04:42,56,light
10/4/24 04:43,57,light
10/4/24 04:44,57,light
10/4/24 04:45,58,light
10/4/24 04:46,60,light
10/4/24 04:47,56,light
10/4/24 04:48,56,deep
10/4/24 04:49,56,deep
10/4/24 04:50,55,deep
10/4/24 04:51,56,deep
10/4/24 04:52,56,deep
10/4/24 04:53,57,deep
10/4/24 04:54,56,deep
10/4/24 04:55,56,deep
10/4/24 04:56,56,deep
10/4/24 04:57,55,deep
10/4/24 04:58,56,deep
10/4/24 04:59,56,deep
10/4/24 05:00,56,deep
10/4/24 05:01,56,deep
10/4/24 05:02,56,deep
10/4/24 05:03,57,deep
10/4/24 05:04,56,deep
10/4/24 05:05,56,deep
10/4/24 05:06,56,deep
10/4/24 05:07,55,deep
10/4/24 05:08,56,deep
10/4/24 05:09,56,deep
10/4/24 05:10,56,deep
10/4/24 05:11,56,deep
10/4/24 05:12,56,deep
10/4/24 05:13,57,light
10/4/24 05:14,63,light
10/4/24 05:15,55,light
10/4/24 05:16,56,light
10/4/24 05:17,56,light
10/4/24 05:18,55,light
10/4/24 05:19,56,light
10/4/24 05:20,57,light
10/4/24 05:21,55,light
10/4/24 05:22,55,light
10/4/24 05:23,61,light
10/4/24 05:24,57,light
10/4/24 05:25,55,light
10/4/24 05:26,56,light
10/4/24 05:27,56,light
10/4/24 05:28,56,light
10/4/24 05:29,56,light
10/4/24 05:30,62,light
10/4/24 05:31,57,light
10/4/24 05:32,56,light
10/4/24 05:33,56,light
10/4/24 05:34,56,light
10/4/24 05:35,55,light
10/4/24 05:36,57,light
10/4/24 05:38,57,rem
10/4/24 05:39,59,rem
10/4/24 05:40,63,rem
10/4/24 05:41,55,rem
10/4/24 05:42,60,rem
10/4/24 05:43,60,rem
10/4/24 05:44,61,rem
10/4/24 05:45,58,rem
10/4/24 05:46,58,rem
10/4/24 05:47,60,rem
10/4/24 05:48,60,rem
10/4/24 05:49,57,rem
10/4/24 05:50,60,rem
10/4/24 05:51,58,rem
10/4/24 05:52,57,rem
10/4/24 05:53,60,rem
10/4/24 05:54,59,rem
10/4/24 05:55,71,rem
10/4/24 05:56,62,rem
10/4/24 05:57,57,rem
10/4/24 05:58,58,rem
10/4/24 05:59,52,rem
10/4/24 06:00,57,rem
10/4/24 06:01,62,rem
10/4/24 06:02,57,rem
10/4/24 06:03,55,rem
10/4/24 06:04,56,rem
10/4/24 06:05,67,rem
10/4/24 06:06,57,rem
10/4/24 06:07,56,rem
10/4/24 06:08,53,rem
10/4/24 06:09,57,rem
10/4/24 06:10,58,rem
10/4/24 06:11,56,rem
10/4/24 06:12,56,rem
10/4/24 06:13,55,rem
10/4/24 06:14,54,rem
10/4/24 06:15,65,rem
10/4/24 06:16,55,rem
10/4/24 06:17,57,light
10/4/24 06:18,59,light
10/4/24 06:19,59,light
10/4/24 06:20,58,light
10/4/24 06:21,57,light
10/4/24 06:22,57,light
10/4/24 06:23,57,light
10/4/24 06:24,61,light
10/4/24 06:25,56,light
10/4/24 06:26,54,light
10/4/24 06:27,55,light
10/4/24 06:28,54,light
10/4/24 06:29,54,light
10/4/24 06:30,55,light
10/4/24 06:31,54,light
10/4/24 06:32,54,light
10/4/24 06:33,55,light
10/4/24 06:34,55,light
10/4/24 06:35,55,light
10/4/24 06:36,59,light
10/4/24 06:37,54,light
10/4/24 06:38,55,light
10/4/24 06:39,54,light
10/4/24 06:40,55,light
10/4/24 06:41,55,light
10/4/24 06:42,55,light
10/4/24 06:43,54,light
10/4/24 06:44,55,light
10/4/24 06:45,56,light
10/4/24 06:46,55,light
10/4/24 06:47,54,light
10/4/24 06:48,55,light
10/4/24 06:49,54,light
10/4/24 06:50,56,light
10/4/24 06:51,55,light
10/4/24 06:52,55,light
10/4/24 06:53,56,light
10/4/24 06:54,61,light
10/4/24 06:55,55,light
10/4/24 06:56,55,light
10/4/24 06:57,55,light
10/4/24 06:58,57,light
10/4/24 06:59,66,light
10/4/24 07:00,60,light
10/4/24 07:01,55,light
10/4/24 07:02,58,light
10/4/24 07:03,55,light
10/4/24 07:04,54,light
10/4/24 07:05,55,light
10/4/24 07:06,57,wake
10/4/24 07:07,65,wake
10/4/24 07:08,59,wake
10/4/24 07:09,57,wake
10/4/24 07:10,57,wake
10/4/24 07:11,55,wake
10/4/24 07:12,56,wake
10/4/24 07:13,57,wake
10/4/24 07:14,63,wake
10/4/24 07:15,61,wake
10/4/24 07:16,56,light
10/4/24 07:17,58,rem
10/4/24 07:18,55,rem
10/4/24 07:19,54,rem
10/4/24 07:20,56,rem
10/4/24 07:21,60,rem
10/4/24 07:22,60,rem
10/4/24 07:23,58,rem
10/4/24 07:24,54,rem
10/4/24 07:25,58,rem
10/4/24 07:26,59,rem
10/4/24 07:27,54,rem
10/4/24 07:28,57,rem
10/4/24 07:29,59,rem
10/4/24 07:30,59,rem
10/4/24 07:31,58,rem
10/4/24 07:32,57,rem
10/4/24 07:33,61,rem
10/4/24 07:34,60,rem
10/4/24 07:35,61,rem
10/4/24 07:36,55,rem
10/4/24 07:37,55,rem
10/4/24 07:38,54,rem
10/4/24 07:39,53,rem
10/4/24 07:40,56,rem
10/4/24 07:41,59,rem
10/4/24 07:42,59,rem
10/4/24 07:43,56,rem
10/4/24 07:45,56,light
10/4/24 07:46,57,light
10/4/24 07:47,56,light
10/4/24 07:48,61,light
10/4/24 07:49,55,light
10/4/24 07:50,54,light
10/4/24 07:51,56,light
10/4/24 07:52,56,light
10/4/24 07:53,55,light
10/4/24 07:54,56,light
10/4/24 07:55,55,light
10/6/24 01:04,68,wake
10/6/24 01:05,69,wake
10/6/24 01:06,74,wake
10/6/24 01:07,74,wake
10/6/24 01:08,67,wake
10/6/24 01:09,67,wake
10/6/24 01:10,66,wake
10/6/24 01:11,71,light
10/6/24 01:12,66,light
10/6/24 01:13,65,light
10/6/24 01:14,65,light
10/6/24 01:15,62,light
10/6/24 01:16,63,light
10/6/24 01:17,62,light
10/6/24 01:18,62,light
10/6/24 01:19,62,light
10/6/24 01:20,63,light
10/6/24 01:21,60,light
10/6/24 01:22,61,light
10/6/24 01:23,62,light
10/6/24 01:24,62,light
10/6/24 01:25,61,light
10/6/24 01:26,61,light
10/6/24 01:27,61,light
10/6/24 01:28,68,light
10/6/24 01:29,61,light
10/6/24 01:30,62,light
10/6/24 01:31,62,light
10/6/24 01:32,61,light
10/6/24 01:33,61,light
10/6/24 01:34,61,light
10/6/24 01:35,60,light
10/6/24 01:36,60,light
10/6/24 01:37,60,light
10/6/24 01:38,60,light
10/6/24 01:39,59,light
10/6/24 01:40,60,light
10/6/24 01:41,60,light
10/6/24 01:42,60,light
10/6/24 01:43,59,light
10/6/24 01:44,60,light
10/6/24 01:45,59,light
10/6/24 01:46,59,light
10/6/24 01:47,59,light
10/6/24 01:48,59,light
10/6/24 01:49,58,light
10/6/24 01:50,58,light
10/6/24 01:51,58,light
10/6/24 01:52,59,light
10/6/24 01:53,57,light
10/6/24 01:54,58,light
10/6/24 01:55,58,deep
10/6/24 01:56,58,deep
10/6/24 01:57,57,deep
10/6/24 01:58,57,deep
10/6/24 01:59,57,deep
10/6/24 02:00,58,deep
10/6/24 02:01,71,deep
10/6/24 02:03,59,light
10/6/24 02:04,59,light
10/6/24 02:05,58,light
10/6/24 02:06,57,rem
10/6/24 02:07,60,rem
10/6/24 02:08,64,rem
10/6/24 02:09,57,rem
10/6/24 02:10,60,rem
10/6/24 02:11,63,rem
10/6/24 02:12,61,rem
10/6/24 02:13,64,rem
10/6/24 02:14,65,rem
10/6/24 02:15,68,rem
10/6/24 02:16,62,rem
10/6/24 02:17,58,rem
10/6/24 02:18,61,rem
10/6/24 02:19,58,rem
10/6/24 02:20,58,rem
10/6/24 02:21,56,rem
10/6/24 02:22,61,rem
10/6/24 02:23,58,rem
10/6/24 02:24,59,rem
10/6/24 02:25,57,rem
10/6/24 02:26,57,rem
10/6/24 02:28,57,light
10/6/24 02:29,57,light
10/6/24 02:30,56,light
10/6/24 02:31,56,light
10/6/24 02:32,57,light
10/6/24 02:33,57,light
10/6/24 02:34,56,light
10/6/24 02:35,60,light
10/6/24 02:36,58,light
10/6/24 02:37,58,light
10/6/24 02:38,57,deep
10/6/24 02:39,57,deep
10/6/24 02:40,58,deep
10/6/24 02:41,58,deep
10/6/24 02:42,58,deep
10/6/24 02:43,58,deep
10/6/24 02:44,58,deep
10/6/24 02:45,58,deep
10/6/24 02:46,57,deep
10/6/24 02:47,57,deep
10/6/24 02:48,58,deep
10/6/24 02:49,56,deep
10/6/24 02:50,58,deep
10/6/24 02:51,59,deep
10/6/24 02:52,57,deep
10/6/24 02:53,58,deep
10/6/24 02:54,57,deep
10/6/24 02:55,56,deep
10/6/24 02:56,57,deep
10/6/24 02:57,56,deep
10/6/24 02:58,57,deep
10/6/24 02:59,56,deep
10/6/24 03:00,57,deep
10/6/24 03:01,57,deep
10/6/24 03:02,56,deep
10/6/24 03:03,56,deep
10/6/24 03:04,57,deep
10/6/24 03:05,56,deep
10/6/24 03:06,57,deep
10/6/24 03:07,57,deep
10/6/24 03:08,57,deep
10/6/24 03:09,57,deep
10/6/24 03:10,57,deep
10/6/24 03:11,56,deep
10/6/24 03:12,57,deep
10/6/24 03:13,57,deep
10/6/24 03:14,57,deep
10/6/24 03:15,56,deep
10/6/24 03:16,59,light
10/6/24 03:17,61,light
10/6/24 03:18,59,light
10/6/24 03:19,62,light
10/6/24 03:20,63,light
10/6/24 03:21,62,light
10/6/24 03:22,59,light
10/6/24 03:23,59,light
10/6/24 03:24,59,light
10/6/24 03:25,59,light
10/6/24 03:26,59,light
10/6/24 03:27,58,light
10/6/24 03:28,57,light
10/6/24 03:29,57,light
10/6/24 03:30,59,light
10/6/24 03:31,58,light
10/6/24 03:32,70,light
10/6/24 03:33,57,light
10/6/24 03:34,58,light
10/6/24 03:35,59,light
10/6/24 03:36,59,light
10/6/24 03:37,58,light
10/6/24 03:38,59,light
10/6/24 03:39,59,light
10/6/24 03:40,58,light
10/6/24 03:41,58,light
10/6/24 03:42,63,light
10/6/24 03:43,56,light
10/6/24 03:44,57,light
10/6/24 03:45,55,light
10/6/24 03:46,57,light
10/6/24 03:47,57,light
10/6/24 03:48,58,light
10/6/24 03:49,59,light
10/6/24 03:50,58,light
10/6/24 03:51,57,light
10/6/24 03:52,58,light
10/6/24 03:53,57,light
10/6/24 03:54,59,light
10/6/24 03:55,57,light
10/6/24 03:56,57,light
10/6/24 03:57,63,light
10/6/24 03:58,58,light
10/6/24 03:59,57,light
10/6/24 04:00,62,light
10/6/24 04:01,58,light
10/6/24 04:02,57,light
10/6/24 04:03,58,light
10/6/24 04:04,58,light
10/6/24 04:05,58,light
10/6/24 04:06,60,light
10/6/24 04:07,58,light
10/6/24 04:08,58,rem
10/6/24 04:09,61,rem
10/6/24 04:10,57,rem
10/6/24 04:11,54,rem
10/6/24 04:12,63,rem
10/6/24 04:13,66,rem
10/6/24 04:14,64,rem
10/6/24 04:15,62,rem
10/6/24 04:16,62,rem
10/6/24 04:17,65,rem
10/6/24 04:18,64,rem
10/6/24 04:19,61,rem
10/6/24 04:20,61,rem
10/6/24 04:21,58,rem
10/6/24 04:22,58,rem
10/6/24 04:23,60,rem
10/6/24 04:24,59,rem
10/6/24 04:25,59,rem
10/6/24 04:26,60,rem
10/6/24 04:27,59,rem
10/6/24 04:28,59,rem
10/6/24 04:29,59,rem
10/6/24 04:30,60,rem
10/6/24 04:31,60,rem
10/6/24 04:32,59,rem
10/6/24 04:33,63,rem
10/6/24 04:34,59,rem
10/6/24 04:35,60,rem
10/6/24 04:37,64,light
10/6/24 04:38,61,light
10/6/24 04:39,60,light
10/6/24 04:40,60,light
10/6/24 04:41,61,light
10/6/24 04:42,60,light
10/6/24 04:43,60,light
10/6/24 04:44,60,light
10/6/24 04:45,62,light
10/6/24 04:46,60,light
10/6/24 04:47,59,light
10/6/24 04:48,60,deep
10/6/24 04:49,59,deep
10/6/24 04:50,60,deep
10/6/24 04:51,60,deep
10/6/24 04:52,59,deep
10/6/24 04:53,60,deep
10/6/24 04:54,60,deep
10/6/24 04:55,61,deep
10/6/24 04:56,59,deep
10/6/24 04:57,61,deep
10/6/24 04:58,59,deep
10/6/24 04:59,60,deep
10/6/24 05:00,59,deep
10/6/24 05:01,58,deep
10/6/24 05:02,59,deep
10/6/24 05:03,59,deep
10/6/24 05:04,59,deep
10/6/24 05:05,59,deep
10/6/24 05:06,58,deep
10/6/24 05:07,59,deep
10/6/24 05:08,59,deep
10/6/24 05:09,58,deep
10/6/24 05:10,59,deep
10/6/24 05:11,59,deep
10/6/24 05:12,59,deep
10/6/24 05:13,59,deep
10/6/24 05:14,58,deep
10/6/24 05:15,59,deep
10/6/24 05:16,59,light
10/6/24 05:17,67,light
10/6/24 05:18,63,light
10/6/24 05:19,59,light
10/6/24 05:20,64,light
10/6/24 05:21,58,light
10/6/24 05:22,58,light
10/6/24 05:23,57,light
10/6/24 05:24,57,light
10/6/24 05:25,57,light
10/6/24 05:26,57,light
10/6/24 05:27,57,light
10/6/24 05:28,56,light
10/6/24 05:29,56,light
10/6/24 05:30,63,light
10/6/24 05:31,56,light
10/6/24 05:32,55,light
10/6/24 05:33,56,light
10/6/24 05:34,55,light
10/6/24 05:35,56,light
10/6/24 05:36,55,light
10/6/24 05:37,55,light
10/6/24 05:38,56,light
10/6/24 05:39,58,light
10/6/24 05:40,60,light
10/6/24 05:41,55,light
10/6/24 05:42,61,light
10/6/24 05:43,58,light
10/6/24 05:44,59,light
10/6/24 05:45,56,light
10/6/24 05:46,56,light
10/6/24 05:47,57,light
10/6/24 05:48,56,light
10/6/24 05:49,57,light
10/6/24 05:50,58,light
10/6/24 05:51,55,light
10/6/24 05:52,55,light
10/6/24 05:53,55,light
10/6/24 05:54,54,light
10/6/24 05:55,54,rem
10/6/24 05:56,56,rem
10/6/24 05:57,55,rem
10/6/24 05:58,60,rem
10/6/24 05:59,57,rem
10/6/24 06:00,57,rem
10/6/24 06:01,57,rem
10/6/24 06:02,56,rem
10/6/24 06:03,57,rem
10/6/24 06:04,56,rem
10/6/24 06:05,59,rem
10/6/24 06:06,63,rem
10/6/24 06:07,60,rem
10/6/24 06:08,54,wake
10/6/24 06:09,65,wake
10/6/24 06:10,66,wake
10/6/24 06:11,64,wake
10/6/24 06:12,68,wake
10/6/24 06:13,64,wake
10/6/24 06:14,59,wake
10/6/24 06:16,56,rem
10/6/24 06:17,54,rem
10/6/24 06:18,53,rem
10/6/24 06:19,60,rem
10/6/24 06:20,65,rem
10/6/24 06:21,59,rem
10/6/24 06:22,59,rem
10/6/24 06:23,54,rem
10/6/24 06:24,53,rem
10/6/24 06:25,57,rem
10/6/24 06:26,56,rem
10/6/24 06:27,54,rem
10/6/24 06:28,57,rem
10/6/24 06:29,58,rem
10/6/24 06:30,58,rem
10/6/24 06:32,61,wake
10/6/24 06:33,62,wake
10/6/24 06:34,58,wake
10/6/24 06:35,63,wake
10/6/24 06:36,61,wake
10/6/24 06:37,60,light
10/6/24 06:39,57,rem
10/6/24 06:40,58,rem
10/6/24 06:41,56,rem
10/6/24 06:42,55,rem
10/6/24 06:43,54,rem
10/6/24 06:44,58,rem
10/6/24 06:45,54,rem
10/6/24 06:46,60,rem
10/6/24 06:47,56,rem
10/6/24 06:48,56,rem
10/6/24 06:49,57,rem
10/6/24 06:50,56,rem
10/6/24 06:51,57,rem
10/6/24 06:52,57,rem
10/6/24 06:53,56,rem
10/6/24 06:54,58,rem
10/6/24 06:55,56,rem
10/6/24 06:56,57,rem
10/6/24 06:57,62,rem
10/6/24 06:58,61,rem
10/6/24 06:59,56,light
10/6/24 07:00,58,light
10/6/24 07:01,55,light
10/6/24 07:02,56,light
10/6/24 07:03,55,light
10/6/24 07:04,56,light
10/6/24 07:05,57,light
10/6/24 07:06,56,light
10/6/24 07:07,56,light
10/6/24 07:08,54,light
10/6/24 07:09,57,wake
10/6/24 07:10,67,wake
10/6/24 07:11,69,wake
10/6/24 07:12,68,wake
10/6/24 07:13,66,wake
10/6/24 07:14,67,wake
10/6/24 07:15,60,wake
10/6/24 07:16,59,wake
10/6/24 07:17,61,wake
10/6/24 07:18,61,wake
10/6/24 07:19,59,wake
10/6/24 07:20,61,wake
10/6/24 07:21,61,wake
10/6/24 07:22,64,wake
10/6/24 07:23,61,wake
10/6/24 07:24,66,wake
10/6/24 07:25,58,wake
10/6/24 07:26,60,light
10/6/24 07:27,57,light
10/6/24 07:28,56,light
10/6/24 07:29,55,light
10/6/24 07:30,56,light
10/6/24 07:31,55,light
10/6/24 07:32,55,light
10/6/24 07:33,60,light
10/6/24 07:34,58,light
10/6/24 07:35,54,light
10/6/24 07:36,56,light
10/6/24 07:37,55,light
10/6/24 07:38,55,light
10/6/24 07:39,55,light
10/6/24 07:40,56,light
10/6/24 07:41,56,deep
10/6/24 07:42,57,deep
10/6/24 07:43,57,deep
10/6/24 07:44,57,deep
10/6/24 07:45,56,deep
10/6/24 07:46,57,deep
10/6/24 07:47,57,deep
10/6/24 07:48,57,deep
10/6/24 07:49,56,deep
10/6/24 07:50,56,deep
10/6/24 07:51,56,deep
10/6/24 07:52,56,deep
10/6/24 07:53,58,deep
10/6/24 07:54,57,deep
10/6/24 07:55,56,deep
10/6/24 07:56,57,deep
10/6/24 07:58,62,wake
10/6/24 07:59,64,wake
10/6/24 08:00,66,wake
10/6/24 08:01,61,wake
10/6/24 08:02,61,wake
10/6/24 08:03,59,wake
10/6/24 08:04,58,wake
10/6/24 08:05,59,light
10/6/24 08:06,57,light
10/6/24 08:07,56,light
10/7/24 00:00,53,light
10/7/24 00:01,53,light
10/7/24 00:02,60,light
10/7/24 00:03,57,light
10/7/24 00:04,56,light
10/7/24 00:05,63,light
10/7/24 00:06,62,light
10/7/24 00:07,56,light
10/7/24 00:08,57,light
10/7/24 00:09,61,light
10/7/24 00:10,73,light
10/7/24 00:11,66,light
10/7/24 00:12,60,light
10/7/24 00:13,58,light
10/7/24 00:14,60,light
10/7/24 00:15,58,light
10/7/24 00:16,56,light
10/7/24 00:17,56,light
10/7/24 00:18,56,light
10/7/24 00:19,56,light
10/7/24 00:20,56,light
10/7/24 00:21,56,light
10/7/24 00:22,55,light
10/7/24 00:23,54,light
10/7/24 00:24,56,light
10/7/24 00:25,56,light
10/7/24 00:26,56,deep
10/7/24 00:27,56,deep
10/7/24 00:28,55,deep
10/7/24 00:29,54,deep
10/7/24 00:30,56,deep
10/7/24 00:31,55,deep
10/7/24 00:32,55,deep
10/7/24 00:33,54,deep
10/7/24 00:34,55,deep
10/7/24 00:35,54,deep
10/7/24 00:36,55,deep
10/7/24 00:37,55,deep
10/7/24 00:38,53,deep
10/7/24 00:39,54,deep
10/7/24 00:40,54,deep
10/7/24 00:41,55,deep
10/7/24 00:43,59,light
10/7/24 00:44,55,light
10/7/24 00:45,52,light
10/7/24 00:46,54,light
10/7/24 00:47,54,light
10/7/24 00:48,54,light
10/7/24 00:49,54,light
10/7/24 00:50,53,light
10/7/24 00:51,53,wake
10/7/24 00:52,65,wake
10/7/24 00:53,67,wake
10/7/24 00:54,61,wake
10/7/24 00:55,60,wake
10/7/24 00:56,59,wake
10/7/24 00:57,57,light
10/7/24 00:58,55,light
10/7/24 00:59,54,light
10/7/24 01:00,54,light
10/7/24 01:01,54,light
10/7/24 01:02,53,light
10/7/24 01:03,54,light
10/7/24 01:04,54,light
10/7/24 01:05,54,light
10/7/24 01:06,54,light
10/7/24 01:07,54,light
10/7/24 01:08,54,light
10/7/24 01:09,55,light
10/7/24 01:10,54,light
10/7/24 01:11,55,light
10/7/24 01:12,54,light
10/7/24 01:13,53,light
10/7/24 01:14,53,light
10/7/24 01:15,55,light
10/7/24 01:16,54,light
10/7/24 01:17,54,light
10/7/24 01:18,54,light
10/7/24 01:19,54,light
10/7/24 01:20,55,light
10/7/24 01:21,55,light
10/7/24 01:22,55,light
10/7/24 01:23,53,light
10/7/24 01:24,54,light
10/7/24 01:25,55,light
10/7/24 01:26,54,light
10/7/24 01:27,55,light
10/7/24 01:28,65,light
10/7/24 01:29,60,light
10/7/24 01:30,57,light
10/7/24 01:31,56,light
10/7/24 01:32,62,light
10/7/24 01:33,56,light
10/7/24 01:34,56,light
10/7/24 01:35,55,light
10/7/24 01:36,55,light
10/7/24 01:37,56,light
10/7/24 01:38,65,light
10/7/24 01:39,58,light
10/7/24 01:40,56,light
10/7/24 01:41,54,light
10/7/24 01:42,53,light
10/7/24 01:43,52,light
10/7/24 01:44,53,light
10/7/24 01:45,53,light
10/7/24 01:46,54,light
10/7/24 01:47,54,light
10/7/24 01:48,53,light
10/7/24 01:49,53,light
10/7/24 01:50,53,light
10/7/24 01:51,53,light
10/7/24 01:52,53,light
10/7/24 01:53,53,light
10/7/24 01:54,54,light
10/7/24 01:55,54,light
10/7/24 01:56,54,light
10/7/24 01:57,55,light
10/7/24 01:58,53,light
10/7/24 01:59,53,light
10/7/24 02:00,53,light
10/7/24 02:01,55,light
10/7/24 02:02,54,light
10/7/24 02:03,55,light
10/7/24 02:04,55,light
10/7/24 02:05,54,light
10/7/24 02:06,54,light
10/7/24 02:07,54,light
10/7/24 02:08,55,light
10/7/24 02:09,54,light
10/7/24 02:10,54,deep
10/7/24 02:11,54,deep
10/7/24 02:12,54,deep
10/7/24 02:13,54,deep
10/7/24 02:14,55,deep
10/7/24 02:15,55,deep
10/7/24 02:16,55,deep
10/7/24 02:17,55,deep
10/7/24 02:18,55,deep
10/7/24 02:19,55,deep
10/7/24 02:20,55,deep
10/7/24 02:21,54,deep
10/7/24 02:22,55,deep
10/7/24 02:23,55,deep
10/7/24 02:24,54,deep
10/7/24 02:26,63,rem
10/7/24 02:27,57,rem
10/7/24 02:28,58,rem
10/7/24 02:29,64,rem
10/7/24 02:30,63,rem
10/7/24 02:31,64,rem
10/7/24 02:32,63,rem
10/7/24 02:33,68,rem
10/7/24 02:34,59,rem
10/7/24 02:35,56,rem
10/7/24 02:36,58,rem
10/7/24 02:37,58,rem
10/7/24 02:38,61,rem
10/7/24 02:39,63,rem
10/7/24 02:40,57,rem
10/7/24 02:41,58,rem
10/7/24 02:42,59,rem
10/7/24 02:43,57,rem
10/7/24 02:44,56,rem
10/7/24 02:45,57,rem
10/7/24 02:46,56,rem
10/7/24 02:47,59,rem
10/7/24 02:48,58,rem
10/7/24 02:49,59,rem
10/7/24 02:50,61,rem
10/7/24 02:51,70,rem
10/7/24 02:52,65,rem
10/7/24 02:53,57,rem
10/7/24 02:54,61,rem
10/7/24 02:55,56,rem
10/7/24 02:56,53,rem
10/7/24 02:57,54,rem
10/7/24 02:58,53,rem
10/7/24 02:59,53,rem
10/7/24 03:00,54,rem
10/7/24 03:01,53,rem
10/7/24 03:02,55,rem
10/7/24 03:03,54,light
10/7/24 03:04,57,light
10/7/24 03:05,65,light
10/7/24 03:06,58,light
10/7/24 03:07,59,light
10/7/24 03:08,58,light
10/7/24 03:09,58,light
10/7/24 03:10,59,light
10/7/24 03:11,57,light
10/7/24 03:12,60,light
10/7/24 03:13,56,light
10/7/24 03:14,56,light
10/7/24 03:15,56,light
10/7/24 03:16,55,light
10/7/24 03:17,56,light
10/7/24 03:18,55,light
10/7/24 03:19,59,light
10/7/24 03:20,56,light
10/7/24 03:21,56,light
10/7/24 03:22,56,light
10/7/24 03:23,57,light
10/7/24 03:24,56,light
10/7/24 03:25,56,light
10/7/24 03:27,56,deep
10/7/24 03:28,56,deep
10/7/24 03:29,56,deep
10/7/24 03:30,56,deep
10/7/24 03:31,56,deep
10/7/24 03:32,56,deep
10/7/24 03:33,56,deep
10/7/24 03:34,56,deep
10/7/24 03:35,56,deep
10/7/24 03:36,57,light
10/7/24 03:37,56,light
10/7/24 03:38,56,light
10/7/24 03:39,57,light
10/7/24 03:40,57,light
10/7/24 03:41,55,light
10/7/24 03:42,55,light
10/7/24 03:43,57,light
10/7/24 03:44,57,light
10/7/24 03:45,55,light
10/7/24 03:46,56,light
10/7/24 03:47,56,deep
10/7/24 03:48,55,deep
10/7/24 03:49,55,deep
10/7/24 03:50,56,deep
10/7/24 03:51,56,deep
10/7/24 03:52,56,deep
10/7/24 03:53,55,deep
10/7/24 03:54,55,deep
10/7/24 03:55,55,deep
10/7/24 03:56,55,deep
10/7/24 03:57,55,deep
10/7/24 03:58,55,deep
10/7/24 03:59,55,deep
10/7/24 04:00,55,deep
10/7/24 04:01,56,deep
10/7/24 04:02,55,deep
10/7/24 04:03,55,deep
10/7/24 04:04,55,deep
10/7/24 04:05,55,deep
10/7/24 04:06,57,deep
10/7/24 04:07,56,deep
10/7/24 04:08,55,deep
10/7/24 04:09,55,deep
10/7/24 04:10,54,deep
10/7/24 04:11,54,deep
10/7/24 04:12,56,deep
10/7/24 04:13,55,deep
10/7/24 04:14,55,deep
10/7/24 04:15,56,deep
10/7/24 04:16,60,light
10/7/24 04:17,51,light
10/7/24 04:18,52,light
10/7/24 04:19,52,light
10/7/24 04:20,52,light
10/7/24 04:21,52,light
10/7/24 04:22,52,light
10/7/24 04:23,51,light
10/7/24 04:24,52,light
10/7/24 04:25,53,light
10/7/24 04:26,53,light
10/7/24 04:27,53,light
10/7/24 04:28,53,light
10/7/24 04:29,53,light
10/7/24 04:30,52,light
10/7/24 04:31,52,light
10/7/24 04:32,52,light
10/7/24 04:33,53,light
10/7/24 04:34,52,light
10/7/24 04:35,53,light
10/7/24 04:36,53,light
10/7/24 04:37,55,light
10/7/24 04:38,56,light
10/7/24 04:40,58,rem
10/7/24 04:41,68,rem
10/7/24 04:42,58,rem
10/7/24 04:43,58,rem
10/7/24 04:44,59,rem
10/7/24 04:45,64,rem
10/7/24 04:46,59,rem
10/7/24 04:47,59,rem
10/7/24 04:48,57,rem
10/7/24 04:49,57,rem
10/7/24 04:50,54,rem
10/7/24 04:51,55,rem
10/7/24 04:52,55,rem
10/7/24 04:53,55,rem
10/7/24 04:54,55,rem
10/7/24 04:55,53,rem
10/7/24 04:56,56,rem
10/7/24 04:57,58,rem
10/7/24 04:58,62,rem
10/7/24 04:59,62,rem
10/7/24 05:00,59,rem
10/7/24 05:01,58,rem
10/7/24 05:02,57,rem
10/7/24 05:03,57,rem
10/7/24 05:04,57,rem
10/7/24 05:05,57,rem
10/7/24 05:06,58,rem
10/7/24 05:07,58,wake
10/7/24 05:08,65,wake
10/7/24 05:09,63,wake
10/7/24 05:10,56,wake
10/7/24 05:11,56,wake
10/7/24 05:12,60,wake
10/7/24 05:13,56,wake
10/7/24 05:14,56,wake
10/7/24 05:15,59,wake
10/7/24 05:16,53,wake
10/7/24 05:17,54,wake
10/7/24 05:18,61,wake
10/7/24 05:19,58,wake
10/7/24 05:20,53,wake
10/7/24 05:22,54,light
10/7/24 05:23,53,light
10/7/24 05:24,53,light
10/7/24 05:25,52,light
10/7/24 05:26,53,light
10/7/24 05:27,53,light
10/8/24 03:02,56,deep
10/8/24 03:03,58,deep
10/8/24 03:04,57,deep
10/8/24 03:05,56,deep
10/8/24 03:06,58,deep
10/8/24 03:07,66,deep
10/8/24 03:08,61,deep
10/8/24 03:09,61,deep
10/8/24 03:10,69,deep
10/8/24 03:11,59,deep
10/8/24 03:12,57,deep
10/8/24 03:13,55,deep
10/8/24 03:14,55,deep
10/8/24 03:15,64,deep
10/8/24 03:16,59,deep
10/8/24 03:17,66,deep
10/8/24 03:18,56,deep
10/8/24 03:19,60,deep
10/8/24 03:20,67,deep
10/8/24 03:21,64,deep
10/8/24 03:22,57,deep
10/8/24 03:23,65,deep
10/8/24 03:24,70,deep
10/8/24 03:25,60,deep
10/8/24 03:26,58,deep
10/8/24 03:27,61,deep
10/8/24 03:28,56,deep
10/8/24 03:29,61,deep
10/8/24 03:30,63,deep
10/8/24 03:31,59,deep
10/8/24 03:32,61,deep
10/8/24 03:33,59,deep
10/8/24 03:34,70,deep
10/8/24 03:35,66,deep
10/8/24 03:36,64,deep
10/8/24 03:37,62,deep
10/8/24 03:38,60,deep
10/8/24 03:39,59,deep
10/8/24 03:40,57,deep
10/8/24 03:41,59,deep
10/8/24 03:42,66,deep
10/8/24 03:43,58,deep
10/8/24 03:44,58,deep
10/8/24 03:45,60,deep
10/8/24 03:46,58,deep
10/8/24 03:47,58,deep
10/8/24 03:48,60,deep
10/8/24 03:49,57,deep
10/8/24 03:50,58,deep
10/8/24 03:51,58,deep
10/8/24 03:52,57,deep
10/8/24 03:53,57,deep
10/8/24 03:54,57,deep
10/8/24 03:55,58,deep
10/8/24 03:56,57,deep
10/8/24 03:57,56,deep
10/8/24 03:58,57,deep
10/8/24 03:59,58,deep
10/8/24 04:00,62,deep
10/8/24 04:01,56,deep
10/8/24 04:02,57,deep
10/8/24 04:03,63,deep
10/8/24 04:04,66,deep
10/8/24 04:05,57,deep
10/8/24 04:06,57,deep
10/8/24 04:07,61,deep
10/8/24 04:08,59,deep
10/8/24 04:09,66,deep
10/8/24 04:10,59,deep
10/8/24 04:11,70,deep
10/8/24 04:12,60,deep
10/8/24 04:13,59,deep
10/8/24 04:14,56,deep
10/8/24 04:15,66,deep
10/8/24 04:16,59,deep
10/8/24 04:17,59,deep
10/8/24 04:18,59,deep
10/8/24 04:19,59,deep
10/8/24 04:20,59,deep
10/8/24 04:21,59,deep
10/8/24 04:22,59,deep
10/8/24 04:23,60,deep
10/8/24 04:24,58,deep
10/8/24 04:25,57,deep
10/8/24 04:26,58,deep
10/8/24 04:27,57,deep
10/8/24 04:28,57,deep
10/8/24 04:29,59,deep
10/8/24 04:30,57,deep
10/8/24 04:31,57,deep
10/8/24 04:32,56,deep
10/8/24 04:33,56,deep
10/8/24 04:34,56,deep
10/8/24 04:35,56,deep
10/8/24 04:36,57,deep
10/8/24 04:37,56,deep
10/8/24 04:38,57,deep
10/8/24 04:39,56,deep
10/8/24 04:40,57,deep
10/8/24 04:41,57,deep
10/8/24 04:42,57,deep
10/8/24 04:43,57,deep
10/8/24 04:44,58,deep
10/8/24 04:45,59,deep
10/8/24 04:46,58,deep
10/8/24 04:47,59,deep
10/8/24 04:48,67,deep
10/8/24 04:49,73,deep
10/8/24 04:50,63,deep
10/8/24 04:51,59,deep
10/8/24 04:52,58,deep
10/8/24 04:53,56,deep
10/8/24 04:54,58,deep
10/8/24 04:55,57,deep
10/8/24 04:56,62,deep
10/8/24 04:57,55,deep
10/8/24 04:58,52,deep
10/8/24 04:59,55,deep
10/8/24 05:00,54,deep
10/8/24 05:01,54,deep
10/8/24 05:02,55,deep
10/8/24 05:03,62,deep
10/8/24 05:04,58,deep
10/8/24 05:05,59,deep
10/8/24 05:06,60,deep
10/8/24 05:07,58,deep
10/8/24 05:08,59,deep
10/8/24 05:09,62,deep
10/8/24 05:10,59,deep
10/8/24 05:11,59,deep
10/8/24 05:12,64,deep
10/8/24 05:13,59,deep
10/8/24 05:14,59,deep
10/8/24 05:15,63,deep
10/8/24 05:16,64,deep
10/8/24 05:17,66,deep
10/8/24 05:18,58,deep
10/8/24 05:19,64,deep
10/8/24 05:20,69,deep
10/8/24 05:21,59,deep
10/8/24 05:22,66,deep
10/8/24 05:23,65,deep
10/8/24 05:24,54,deep
10/8/24 05:25,67,deep
10/8/24 05:26,62,deep
10/8/24 05:27,62,deep
10/8/24 05:28,60,deep
10/8/24 05:29,57,deep
10/8/24 05:30,61,deep
10/8/24 05:31,64,deep
10/8/24 05:32,64,deep
10/8/24 05:33,64,deep
10/8/24 05:34,61,deep
10/8/24 05:35,70,deep
10/8/24 05:36,67,deep
10/8/24 05:37,73,deep
11/5/24 21:30,53,deep
11/5/24 21:31,53,deep
11/5/24 21:32,56,deep
11/5/24 21:33,58,deep
11/5/24 21:34,53,deep
11/5/24 21:35,56,deep
11/5/24 21:36,54,deep
11/5/24 21:37,57,deep
11/5/24 21:38,53,deep
11/5/24 21:39,53,deep
11/5/24 21:40,50,deep
11/5/24 21:41,53,deep
11/5/24 21:42,58,deep
11/5/24 21:43,51,deep
11/5/24 21:44,52,deep
11/5/24 21:45,55,deep
11/5/24 21:46,54,deep
11/5/24 21:47,53,deep
11/5/24 21:48,54,deep
11/5/24 21:49,50,deep
11/5/24 21:50,55,deep
11/5/24 21:51,52,deep
11/5/24 21:52,53,deep
11/5/24 21:53,54,deep
11/5/24 21:54,51,deep
11/5/24 21:55,56,deep
11/5/24 21:56,54,deep
11/5/24 21:57,55,deep
11/5/24 21:58,54,deep
11/5/24 21:59,55,deep
11/5/24 22:00,55,deep
11/5/24 22:01,51,deep
11/5/24 22:02,50,deep
11/5/24 22:03,59,deep
11/5/24 22:04,56,deep
11/5/24 22:05,52,deep
11/5/24 22:06,54,deep
11/5/24 22:07,52,deep
11/5/24 22:08,53,deep
11/5/24 22:09,53,deep
11/5/24 22:10,54,deep
11/5/24 22:11,55,deep
11/5/24 22:12,54,deep
11/5/24 22:13,53,deep
11/5/24 22:14,57,deep
11/5/24 22:15,55,deep
11/5/24 22:16,50,deep
11/5/24 22:17,55,deep
11/5/24 22:18,54,deep
11/5/24 22:19,54,deep
11/5/24 22:20,57,deep
11/5/24 22:21,56,deep
11/5/24 22:22,52,deep
11/5/24 22:23,55,deep
11/5/24 22:24,56,deep
11/5/24 22:25,55,deep
11/5/24 22:26,55,deep
11/5/24 22:27,54,deep
11/5/24 22:28,57,deep
11/5/24 22:29,54,deep
11/5/24 22:30,59,deep
11/5/24 22:31,54,deep
11/5/24 22:32,57,deep
11/5/24 22:33,52,deep
11/5/24 22:34,52,deep
11/5/24 22:35,57,deep
11/5/24 22:36,55,deep
11/5/24 22:37,58,deep
11/5/24 22:38,55,deep
11/5/24 22:39,53,deep
11/5/24 22:40,59,light
11/5/24 22:41,64,light
11/5/24 22:42,62,light
11/5/24 22:43,60,light
11/5/24 22:44,59,light
11/5/24 22:45,57,light
11/5/24 22:46,60,light
11/5/24 22:47,54,light
11/5/24 22:48,59,light
11/5/24 22:49,56,light
11/5/24 22:50,62,light
11/5/24 22:51,62,light
11/5/24 22:52,55,light
11/5/24 22:53,61,light
11/5/24 22:54,62,light
11/5/24 22:55,56,light
11/5/24 22:56,57,light
11/5/24 22:57,63,light
11/5/24 22:58,62,light
11/5/24 22:59,61,light
11/5/24 23:00,59,light
11/5/24 23:01,65,light
11/5/24 23:02,62,light
11/5/24 23:03,61,light
11/5/24 23:04,61,light
11/5/24 23:05,60,light
11/5/24 23:06,61,light
11/5/24 23:07,54,light
11/5/24 23:08,57,light
11/5/24 23:09,59,light
11/5/24 23:10,56,light
11/5/24 23:11,62,light
11/5/24 23:12,62,light
11/5/24 23:13,58,light
11/5/24 23:14,59,light
11/5/24 23:15,61,light
11/5/24 23:16,59,light
11/5/24 23:17,58,light
11/5/24 23:18,63,light
11/5/24 23:19,64,light
11/5/24 23:20,54,light
11/5/24 23:21,60,light
11/5/24 23:22,59,light
11/5/24 23:23,59,light
11/5/24 23:24,61,light
11/5/24 23:25,58,light
11/5/24 23:26,60,light
11/5/24 23:27,58,light
11/5/24 23:28,54,light
11/5/24 23:29,61,light
11/5/24 23:30,60,light
11/5/24 23:31,60,light
11/5/24 23:32,54,light
11/5/24 23:33,60,light
11/5/24 23:34,59,light
11/5/24 23:35,58,light
11/5/24 23:36,58,light
11/5/24 23:37,60,light
11/5/24 23:38,60,light
11/5/24 23:39,61,light
11/5/24 23:40,58,light
11/5/24 23:41,59,light
11/5/24 23:42,57,light
11/5/24 23:43,59,light
11/5/24 23:44,62,light
11/5/24 23:45,60,light
11/5/24 23:46,62,light
11/5/24 23:47,60,light
11/5/24 23:48,63,light
11/5/24 23:49,61,light
11/5/24 23:50,59,light
11/5/24 23:51,62,light
11/5/24 23:52,61,light
11/5/24 23:53,55,light
11/5/24 23:54,59,light
11/5/24 23:55,68,light
11/5/24 23:56,62,light
11/5/24 23:57,58,light
11/5/24 23:58,58,light
11/5/24 23:59,58,light
11/6/24 00:00,58,light
11/6/24 00:01,61,light
11/6/24 00:02,54,light
11/6/24 00:03,68,light
11/6/24 00:04,54,deep
11/6/24 00:05,53,deep
11/6/24 00:06,55,deep
11/6/24 00:07,53,deep
11/6/24 00:08,54,deep
11/6/24 00:09,56,deep
11/6/24 00:10,54,deep
11/6/24 00:11,57,deep
11/6/24 00:12,56,deep
11/6/24 00:13,54,deep
11/6/24 00:14,51,deep
11/6/24 00:15,54,deep
11/6/24 00:16,54,deep
11/6/24 00:17,58,deep
11/6/24 00:18,52,deep
11/6/24 00:19,53,deep
11/6/24 00:20,55,deep
11/6/24 00:21,53,deep
11/6/24 00:22,54,deep
11/6/24 00:23,54,deep
11/6/24 00:24,54,deep
11/6/24 00:25,55,deep
11/6/24 00:26,55,deep
11/6/24 00:27,56,deep
11/6/24 00:28,56,deep
11/6/24 00:29,56,deep
11/6/24 00:30,52,deep
11/6/24 00:31,57,deep
11/6/24 00:32,55,deep
11/6/24 00:33,56,deep
11/6/24 00:34,59,deep
11/6/24 00:35,59,deep
11/6/24 00:36,53,deep
11/6/24 00:37,55,deep
11/6/24 00:38,57,deep
11/6/24 00:39,58,deep
11/6/24 00:40,53,deep
11/6/24 00:41,56,deep
11/6/24 00:42,56,deep
11/6/24 00:43,53,deep
11/6/24 00:44,54,deep
11/6/24 00:45,53,deep
11/6/24 00:46,57,deep
11/6/24 00:47,55,deep
11/6/24 00:48,58,deep
11/6/24 00:49,55,deep
11/6/24 00:50,50,deep
11/6/24 00:51,56,deep
11/6/24 00:52,55,deep
11/6/24 00:53,51,deep
11/6/24 00:54,57,deep
11/6/24 00:55,54,deep
11/6/24 00:56,54,deep
11/6/24 00:57,57,deep
11/6/24 00:58,55,deep
11/6/24 00:59,55,deep
11/6/24 01:00,54,deep
11/6/24 01:01,56,deep
11/6/24 01:02,54,deep
11/6/24 01:03,57,deep
11/6/24 01:04,54,deep
11/6/24 01:05,55,deep
11/6/24 01:06,56,deep
11/6/24 01:07,54,deep
11/6/24 01:08,56,deep
11/6/24 01:09,52,deep
11/6/24 01:10,56,deep
11/6/24 01:11,53,deep
11/6/24 01:12,59,deep
11/6/24 01:13,55,deep
11/6/24 01:14,51,deep
11/6/24 01:15,55,deep
11/6/24 01:16,56,deep
11/6/24 01:17,55,deep
11/6/24 01:18,55,deep
11/6/24 01:19,57,deep
11/6/24 01:20,55,deep
11/6/24 01:21,57,deep
11/6/24 01:22,58,deep
11/6/24 01:23,55,deep
11/6/24 01:24,52,deep
11/6/24 01:25,54,deep
11/6/24 01:26,53,deep
11/6/24 01:27,54,deep
11/6/24 01:28,55,deep
11/6/24 01:29,58,deep
11/6/24 01:30,53,deep
11/6/24 01:31,54,deep
11/6/24 01:32,55,deep
11/6/24 01:33,52,deep
11/6/24 01:34,55,deep
11/6/24 01:35,54,deep
11/6/24 01:36,53,deep
11/6/24 01:37,55,deep
11/6/24 01:38,56,deep
11/6/24 01:39,55,deep
11/6/24 01:40,54,deep
11/6/24 01:41,54,deep
11/6/24 01:42,53,deep
11/6/24 01:43,54,deep
11/6/24 01:44,56,deep
11/6/24 01:45,59,deep
11/6/24 01:46,56,deep
11/6/24 01:47,53,deep
11/6/24 01:48,52,deep
11/6/24 01:49,52,deep
11/6/24 01:50,53,deep
11/6/24 01:51,54,deep
11/6/24 01:52,55,deep
11/6/24 01:53,50,deep
11/6/24 01:54,54,deep
11/6/24 01:55,55,deep
11/6/24 01:56,58,deep
11/6/24 01:57,54,deep
11/6/24 01:58,55,deep
11/6/24 01:59,56,deep
11/6/24 02:00,53,deep
11/6/24 02:01,54,deep
11/6/24 02:02,54,deep
11/6/24 02:03,53,deep
11/6/24 02:04,54,deep
11/6/24 02:05,50,deep
11/6/24 02:06,56,deep
11/6/24 02:07,53,deep
11/6/24 02:08,49,deep
11/6/24 02:09,57,deep
11/6/24 02:10,55,deep
11/6/24 02:11,55,deep
11/6/24 02:12,55,deep
11/6/24 02:13,57,deep
11/6/24 02:14,50,deep
11/6/24 02:15,55,deep
11/6/24 02:16,57,deep
11/6/24 02:17,54,deep
11/6/24 02:18,52,deep
11/6/24 02:19,54,deep
11/6/24 02:20,58,deep
11/6/24 02:21,52,deep
11/6/24 02:22,56,deep
11/6/24 02:23,55,deep
11/6/24 02:24,54,deep
11/6/24 02:25,54,deep
11/6/24 02:26,53,deep
11/6/24 02:27,55,deep
11/6/24 02:28,53,deep
11/6/24 02:29,56,deep
11/6/24 02:30,57,deep
11/6/24 02:31,53,deep
11/6/24 02:32,52,deep
11/6/24 02:33,54,deep
11/6/24 02:34,56,deep
11/6/24 02:35,51,deep
11/6/24 02:36,51,deep
11/6/24 02:37,56,deep
11/6/24 02:38,54,deep
11/6/24 02:39,52,deep
11/6/24 02:40,50,deep
11/6/24 02:41,54,deep
11/6/24 02:42,52,deep
11/6/24 02:43,56,deep
11/6/24 02:44,58,deep
11/6/24 02:45,54,deep
11/6/24 02:46,54,deep
11/6/24 02:47,55,deep
11/6/24 02:48,54,deep
11/6/24 02:49,55,deep
11/6/24 02:50,52,deep
11/6/24 02:51,51,deep
11/6/24 02:52,57,deep
11/6/24 02:53,55,deep
11/6/24 02:54,51,deep
11/6/24 02:55,55,deep
11/6/24 02:56,55,deep
11/6/24 02:57,57,deep
11/6/24 02:58,52,deep
11/6/24 02:59,54,deep
11/6/24 03:00,56,deep
11/6/24 03:01,57,deep
11/6/24 03:02,55,deep
11/6/24 03:03,57,deep
11/6/24 03:04,50,deep
11/6/24 03:05,55,deep
11/6/24 03:06,51,deep
11/6/24 03:07,54,deep
11/6/24 03:08,54,deep
11/6/24 03:09,58,deep
11/6/24 03:10,58,deep
11/6/24 03:11,56,deep
11/6/24 03:12,55,deep
11/6/24 03:13,57,deep
11/6/24 03:14,50,deep
11/6/24 03:15,54,deep
11/6/24 03:16,54,deep
11/6/24 03:17,54,deep
11/6/24 03:18,53,deep
11/6/24 03:19,53,deep
11/6/24 03:20,54,deep
11/6/24 03:21,54,deep
11/6/24 03:22,53,deep
11/6/24 03:23,56,deep
11/6/24 03:24,56,deep
11/6/24 03:25,55,deep
11/6/24 03:26,56,deep
11/6/24 03:27,54,deep
11/6/24 03:28,52,deep
11/6/24 03:29,54,deep
11/6/24 03:30,57,deep
11/6/24 03:31,54,deep
11/6/24 03:32,58,deep
11/6/24 03:33,55,deep
11/6/24 03:34,55,deep
11/6/24 03:35,50,deep
11/6/24 03:36,54,deep
11/6/24 03:37,53,deep
11/6/24 03:38,55,deep
11/6/24 03:39,56,deep
11/6/24 03:40,53,deep
11/6/24 03:41,54,deep
11/6/24 03:42,54,deep
11/6/24 03:43,54,deep
11/6/24 03:44,54,deep
11/6/24 03:45,56,deep
11/6/24 03:46,57,deep
11/6/24 03:47,54,deep
11/6/24 03:48,56,deep
11/6/24 03:49,55,deep
11/6/24 03:50,56,deep
11/6/24 03:51,50,deep
11/6/24 03:52,55,deep
11/6/24 03:53,53,deep
11/6/24 03:54,57,deep
11/6/24 03:55,54,deep
11/6/24 03:56,51,deep
11/6/24 03:57,53,deep
11/6/24 03:58,55,deep
11/6/24 03:59,58,deep
11/6/24 04:00,53,deep
11/6/24 04:01,58,deep
11/6/24 04:02,54,deep
11/6/24 04:03,52,deep
11/6/24 04:04,51,deep
11/6/24 04:05,57,deep
11/6/24 04:06,55,deep
11/6/24 04:07,56,deep
11/6/24 04:08,58,deep
11/6/24 04:09,49,deep
11/6/24 04:10,52,deep
11/6/24 04:11,57,deep
11/6/24 04:12,58,deep
11/6/24 04:13,54,deep
11/6/24 04:14,54,deep
11/6/24 04:15,56,deep
11/6/24 04:16,55,deep
11/6/24 04:17,54,deep
11/6/24 04:18,53,deep
11/6/24 04:19,49,deep
11/6/24 04:20,53,deep
11/6/24 04:21,54,deep
11/6/24 04:22,55,deep
11/6/24 04:23,54,deep
11/6/24 04:24,55,deep
11/6/24 04:25,55,deep
11/6/24 04:26,56,deep
11/6/24 04:27,53,deep
11/6/24 04:28,54,deep
11/6/24 04:29,54,deep
11/6/24 04:30,55,deep
11/6/24 04:31,54,deep
11/6/24 04:32,55,deep
11/6/24 04:33,57,deep
11/6/24 04:34,51,deep
11/6/24 04:35,55,deep
11/6/24 04:36,57,deep
11/6/24 04:37,54,deep
11/6/24 22:00,61,REM
11/6/24 22:01,68,REM
11/6/24 22:02,61,REM
11/6/24 22:03,67,REM
11/6/24 22:04,61,REM
11/6/24 22:05,65,REM
11/6/24 22:06,63,REM
11/6/24 22:07,67,REM
11/6/24 22:08,64,REM
11/6/24 22:09,69,REM
11/6/24 22:10,72,REM
11/6/24 22:11,66,REM
11/6/24 22:12,65,REM
11/6/24 22:13,67,REM
11/6/24 22:14,71,REM
11/6/24 22:15,64,REM
11/6/24 22:16,66,REM
11/6/24 22:17,62,REM
11/6/24 22:18,64,REM
11/6/24 22:19,61,REM
11/6/24 22:20,67,REM
11/6/24 22:21,72,REM
11/6/24 22:22,61,REM
11/6/24 22:23,68,REM
11/6/24 22:24,67,REM
11/6/24 22:25,61,REM
11/6/24 22:26,63,REM
11/6/24 22:27,61,REM
11/6/24 22:28,58,REM
11/6/24 22:29,62,REM
11/6/24 22:30,65,REM
11/6/24 22:31,65,REM
11/6/24 22:32,57,REM
11/6/24 22:33,67,REM
11/6/24 22:34,61,REM
11/6/24 22:35,64,REM
11/6/24 22:36,65,REM
11/6/24 22:37,65,REM
11/6/24 22:38,61,REM
11/6/24 22:39,64,REM
11/6/24 22:40,64,REM
11/6/24 22:41,66,REM
11/6/24 22:42,65,REM
11/6/24 22:43,61,REM
11/6/24 22:44,68,REM
11/6/24 22:45,62,REM
11/6/24 22:46,59,REM
11/6/24 22:47,66,REM
11/6/24 22:48,65,REM
11/6/24 22:49,66,REM
11/6/24 22:50,74,REM
11/6/24 22:51,64,REM
11/6/24 22:52,69,REM
11/6/24 22:53,64,REM
11/6/24 22:54,68,REM
11/6/24 22:55,65,REM
11/6/24 22:56,64,REM
11/6/24 22:57,69,REM
11/6/24 22:58,57,REM
11/6/24 22:59,66,REM
11/6/24 23:00,70,REM
11/6/24 23:01,66,REM
11/6/24 23:02,64,REM
11/6/24 23:03,67,REM
11/6/24 23:04,63,REM
11/6/24 23:05,71,REM
11/6/24 23:06,57,REM
11/6/24 23:07,55,REM
11/6/24 23:08,69,REM
11/6/24 23:09,67,REM
11/6/24 23:10,75,REM
11/6/24 23:11,65,REM
11/6/24 23:12,64,REM
11/6/24 23:13,62,REM
11/6/24 23:14,60,REM
11/6/24 23:15,62,REM
11/6/24 23:16,55,REM
11/6/24 23:17,65,REM
11/6/24 23:18,69,REM
11/6/24 23:19,65,REM
11/6/24 23:20,65,REM
11/6/24 23:21,63,REM
11/6/24 23:22,63,REM
11/6/24 23:23,63,REM
11/6/24 23:24,65,REM
11/6/24 23:25,67,REM
11/6/24 23:26,67,wake
11/6/24 23:27,63,wake
11/6/24 23:28,68,wake
11/6/24 23:29,68,wake
11/6/24 23:30,65,wake
11/6/24 23:31,82,wake
11/6/24 23:32,74,wake
11/6/24 23:33,77,wake
11/6/24 23:34,66,wake
11/6/24 23:35,64,wake
11/6/24 23:36,65,wake
11/6/24 23:37,63,wake
11/6/24 23:38,68,wake
11/6/24 23:39,66,wake
11/6/24 23:40,69,wake
11/6/24 23:41,65,wake
11/6/24 23:42,72,wake
11/6/24 23:43,63,wake
11/6/24 23:44,83,wake
11/6/24 23:45,78,wake
11/6/24 23:46,77,wake
11/6/24 23:47,83,wake
11/6/24 23:48,69,wake
11/6/24 23:49,60,wake
11/6/24 23:50,65,wake
11/6/24 23:51,71,wake
11/6/24 23:52,64,wake
11/6/24 23:53,71,wake
11/6/24 23:54,73,wake
11/6/24 23:55,73,wake
11/6/24 23:56,63,wake
11/6/24 23:57,69,wake
11/6/24 23:58,71,wake
11/6/24 23:59,70,wake
11/7/24 00:00,68,wake
11/7/24 00:01,71,wake
11/7/24 00:02,75,wake
11/7/24 00:03,67,REM
11/7/24 00:04,60,REM
11/7/24 00:05,63,REM
11/7/24 00:06,66,REM
11/7/24 00:07,61,REM
11/7/24 00:08,67,REM
11/7/24 00:09,64,REM
11/7/24 00:10,69,REM
11/7/24 00:11,61,REM
11/7/24 00:12,62,REM
11/7/24 00:13,62,REM
11/7/24 00:14,58,REM
11/7/24 00:15,61,REM
11/7/24 00:16,69,REM
11/7/24 00:17,64,REM
11/7/24 00:18,61,REM
11/7/24 00:19,61,REM
11/7/24 00:20,70,REM
11/7/24 00:21,65,REM
11/7/24 00:22,61,REM
11/7/24 00:23,60,REM
11/7/24 00:24,67,REM
11/7/24 00:25,59,REM
11/7/24 00:26,69,REM
11/7/24 00:27,66,REM
11/7/24 00:28,62,REM
11/7/24 00:29,64,REM
11/7/24 00:30,71,REM
11/7/24 00:31,62,REM
11/7/24 00:32,58,REM
11/7/24 00:33,59,light
11/7/24 00:34,58,light
11/7/24 00:35,59,light
11/7/24 00:36,55,light
11/7/24 00:37,58,light
11/7/24 00:38,62,light
11/7/24 00:39,57,light
11/7/24 00:40,57,light
11/7/24 00:41,55,light
11/7/24 00:42,64,light
11/7/24 00:43,61,light
11/7/24 00:44,63,light
11/7/24 00:45,64,light
11/7/24 00:46,59,light
11/7/24 00:47,59,light
11/7/24 00:48,57,light
11/7/24 00:49,60,light
11/7/24 00:50,59,light
11/7/24 00:51,61,light
11/7/24 00:52,58,light
11/7/24 00:53,59,light
11/7/24 00:54,58,light
11/7/24 00:55,54,light
11/7/24 00:56,61,light
11/7/24 00:57,63,light
11/7/24 00:58,59,light
11/7/24 00:59,62,light
11/7/24 01:00,63,light
11/7/24 01:01,59,light
11/7/24 01:02,57,light
11/7/24 01:03,58,light
11/7/24 01:04,61,light
11/7/24 01:05,61,light
11/7/24 01:06,60,light
11/7/24 01:07,56,light
11/7/24 01:08,57,light
11/7/24 01:09,60,light
11/7/24 01:10,57,light
11/7/24 01:11,60,light
11/7/24 01:12,65,light
11/7/24 01:13,58,deep
11/7/24 01:14,56,deep
11/7/24 01:15,56,deep
11/7/24 01:16,58,deep
11/7/24 01:17,59,deep
11/7/24 01:18,53,deep
11/7/24 01:19,55,deep
11/7/24 01:20,55,deep
11/7/24 01:21,54,deep
11/7/24 01:22,60,deep
11/7/24 01:23,51,deep
11/7/24 01:24,54,deep
11/7/24 01:25,50,deep
11/7/24 01:26,53,deep
11/7/24 01:27,55,deep
11/7/24 01:28,60,deep
11/7/24 01:29,53,deep
11/7/24 01:30,51,deep
11/7/24 01:31,55,deep
11/7/24 01:32,57,deep
11/7/24 01:33,55,deep
11/7/24 01:34,54,deep
11/7/24 01:35,58,deep
11/7/24 01:36,52,deep
11/7/24 01:37,52,deep
11/7/24 01:38,55,deep
11/7/24 01:39,52,deep
11/7/24 01:40,52,deep
11/7/24 01:41,57,deep
11/7/24 01:42,56,deep
11/7/24 01:43,53,deep
11/7/24 01:44,55,deep
11/7/24 01:45,53,deep
11/7/24 01:46,54,deep
11/7/24 01:47,53,deep
11/7/24 01:48,55,deep
11/7/24 01:49,53,deep
11/7/24 01:50,53,deep
11/7/24 01:51,57,deep
11/7/24 01:52,55,deep
11/7/24 01:53,55,deep
11/7/24 01:54,54,deep
11/7/24 01:55,59,deep
11/7/24 01:56,51,deep
11/7/24 01:57,51,deep
11/7/24 01:58,54,deep
11/7/24 01:59,55,deep
11/7/24 02:00,55,deep
11/7/24 02:01,52,deep
11/7/24 02:02,53,deep
11/7/24 02:03,54,deep
11/7/24 02:04,52,deep
11/7/24 02:05,58,deep
11/7/24 02:06,55,deep
11/7/24 02:07,51,deep
11/7/24 02:08,53,deep
11/7/24 02:09,58,deep
11/7/24 02:10,55,deep
11/7/24 02:11,51,deep
11/7/24 02:12,54,deep
11/7/24 02:13,55,deep
11/7/24 02:14,55,deep
11/7/24 02:15,53,deep
11/7/24 02:16,52,deep
11/7/24 02:17,55,deep
11/7/24 02:18,52,deep
11/7/24 02:19,57,deep
11/7/24 02:20,54,deep
11/7/24 02:21,52,deep
11/7/24 02:22,54,deep
11/7/24 02:23,53,deep
11/7/24 02:24,55,deep
11/7/24 02:25,55,deep
11/7/24 02:26,57,deep
11/7/24 02:27,54,deep
11/7/24 02:28,54,deep
11/7/24 02:29,54,deep
11/7/24 02:30,53,deep
11/7/24 02:31,65,light
11/7/24 02:32,57,light
11/7/24 02:33,62,light
11/7/24 02:34,64,light
11/7/24 02:35,61,light
11/7/24 02:36,59,light
11/7/24 02:37,59,light
11/7/24 02:38,60,light
11/7/24 02:39,60,light
11/7/24 02:40,58,light
11/7/24 02:41,59,light
11/7/24 02:42,58,light
11/7/24 02:43,58,light
11/7/24 02:44,60,light
11/7/24 02:45,61,light
11/7/24 02:46,62,light
11/7/24 02:47,62,light
11/7/24 02:48,60,light
11/7/24 02:49,58,light
11/7/24 02:50,58,light
11/7/24 02:51,56,light
11/7/24 02:52,57,light
11/7/24 02:53,61,light
11/7/24 02:54,64,light
11/7/24 02:55,55,light
11/7/24 02:56,58,light
11/7/24 02:57,60,light
11/7/24 02:58,58,light
11/7/24 02:59,52,light
11/7/24 03:00,61,light
11/7/24 03:01,65,light
11/7/24 03:02,51,deep
11/7/24 03:03,54,deep
11/7/24 03:04,56,deep
11/7/24 03:05,55,deep
11/7/24 03:06,54,deep
11/7/24 03:07,53,deep
11/7/24 03:08,52,deep
11/7/24 03:09,57,deep
11/7/24 03:10,57,deep
11/7/24 03:11,56,deep
11/7/24 03:12,56,deep
11/7/24 03:13,55,deep
11/7/24 03:14,58,deep
11/7/24 03:15,53,deep
11/7/24 03:16,53,deep
11/7/24 03:17,52,deep
11/7/24 03:18,59,deep
11/7/24 03:19,54,deep
11/7/24 03:20,56,deep
11/7/24 03:21,53,deep
11/7/24 03:22,54,deep
11/7/24 03:23,56,deep
11/7/24 03:24,54,deep
11/7/24 03:25,52,deep
11/7/24 03:26,55,deep
11/7/24 03:27,56,deep
11/7/24 03:28,56,deep
11/7/24 03:29,57,deep
11/7/24 03:30,56,deep
11/7/24 03:31,54,deep
11/7/24 03:32,56,deep
11/7/24 03:33,54,deep
11/7/24 03:34,51,deep
11/7/24 03:35,54,deep
11/7/24 03:36,56,deep
11/7/24 03:37,53,deep
11/7/24 03:38,52,deep
11/7/24 03:39,54,deep
11/7/24 03:40,52,deep
11/7/24 03:41,55,deep
11/7/24 03:42,53,deep
11/7/24 03:43,54,deep
11/7/24 03:44,55,deep
11/7/24 03:45,55,deep
11/7/24 03:46,56,deep
11/7/24 03:47,54,deep
11/7/24 03:48,52,deep
11/7/24 03:49,54,deep
11/7/24 03:50,55,deep
11/7/24 03:51,53,deep
11/7/24 03:52,56,deep
11/7/24 03:53,53,deep
11/7/24 03:54,53,deep
11/7/24 03:55,57,deep
11/7/24 03:56,56,deep
11/7/24 03:57,56,deep
11/7/24 03:58,53,deep
11/7/24 03:59,53,deep
11/7/24 04:00,55,deep
11/7/24 04:01,58,deep
11/7/24 04:02,55,deep
11/7/24 04:03,54,deep
11/7/24 04:04,54,deep
11/7/24 04:05,54,deep
11/7/24 04:06,52,deep
11/7/24 04:07,52,deep
11/7/24 04:08,51,deep
11/7/24 04:09,54,deep
11/7/24 04:10,52,deep
11/7/24 04:11,54,deep
11/7/24 04:12,57,deep
11/7/24 04:13,70,wake
11/7/24 04:14,73,wake
11/7/24 04:15,74,wake
11/7/24 04:16,67,wake
11/7/24 04:17,72,wake
11/7/24 04:18,61,wake
11/7/24 04:19,76,wake
11/7/24 04:20,65,wake
11/7/24 04:21,68,wake
11/7/24 04:22,64,wake
11/7/24 04:23,67,wake
11/7/24 04:24,69,wake
11/7/24 04:25,68,wake
11/7/24 04:26,66,wake
11/7/24 04:27,64,wake
11/7/24 04:28,74,wake
11/7/24 04:29,65,wake
11/7/24 04:30,67,wake
11/7/24 04:31,67,wake
11/7/24 04:32,71,wake
11/7/24 04:33,74,wake
11/7/24 04:34,65,wake
11/7/24 04:35,67,wake
11/7/24 04:36,67,wake
11/7/24 22:15,60,REM
11/7/24 22:16,66,REM
11/7/24 22:17,61,REM
11/7/24 22:18,79,REM
11/7/24 22:19,65,REM
11/7/24 22:20,64,REM
11/7/24 22:21,61,REM
11/7/24 22:22,64,REM
11/7/24 22:23,61,REM
11/7/24 22:24,63,REM
11/7/24 22:25,71,REM
11/7/24 22:26,59,REM
11/7/24 22:27,58,REM
11/7/24 22:28,57,REM
11/7/24 22:29,63,REM
11/7/24 22:30,65,REM
11/7/24 22:31,60,REM
11/7/24 22:32,71,REM
11/7/24 22:33,68,REM
11/7/24 22:34,63,REM
11/7/24 22:35,68,REM
11/7/24 22:36,62,REM
11/7/24 22:37,62,REM
11/7/24 22:38,74,REM
11/7/24 22:39,65,REM
11/7/24 22:40,71,REM
11/7/24 22:41,63,REM
11/7/24 22:42,73,REM
11/7/24 22:43,69,REM
11/7/24 22:44,58,REM
11/7/24 22:45,65,REM
11/7/24 22:46,62,REM
11/7/24 22:47,60,REM
11/7/24 22:48,70,REM
11/7/24 22:49,62,REM
11/7/24 22:50,69,REM
11/7/24 22:51,66,REM
11/7/24 22:52,67,REM
11/7/24 22:53,65,REM
11/7/24 22:54,64,REM
11/7/24 22:55,64,REM
11/7/24 22:56,55,REM
11/7/24 22:57,66,REM
11/7/24 22:58,65,REM
11/7/24 22:59,62,REM
11/7/24 23:00,72,REM
11/7/24 23:01,67,REM
11/7/24 23:02,62,REM
11/7/24 23:03,68,REM
11/7/24 23:04,66,REM
11/7/24 23:05,62,REM
11/7/24 23:06,59,REM
11/7/24 23:07,63,REM
11/7/24 23:08,64,REM
11/7/24 23:09,72,REM
11/7/24 23:10,74,REM
11/7/24 23:11,72,REM
11/7/24 23:12,57,REM
11/7/24 23:13,69,REM
11/7/24 23:14,65,REM
11/7/24 23:15,65,REM
11/7/24 23:16,59,REM
11/7/24 23:17,58,REM
11/7/24 23:18,63,REM
11/7/24 23:19,65,REM
11/7/24 23:20,66,REM
11/7/24 23:21,62,REM
11/7/24 23:22,63,REM
11/7/24 23:23,59,REM
11/7/24 23:24,62,REM
11/7/24 23:25,57,REM
11/7/24 23:26,70,REM
11/7/24 23:27,67,REM
11/7/24 23:28,67,REM
11/7/24 23:29,70,REM
11/7/24 23:30,64,REM
11/7/24 23:31,66,REM
11/7/24 23:32,67,REM
11/7/24 23:33,66,REM
11/7/24 23:34,75,REM
11/7/24 23:35,66,REM
11/7/24 23:36,68,REM
11/7/24 23:37,66,REM
11/7/24 23:38,71,REM
11/7/24 23:39,64,REM
11/7/24 23:40,70,REM
11/7/24 23:41,64,REM
11/7/24 23:42,67,REM
11/7/24 23:43,58,light
11/7/24 23:44,56,light
11/7/24 23:45,61,light
11/7/24 23:46,59,light
11/7/24 23:47,58,light
11/7/24 23:48,54,light
11/7/24 23:49,57,light
11/7/24 23:50,57,light
11/7/24 23:51,61,light
11/7/24 23:52,61,light
11/7/24 23:53,56,light
11/7/24 23:54,59,light
11/7/24 23:55,64,light
11/7/24 23:56,63,light
11/7/24 23:57,60,light
11/7/24 23:58,65,light
11/7/24 23:59,58,light
11/8/24 00:00,55,light
11/8/24 00:01,56,light
11/8/24 00:02,61,light
11/8/24 00:03,60,light
11/8/24 00:04,58,light
11/8/24 00:05,59,light
11/8/24 00:06,56,light
11/8/24 00:07,59,light
11/8/24 00:08,58,light
11/8/24 00:09,59,light
11/8/24 00:10,58,light
11/8/24 00:11,60,light
11/8/24 00:12,60,light
11/8/24 00:13,60,light
11/8/24 00:14,54,light
11/8/24 00:15,58,light
11/8/24 00:16,57,light
11/8/24 00:17,57,light
11/8/24 00:18,67,light
11/8/24 00:19,60,light
11/8/24 00:20,53,light
11/8/24 00:21,59,light
11/8/24 00:22,61,light
11/8/24 00:23,52,light
11/8/24 00:24,60,light
11/8/24 00:25,59,light
11/8/24 00:26,63,light
11/8/24 00:27,59,light
11/8/24 00:28,64,light
11/8/24 00:29,63,light
11/8/24 00:30,58,light
11/8/24 00:31,60,light
11/8/24 00:32,62,light
11/8/24 00:33,56,light
11/8/24 00:34,61,light
11/8/24 00:35,57,light
11/8/24 00:36,56,light
11/8/24 00:37,60,light
11/8/24 00:38,61,light
11/8/24 00:39,58,light
11/8/24 00:40,63,light
11/8/24 00:41,56,light
11/8/24 00:42,66,light
11/8/24 00:43,59,light
11/8/24 00:44,57,light
11/8/24 00:45,60,light
11/8/24 00:46,58,light
11/8/24 00:47,61,light
11/8/24 00:48,62,light
11/8/24 00:49,61,light
11/8/24 00:50,64,light
11/8/24 00:51,63,light
11/8/24 00:52,58,light
11/8/24 00:53,57,light
11/8/24 00:54,61,light
11/8/24 00:55,55,light
11/8/24 00:56,59,light
11/8/24 00:57,64,light
11/8/24 00:58,64,light
11/8/24 00:59,63,light
11/8/24 01:00,58,light
11/8/24 01:01,56,light
11/8/24 01:02,66,light
11/8/24 01:03,57,light
11/8/24 01:04,54,light
11/8/24 01:05,63,light
11/8/24 01:06,63,light
11/8/24 01:07,61,light
11/8/24 01:08,55,light
11/8/24 01:09,59,light
11/8/24 01:10,64,light
11/8/24 01:11,60,light
11/8/24 01:12,57,light
11/8/24 01:13,59,light
11/8/24 01:14,61,light
11/8/24 01:15,54,light
11/8/24 01:16,60,light
11/8/24 01:17,60,light
11/8/24 01:18,52,light
11/8/24 01:19,58,light
11/8/24 01:20,60,light
11/8/24 01:21,60,light
11/8/24 01:22,62,light
11/8/24 01:23,51,light
11/8/24 01:24,65,light
11/8/24 01:25,61,light
11/8/24 01:26,58,light
11/8/24 01:27,61,light
11/8/24 01:28,57,light
11/8/24 01:29,63,light
11/8/24 01:30,60,light
11/8/24 01:31,63,light
11/8/24 01:32,63,light
11/8/24 01:33,61,light
11/8/24 01:34,58,light
11/8/24 01:35,56,light
11/8/24 01:36,54,light
11/8/24 01:37,62,light
11/8/24 01:38,59,light
11/8/24 01:39,60,light
11/8/24 01:40,60,light
11/8/24 01:41,59,light
11/8/24 01:42,59,light
11/8/24 01:43,60,light
11/8/24 01:44,54,light
11/8/24 01:45,58,light
11/8/24 01:46,60,light
11/8/24 01:47,59,light
11/8/24 01:48,57,light
11/8/24 01:49,54,light
11/8/24 01:50,58,light
11/8/24 01:51,57,light
11/8/24 01:52,62,light
11/8/24 01:53,56,light
11/8/24 01:54,59,light
11/8/24 01:55,59,light
11/8/24 01:56,60,light
11/8/24 01:57,62,light
11/8/24 01:58,62,light
11/8/24 01:59,60,light
11/8/24 02:00,62,light
11/8/24 02:01,55,light
11/8/24 02:02,58,light
11/8/24 02:03,59,light
11/8/24 02:04,61,light
11/8/24 02:05,60,light
11/8/24 02:06,60,light
11/8/24 02:07,60,light
11/8/24 02:08,62,light
11/8/24 02:09,62,light
11/8/24 02:10,58,light
11/8/24 02:11,62,light
11/8/24 02:12,63,light
11/8/24 02:13,52,light
11/8/24 02:14,62,light
11/8/24 02:15,58,light
11/8/24 02:16,60,light
11/8/24 02:17,65,light
11/8/24 02:18,65,light
11/8/24 02:19,67,light
11/8/24 02:20,65,light
11/8/24 02:21,63,light
11/8/24 02:22,62,light
11/8/24 02:23,62,light
11/8/24 02:24,64,light
11/8/24 02:25,62,light
11/8/24 02:26,60,light
11/8/24 02:27,54,light
11/8/24 02:28,57,light
11/8/24 02:29,57,light
11/8/24 02:30,59,light
11/8/24 02:31,59,light
11/8/24 02:32,60,light
11/8/24 02:33,56,light
11/8/24 02:34,61,light
11/8/24 02:35,55,light
11/8/24 02:36,62,light
11/8/24 02:37,62,light
11/8/24 02:38,58,light
11/8/24 02:39,65,light
11/8/24 02:40,62,light
11/8/24 02:41,60,light
11/8/24 02:42,55,light
11/8/24 02:43,57,light
11/8/24 02:44,63,light
11/8/24 02:45,54,light
11/8/24 02:46,57,light
11/8/24 02:47,64,REM
11/8/24 02:48,60,REM
11/8/24 02:49,69,REM
11/8/24 02:50,66,REM
11/8/24 02:51,70,REM
11/8/24 02:52,61,REM
11/8/24 02:53,68,REM
11/8/24 02:54,71,REM
11/8/24 02:55,67,REM
11/8/24 02:56,62,REM
11/8/24 02:57,65,REM
11/8/24 02:58,60,REM
11/8/24 02:59,65,REM
11/8/24 03:00,66,REM
11/8/24 03:01,66,REM
11/8/24 03:02,63,REM
11/8/24 03:03,65,REM
11/8/24 03:04,67,REM
11/8/24 03:05,66,REM
11/8/24 03:06,62,REM
11/8/24 03:07,65,REM
11/8/24 03:08,62,REM
11/8/24 03:09,67,REM
11/8/24 03:10,66,REM
11/8/24 03:11,68,REM
11/8/24 03:12,62,REM
11/8/24 03:13,70,REM
11/8/24 03:14,67,REM
11/8/24 03:15,65,REM
11/8/24 03:16,63,REM
11/8/24 03:17,62,REM
11/8/24 03:18,70,REM
11/8/24 03:19,56,REM
11/8/24 03:20,58,REM
11/8/24 03:21,69,REM
11/8/24 03:22,63,REM
11/8/24 03:23,67,REM
11/8/24 03:24,73,REM
11/8/24 03:25,68,REM
11/8/24 03:26,67,REM
11/8/24 03:27,61,REM
11/8/24 03:28,69,REM
11/8/24 03:29,63,REM
11/8/24 03:30,70,REM
11/8/24 03:31,62,REM
11/8/24 03:32,68,REM
11/8/24 03:33,61,REM
11/8/24 03:34,64,REM
11/8/24 03:35,65,REM
11/8/24 03:36,74,wake
11/8/24 03:37,74,wake
11/8/24 03:38,67,wake
11/8/24 03:39,71,wake
11/8/24 03:40,62,wake
11/8/24 03:41,67,wake
11/8/24 03:42,74,wake
11/8/24 03:43,66,wake
11/8/24 03:44,64,wake
11/8/24 03:45,71,wake
11/8/24 03:46,64,wake
11/8/24 03:47,72,wake
11/8/24 03:48,74,wake
11/8/24 03:49,70,wake
11/8/24 03:50,65,wake
11/8/24 03:51,69,wake
11/8/24 03:52,73,wake
11/8/24 03:53,73,wake
11/8/24 03:54,74,wake
11/8/24 03:55,69,wake
11/8/24 03:56,64,wake
11/8/24 03:57,71,wake
11/8/24 03:58,71,wake
11/8/24 03:59,71,wake
11/8/24 04:00,58,wake
11/8/24 04:01,65,wake
11/8/24 04:02,73,wake
11/8/24 04:03,60,wake
11/8/24 04:04,68,wake
11/8/24 04:05,72,wake
11/8/24 04:06,71,wake
11/8/24 04:07,75,wake
11/8/24 04:08,70,wake
11/8/24 04:09,71,REM
11/8/24 04:10,61,REM
11/8/24 04:11,59,REM
11/8/24 04:12,65,REM
11/8/24 04:13,61,REM
11/8/24 04:14,68,REM
11/8/24 04:15,66,REM
11/8/24 04:16,64,REM
11/8/24 04:17,69,REM
11/8/24 04:18,63,REM
11/8/24 04:19,58,REM
11/8/24 04:20,60,REM
11/8/24 04:21,68,REM
11/8/24 04:22,60,REM
11/8/24 04:23,67,REM
11/8/24 04:24,69,REM
11/8/24 04:25,63,REM
11/8/24 04:26,67,REM
11/8/24 04:27,64,REM
11/8/24 04:28,72,REM
11/8/24 04:29,64,REM
11/8/24 04:30,74,REM
11/8/24 04:31,67,REM
11/8/24 04:32,66,REM
11/8/24 04:33,59,REM
11/8/24 04:34,64,REM
11/8/24 04:35,64,REM
11/8/24 04:36,64,REM
11/8/24 04:37,65,REM
11/8/24 04:38,69,REM
11/8/24 04:39,64,REM
11/8/24 04:40,54,REM
11/8/24 04:41,62,REM
11/8/24 04:42,59,REM
11/8/24 04:43,62,REM
11/8/24 04:44,68,REM
11/8/24 04:45,72,REM
11/8/24 04:46,63,REM
11/8/24 04:47,62,REM
11/8/24 04:48,62,REM
11/8/24 04:49,62,REM
11/8/24 04:50,69,REM
11/8/24 04:51,59,REM
11/8/24 04:52,62,REM
11/8/24 04:53,67,REM
11/8/24 04:54,65,REM
11/8/24 04:55,63,REM
11/8/24 04:56,67,REM
11/8/24 22:00,64,light
11/8/24 22:01,64,light
11/8/24 22:02,58,light
11/8/24 22:03,62,light
11/8/24 22:04,56,light
11/8/24 22:05,60,light
11/8/24 22:06,64,light
11/8/24 22:07,59,light
11/8/24 22:08,55,light
11/8/24 22:09,59,light
11/8/24 22:10,59,light
11/8/24 22:11,55,light
11/8/24 22:12,65,light
11/8/24 22:13,62,light
11/8/24 22:14,61,light
11/8/24 22:15,60,light
11/8/24 22:16,61,light
11/8/24 22:17,58,light
11/8/24 22:18,63,light
11/8/24 22:19,55,light
11/8/24 22:20,57,light
11/8/24 22:21,63,light
11/8/24 22:22,63,light
11/8/24 22:23,57,light
11/8/24 22:24,57,light
11/8/24 22:25,60,light
11/8/24 22:26,64,light
11/8/24 22:27,62,light
11/8/24 22:28,60,light
11/8/24 22:29,64,light
11/8/24 22:30,57,light
11/8/24 22:31,54,light
11/8/24 22:32,55,light
11/8/24 22:33,68,light
11/8/24 22:34,59,light
11/8/24 22:35,60,light
11/8/24 22:36,55,light
11/8/24 22:37,56,light
11/8/24 22:38,67,light
11/8/24 22:39,62,light
11/8/24 22:40,59,light
11/8/24 22:41,62,light
11/8/24 22:42,59,light
11/8/24 22:43,62,light
11/8/24 22:44,60,light
11/8/24 22:45,54,light
11/8/24 22:46,59,light
11/8/24 22:47,61,light
11/8/24 22:48,59,light
11/8/24 22:49,62,light
11/8/24 22:50,59,light
11/8/24 22:51,59,light
11/8/24 22:52,60,light
11/8/24 22:53,63,light
11/8/24 22:54,58,light
11/8/24 22:55,59,light
11/8/24 22:56,58,light
11/8/24 22:57,57,light
11/8/24 22:58,61,light
11/8/24 22:59,63,light
11/8/24 23:00,54,light
11/8/24 23:01,60,light
11/8/24 23:02,57,light
11/8/24 23:03,60,light
11/8/24 23:04,59,light
11/8/24 23:05,65,light
11/8/24 23:06,62,light
11/8/24 23:07,57,light
11/8/24 23:08,56,light
11/8/24 23:09,62,light
11/8/24 23:10,59,light
11/8/24 23:11,58,light
11/8/24 23:12,58,light
11/8/24 23:13,65,light
11/8/24 23:14,63,light
11/8/24 23:15,62,light
11/8/24 23:16,62,light
11/8/24 23:17,62,light
11/8/24 23:18,64,light
11/8/24 23:19,59,light
11/8/24 23:20,59,light
11/8/24 23:21,56,light
11/8/24 23:22,58,light
11/8/24 23:23,63,light
11/8/24 23:24,56,light
11/8/24 23:25,58,light
11/8/24 23:26,60,light
11/8/24 23:27,63,light
11/8/24 23:28,60,light
11/8/24 23:29,54,deep
11/8/24 23:30,56,deep
11/8/24 23:31,54,deep
11/8/24 23:32,56,deep
11/8/24 23:33,52,deep
11/8/24 23:34,54,deep
11/8/24 23:35,52,deep
11/8/24 23:36,56,deep
11/8/24 23:37,53,deep
11/8/24 23:38,51,deep
11/8/24 23:39,52,deep
11/8/24 23:40,54,deep
11/8/24 23:41,52,deep
11/8/24 23:42,52,deep
11/8/24 23:43,52,deep
11/8/24 23:44,55,deep
11/8/24 23:45,55,deep
11/8/24 23:46,52,deep
11/8/24 23:47,55,deep
11/8/24 23:48,53,deep
11/8/24 23:49,54,deep
11/8/24 23:50,54,deep
11/8/24 23:51,56,deep
11/8/24 23:52,51,deep
11/8/24 23:53,55,deep
11/8/24 23:54,52,deep
11/8/24 23:55,53,deep
11/8/24 23:56,54,deep
11/8/24 23:57,55,deep
11/8/24 23:58,53,deep
11/8/24 23:59,52,deep
11/9/24 00:00,53,deep
11/9/24 00:01,54,deep
11/9/24 00:02,53,deep
11/9/24 00:03,51,deep
11/9/24 00:04,56,deep
11/9/24 00:05,54,deep
11/9/24 00:06,53,deep
11/9/24 00:07,56,deep
11/9/24 00:08,50,deep
11/9/24 00:09,58,deep
11/9/24 00:10,52,deep
11/9/24 00:11,52,deep
11/9/24 00:12,54,deep
11/9/24 00:13,56,deep
11/9/24 00:14,51,deep
11/9/24 00:15,55,deep
11/9/24 00:16,57,deep
11/9/24 00:17,54,deep
11/9/24 00:18,53,deep
11/9/24 00:19,56,deep
11/9/24 00:20,59,deep
11/9/24 00:21,60,light
11/9/24 00:22,57,light
11/9/24 00:23,53,light
11/9/24 00:24,60,light
11/9/24 00:25,60,light
11/9/24 00:26,64,light
11/9/24 00:27,63,light
11/9/24 00:28,60,light
11/9/24 00:29,59,light
11/9/24 00:30,58,light
11/9/24 00:31,63,light
11/9/24 00:32,62,light
11/9/24 00:33,59,light
11/9/24 00:34,65,light
11/9/24 00:35,60,light
11/9/24 00:36,62,light
11/9/24 00:37,63,light
11/9/24 00:38,63,light
11/9/24 00:39,62,light
11/9/24 00:40,55,light
11/9/24 00:41,61,light
11/9/24 00:42,55,light
11/9/24 00:43,63,light
11/9/24 00:44,58,light
11/9/24 00:45,54,light
11/9/24 00:46,61,light
11/9/24 00:47,61,light
11/9/24 00:48,54,light
11/9/24 00:49,63,light
11/9/24 00:50,65,light
11/9/24 00:51,57,light
11/9/24 00:52,55,light
11/9/24 00:53,58,light
11/9/24 00:54,59,light
11/9/24 00:55,63,light
11/9/24 00:56,60,light
11/9/24 00:57,56,light
11/9/24 00:58,60,light
11/9/24 00:59,67,light
11/9/24 01:00,58,light
11/9/24 01:01,56,light
11/9/24 01:02,59,light
11/9/24 01:03,56,light
11/9/24 01:04,59,light
11/9/24 01:05,62,light
11/9/24 01:06,68,light
11/9/24 01:07,61,light
11/9/24 01:08,59,light
11/9/24 01:09,60,light
11/9/24 01:10,56,light
11/9/24 01:11,62,light
11/9/24 01:12,60,light
11/9/24 01:13,59,light
11/9/24 01:14,62,light
11/9/24 01:15,58,light
11/9/24 01:16,60,light
11/9/24 01:17,59,light
11/9/24 01:18,59,light
11/9/24 01:19,58,light
11/9/24 01:20,61,light
11/9/24 01:21,60,light
11/9/24 01:22,61,light
11/9/24 01:23,65,light
11/9/24 01:24,59,light
11/9/24 01:25,69,light
11/9/24 01:26,63,light
11/9/24 01:27,58,light
11/9/24 01:28,61,light
11/9/24 01:29,61,light
11/9/24 01:30,58,light
11/9/24 01:31,64,light
11/9/24 01:32,58,light
11/9/24 01:33,53,light
11/9/24 01:34,61,light
11/9/24 01:35,65,light
11/9/24 01:36,58,light
11/9/24 01:37,62,light
11/9/24 01:38,62,light
11/9/24 01:39,58,light
11/9/24 01:40,57,light
11/9/24 01:41,57,deep
11/9/24 01:42,53,deep
11/9/24 01:43,56,deep
11/9/24 01:44,55,deep
11/9/24 01:45,52,deep
11/9/24 01:46,56,deep
11/9/24 01:47,57,deep
11/9/24 01:48,52,deep
11/9/24 01:49,58,deep
11/9/24 01:50,55,deep
11/9/24 01:51,52,deep
11/9/24 01:52,54,deep
11/9/24 01:53,54,deep
11/9/24 01:54,53,deep
11/9/24 01:55,53,deep
11/9/24 01:56,56,deep
11/9/24 01:57,55,deep
11/9/24 01:58,54,deep
11/9/24 01:59,54,deep
11/9/24 02:00,57,deep
11/9/24 02:01,58,deep
11/9/24 02:02,51,deep
11/9/24 02:03,57,deep
11/9/24 02:04,53,deep
11/9/24 02:05,53,deep
11/9/24 02:06,57,deep
11/9/24 02:07,57,deep
11/9/24 02:08,54,deep
11/9/24 02:09,55,deep
11/9/24 02:10,56,deep
11/9/24 02:11,56,deep
11/9/24 02:12,55,deep
11/9/24 02:13,54,deep
11/9/24 02:14,55,deep
11/9/24 02:15,54,deep
11/9/24 02:16,56,deep
11/9/24 02:17,54,deep
11/9/24 02:18,55,deep
11/9/24 02:19,54,deep
11/9/24 02:20,57,deep
11/9/24 02:21,53,deep
11/9/24 02:22,55,deep
11/9/24 02:23,57,deep
11/9/24 02:24,55,deep
11/9/24 02:25,53,deep
11/9/24 02:26,53,deep
11/9/24 02:27,54,deep
11/9/24 02:28,52,deep
11/9/24 02:29,55,deep
11/9/24 02:30,55,deep
11/9/24 02:31,56,deep
11/9/24 02:32,50,deep
11/9/24 02:33,54,deep
11/9/24 02:34,52,deep
11/9/24 02:35,55,deep
11/9/24 02:36,55,deep
11/9/24 02:37,52,deep
11/9/24 02:38,54,deep
11/9/24 02:39,55,deep
11/9/24 02:40,57,deep
11/9/24 02:41,57,deep
11/9/24 02:42,57,deep
11/9/24 02:43,54,deep
11/9/24 02:44,57,deep
11/9/24 02:45,57,deep
11/9/24 02:46,55,deep
11/9/24 02:47,55,deep
11/9/24 02:48,56,deep
11/9/24 02:49,56,deep
11/9/24 02:50,53,deep
11/9/24 02:51,52,deep
11/9/24 02:52,55,deep
11/9/24 02:53,56,deep
11/9/24 02:54,52,deep
11/9/24 02:55,52,deep
11/9/24 02:56,53,deep
11/9/24 02:57,54,deep
11/9/24 02:58,53,deep
11/9/24 02:59,53,deep
11/9/24 03:00,56,deep
11/9/24 03:01,55,deep
11/9/24 03:02,55,deep
11/9/24 03:03,57,deep
11/9/24 03:04,52,deep
11/9/24 03:05,57,deep
11/9/24 03:06,56,deep
11/9/24 03:07,53,deep
11/9/24 03:08,53,deep
11/9/24 03:09,58,deep
11/9/24 03:10,53,deep
11/9/24 03:11,59,deep
11/9/24 03:12,54,deep
11/9/24 03:13,54,deep
11/9/24 03:14,56,deep
11/9/24 03:15,55,deep
11/9/24 03:16,51,deep
11/9/24 03:17,55,deep
11/9/24 03:18,50,deep
11/9/24 03:19,53,deep
11/9/24 03:20,54,deep
11/9/24 03:21,53,deep
11/9/24 03:22,55,deep
11/9/24 03:23,55,deep
11/9/24 03:24,54,deep
11/9/24 03:25,53,deep
11/9/24 03:26,53,deep
11/9/24 03:27,54,deep
11/9/24 03:28,59,deep
11/9/24 03:29,53,deep
11/9/24 03:30,53,deep
11/9/24 03:31,54,deep
11/9/24 03:32,50,deep
11/9/24 03:33,52,deep
11/9/24 03:34,54,deep
11/9/24 03:35,57,deep
11/9/24 03:36,54,deep
11/9/24 03:37,56,deep
11/9/24 03:38,53,deep
11/9/24 03:39,51,deep
11/9/24 03:40,60,deep
11/9/24 03:41,58,deep
11/9/24 03:42,54,deep
11/9/24 03:43,55,deep
11/9/24 03:44,51,deep
11/9/24 03:45,57,deep
11/9/24 03:46,54,deep
11/9/24 03:47,57,deep
11/9/24 03:48,53,deep
11/9/24 03:49,55,deep
11/9/24 03:50,55,deep
11/9/24 03:51,55,deep
11/9/24 03:52,55,deep
11/9/24 03:53,55,deep
11/9/24 03:54,56,deep
11/9/24 03:55,52,deep
11/9/24 03:56,51,deep
11/9/24 03:57,57,deep
11/9/24 03:58,55,deep
11/9/24 03:59,56,deep
11/9/24 04:00,53,deep
11/9/24 04:01,55,deep
11/9/24 04:02,57,deep
11/9/24 04:03,52,deep
11/9/24 04:04,55,deep
11/9/24 04:05,53,deep
11/9/24 04:06,55,deep
11/9/24 04:07,57,deep
11/9/24 04:08,53,deep
11/9/24 04:09,52,deep
11/9/24 04:10,51,deep
11/9/24 04:11,56,deep
11/9/24 04:12,56,deep
11/9/24 04:13,56,deep
11/9/24 04:14,52,deep
11/9/24 04:15,52,deep
11/9/24 04:16,54,deep
11/9/24 04:17,53,deep
11/9/24 04:18,57,deep
11/9/24 04:19,51,deep
11/9/24 04:20,53,deep
11/9/24 04:21,55,deep
11/9/24 04:22,55,deep
11/9/24 04:23,52,deep
11/9/24 04:24,56,deep
11/9/24 04:25,53,deep
11/9/24 04:26,55,deep
11/9/24 04:27,56,deep
11/9/24 04:28,56,deep
11/9/24 04:29,56,deep
11/9/24 04:30,52,deep
11/9/24 04:31,54,deep
11/9/24 04:32,53,deep
11/9/24 04:33,51,deep
11/9/24 04:34,54,deep
11/9/24 04:35,52,deep
11/9/24 04:36,55,deep
11/9/24 04:37,56,deep
11/9/24 04:38,56,deep
11/9/24 04:39,52,deep
11/9/24 04:40,52,deep
11/9/24 04:41,53,deep
11/9/24 04:42,56,deep
11/9/24 04:43,57,deep
11/9/24 04:44,57,deep
11/9/24 04:45,52,deep
11/9/24 04:46,55,deep
11/9/24 04:47,52,deep
11/9/24 04:48,54,deep
11/9/24 04:49,58,deep
11/9/24 04:50,51,deep
11/9/24 04:51,55,deep
11/9/24 04:52,53,deep
11/9/24 04:53,60,light
11/9/24 04:54,59,light
11/9/24 04:55,57,light
11/9/24 04:56,63,light
11/9/24 04:57,60,light
11/9/24 04:58,66,light
11/9/24 04:59,61,light
11/9/24 05:00,59,light
11/9/24 05:01,62,light
11/9/24 05:02,59,light
11/9/24 05:03,56,light
11/9/24 05:04,63,light
11/9/24 05:05,54,light
11/9/24 05:06,61,light
11/9/24 05:07,62,light
11/9/24 05:08,58,light
11/9/24 05:09,55,light
11/9/24 05:10,64,light
11/9/24 05:11,60,light
11/9/24 05:12,58,light
11/9/24 05:13,61,light
11/9/24 05:14,55,light
11/9/24 05:15,58,light
11/9/24 05:16,57,light
11/9/24 05:17,57,light
11/9/24 05:18,58,light
11/9/24 05:19,56,light
11/9/24 05:20,55,light
11/9/24 05:21,60,light
11/9/24 05:22,59,light
11/9/24 05:23,57,light
11/9/24 05:24,58,light
11/9/24 05:25,61,light
11/9/24 05:26,62,light
11/9/24 05:27,60,light
11/9/24 05:28,63,light
11/9/24 05:29,60,light
11/9/24 05:30,59,light
11/9/24 05:31,57,light
11/9/24 05:32,60,light
11/9/24 05:33,61,light
11/9/24 05:34,54,light
11/9/24 05:35,59,light
11/9/24 05:36,54,light
11/9/24 05:37,60,light
11/9/24 05:38,57,light
11/9/24 05:39,60,light
11/9/24 05:40,59,light
11/9/24 05:41,66,light
11/9/24 05:42,62,light
11/9/24 05:43,56,light
11/9/24 05:44,58,light
11/9/24 05:45,58,light
11/9/24 05:46,61,light
11/9/24 05:47,62,light
11/9/24 05:48,56,light
11/9/24 05:49,58,light
11/9/24 05:50,58,light
11/9/24 05:51,58,light
11/9/24 05:52,62,light
11/9/24 05:53,57,light
11/9/24 05:54,58,light
11/9/24 05:55,60,light
11/9/24 05:56,61,light
11/9/24 05:57,60,light
11/9/24 05:58,60,light
11/9/24 05:59,61,light
11/9/24 06:00,56,light
11/9/24 06:01,57,light
11/9/24 06:02,54,light
11/9/24 06:03,60,light
11/9/24 06:04,58,light
11/9/24 06:05,58,light
11/9/24 06:06,57,light
11/9/24 06:07,60,light
11/9/24 06:08,63,light
11/9/24 06:09,61,light
11/9/24 06:10,60,light
11/9/24 06:11,58,light
11/9/24 06:12,53,light
11/9/24 06:13,58,light
11/9/24 06:14,55,light
11/9/24 06:15,57,light
11/9/24 06:16,56,light
11/9/24 06:17,55,light
11/9/24 06:18,60,light
11/9/24 06:19,60,light
11/9/24 06:20,62,light
11/9/24 06:21,54,deep
11/9/24 06:22,55,deep
11/9/24 06:23,54,deep
11/9/24 06:24,57,deep
11/9/24 06:25,55,deep
11/9/24 06:26,55,deep
11/9/24 06:27,50,deep
11/9/24 06:28,52,deep
11/9/24 06:29,54,deep
11/9/24 06:30,53,deep
11/9/24 06:31,51,deep
11/9/24 06:32,56,deep
11/9/24 06:33,53,deep
11/9/24 06:34,52,deep
11/9/24 06:35,54,deep
11/9/24 06:36,56,deep
11/9/24 06:37,54,deep
11/9/24 06:38,57,deep
11/9/24 06:39,53,deep
11/9/24 06:40,54,deep
11/9/24 06:41,55,deep
11/9/24 06:42,53,deep
11/9/24 06:43,56,deep
11/9/24 06:44,53,deep
11/9/24 06:45,54,deep
11/9/24 06:46,58,deep
11/9/24 06:47,55,deep
11/9/24 06:48,56,deep
11/9/24 06:49,53,deep
11/9/24 06:50,53,deep
11/9/24 06:51,54,deep
11/9/24 06:52,53,deep
11/9/24 06:53,54,deep
11/9/24 21:30,55,deep
11/9/24 21:31,59,deep
11/9/24 21:32,52,deep
11/9/24 21:33,53,deep
11/9/24 21:34,53,deep
11/9/24 21:35,57,deep
11/9/24 21:36,57,deep
11/9/24 21:37,57,deep
11/9/24 21:38,54,deep
11/9/24 21:39,54,deep
11/9/24 21:40,54,deep
11/9/24 21:41,56,deep
11/9/24 21:42,53,deep
11/9/24 21:43,56,deep
11/9/24 21:44,51,deep
11/9/24 21:45,56,deep
11/9/24 21:46,52,deep
11/9/24 21:47,55,deep
11/9/24 21:48,56,deep
11/9/24 21:49,54,deep
11/9/24 21:50,53,deep
11/9/24 21:51,54,deep
11/9/24 21:52,55,deep
11/9/24 21:53,53,deep
11/9/24 21:54,56,deep
11/9/24 21:55,54,deep
11/9/24 21:56,54,deep
11/9/24 21:57,55,deep
11/9/24 21:58,53,deep
11/9/24 21:59,53,deep
11/9/24 22:00,59,deep
11/9/24 22:01,52,deep
11/9/24 22:02,51,deep
11/9/24 22:03,69,wake
11/9/24 22:04,74,wake
11/9/24 22:05,73,wake
11/9/24 22:06,72,wake
11/9/24 22:07,60,wake
11/9/24 22:08,73,wake
11/9/24 22:09,71,wake
11/9/24 22:10,75,wake
11/9/24 22:11,73,wake
11/9/24 22:12,66,wake
11/9/24 22:13,67,wake
11/9/24 22:14,71,wake
11/9/24 22:15,75,wake
11/9/24 22:16,75,wake
11/9/24 22:17,64,wake
11/9/24 22:18,69,wake
11/9/24 22:19,65,wake
11/9/24 22:20,72,wake
11/9/24 22:21,71,wake
11/9/24 22:22,71,wake
11/9/24 22:23,72,wake
11/9/24 22:24,72,wake
11/9/24 22:25,69,wake
11/9/24 22:26,66,wake
11/9/24 22:27,74,wake
11/9/24 22:28,65,wake
11/9/24 22:29,79,wake
11/9/24 22:30,69,wake
11/9/24 22:31,71,wake
11/9/24 22:32,73,wake
11/9/24 22:33,61,wake
11/9/24 22:34,69,wake
11/9/24 22:35,65,wake
11/9/24 22:36,68,wake
11/9/24 22:37,60,wake
11/9/24 22:38,70,wake
11/9/24 22:39,73,wake
11/9/24 22:40,70,wake
11/9/24 22:41,65,wake
11/9/24 22:42,70,wake
11/9/24 22:43,69,wake
11/9/24 22:44,68,wake
11/9/24 22:45,73,wake
11/9/24 22:46,73,wake
11/9/24 22:47,72,wake
11/9/24 22:48,69,wake
11/9/24 22:49,63,wake
11/9/24 22:50,64,wake
11/9/24 22:51,75,wake
11/9/24 22:52,70,wake
11/9/24 22:53,63,wake
11/9/24 22:54,67,wake
11/9/24 22:55,65,wake
11/9/24 22:56,65,wake
11/9/24 22:57,68,wake
11/9/24 22:58,70,wake
11/9/24 22:59,72,wake
11/9/24 23:00,79,wake
11/9/24 23:01,69,wake
11/9/24 23:02,64,wake
11/9/24 23:03,73,wake
11/9/24 23:04,68,wake
11/9/24 23:05,67,wake
11/9/24 23:06,71,wake
11/9/24 23:07,72,wake
11/9/24 23:08,79,wake
11/9/24 23:09,66,wake
11/9/24 23:10,72,wake
11/9/24 23:11,65,wake
11/9/24 23:12,73,wake
11/9/24 23:13,64,wake
11/9/24 23:14,67,wake
11/9/24 23:15,75,wake
11/9/24 23:16,80,wake
11/9/24 23:17,73,wake
11/9/24 23:18,87,wake
11/9/24 23:19,68,wake
11/9/24 23:20,68,wake
11/9/24 23:21,82,wake
11/9/24 23:22,70,wake
11/9/24 23:23,73,wake
11/9/24 23:24,61,wake
11/9/24 23:25,62,wake
11/9/24 23:26,66,wake
11/9/24 23:27,72,wake
11/9/24 23:28,61,wake
11/9/24 23:29,70,wake
11/9/24 23:30,58,wake
11/9/24 23:31,78,wake
11/9/24 23:32,56,light
11/9/24 23:33,57,light
11/9/24 23:34,58,light
11/9/24 23:35,59,light
11/9/24 23:36,64,light
11/9/24 23:37,62,light
11/9/24 23:38,59,light
11/9/24 23:39,61,light
11/9/24 23:40,57,light
11/9/24 23:41,68,light
11/9/24 23:42,63,light
11/9/24 23:43,57,light
11/9/24 23:44,65,light
11/9/24 23:45,63,light
11/9/24 23:46,56,light
11/9/24 23:47,54,light
11/9/24 23:48,64,light
11/9/24 23:49,63,light
11/9/24 23:50,63,light
11/9/24 23:51,56,light
11/9/24 23:52,55,light
11/9/24 23:53,61,light
11/9/24 23:54,61,light
11/9/24 23:55,62,light
11/9/24 23:56,57,light
11/9/24 23:57,61,light
11/9/24 23:58,56,light
11/9/24 23:59,54,light
11/10/24 00:00,58,light
11/10/24 00:01,55,light
11/10/24 00:02,53,light
11/10/24 00:03,59,light
11/10/24 00:04,63,light
11/10/24 00:05,60,light
11/10/24 00:06,59,light
11/10/24 00:07,59,light
11/10/24 00:08,62,light
11/10/24 00:09,62,light
11/10/24 00:10,57,light
11/10/24 00:11,59,light
11/10/24 00:12,56,light
11/10/24 00:13,57,light
11/10/24 00:14,64,light
11/10/24 00:15,63,light
11/10/24 00:16,56,light
11/10/24 00:17,65,light
11/10/24 00:18,62,light
11/10/24 00:19,57,light
11/10/24 00:20,62,light
11/10/24 00:21,58,light
11/10/24 00:22,57,light
11/10/24 00:23,58,light
11/10/24 00:24,58,light
11/10/24 00:25,63,light
11/10/24 00:26,63,light
11/10/24 00:27,55,light
11/10/24 00:28,60,light
11/10/24 00:29,55,light
11/10/24 00:30,56,light
11/10/24 00:31,62,light
11/10/24 00:32,62,light
11/10/24 00:33,61,light
11/10/24 00:34,61,light
11/10/24 00:35,58,light
11/10/24 00:36,62,light
11/10/24 00:37,63,light
11/10/24 00:38,59,light
11/10/24 00:39,61,light
11/10/24 00:40,57,light
11/10/24 00:41,60,light
11/10/24 00:42,55,light
11/10/24 00:43,61,light
11/10/24 00:44,60,light
11/10/24 00:45,60,light
11/10/24 00:46,55,light
11/10/24 00:47,66,light
11/10/24 00:48,56,light
11/10/24 00:49,61,light
11/10/24 00:50,64,light
11/10/24 00:51,59,light
11/10/24 00:52,61,light
11/10/24 00:53,60,light
11/10/24 00:54,58,light
11/10/24 00:55,58,light
11/10/24 00:56,60,light
11/10/24 00:57,56,light
11/10/24 00:58,60,light
11/10/24 00:59,60,light
11/10/24 01:00,64,light
11/10/24 01:01,58,light
11/10/24 01:02,60,light
11/10/24 01:03,60,light
11/10/24 01:04,55,light
11/10/24 01:05,63,light
11/10/24 01:06,61,light
11/10/24 01:07,56,light
11/10/24 01:08,61,light
11/10/24 01:09,59,light
11/10/24 01:10,62,light
11/10/24 01:11,68,light
11/10/24 01:12,60,light
11/10/24 01:13,63,light
11/10/24 01:14,64,light
11/10/24 01:15,62,light
11/10/24 01:16,61,light
11/10/24 01:17,57,light
11/10/24 01:18,61,light
11/10/24 01:19,59,light
11/10/24 01:20,59,light
11/10/24 01:21,61,light
11/10/24 01:22,61,light
11/10/24 01:23,63,light
11/10/24 01:24,58,light
11/10/24 01:25,59,light
11/10/24 01:26,63,light
11/10/24 01:27,59,light
11/10/24 01:28,59,light
11/10/24 01:29,63,light
11/10/24 01:30,60,light
11/10/24 01:31,67,wake
11/10/24 01:32,68,wake
11/10/24 01:33,64,wake
11/10/24 01:34,64,wake
11/10/24 01:35,64,wake
11/10/24 01:36,74,wake
11/10/24 01:37,75,wake
11/10/24 01:38,74,wake
11/10/24 01:39,65,wake
11/10/24 01:40,69,wake
11/10/24 01:41,75,wake
11/10/24 01:42,70,wake
11/10/24 01:43,65,wake
11/10/24 01:44,77,wake
11/10/24 01:45,70,wake
11/10/24 01:46,72,wake
11/10/24 01:47,62,wake
11/10/24 01:48,72,wake
11/10/24 01:49,67,wake
11/10/24 01:50,72,wake
11/10/24 01:51,71,wake
11/10/24 01:52,68,wake
11/10/24 01:53,59,wake
11/10/24 01:54,68,wake
11/10/24 01:55,62,wake
11/10/24 01:56,76,wake
11/10/24 01:57,73,wake
11/10/24 01:58,77,wake
11/10/24 01:59,71,wake
11/10/24 02:00,73,wake
11/10/24 02:01,70,wake
11/10/24 02:02,72,wake
11/10/24 02:03,71,wake
11/10/24 02:04,74,wake
11/10/24 02:05,68,wake
11/10/24 02:06,70,wake
11/10/24 02:07,69,wake
11/10/24 02:08,73,wake
11/10/24 02:09,66,wake
11/10/24 02:10,69,wake
11/10/24 02:11,74,wake
11/10/24 02:12,74,wake
11/10/24 02:13,71,wake
11/10/24 02:14,72,wake
11/10/24 02:15,65,wake
11/10/24 02:16,68,wake
11/10/24 02:17,64,wake
11/10/24 02:18,66,wake
11/10/24 02:19,74,wake
11/10/24 02:20,80,wake
11/10/24 02:21,66,wake
11/10/24 02:22,74,wake
11/10/24 02:23,64,wake
11/10/24 02:24,73,wake
11/10/24 02:25,65,wake
11/10/24 02:26,71,wake
11/10/24 02:27,71,wake
11/10/24 02:28,68,wake
11/10/24 02:29,69,wake
11/10/24 02:30,64,wake
11/10/24 02:31,73,wake
11/10/24 02:32,68,wake
11/10/24 02:33,70,wake
11/10/24 02:34,72,wake
11/10/24 02:35,68,wake
11/10/24 02:36,72,wake
11/10/24 02:37,76,wake
11/10/24 02:38,64,wake
11/10/24 02:39,75,wake
11/10/24 02:40,50,wake
11/10/24 02:41,74,wake
11/10/24 02:42,71,wake
11/10/24 02:43,68,wake
11/10/24 02:44,62,wake
11/10/24 02:45,74,wake
11/10/24 02:46,68,wake
11/10/24 02:47,70,wake
11/10/24 02:48,71,wake
11/10/24 02:49,69,wake
11/10/24 02:50,63,wake
11/10/24 02:51,71,wake
11/10/24 02:52,61,wake
11/10/24 02:53,70,wake
11/10/24 02:54,54,light
11/10/24 02:55,59,light
11/10/24 02:56,58,light
11/10/24 02:57,62,light
11/10/24 02:58,63,light
11/10/24 02:59,64,light
11/10/24 03:00,61,light
11/10/24 03:01,57,light
11/10/24 03:02,59,light
11/10/24 03:03,54,light
11/10/24 03:04,53,light
11/10/24 03:05,58,light
11/10/24 03:06,68,light
11/10/24 03:07,58,light
11/10/24 03:08,62,light
11/10/24 03:09,57,light
11/10/24 03:10,60,light
11/10/24 03:11,61,light
11/10/24 03:12,59,light
11/10/24 03:13,59,light
11/10/24 03:14,60,light
11/10/24 03:15,60,light
11/10/24 03:16,59,light
11/10/24 03:17,59,light
11/10/24 03:18,65,light
11/10/24 03:19,64,light
11/10/24 03:20,63,light
11/10/24 03:21,53,light
11/10/24 03:22,57,light
11/10/24 03:23,58,light
11/10/24 03:24,59,light
11/10/24 03:25,55,light
11/10/24 03:26,59,light
11/10/24 03:27,66,light
11/10/24 03:28,59,light
11/10/24 03:29,58,light
11/10/24 03:30,58,light
11/10/24 03:31,63,light
11/10/24 03:32,58,light
11/10/24 03:33,56,light
11/10/24 03:34,63,light
11/10/24 03:35,60,light
11/10/24 03:36,60,light
11/10/24 03:37,58,light
11/10/24 03:38,65,light
11/10/24 03:39,54,light
11/10/24 03:40,56,light
11/10/24 03:41,58,light
11/10/24 03:42,58,light
11/10/24 03:43,62,light
11/10/24 03:44,63,light
11/10/24 03:45,62,light
11/10/24 03:46,60,light
11/10/24 03:47,56,light
11/10/24 03:48,60,light
11/10/24 03:49,57,light
11/10/24 03:50,57,light
11/10/24 03:51,62,light
11/10/24 03:52,62,light
11/10/24 03:53,56,light
11/10/24 03:54,61,light
11/10/24 03:55,64,light
11/10/24 03:56,55,light
11/10/24 03:57,58,light
11/10/24 03:58,56,light
11/10/24 03:59,62,light
11/10/24 04:00,58,light
11/10/24 04:01,60,light
11/10/24 04:02,60,light
11/10/24 04:03,57,light
11/10/24 04:04,60,light
11/10/24 04:05,61,light
11/10/24 04:06,56,light
11/10/24 04:07,62,light
11/10/24 04:08,56,light
11/10/24 04:09,60,light
11/10/24 04:10,62,light
11/10/24 04:11,55,light
11/10/24 04:12,64,light
11/10/24 04:13,61,light
11/10/24 04:14,56,light
11/10/24 04:15,60,light
11/10/24 04:16,66,light
11/10/24 04:17,59,light
11/10/24 04:18,60,light
11/10/24 04:19,58,light
11/10/24 04:20,59,light
11/10/24 04:21,57,light
11/10/24 04:22,58,light
11/10/24 04:23,60,light
11/10/24 04:24,52,light
11/10/24 04:25,59,light
11/10/24 04:26,59,light
11/10/24 04:27,64,light
11/10/24 04:28,61,light
11/10/24 04:29,59,light
11/10/24 04:30,60,light
11/10/24 04:31,57,light
11/10/24 04:32,59,light
11/10/24 04:33,60,light
11/10/24 04:34,57,light
11/10/24 04:35,63,light
11/10/24 04:36,62,light
11/10/24 04:37,62,light
11/10/24 04:38,58,light
11/10/24 04:39,54,light
11/10/24 04:40,60,light
11/10/24 04:41,62,light
11/10/24 04:42,62,light
11/10/24 04:43,58,light
11/10/24 04:44,56,light
11/10/24 04:45,50,light
11/10/24 04:46,64,light
11/10/24 04:47,54,light
11/10/24 04:48,61,light
11/10/24 04:49,54,deep
11/10/24 04:50,51,deep
11/10/24 04:51,49,deep
11/10/24 04:52,54,deep
11/10/24 04:53,57,deep
11/10/24 04:54,56,deep
11/10/24 04:55,58,deep
11/10/24 04:56,56,deep
11/10/24 04:57,54,deep
11/10/24 04:58,53,deep
11/10/24 04:59,54,deep
11/10/24 05:00,51,deep
11/10/24 05:01,55,deep
11/10/24 05:02,55,deep
11/10/24 05:03,54,deep
11/10/24 05:04,53,deep
11/10/24 05:05,57,deep
11/10/24 05:06,56,deep
11/10/24 05:07,56,deep
11/10/24 05:08,54,deep
11/10/24 05:09,55,deep
11/10/24 05:10,56,deep
11/10/24 05:11,55,deep
11/10/24 05:12,53,deep
11/10/24 05:13,52,deep
11/10/24 05:14,52,deep
11/10/24 05:15,57,deep
11/10/24 05:16,58,deep
11/10/24 05:17,51,deep
11/10/24 05:18,50,deep
11/10/24 05:19,53,deep
11/10/24 05:20,53,deep
11/10/24 05:21,56,deep
11/10/24 05:22,57,deep
11/10/24 05:23,55,deep
11/10/24 05:24,54,deep
11/10/24 05:25,54,deep
11/10/24 05:26,54,deep
11/10/24 05:27,54,deep
11/10/24 05:28,54,deep
11/10/24 05:29,56,deep
11/10/24 05:30,56,deep
11/10/24 05:31,52,deep
11/10/24 05:32,52,deep
11/10/24 05:33,55,deep
11/10/24 05:34,54,deep
11/10/24 05:35,54,deep
11/10/24 05:36,58,deep
11/10/24 05:37,54,deep
11/10/24 05:38,56,deep
11/10/24 05:39,53,deep
11/10/24 05:40,55,deep
11/10/24 05:41,52,deep
11/10/24 05:42,55,deep
11/10/24 05:43,50,deep
11/10/24 05:44,51,deep
11/10/24 05:45,56,deep
11/10/24 05:46,56,deep
11/10/24 05:47,55,deep
11/10/24 05:48,55,deep
11/10/24 05:49,55,deep
11/10/24 05:50,54,deep
11/10/24 05:51,54,deep
11/10/24 05:52,55,deep
11/10/24 05:53,52,deep
11/10/24 05:54,53,deep
11/10/24 05:55,54,deep
11/10/24 05:56,54,deep
11/10/24 05:57,52,deep
11/10/24 05:58,56,deep
11/10/24 05:59,54,deep
11/10/24 06:00,54,deep
11/10/24 06:01,52,deep
11/10/24 06:02,51,deep
11/10/24 06:03,53,deep
11/10/24 06:04,55,deep
11/10/24 06:05,58,deep
11/10/24 06:06,53,deep
11/10/24 06:07,54,deep
11/10/24 06:08,52,deep
11/10/24 06:09,52,deep
11/10/24 06:10,53,deep
11/10/24 06:11,55,deep
11/10/24 06:12,55,deep
11/10/24 06:13,56,deep
11/10/24 06:14,53,deep
11/10/24 06:15,56,deep
11/10/24 06:16,54,deep
11/10/24 06:17,59,deep
11/10/24 06:18,56,light
11/10/24 06:19,58,light
11/10/24 06:20,55,light
11/10/24 06:21,56,light
11/10/24 06:22,61,light
11/10/24 06:23,53,light
11/10/24 06:24,62,light
11/10/24 06:25,55,light
11/10/24 06:26,54,light
11/10/24 06:27,63,light
11/10/24 06:28,57,light
11/10/24 06:29,57,light
11/10/24 06:30,62,light
11/10/24 06:31,63,light
11/10/24 06:32,60,light
11/10/24 06:33,57,light
11/10/24 06:34,62,light
11/10/24 06:35,61,light
11/10/24 06:36,59,light
11/10/24 06:37,58,light
11/10/24 06:38,57,light
11/10/24 06:39,60,light
11/10/24 06:40,58,light
11/10/24 06:41,60,light
11/10/24 06:42,60,light
11/10/24 06:43,59,light
11/10/24 23:15,59,light
11/10/24 23:16,55,light
11/10/24 23:17,58,light
11/10/24 23:18,57,light
11/10/24 23:19,61,light
11/10/24 23:20,61,light
11/10/24 23:21,63,light
11/10/24 23:22,61,light
11/10/24 23:23,59,light
11/10/24 23:24,60,light
11/10/24 23:25,61,light
11/10/24 23:26,62,light
11/10/24 23:27,58,light
11/10/24 23:28,55,light
11/10/24 23:29,56,light
11/10/24 23:30,58,light
11/10/24 23:31,60,light
11/10/24 23:32,62,light
11/10/24 23:33,57,light
11/10/24 23:34,55,light
11/10/24 23:35,57,light
11/10/24 23:36,56,light
11/10/24 23:37,57,light
11/10/24 23:38,59,light
11/10/24 23:39,57,light
11/10/24 23:40,57,light
11/10/24 23:41,64,light
11/10/24 23:42,58,light
11/10/24 23:43,58,light
11/10/24 23:44,58,light
11/10/24 23:45,63,light
11/10/24 23:46,59,light
11/10/24 23:47,61,light
11/10/24 23:48,62,light
11/10/24 23:49,60,light
11/10/24 23:50,59,light
11/10/24 23:51,58,light
11/10/24 23:52,57,light
11/10/24 23:53,57,light
11/10/24 23:54,60,light
11/10/24 23:55,57,light
11/10/24 23:56,63,light
11/10/24 23:57,62,light
11/10/24 23:58,58,light
11/10/24 23:59,63,light
11/11/24 00:00,58,light
11/11/24 00:01,63,light
11/11/24 00:02,64,light
11/11/24 00:03,65,light
11/11/24 00:04,54,light
11/11/24 00:05,63,light
11/11/24 00:06,54,light
11/11/24 00:07,61,light
11/11/24 00:08,58,light
11/11/24 00:09,58,light
11/11/24 00:10,61,light
11/11/24 00:11,60,light
11/11/24 00:12,61,light
11/11/24 00:13,63,light
11/11/24 00:14,56,light
11/11/24 00:15,56,light
11/11/24 00:16,53,light
11/11/24 00:17,62,light
11/11/24 00:18,56,light
11/11/24 00:19,59,light
11/11/24 00:20,56,light
11/11/24 00:21,58,light
11/11/24 00:22,58,light
11/11/24 00:23,62,light
11/11/24 00:24,57,light
11/11/24 00:25,58,light
11/11/24 00:26,65,light
11/11/24 00:27,61,light
11/11/24 00:28,60,light
11/11/24 00:29,60,light
11/11/24 00:30,56,light
11/11/24 00:31,57,light
11/11/24 00:32,59,light
11/11/24 00:33,61,light
11/11/24 00:34,60,light
11/11/24 00:35,59,light
11/11/24 00:36,59,light
11/11/24 00:37,56,light
11/11/24 00:38,64,light
11/11/24 00:39,58,light
11/11/24 00:40,64,light
11/11/24 00:41,58,light
11/11/24 00:42,61,light
11/11/24 00:43,57,light
11/11/24 00:44,60,light
11/11/24 00:45,56,light
11/11/24 00:46,57,light
11/11/24 00:47,69,REM
11/11/24 00:48,60,REM
11/11/24 00:49,65,REM
11/11/24 00:50,64,REM
11/11/24 00:51,66,REM
11/11/24 00:52,73,REM
11/11/24 00:53,66,REM
11/11/24 00:54,66,REM
11/11/24 00:55,70,REM
11/11/24 00:56,64,REM
11/11/24 00:57,66,REM
11/11/24 00:58,66,REM
11/11/24 00:59,68,REM
11/11/24 01:00,68,REM
11/11/24 01:01,65,REM
11/11/24 01:02,62,REM
11/11/24 01:03,66,REM
11/11/24 01:04,64,REM
11/11/24 01:05,67,REM
11/11/24 01:06,65,REM
11/11/24 01:07,61,REM
11/11/24 01:08,65,REM
11/11/24 01:09,65,REM
11/11/24 01:10,60,REM
11/11/24 01:11,64,REM
11/11/24 01:12,58,REM
11/11/24 01:13,66,REM
11/11/24 01:14,62,REM
11/11/24 01:15,55,REM
11/11/24 01:16,58,REM
11/11/24 01:17,57,REM
11/11/24 01:18,58,REM
11/11/24 01:19,65,REM
11/11/24 01:20,68,REM
11/11/24 01:21,69,REM
11/11/24 01:22,71,REM
11/11/24 01:23,66,REM
11/11/24 01:24,58,REM
11/11/24 01:25,58,REM
11/11/24 01:26,64,REM
11/11/24 01:27,69,REM
11/11/24 01:28,65,REM
11/11/24 01:29,68,REM
11/11/24 01:30,60,REM
11/11/24 01:31,59,REM
11/11/24 01:32,62,REM
11/11/24 01:33,64,REM
11/11/24 01:34,62,REM
11/11/24 01:35,70,REM
11/11/24 01:36,71,REM
11/11/24 01:37,66,REM
11/11/24 01:38,65,REM
11/11/24 01:39,66,REM
11/11/24 01:40,64,REM
11/11/24 01:41,61,REM
11/11/24 01:42,68,REM
11/11/24 01:43,62,REM
11/11/24 01:44,65,REM
11/11/24 01:45,61,REM
11/11/24 01:46,63,REM
11/11/24 01:47,61,REM
11/11/24 01:48,63,REM
11/11/24 01:49,60,REM
11/11/24 01:50,64,REM
11/11/24 01:51,70,REM
11/11/24 01:52,63,REM
11/11/24 01:53,70,REM
11/11/24 01:54,64,REM
11/11/24 01:55,55,REM
11/11/24 01:56,60,REM
11/11/24 01:57,70,REM
11/11/24 01:58,65,REM
11/11/24 01:59,65,REM
11/11/24 02:00,64,REM
11/11/24 02:01,60,REM
11/11/24 02:02,72,REM
11/11/24 02:03,66,REM
11/11/24 02:04,62,REM
11/11/24 02:05,62,REM
11/11/24 02:06,55,REM
11/11/24 02:07,66,REM
11/11/24 02:08,71,REM
11/11/24 02:09,72,REM
11/11/24 02:10,63,REM
11/11/24 02:11,67,REM
11/11/24 02:12,67,REM
11/11/24 02:13,64,REM
11/11/24 02:14,65,REM
11/11/24 02:15,62,REM
11/11/24 02:16,65,REM
11/11/24 02:17,60,REM
11/11/24 02:18,60,REM
11/11/24 02:19,64,REM
11/11/24 02:20,65,REM
11/11/24 02:21,68,REM
11/11/24 02:22,61,REM
11/11/24 02:23,72,REM
11/11/24 02:24,66,REM
11/11/24 02:25,65,REM
11/11/24 02:26,63,REM
11/11/24 02:27,72,REM
11/11/24 02:28,66,REM
11/11/24 02:29,56,REM
11/11/24 02:30,68,REM
11/11/24 02:31,64,REM
11/11/24 02:32,56,REM
11/11/24 02:33,67,REM
11/11/24 02:34,63,REM
11/11/24 02:35,60,REM
11/11/24 02:36,65,REM
11/11/24 02:37,60,REM
11/11/24 02:38,60,REM
11/11/24 02:39,74,wake
11/11/24 02:40,69,wake
11/11/24 02:41,69,wake
11/11/24 02:42,63,wake
11/11/24 02:43,68,wake
11/11/24 02:44,68,wake
11/11/24 02:45,70,wake
11/11/24 02:46,81,wake
11/11/24 02:47,65,wake
11/11/24 02:48,70,wake
11/11/24 02:49,76,wake
11/11/24 02:50,72,wake
11/11/24 02:51,75,wake
11/11/24 02:52,70,wake
11/11/24 02:53,79,wake
11/11/24 02:54,67,wake
11/11/24 02:55,68,wake
11/11/24 02:56,66,wake
11/11/24 02:57,65,wake
11/11/24 02:58,68,wake
11/11/24 02:59,73,wake
11/11/24 03:00,67,wake
11/11/24 03:01,72,wake
11/11/24 03:02,72,wake
11/11/24 03:03,69,wake
11/11/24 03:04,63,wake
11/11/24 03:05,64,wake
11/11/24 03:06,71,wake
11/11/24 03:07,86,wake
11/11/24 03:08,67,wake
11/11/24 03:09,71,wake
11/11/24 03:10,69,wake
11/11/24 03:11,72,wake
11/11/24 03:12,77,wake
11/11/24 03:13,71,wake
11/11/24 03:14,68,wake
11/11/24 03:15,63,wake
11/11/24 03:16,75,wake
11/11/24 03:17,68,wake
11/11/24 03:18,71,wake
11/11/24 03:19,70,wake
11/11/24 03:20,76,wake
11/11/24 03:21,75,wake
11/11/24 03:22,76,wake
11/11/24 03:23,70,wake
11/11/24 03:24,77,wake
11/11/24 03:25,65,wake
11/11/24 03:26,64,wake
11/11/24 03:27,73,wake
11/11/24 03:28,67,wake
11/11/24 03:29,68,wake
11/11/24 03:30,60,wake
11/11/24 03:31,69,wake
11/11/24 03:32,69,wake
11/11/24 03:33,60,wake
11/11/24 03:34,71,wake
11/11/24 03:35,70,wake
11/11/24 03:36,73,wake
11/11/24 03:37,77,wake
11/11/24 03:38,69,wake
11/11/24 03:39,60,wake
11/11/24 03:40,73,wake
11/11/24 03:41,78,wake
11/11/24 03:42,66,wake
11/11/24 03:43,69,wake
11/11/24 03:44,68,wake
11/11/24 03:45,73,wake
11/11/24 03:46,71,wake
11/11/24 03:47,64,wake
11/11/24 03:48,78,wake
11/11/24 03:49,69,wake
11/11/24 03:50,78,wake
11/11/24 03:51,65,wake
11/11/24 03:52,63,wake
11/11/24 03:53,66,wake
11/11/24 03:54,71,wake
11/11/24 03:55,64,wake
11/11/24 03:56,74,wake
11/11/24 03:57,66,wake
11/11/24 03:58,72,wake
11/11/24 03:59,69,wake
11/11/24 04:00,76,wake
11/11/24 04:01,72,wake
11/11/24 04:02,69,wake
11/11/24 04:03,63,wake
11/11/24 04:04,75,wake
11/11/24 04:05,66,wake
11/11/24 04:06,73,wake
11/11/24 04:07,71,wake
11/11/24 04:08,67,wake
11/11/24 04:09,69,wake
11/11/24 04:10,68,wake
11/11/24 04:11,62,wake
11/11/24 04:12,75,wake
11/11/24 04:13,62,wake
11/11/24 04:14,69,wake
11/11/24 04:15,79,wake
11/11/24 04:16,73,wake
11/11/24 04:17,60,wake
11/11/24 04:18,75,wake
11/11/24 04:19,70,wake
11/11/24 04:20,71,wake
11/11/24 04:21,69,wake
11/11/24 04:22,68,wake
11/11/24 04:23,72,wake
11/11/24 04:24,70,wake
11/11/24 04:25,55,deep
11/11/24 04:26,58,deep
11/11/24 04:27,51,deep
11/11/24 04:28,55,deep
11/11/24 04:29,53,deep
11/11/24 04:30,53,deep
11/11/24 04:31,55,deep
11/11/24 04:32,53,deep
11/11/24 04:33,55,deep
11/11/24 04:34,53,deep
11/11/24 04:35,55,deep
11/11/24 04:36,54,deep
11/11/24 04:37,54,deep
11/11/24 04:38,53,deep
11/11/24 04:39,56,deep
11/11/24 04:40,55,deep
11/11/24 04:41,55,deep
11/11/24 04:42,53,deep
11/11/24 04:43,53,deep
11/11/24 04:44,55,deep
11/11/24 04:45,53,deep
11/11/24 04:46,57,deep
11/11/24 04:47,53,deep
11/11/24 04:48,54,deep
11/11/24 04:49,52,deep
11/11/24 04:50,58,deep
11/11/24 04:51,53,deep
11/11/24 04:52,53,deep
11/11/24 04:53,54,deep
11/11/24 04:54,57,deep
11/11/24 04:55,55,deep
11/11/24 04:56,54,deep
11/11/24 04:57,56,deep
11/11/24 04:58,55,deep
11/11/24 04:59,55,deep
11/11/24 05:00,55,deep
11/11/24 05:01,56,deep
11/11/24 05:02,53,deep
11/11/24 05:03,53,deep
11/11/24 05:04,55,deep
11/11/24 05:05,52,deep
11/11/24 05:06,54,deep
11/11/24 05:07,57,deep
11/11/24 05:08,53,deep
11/11/24 05:09,56,deep
11/11/24 05:10,55,deep
11/11/24 05:11,56,deep
11/11/24 05:12,56,deep
11/11/24 05:13,51,deep
11/11/24 05:14,52,deep
11/11/24 05:15,56,deep
11/11/24 05:16,52,deep
11/11/24 05:17,54,deep
11/11/24 05:18,53,deep
11/11/24 05:19,55,deep
11/11/24 05:20,56,deep
11/11/24 05:21,56,deep
11/11/24 05:22,55,deep
11/11/24 05:23,54,deep
11/11/24 05:24,53,deep
11/11/24 05:25,55,deep
11/11/24 05:26,55,deep
11/11/24 05:27,52,deep
11/11/24 05:28,55,deep
11/11/24 05:29,54,deep
11/11/24 05:30,53,deep
11/11/24 05:31,53,deep
11/11/24 05:32,55,deep
11/11/24 05:33,56,deep
11/11/24 05:34,55,deep
11/11/24 05:35,55,deep
11/11/24 05:36,55,deep
11/11/24 05:37,52,deep
11/11/24 05:38,57,deep
11/11/24 05:39,55,deep
11/11/24 05:40,53,deep
11/11/24 05:41,49,deep
11/11/24 05:42,53,deep
11/11/24 05:43,56,deep
11/11/24 05:44,55,deep
11/11/24 05:45,56,deep
11/11/24 05:46,51,deep
11/11/24 05:47,56,deep
11/11/24 05:48,53,deep
11/11/24 05:49,59,deep
11/11/24 05:50,59,deep
11/11/24 05:51,55,deep
11/11/24 05:52,57,deep
11/11/24 05:53,57,deep
11/11/24 05:54,54,deep
11/11/24 05:55,55,deep
11/11/24 05:56,55,deep
11/11/24 05:57,56,deep
11/11/24 05:58,54,deep
11/11/24 05:59,56,deep
11/11/24 06:00,57,deep
11/11/24 06:01,54,deep
11/11/24 06:02,51,deep
11/11/24 06:03,57,deep
11/11/24 06:04,53,deep
11/11/24 06:05,54,deep
11/11/24 06:06,55,deep
11/11/24 06:07,50,deep
11/11/24 06:08,58,deep
11/11/24 06:09,57,deep
11/11/24 06:10,54,deep
11/11/24 06:11,55,deep
11/11/24 06:12,52,deep
11/11/24 06:13,55,deep
11/11/24 06:14,53,deep
11/11/24 06:15,61,REM
11/11/24 06:16,61,REM
11/11/24 06:17,61,REM
11/11/24 06:18,63,REM
11/11/24 06:19,68,REM
11/11/24 06:20,65,REM
11/11/24 06:21,64,REM
11/11/24 06:22,67,REM
11/11/24 06:23,57,REM
11/11/24 06:24,60,REM
11/11/24 06:25,62,REM
11/11/24 06:26,68,REM
11/11/24 06:27,66,REM
11/11/24 06:28,66,REM
11/11/24 06:29,68,REM
11/11/24 06:30,61,REM
11/11/24 06:31,59,REM
11/11/24 06:32,65,REM
11/11/24 06:33,58,REM
11/11/24 22:45,67,wake
11/11/24 22:46,71,wake
11/11/24 22:47,68,wake
11/11/24 22:48,67,wake
11/11/24 22:49,75,wake
11/11/24 22:50,68,wake
11/11/24 22:51,74,wake
11/11/24 22:52,69,wake
11/11/24 22:53,74,wake
11/11/24 22:54,65,wake
11/11/24 22:55,75,wake
11/11/24 22:56,67,wake
11/11/24 22:57,63,wake
11/11/24 22:58,69,wake
11/11/24 22:59,75,wake
11/11/24 23:00,65,wake
11/11/24 23:01,66,wake
11/11/24 23:02,68,wake
11/11/24 23:03,76,wake
11/11/24 23:04,67,wake
11/11/24 23:05,70,wake
11/11/24 23:06,67,wake
11/11/24 23:07,71,wake
11/11/24 23:08,65,wake
11/11/24 23:09,72,wake
11/11/24 23:10,77,wake
11/11/24 23:11,62,wake
11/11/24 23:12,69,wake
11/11/24 23:13,68,wake
11/11/24 23:14,72,wake
11/11/24 23:15,66,wake
11/11/24 23:16,73,wake
11/11/24 23:17,63,wake
11/11/24 23:18,71,wake
11/11/24 23:19,76,wake
11/11/24 23:20,62,wake
11/11/24 23:21,68,wake
11/11/24 23:22,73,wake
11/11/24 23:23,71,wake
11/11/24 23:24,73,wake
11/11/24 23:25,71,wake
11/11/24 23:26,67,wake
11/11/24 23:27,69,wake
11/11/24 23:28,69,wake
11/11/24 23:29,67,wake
11/11/24 23:30,76,wake
11/11/24 23:31,75,wake
11/11/24 23:32,70,wake
11/11/24 23:33,79,wake
11/11/24 23:34,64,wake
11/11/24 23:35,61,wake
11/11/24 23:36,66,wake
11/11/24 23:37,65,wake
11/11/24 23:38,68,wake
11/11/24 23:39,64,wake
11/11/24 23:40,67,wake
11/11/24 23:41,70,wake
11/11/24 23:42,72,wake
11/11/24 23:43,72,wake
11/11/24 23:44,67,wake
11/11/24 23:45,74,wake
11/11/24 23:46,69,wake
11/11/24 23:47,69,wake
11/11/24 23:48,72,wake
11/11/24 23:49,68,wake
11/11/24 23:50,79,wake
11/11/24 23:51,69,wake
11/11/24 23:52,63,wake
11/11/24 23:53,69,wake
11/11/24 23:54,64,wake
11/11/24 23:55,54,wake
11/11/24 23:56,67,wake
11/11/24 23:57,63,wake
11/11/24 23:58,63,wake
11/11/24 23:59,74,wake
11/12/24 00:00,67,wake
11/12/24 00:01,72,wake
11/12/24 00:02,76,wake
11/12/24 00:03,63,wake
11/12/24 00:04,67,wake
11/12/24 00:05,74,wake
11/12/24 00:06,76,wake
11/12/24 00:07,69,wake
11/12/24 00:08,70,wake
11/12/24 00:09,72,wake
11/12/24 00:10,82,wake
11/12/24 00:11,73,wake
11/12/24 00:12,62,wake
11/12/24 00:13,75,wake
11/12/24 00:14,65,wake
11/12/24 00:15,76,wake
11/12/24 00:16,66,wake
11/12/24 00:17,71,wake
11/12/24 00:18,64,wake
11/12/24 00:19,70,wake
11/12/24 00:20,72,wake
11/12/24 00:21,68,wake
11/12/24 00:22,67,wake
11/12/24 00:23,68,wake
11/12/24 00:24,75,wake
11/12/24 00:25,71,wake
11/12/24 00:26,52,deep
11/12/24 00:27,59,deep
11/12/24 00:28,53,deep
11/12/24 00:29,52,deep
11/12/24 00:30,56,deep
11/12/24 00:31,52,deep
11/12/24 00:32,56,deep
11/12/24 00:33,51,deep
11/12/24 00:34,55,deep
11/12/24 00:35,55,deep
11/12/24 00:36,53,deep
11/12/24 00:37,55,deep
11/12/24 00:38,54,deep
11/12/24 00:39,56,deep
11/12/24 00:40,53,deep
11/12/24 00:41,53,deep
11/12/24 00:42,56,deep
11/12/24 00:43,54,deep
11/12/24 00:44,54,deep
11/12/24 00:45,58,deep
11/12/24 00:46,55,deep
11/12/24 00:47,57,deep
11/12/24 00:48,50,deep
11/12/24 00:49,58,deep
11/12/24 00:50,58,deep
11/12/24 00:51,51,deep
11/12/24 00:52,56,deep
11/12/24 00:53,54,deep
11/12/24 00:54,55,deep
11/12/24 00:55,54,deep
11/12/24 00:56,54,deep
11/12/24 00:57,52,deep
11/12/24 00:58,55,deep
11/12/24 00:59,56,deep
11/12/24 01:00,56,deep
11/12/24 01:01,55,deep
11/12/24 01:02,56,deep
11/12/24 01:03,58,deep
11/12/24 01:04,54,deep
11/12/24 01:05,51,deep
11/12/24 01:06,52,deep
11/12/24 01:07,55,deep
11/12/24 01:08,55,deep
11/12/24 01:09,55,deep
11/12/24 01:10,55,deep
11/12/24 01:11,52,deep
11/12/24 01:12,53,deep
11/12/24 01:13,54,deep
11/12/24 01:14,52,deep
11/12/24 01:15,54,deep
11/12/24 01:16,55,deep
11/12/24 01:17,54,deep
11/12/24 01:18,51,deep
11/12/24 01:19,54,deep
11/12/24 01:20,54,deep
11/12/24 01:21,57,deep
11/12/24 01:22,54,deep
11/12/24 01:23,57,deep
11/12/24 01:24,55,deep
11/12/24 01:25,54,deep
11/12/24 01:26,50,deep
11/12/24 01:27,53,deep
11/12/24 01:28,55,deep
11/12/24 01:29,54,deep
11/12/24 01:30,57,deep
11/12/24 01:31,59,deep
11/12/24 01:32,51,deep
11/12/24 01:33,53,deep
11/12/24 01:34,51,deep
11/12/24 01:35,59,deep
11/12/24 01:36,53,deep
11/12/24 01:37,55,deep
11/12/24 01:38,51,deep
11/12/24 01:39,56,deep
11/12/24 01:40,53,deep
11/12/24 01:41,57,deep
11/12/24 01:42,55,deep
11/12/24 01:43,68,REM
11/12/24 01:44,64,REM
11/12/24 01:45,59,REM
11/12/24 01:46,65,REM
11/12/24 01:47,66,REM
11/12/24 01:48,61,REM
11/12/24 01:49,64,REM
11/12/24 01:50,67,REM
11/12/24 01:51,64,REM
11/12/24 01:52,74,REM
11/12/24 01:53,67,REM
11/12/24 01:54,61,REM
11/12/24 01:55,67,REM
11/12/24 01:56,65,REM
11/12/24 01:57,67,REM
11/12/24 01:58,64,REM
11/12/24 01:59,63,REM
11/12/24 02:00,65,REM
11/12/24 02:01,62,REM
11/12/24 02:02,74,REM
11/12/24 02:03,61,REM
11/12/24 02:04,61,REM
11/12/24 02:05,67,REM
11/12/24 02:06,63,REM
11/12/24 02:07,72,REM
11/12/24 02:08,66,REM
11/12/24 02:09,67,REM
11/12/24 02:10,63,REM
11/12/24 02:11,64,REM
11/12/24 02:12,68,REM
11/12/24 02:13,70,REM
11/12/24 02:14,66,REM
11/12/24 02:15,77,REM
11/12/24 02:16,73,REM
11/12/24 02:17,70,REM
11/12/24 02:18,69,REM
11/12/24 02:19,56,REM
11/12/24 02:20,67,REM
11/12/24 02:21,67,REM
11/12/24 02:22,61,REM
11/12/24 02:23,63,REM
11/12/24 02:24,65,REM
11/12/24 02:25,54,REM
11/12/24 02:26,59,REM
11/12/24 02:27,64,REM
11/12/24 02:28,62,REM
11/12/24 02:29,66,REM
11/12/24 02:30,70,REM
11/12/24 02:31,63,REM
11/12/24 02:32,73,REM
11/12/24 02:33,65,REM
11/12/24 02:34,66,REM
11/12/24 02:35,65,REM
11/12/24 02:36,66,REM
11/12/24 02:37,68,REM
11/12/24 02:38,71,REM
11/12/24 02:39,61,REM
11/12/24 02:40,67,REM
11/12/24 02:41,64,REM
11/12/24 02:42,65,REM
11/12/24 02:43,66,REM
11/12/24 02:44,60,REM
11/12/24 02:45,56,REM
11/12/24 02:46,66,REM
11/12/24 02:47,61,REM
11/12/24 02:48,67,REM
11/12/24 02:49,60,REM
11/12/24 02:50,56,REM
11/12/24 02:51,63,REM
11/12/24 02:52,69,REM
11/12/24 02:53,61,REM
11/12/24 02:54,63,REM
11/12/24 02:55,73,REM
11/12/24 02:56,64,REM
11/12/24 02:57,66,REM
11/12/24 02:58,66,REM
11/12/24 02:59,69,REM
11/12/24 03:00,65,REM
11/12/24 03:01,60,REM
11/12/24 03:02,63,REM
11/12/24 03:03,61,REM
11/12/24 03:04,64,REM
11/12/24 03:05,65,REM
11/12/24 03:06,63,REM
11/12/24 03:07,65,REM
11/12/24 03:08,64,REM
11/12/24 03:09,63,REM
11/12/24 03:10,61,REM
11/12/24 03:11,62,REM
11/12/24 03:12,72,REM
11/12/24 03:13,65,REM
11/12/24 03:14,65,REM
11/12/24 03:15,56,REM
11/12/24 03:16,64,REM
11/12/24 03:17,61,REM
11/12/24 03:18,60,REM
11/12/24 03:19,56,REM
11/12/24 03:20,67,REM
11/12/24 03:21,65,REM
11/12/24 03:22,60,REM
11/12/24 03:23,66,REM
11/12/24 03:24,74,REM
11/12/24 03:25,67,REM
11/12/24 03:26,66,REM
11/12/24 03:27,65,REM
11/12/24 03:28,67,REM
11/12/24 03:29,68,REM
11/12/24 03:30,66,REM
11/12/24 03:31,65,REM
11/12/24 03:32,67,REM
11/12/24 03:33,62,REM
11/12/24 03:34,60,REM
11/12/24 03:35,65,REM
11/12/24 03:36,59,REM
11/12/24 03:37,64,REM
11/12/24 03:38,68,REM
11/12/24 03:39,66,REM
11/12/24 03:40,61,REM
11/12/24 03:41,74,REM
11/12/24 03:42,68,REM
11/12/24 03:43,66,REM
11/12/24 03:44,55,REM
11/12/24 03:45,62,REM
11/12/24 03:46,63,REM
11/12/24 03:47,60,REM
11/12/24 03:48,69,REM
11/12/24 03:49,63,REM
11/12/24 03:50,63,REM
11/12/24 03:51,53,deep
11/12/24 03:52,56,deep
11/12/24 03:53,58,deep
11/12/24 03:54,54,deep
11/12/24 03:55,57,deep
11/12/24 03:56,55,deep
11/12/24 03:57,56,deep
11/12/24 03:58,54,deep
11/12/24 03:59,54,deep
11/12/24 04:00,54,deep
11/12/24 04:01,52,deep
11/12/24 04:02,56,deep
11/12/24 04:03,55,deep
11/12/24 04:04,54,deep
11/12/24 04:05,52,deep
11/12/24 04:06,55,deep
11/12/24 04:07,52,deep
11/12/24 04:08,53,deep
11/12/24 04:09,53,deep
11/12/24 04:10,56,deep
11/12/24 04:11,55,deep
11/12/24 04:12,58,deep
11/12/24 04:13,54,deep
11/12/24 04:14,54,deep
11/12/24 04:15,59,deep
11/12/24 04:16,56,deep
11/12/24 04:17,52,deep
11/12/24 04:18,55,deep
11/12/24 04:19,52,deep
11/12/24 04:20,54,deep
11/12/24 04:21,54,deep
11/12/24 04:22,55,deep
11/12/24 04:23,55,deep
11/12/24 04:24,54,deep
11/12/24 04:25,55,deep
11/12/24 04:26,53,deep
11/12/24 04:27,53,deep
11/12/24 04:28,53,deep
11/12/24 04:29,54,deep
11/12/24 04:30,56,deep
11/12/24 04:31,54,deep
11/12/24 04:32,56,deep
11/12/24 04:33,54,deep
11/12/24 04:34,57,deep
11/12/24 04:35,56,deep
11/12/24 04:36,53,deep
11/12/24 04:37,57,deep
11/12/24 04:38,55,deep
11/12/24 04:39,55,deep
11/12/24 04:40,52,deep
11/12/24 04:41,56,deep
11/12/24 04:42,56,deep
11/12/24 04:43,55,deep
11/12/24 04:44,52,deep
11/12/24 04:45,56,deep
11/12/24 04:46,54,deep
11/12/24 04:47,52,deep
11/12/24 04:48,56,deep
11/12/24 04:49,57,deep
11/12/24 04:50,56,deep
11/12/24 04:51,53,deep
11/12/24 04:52,54,deep
11/12/24 04:53,55,deep
11/12/24 04:54,52,deep
11/12/24 04:55,57,deep
11/12/24 04:56,55,deep
11/12/24 04:57,52,deep
11/12/24 04:58,56,deep
11/12/24 04:59,56,deep
11/12/24 05:00,54,deep
11/12/24 05:01,53,deep
11/12/24 05:02,57,deep
11/12/24 05:03,55,deep
11/12/24 05:04,55,deep
11/12/24 05:05,52,deep
11/12/24 05:06,57,deep
11/12/24 05:07,53,deep
11/12/24 05:08,55,deep
11/12/24 05:09,55,deep
11/12/24 05:10,54,deep
11/12/24 05:11,54,deep
11/12/24 05:12,57,deep
11/12/24 05:13,54,deep
11/12/24 05:14,55,deep
11/12/24 05:15,54,deep
11/12/24 05:16,56,deep
11/12/24 05:17,55,deep
11/12/24 05:18,58,deep
11/12/24 05:19,55,deep
11/12/24 05:20,57,deep
11/12/24 05:21,52,deep
11/12/24 05:22,56,deep
11/12/24 05:23,54,deep
11/12/24 05:24,53,deep
11/12/24 05:25,54,deep
11/12/24 05:26,54,deep
11/12/24 05:27,57,deep
11/12/24 05:28,58,deep
11/12/24 05:29,52,deep
11/12/24 05:30,53,deep
11/12/24 05:31,54,deep
11/12/24 05:32,55,deep
11/12/24 05:33,55,deep
11/12/24 05:34,55,deep
11/12/24 05:35,55,deep
11/12/24 05:36,52,deep
11/12/24 05:37,55,deep
11/12/24 05:38,57,deep
11/12/24 05:39,53,deep
11/12/24 05:40,55,deep
11/12/24 05:41,55,deep
11/12/24 05:42,53,deep
11/12/24 05:43,54,deep
11/12/24 05:44,56,deep
11/12/24 05:45,56,deep
11/12/24 05:46,52,deep
11/12/24 05:47,57,deep
11/12/24 05:48,50,deep
11/12/24 05:49,56,deep
11/12/24 05:50,53,deep
11/12/24 05:51,68,REM
11/12/24 05:52,65,REM
11/12/24 05:53,62,REM
11/12/24 05:54,65,REM
11/12/24 05:55,59,REM
11/12/24 05:56,65,REM
11/12/24 05:57,61,REM
11/12/24 05:58,65,REM
11/12/24 05:59,69,REM
11/12/24 06:00,64,REM
11/12/24 06:01,69,REM
11/12/24 06:02,63,REM
11/12/24 06:03,59,REM
11/12/24 06:04,66,REM
11/12/24 06:05,64,REM
11/12/24 06:06,68,REM
11/12/24 06:07,60,REM
11/12/24 06:08,66,REM
11/12/24 06:09,57,REM
11/12/24 23:30,59,REM
11/12/24 23:31,68,REM
11/12/24 23:32,63,REM
11/12/24 23:33,64,REM
11/12/24 23:34,67,REM
11/12/24 23:35,68,REM
11/12/24 23:36,66,REM
11/12/24 23:37,59,REM
11/12/24 23:38,64,REM
11/12/24 23:39,62,REM
11/12/24 23:40,67,REM
11/12/24 23:41,62,REM
11/12/24 23:42,61,REM
11/12/24 23:43,64,REM
11/12/24 23:44,60,REM
11/12/24 23:45,64,REM
11/12/24 23:46,58,REM
11/12/24 23:47,66,REM
11/12/24 23:48,63,REM
11/12/24 23:49,63,REM
11/12/24 23:50,73,REM
11/12/24 23:51,68,REM
11/12/24 23:52,64,REM
11/12/24 23:53,69,REM
11/12/24 23:54,63,REM
11/12/24 23:55,64,REM
11/12/24 23:56,64,REM
11/12/24 23:57,76,REM
11/12/24 23:58,69,REM
11/12/24 23:59,58,REM
11/13/24 00:00,63,REM
11/13/24 00:01,63,REM
11/13/24 00:02,66,REM
11/13/24 00:03,60,REM
11/13/24 00:04,66,REM
11/13/24 00:05,59,light
11/13/24 00:06,62,light
11/13/24 00:07,56,light
11/13/24 00:08,58,light
11/13/24 00:09,61,light
11/13/24 00:10,56,light
11/13/24 00:11,63,light
11/13/24 00:12,59,light
11/13/24 00:13,59,light
11/13/24 00:14,60,light
11/13/24 00:15,64,light
11/13/24 00:16,58,light
11/13/24 00:17,59,light
11/13/24 00:18,58,light
11/13/24 00:19,62,light
11/13/24 00:20,62,light
11/13/24 00:21,56,light
11/13/24 00:22,56,light
11/13/24 00:23,61,light
11/13/24 00:24,60,light
11/13/24 00:25,58,light
11/13/24 00:26,61,light
11/13/24 00:27,59,light
11/13/24 00:28,56,light
11/13/24 00:29,62,light
11/13/24 00:30,59,light
11/13/24 00:31,54,light
11/13/24 00:32,52,light
11/13/24 00:33,61,light
11/13/24 00:34,59,light
11/13/24 00:35,61,light
11/13/24 00:36,58,light
11/13/24 00:37,56,light
11/13/24 00:38,60,light
11/13/24 00:39,59,light
11/13/24 00:40,60,light
11/13/24 00:41,60,light
11/13/24 00:42,59,light
11/13/24 00:43,57,light
11/13/24 00:44,61,light
11/13/24 00:45,57,light
11/13/24 00:46,56,light
11/13/24 00:47,56,light
11/13/24 00:48,60,light
11/13/24 00:49,56,light
11/13/24 00:50,59,light
11/13/24 00:51,56,light
11/13/24 00:52,61,light
11/13/24 00:53,59,light
11/13/24 00:54,58,light
11/13/24 00:55,65,light
11/13/24 00:56,55,light
11/13/24 00:57,63,light
11/13/24 00:58,60,light
11/13/24 00:59,64,light
11/13/24 01:00,60,light
11/13/24 01:01,59,light
11/13/24 01:02,58,light
11/13/24 01:03,59,light
11/13/24 01:04,54,light
11/13/24 01:05,56,light
11/13/24 01:06,63,light
11/13/24 01:07,61,light
11/13/24 01:08,61,light
11/13/24 01:09,61,light
11/13/24 01:10,60,light
11/13/24 01:11,57,light
11/13/24 01:12,54,light
11/13/24 01:13,61,light
11/13/24 01:14,58,light
11/13/24 01:15,62,light
11/13/24 01:16,54,light
11/13/24 01:17,59,light
11/13/24 01:18,56,light
11/13/24 01:19,58,light
11/13/24 01:20,63,light
11/13/24 01:21,58,light
11/13/24 01:22,57,light
11/13/24 01:23,63,light
11/13/24 01:24,62,light
11/13/24 01:25,59,light
11/13/24 01:26,64,light
11/13/24 01:27,60,light
11/13/24 01:28,57,light
11/13/24 01:29,61,light
11/13/24 01:30,59,light
11/13/24 01:31,59,light
11/13/24 01:32,55,light
11/13/24 01:33,61,light
11/13/24 01:34,60,light
11/13/24 01:35,57,light
11/13/24 01:36,58,light
11/13/24 01:37,60,light
11/13/24 01:38,63,light
11/13/24 01:39,64,light
11/13/24 01:40,61,light
11/13/24 01:41,57,light
11/13/24 01:42,56,light
11/13/24 01:43,57,light
11/13/24 01:44,64,light
11/13/24 01:45,61,light
11/13/24 01:46,52,light
11/13/24 01:47,55,light
11/13/24 01:48,59,light
11/13/24 01:49,56,light
11/13/24 01:50,60,light
11/13/24 01:51,62,light
11/13/24 01:52,58,light
11/13/24 01:53,60,light
11/13/24 01:54,62,light
11/13/24 01:55,62,light
11/13/24 01:56,57,light
11/13/24 01:57,56,light
11/13/24 01:58,62,light
11/13/24 01:59,55,light
11/13/24 02:00,56,light
11/13/24 02:01,65,light
11/13/24 02:02,57,light
11/13/24 02:03,67,light
11/13/24 02:04,58,light
11/13/24 02:05,55,light
11/13/24 02:06,59,light
11/13/24 02:07,56,light
11/13/24 02:08,62,light
11/13/24 02:09,58,light
11/13/24 02:10,53,light
11/13/24 02:11,58,light
11/13/24 02:12,63,light
11/13/24 02:13,64,light
11/13/24 02:14,60,light
11/13/24 02:15,59,light
11/13/24 02:16,64,light
11/13/24 02:17,61,light
11/13/24 02:18,56,light
11/13/24 02:19,65,light
11/13/24 02:20,62,light
11/13/24 02:21,59,light
11/13/24 02:22,59,light
11/13/24 02:23,61,light
11/13/24 02:24,60,light
11/13/24 02:25,55,light
11/13/24 02:26,57,light
11/13/24 02:27,57,light
11/13/24 02:28,57,light
11/13/24 02:29,60,light
11/13/24 02:30,63,light
11/13/24 02:31,62,light
11/13/24 02:32,57,light
11/13/24 02:33,55,light
11/13/24 02:34,57,light
11/13/24 02:35,62,light
11/13/24 02:36,60,light
11/13/24 02:37,61,light
11/13/24 02:38,61,light
11/13/24 02:39,58,light
11/13/24 02:40,62,light
11/13/24 02:41,58,light
11/13/24 02:42,64,light
11/13/24 02:43,63,light
11/13/24 02:44,58,light
11/13/24 02:45,61,light
11/13/24 02:46,60,light
11/13/24 02:47,61,light
11/13/24 02:48,58,light
11/13/24 02:49,55,light
11/13/24 02:50,58,light
11/13/24 02:51,58,light
11/13/24 02:52,58,light
11/13/24 02:53,61,light
11/13/24 02:54,63,light
11/13/24 02:55,61,light
11/13/24 02:56,57,light
11/13/24 02:57,55,light
11/13/24 02:58,60,light
11/13/24 02:59,62,light
11/13/24 03:00,56,light
11/13/24 03:01,59,light
11/13/24 03:02,62,light
11/13/24 03:03,59,light
11/13/24 03:04,61,light
11/13/24 03:05,60,light
11/13/24 03:06,57,light
11/13/24 03:07,59,light
11/13/24 03:08,60,light
11/13/24 03:09,63,light
11/13/24 03:10,58,light
11/13/24 03:11,62,light
11/13/24 03:12,61,light
11/13/24 03:13,59,light
11/13/24 03:14,65,light
11/13/24 03:15,57,light
11/13/24 03:16,58,light
11/13/24 03:17,57,light
11/13/24 03:18,65,light
11/13/24 03:19,59,light
11/13/24 03:20,60,light
11/13/24 03:21,56,light
11/13/24 03:22,58,light
11/13/24 03:23,58,light
11/13/24 03:24,58,light
11/13/24 03:25,56,light
11/13/24 03:26,56,light
11/13/24 03:27,59,light
11/13/24 03:28,62,light
11/13/24 03:29,63,light
11/13/24 03:30,63,light
11/13/24 03:31,60,light
11/13/24 03:32,60,light
11/13/24 03:33,57,light
11/13/24 03:34,60,light
11/13/24 03:35,58,light
11/13/24 03:36,58,light
11/13/24 03:37,59,light
11/13/24 03:38,55,light
11/13/24 03:39,59,light
11/13/24 03:40,55,light
11/13/24 03:41,59,light
11/13/24 03:42,59,light
11/13/24 03:43,59,light
11/13/24 03:44,62,light
11/13/24 03:45,58,light
11/13/24 03:46,56,light
11/13/24 03:47,59,light
11/13/24 03:48,54,light
11/13/24 03:49,58,light
11/13/24 03:50,59,light
11/13/24 03:51,64,light
11/13/24 03:52,59,light
11/13/24 03:53,63,light
11/13/24 03:54,58,light
11/13/24 03:55,61,light
11/13/24 03:56,62,light
11/13/24 03:57,57,light
11/13/24 03:58,59,light
11/13/24 03:59,58,light
11/13/24 04:00,54,light
11/13/24 04:01,59,light
11/13/24 04:02,55,light
11/13/24 04:03,65,light
11/13/24 04:04,57,light
11/13/24 04:05,61,light
11/13/24 04:06,61,light
11/13/24 04:07,58,light
11/13/24 04:08,67,light
11/13/24 04:09,60,light
11/13/24 04:10,61,light
11/13/24 04:11,60,light
11/13/24 04:12,60,light
11/13/24 04:13,62,light
11/13/24 04:14,58,light
11/13/24 04:15,62,light
11/13/24 04:16,61,light
11/13/24 04:17,56,light
11/13/24 04:18,63,light
11/13/24 04:19,52,light
11/13/24 04:20,63,light
11/13/24 04:21,55,light
11/13/24 04:22,65,light
11/13/24 04:23,64,light
11/13/24 04:24,61,light
11/13/24 04:25,57,light
11/13/24 04:26,57,light
11/13/24 04:27,62,light
11/13/24 04:28,60,light
11/13/24 04:29,61,light
11/13/24 04:30,57,light
11/13/24 04:31,59,light
11/13/24 04:32,61,light
11/13/24 04:33,59,light
11/13/24 04:34,51,deep
11/13/24 04:35,53,deep
11/13/24 04:36,53,deep
11/13/24 04:37,51,deep
11/13/24 04:38,52,deep
11/13/24 04:39,54,deep
11/13/24 04:40,52,deep
11/13/24 04:41,49,deep
11/13/24 04:42,52,deep
11/13/24 04:43,59,deep
11/13/24 04:44,56,deep
11/13/24 04:45,50,deep
11/13/24 04:46,55,deep
11/13/24 04:47,56,deep
11/13/24 04:48,52,deep
11/13/24 04:49,57,deep
11/13/24 04:50,58,deep
11/13/24 04:51,56,deep
11/13/24 04:52,54,deep
11/13/24 04:53,52,deep
11/13/24 04:54,51,deep
11/13/24 04:55,57,deep
11/13/24 04:56,56,deep
11/13/24 04:57,53,deep
11/13/24 04:58,54,deep
11/13/24 04:59,55,deep
11/13/24 05:00,53,deep
11/13/24 05:01,53,deep
11/13/24 05:02,51,deep
11/13/24 05:03,53,deep
11/13/24 05:04,53,deep
11/13/24 05:05,52,deep
11/13/24 05:06,56,deep
11/13/24 05:07,53,deep
11/13/24 05:08,56,deep
11/13/24 05:09,55,deep
11/13/24 05:10,54,deep
11/13/24 05:11,55,deep
11/13/24 05:12,52,deep
11/13/24 05:13,56,deep
11/13/24 05:14,58,deep
11/13/24 05:15,54,deep
11/13/24 05:16,53,deep
11/13/24 05:17,55,deep
11/13/24 05:18,56,deep
11/13/24 05:19,55,deep
11/13/24 05:20,54,deep
11/13/24 05:21,53,deep
11/13/24 05:22,56,deep
11/13/24 05:23,54,deep
11/13/24 05:24,61,deep
11/13/24 05:25,53,deep
11/13/24 05:26,55,deep
11/13/24 05:27,57,deep
11/13/24 05:28,55,deep
11/13/24 05:29,53,deep
11/13/24 05:30,56,deep
11/13/24 05:31,53,deep
11/13/24 05:32,54,deep
11/13/24 05:33,56,deep
11/13/24 05:34,55,deep
11/13/24 05:35,53,deep
11/13/24 05:36,51,deep
11/13/24 05:37,51,deep
11/13/24 05:38,52,deep
11/13/24 05:39,56,deep
11/13/24 05:40,56,deep
11/13/24 05:41,61,light
11/13/24 05:42,60,light
11/13/24 05:43,62,light
11/13/24 05:44,64,light
11/13/24 05:45,62,light
11/13/24 05:46,57,light
11/13/24 05:47,57,light
11/13/24 05:48,61,light
11/13/24 05:49,59,light
11/13/24 05:50,64,light
11/13/24 05:51,57,light
11/13/24 05:52,57,light
11/13/24 05:53,57,light
11/13/24 05:54,63,light
11/13/24 05:55,59,light
11/13/24 05:56,61,light
11/13/24 05:57,61,light
11/13/24 05:58,60,light
11/13/24 05:59,61,light
11/13/24 06:00,60,light
11/13/24 06:01,60,light
11/13/24 06:02,57,light
11/13/24 06:03,59,light
11/13/24 06:04,59,light
11/13/24 06:05,54,light
11/13/24 06:06,56,light
11/13/24 06:07,51,light
11/13/24 06:08,56,light
11/13/24 06:09,59,light
11/13/24 06:10,55,light
11/13/24 06:11,57,light
11/13/24 06:12,58,light
11/13/24 06:13,59,light
11/13/24 06:14,54,light
11/13/24 06:15,63,light
11/13/24 06:16,57,light
11/13/24 06:17,60,light
11/13/24 06:18,61,light
11/13/24 06:19,59,light
11/13/24 06:20,61,light
11/13/24 06:21,58,light
11/13/24 06:22,61,light
11/13/24 06:23,56,light
11/13/24 06:24,58,light
11/13/24 06:25,67,light
11/13/24 06:26,58,light
11/13/24 06:27,58,light
11/13/24 06:28,58,light
11/13/24 06:29,60,light
11/13/24 06:30,64,light
11/13/24 06:31,61,light
11/13/24 06:32,57,light
11/13/24 06:33,62,light
11/13/24 06:34,64,light
11/13/24 06:35,63,light
11/13/24 06:36,63,light
11/13/24 06:37,60,light
11/13/24 06:38,60,light
11/13/24 06:39,56,light
11/13/24 06:40,60,light
11/13/24 06:41,59,light
11/13/24 06:42,55,light
11/13/24 06:43,60,light
11/13/24 06:44,57,light
11/13/24 06:45,54,light
11/13/24 06:46,59,light
11/13/24 06:47,60,light
11/13/24 06:48,55,light
11/13/24 06:49,60,light
11/13/24 06:50,61,light
11/13/24 06:51,58,light
11/13/24 06:52,63,light
11/13/24 06:53,56,light
11/13/24 06:54,58,light
11/13/24 06:55,61,light
11/13/24 06:56,66,light
11/13/24 06:57,64,light
11/13/24 06:58,57,light
11/13/24 06:59,56,light
11/13/24 07:00,64,light
11/13/24 07:01,58,light
11/13/24 07:02,59,light
11/13/24 07:03,53,deep
11/13/24 07:04,56,deep
11/13/24 07:05,56,deep
11/13/24 07:06,55,deep
11/13/24 07:07,51,deep
11/13/24 07:08,56,deep
11/13/24 23:00,58,light
11/13/24 23:01,63,light
11/13/24 23:02,63,light
11/13/24 23:03,55,light
11/13/24 23:04,64,light
11/13/24 23:05,61,light
11/13/24 23:06,58,light
11/13/24 23:07,52,light
11/13/24 23:08,63,light
11/13/24 23:09,59,light
11/13/24 23:10,59,light
11/13/24 23:11,64,light
11/13/24 23:12,58,light
11/13/24 23:13,60,light
11/13/24 23:14,60,light
11/13/24 23:15,61,light
11/13/24 23:16,59,light
11/13/24 23:17,56,light
11/13/24 23:18,63,light
11/13/24 23:19,59,light
11/13/24 23:20,61,light
11/13/24 23:21,60,light
11/13/24 23:22,61,light
11/13/24 23:23,63,light
11/13/24 23:24,57,light
11/13/24 23:25,60,light
11/13/24 23:26,59,light
11/13/24 23:27,62,light
11/13/24 23:28,60,light
11/13/24 23:29,62,light
11/13/24 23:30,62,light
11/13/24 23:31,57,light
11/13/24 23:32,63,light
11/13/24 23:33,62,light
11/13/24 23:34,63,light
11/13/24 23:35,51,light
11/13/24 23:36,58,deep
11/13/24 23:37,54,deep
11/13/24 23:38,54,deep
11/13/24 23:39,53,deep
11/13/24 23:40,53,deep
11/13/24 23:41,52,deep
11/13/24 23:42,53,deep
11/13/24 23:43,57,deep
11/13/24 23:44,53,deep
11/13/24 23:45,53,deep
11/13/24 23:46,53,deep
11/13/24 23:47,53,deep
11/13/24 23:48,54,deep
11/13/24 23:49,56,deep
11/13/24 23:50,52,deep
11/13/24 23:51,56,deep
11/13/24 23:52,57,deep
11/13/24 23:53,52,deep
11/13/24 23:54,55,deep
11/13/24 23:55,55,deep
11/13/24 23:56,56,deep
11/13/24 23:57,53,deep
11/13/24 23:58,53,deep
11/13/24 23:59,56,deep
11/14/24 00:00,56,deep
11/14/24 00:01,56,deep
11/14/24 00:02,53,deep
11/14/24 00:03,52,deep
11/14/24 00:04,56,deep
11/14/24 00:05,57,deep
11/14/24 00:06,54,deep
11/14/24 00:07,53,deep
11/14/24 00:08,52,deep
11/14/24 00:09,53,deep
11/14/24 00:10,56,deep
11/14/24 00:11,53,deep
11/14/24 00:12,53,deep
11/14/24 00:13,53,deep
11/14/24 00:14,50,deep
11/14/24 00:15,52,deep
11/14/24 00:16,53,deep
11/14/24 00:17,51,deep
11/14/24 00:18,56,deep
11/14/24 00:19,54,deep
11/14/24 00:20,53,deep
11/14/24 00:21,54,deep
11/14/24 00:22,52,deep
11/14/24 00:23,54,deep
11/14/24 00:24,54,deep
11/14/24 00:25,54,deep
11/14/24 00:26,52,deep
11/14/24 00:27,56,deep
11/14/24 00:28,58,light
11/14/24 00:29,65,light
11/14/24 00:30,62,light
11/14/24 00:31,57,light
11/14/24 00:32,59,light
11/14/24 00:33,60,light
11/14/24 00:34,62,light
11/14/24 00:35,61,light
11/14/24 00:36,59,light
11/14/24 00:37,60,light
11/14/24 00:38,56,light
11/14/24 00:39,57,light
11/14/24 00:40,56,light
11/14/24 00:41,56,light
11/14/24 00:42,61,light
11/14/24 00:43,66,light
11/14/24 00:44,61,light
11/14/24 00:45,59,light
11/14/24 00:46,56,light
11/14/24 00:47,62,light
11/14/24 00:48,59,light
11/14/24 00:49,62,light
11/14/24 00:50,53,light
11/14/24 00:51,58,light
11/14/24 00:52,57,light
11/14/24 00:53,60,light
11/14/24 00:54,54,light
11/14/24 00:55,58,light
11/14/24 00:56,57,light
11/14/24 00:57,64,light
11/14/24 00:58,66,light
11/14/24 00:59,58,light
11/14/24 01:00,56,light
11/14/24 01:01,63,light
11/14/24 01:02,61,light
11/14/24 01:03,59,light
11/14/24 01:04,60,light
11/14/24 01:05,63,light
11/14/24 01:06,62,light
11/14/24 01:07,61,light
11/14/24 01:08,55,light
11/14/24 01:09,61,light
11/14/24 01:10,61,light
11/14/24 01:11,60,light
11/14/24 01:12,59,light
11/14/24 01:13,58,light
11/14/24 01:14,57,light
11/14/24 01:15,57,light
11/14/24 01:16,60,light
11/14/24 01:17,58,light
11/14/24 01:18,56,light
11/14/24 01:19,60,light
11/14/24 01:20,59,light
11/14/24 01:21,57,light
11/14/24 01:22,63,light
11/14/24 01:23,61,light
11/14/24 01:24,61,light
11/14/24 01:25,61,light
11/14/24 01:26,60,light
11/14/24 01:27,56,light
11/14/24 01:28,60,light
11/14/24 01:29,61,light
11/14/24 01:30,60,light
11/14/24 01:31,60,light
11/14/24 01:32,61,light
11/14/24 01:33,56,light
11/14/24 01:34,64,light
11/14/24 01:35,64,light
11/14/24 01:36,59,light
11/14/24 01:37,60,light
11/14/24 01:38,63,light
11/14/24 01:39,60,light
11/14/24 01:40,59,light
11/14/24 01:41,60,light
11/14/24 01:42,66,light
11/14/24 01:43,57,light
11/14/24 01:44,57,light
11/14/24 01:45,57,light
11/14/24 01:46,61,light
11/14/24 01:47,63,light
11/14/24 01:48,60,light
11/14/24 01:49,54,light
11/14/24 01:50,52,light
11/14/24 01:51,56,light
11/14/24 01:52,67,light
11/14/24 01:53,55,light
11/14/24 01:54,61,light
11/14/24 01:55,59,light
11/14/24 01:56,58,light
11/14/24 01:57,66,light
11/14/24 01:58,58,light
11/14/24 01:59,55,light
11/14/24 02:00,64,light
11/14/24 02:01,61,light
11/14/24 02:02,62,light
11/14/24 02:03,66,light
11/14/24 02:04,58,light
11/14/24 02:05,61,light
11/14/24 02:06,57,light
11/14/24 02:07,55,light
11/14/24 02:08,64,light
11/14/24 02:09,59,light
11/14/24 02:10,57,light
11/14/24 02:11,54,light
11/14/24 02:12,66,light
11/14/24 02:13,66,light
11/14/24 02:14,60,light
11/14/24 02:15,57,light
11/14/24 02:16,62,light
11/14/24 02:17,53,light
11/14/24 02:18,61,light
11/14/24 02:19,62,light
11/14/24 02:20,58,light
11/14/24 02:21,65,light
11/14/24 02:22,60,light
11/14/24 02:23,52,light
11/14/24 02:24,60,light
11/14/24 02:25,57,light
11/14/24 02:26,63,light
11/14/24 02:27,60,light
11/14/24 02:28,65,light
11/14/24 02:29,61,light
11/14/24 02:30,60,light
11/14/24 02:31,58,light
11/14/24 02:32,62,light
11/14/24 02:33,55,light
11/14/24 02:34,56,light
11/14/24 02:35,61,light
11/14/24 02:36,60,light
11/14/24 02:37,63,light
11/14/24 02:38,58,light
11/14/24 02:39,58,light
11/14/24 02:40,61,light
11/14/24 02:41,62,light
11/14/24 02:42,54,light
11/14/24 02:43,63,light
11/14/24 02:44,61,light
11/14/24 02:45,62,light
11/14/24 02:46,64,light
11/14/24 02:47,57,light
11/14/24 02:48,61,light
11/14/24 02:49,63,light
11/14/24 02:50,65,light
11/14/24 02:51,62,light
11/14/24 02:52,59,light
11/14/24 02:53,59,light
11/14/24 02:54,60,light
11/14/24 02:55,61,light
11/14/24 02:56,63,light
11/14/24 02:57,61,light
11/14/24 02:58,61,light
11/14/24 02:59,60,light
11/14/24 03:00,59,light
11/14/24 03:01,63,light
11/14/24 03:02,57,light
11/14/24 03:03,66,light
11/14/24 03:04,62,light
11/14/24 03:05,62,light
11/14/24 03:06,61,light
11/14/24 03:07,60,light
11/14/24 03:08,58,light
11/14/24 03:09,62,light
11/14/24 03:10,57,light
11/14/24 03:11,59,light
11/14/24 03:12,60,light
11/14/24 03:13,65,light
11/14/24 03:14,62,light
11/14/24 03:15,62,light
11/14/24 03:16,59,light
11/14/24 03:17,55,light
11/14/24 03:18,60,light
11/14/24 03:19,58,light
11/14/24 03:20,67,light
11/14/24 03:21,58,light
11/14/24 03:22,57,light
11/14/24 03:23,56,light
11/14/24 03:24,60,light
11/14/24 03:25,59,light
11/14/24 03:26,63,light
11/14/24 03:27,63,light
11/14/24 03:28,61,light
11/14/24 03:29,62,light
11/14/24 03:30,61,light
11/14/24 03:31,61,light
11/14/24 03:32,57,light
11/14/24 03:33,59,light
11/14/24 03:34,55,light
11/14/24 03:35,64,light
11/14/24 03:36,60,light
11/14/24 03:37,59,light
11/14/24 03:38,60,light
11/14/24 03:39,61,light
11/14/24 03:40,55,light
11/14/24 03:41,62,light
11/14/24 03:42,58,light
11/14/24 03:43,53,light
11/14/24 03:44,53,light
11/14/24 03:45,62,light
11/14/24 03:46,57,light
11/14/24 03:47,63,light
11/14/24 03:48,55,light
11/14/24 03:49,59,light
11/14/24 03:50,61,light
11/14/24 03:51,62,light
11/14/24 03:52,54,light
11/14/24 03:53,61,light
11/14/24 03:54,63,light
11/14/24 03:55,56,light
11/14/24 03:56,63,light
11/14/24 03:57,61,light
11/14/24 03:58,61,light
11/14/24 03:59,64,light
11/14/24 04:00,61,light
11/14/24 04:01,58,light
11/14/24 04:02,61,light
11/14/24 04:03,62,light
11/14/24 04:04,60,light
11/14/24 04:05,64,light
11/14/24 04:06,60,light
11/14/24 04:07,60,light
11/14/24 04:08,54,light
11/14/24 04:09,56,light
11/14/24 04:10,59,light
11/14/24 04:11,56,light
11/14/24 04:12,57,light
11/14/24 04:13,55,light
11/14/24 04:14,58,light
11/14/24 04:15,58,light
11/14/24 04:16,58,light
11/14/24 04:17,55,light
11/14/24 04:18,61,light
11/14/24 04:19,57,light
11/14/24 04:20,61,light
11/14/24 04:21,61,light
11/14/24 04:22,62,light
11/14/24 04:23,58,light
11/14/24 04:24,59,light
11/14/24 04:25,54,light
11/14/24 04:26,54,light
11/14/24 04:27,60,light
11/14/24 04:28,62,light
11/14/24 04:29,57,light
11/14/24 04:30,58,light
11/14/24 04:31,59,light
11/14/24 04:32,58,light
11/14/24 04:33,61,light
11/14/24 04:34,58,light
11/14/24 04:35,54,light
11/14/24 04:36,60,light
11/14/24 04:37,56,light
11/14/24 04:38,61,light
11/14/24 04:39,58,light
11/14/24 04:40,57,light
11/14/24 04:41,58,light
11/14/24 04:42,62,light
11/14/24 04:43,58,light
11/14/24 04:44,58,light
11/14/24 04:45,61,light
11/14/24 04:46,62,light
11/14/24 04:47,59,light
11/14/24 04:48,58,light
11/14/24 04:49,57,light
11/14/24 04:50,65,light
11/14/24 04:51,59,light
11/14/24 04:52,51,light
11/14/24 04:53,59,light
11/14/24 04:54,65,light
11/14/24 04:55,65,light
11/14/24 04:56,69,light
11/14/24 04:57,64,light
11/14/24 04:58,59,light
11/14/24 04:59,62,light
11/14/24 05:00,61,light
11/14/24 05:01,61,light
11/14/24 05:02,57,light
11/14/24 05:03,60,light
11/14/24 05:04,63,light
11/14/24 05:05,60,light
11/14/24 05:06,64,light
11/14/24 05:07,63,light
11/14/24 05:08,61,light
11/14/24 05:09,59,light
11/14/24 05:10,62,light
11/14/24 05:11,60,light
11/14/24 05:12,61,light
11/14/24 05:13,66,light
11/14/24 05:14,55,light
11/14/24 05:15,59,light
11/14/24 05:16,59,light
11/14/24 05:17,56,light
11/14/24 05:18,58,light
11/14/24 05:19,60,light
11/14/24 05:20,62,light
11/14/24 05:21,60,light
11/14/24 05:22,62,light
11/14/24 05:23,57,light
11/14/24 05:24,58,light
11/14/24 05:25,63,light
11/14/24 05:26,59,light
11/14/24 05:27,69,light
11/14/24 05:28,53,light
11/14/24 05:29,57,light
11/14/24 05:30,63,light
11/14/24 05:31,63,light
11/14/24 05:32,59,light
11/14/24 05:33,60,light
11/14/24 05:34,61,light
11/14/24 05:35,58,light
11/14/24 05:36,60,light
11/14/24 05:37,61,light
11/14/24 05:38,56,light
11/14/24 05:39,55,light
11/14/24 05:40,55,light
11/14/24 05:41,60,light
11/14/24 05:42,56,light
11/14/24 05:43,57,light
11/14/24 05:44,57,light
11/14/24 05:45,58,light
11/14/24 05:46,58,light
11/14/24 05:47,63,light
11/14/24 05:48,59,light
11/14/24 05:49,57,light
11/14/24 05:50,59,light
11/14/24 05:51,61,light
11/14/24 05:52,60,light
11/14/24 05:53,62,light
11/14/24 05:54,62,light
11/14/24 05:55,65,light
11/14/24 05:56,60,light
11/14/24 05:57,56,light
11/14/24 05:58,60,light
11/14/24 05:59,57,light
11/14/24 06:00,62,light
11/14/24 06:01,60,light
11/14/24 06:02,58,light
11/14/24 06:03,58,light
11/14/24 06:04,59,light
11/14/24 06:05,56,light
11/14/24 06:06,54,light
11/14/24 06:07,55,light
11/14/24 06:08,58,light
11/14/24 06:09,62,light
11/14/24 06:10,62,light
11/14/24 06:11,64,light
11/14/24 06:12,57,light
11/14/24 06:13,58,light
11/14/24 06:14,57,light
11/14/24 06:15,60,light
11/14/24 06:16,62,light
11/14/24 06:17,56,light
11/14/24 06:18,55,light
11/14/24 06:19,58,light
11/14/24 06:20,61,light
11/14/24 06:21,59,light
11/14/24 06:22,54,light
11/14/24 06:23,63,light
11/14/24 06:24,59,light
11/14/24 06:25,64,light
11/14/24 06:26,58,light
11/14/24 06:27,61,light
11/14/24 06:28,62,light
11/14/24 06:29,58,light
11/14/24 06:30,62,light
11/14/24 06:31,59,light
11/14/24 06:32,60,light
11/14/24 06:33,61,light
11/14/24 06:34,58,light
11/14/24 06:35,54,light
11/14/24 06:36,59,light
11/14/24 21:45,62,light
11/14/24 21:46,60,light
11/14/24 21:47,57,light
11/14/24 21:48,60,light
11/14/24 21:49,62,light
11/14/24 21:50,60,light
11/14/24 21:51,58,light
11/14/24 21:52,61,light
11/14/24 21:53,57,light
11/14/24 21:54,63,light
11/14/24 21:55,60,light
11/14/24 21:56,59,light
11/14/24 21:57,61,light
11/14/24 21:58,56,light
11/14/24 21:59,64,light
11/14/24 22:00,63,light
11/14/24 22:01,60,light
11/14/24 22:02,61,light
11/14/24 22:03,64,light
11/14/24 22:04,57,light
11/14/24 22:05,55,light
11/14/24 22:06,62,light
11/14/24 22:07,61,light
11/14/24 22:08,63,light
11/14/24 22:09,51,light
11/14/24 22:10,56,light
11/14/24 22:11,61,light
11/14/24 22:12,61,light
11/14/24 22:13,65,light
11/14/24 22:14,63,light
11/14/24 22:15,62,light
11/14/24 22:16,63,light
11/14/24 22:17,59,light
11/14/24 22:18,58,light
11/14/24 22:19,62,light
11/14/24 22:20,60,light
11/14/24 22:21,57,light
11/14/24 22:22,66,light
11/14/24 22:23,52,light
11/14/24 22:24,58,light
11/14/24 22:25,58,light
11/14/24 22:26,60,light
11/14/24 22:27,59,light
11/14/24 22:28,62,light
11/14/24 22:29,56,light
11/14/24 22:30,63,light
11/14/24 22:31,67,light
11/14/24 22:32,61,REM
11/14/24 22:33,69,REM
11/14/24 22:34,54,REM
11/14/24 22:35,64,REM
11/14/24 22:36,59,REM
11/14/24 22:37,59,REM
11/14/24 22:38,58,REM
11/14/24 22:39,68,REM
11/14/24 22:40,66,REM
11/14/24 22:41,58,REM
11/14/24 22:42,66,REM
11/14/24 22:43,64,REM
11/14/24 22:44,54,REM
11/14/24 22:45,60,REM
11/14/24 22:46,67,REM
11/14/24 22:47,62,REM
11/14/24 22:48,61,REM
11/14/24 22:49,67,REM
11/14/24 22:50,69,REM
11/14/24 22:51,68,REM
11/14/24 22:52,59,REM
11/14/24 22:53,58,REM
11/14/24 22:54,64,REM
11/14/24 22:55,66,REM
11/14/24 22:56,64,REM
11/14/24 22:57,64,REM
11/14/24 22:58,70,REM
11/14/24 22:59,65,REM
11/14/24 23:00,56,REM
11/14/24 23:01,66,REM
11/14/24 23:02,62,REM
11/14/24 23:03,59,REM
11/14/24 23:04,60,REM
11/14/24 23:05,58,REM
11/14/24 23:06,64,REM
11/14/24 23:07,64,REM
11/14/24 23:08,62,REM
11/14/24 23:09,60,REM
11/14/24 23:10,64,REM
11/14/24 23:11,62,REM
11/14/24 23:12,68,REM
11/14/24 23:13,63,REM
11/14/24 23:14,68,REM
11/14/24 23:15,63,REM
11/14/24 23:16,65,REM
11/14/24 23:17,63,REM
11/14/24 23:18,64,REM
11/14/24 23:19,70,REM
11/14/24 23:20,66,REM
11/14/24 23:21,66,REM
11/14/24 23:22,68,REM
11/14/24 23:23,63,REM
11/14/24 23:24,70,REM
11/14/24 23:25,70,REM
11/14/24 23:26,68,REM
11/14/24 23:27,68,REM
11/14/24 23:28,59,REM
11/14/24 23:29,54,REM
11/14/24 23:30,59,REM
11/14/24 23:31,65,REM
11/14/24 23:32,64,REM
11/14/24 23:33,63,REM
11/14/24 23:34,70,REM
11/14/24 23:35,61,REM
11/14/24 23:36,64,REM
11/14/24 23:37,66,REM
11/14/24 23:38,59,REM
11/14/24 23:39,67,REM
11/14/24 23:40,63,REM
11/14/24 23:41,69,REM
11/14/24 23:42,69,REM
11/14/24 23:43,62,REM
11/14/24 23:44,68,REM
11/14/24 23:45,67,REM
11/14/24 23:46,66,REM
11/14/24 23:47,61,REM
11/14/24 23:48,73,REM
11/14/24 23:49,66,REM
11/14/24 23:50,66,REM
11/14/24 23:51,64,REM
11/14/24 23:52,65,REM
11/14/24 23:53,71,REM
11/14/24 23:54,66,REM
11/14/24 23:55,60,REM
11/14/24 23:56,70,REM
11/14/24 23:57,58,REM
11/14/24 23:58,61,REM
11/14/24 23:59,64,REM
11/15/24 00:00,70,REM
11/15/24 00:01,58,REM
11/15/24 00:02,66,REM
11/15/24 00:03,66,REM
11/15/24 00:04,72,REM
11/15/24 00:05,66,REM
11/15/24 00:06,70,REM
11/15/24 00:07,66,REM
11/15/24 00:08,73,REM
11/15/24 00:09,68,REM
11/15/24 00:10,71,REM
11/15/24 00:11,70,REM
11/15/24 00:12,60,REM
11/15/24 00:13,71,REM
11/15/24 00:14,68,REM
11/15/24 00:15,63,REM
11/15/24 00:16,64,REM
11/15/24 00:17,62,REM
11/15/24 00:18,60,REM
11/15/24 00:19,56,REM
11/15/24 00:20,67,REM
11/15/24 00:21,61,REM
11/15/24 00:22,65,REM
11/15/24 00:23,65,REM
11/15/24 00:24,63,REM
11/15/24 00:25,63,REM
11/15/24 00:26,69,REM
11/15/24 00:27,68,REM
11/15/24 00:28,58,REM
11/15/24 00:29,66,REM
11/15/24 00:30,64,REM
11/15/24 00:31,56,deep
11/15/24 00:32,56,deep
11/15/24 00:33,54,deep
11/15/24 00:34,57,deep
11/15/24 00:35,53,deep
11/15/24 00:36,52,deep
11/15/24 00:37,53,deep
11/15/24 00:38,58,deep
11/15/24 00:39,54,deep
11/15/24 00:40,58,deep
11/15/24 00:41,56,deep
11/15/24 00:42,56,deep
11/15/24 00:43,52,deep
11/15/24 00:44,57,deep
11/15/24 00:45,58,deep
11/15/24 00:46,53,deep
11/15/24 00:47,55,deep
11/15/24 00:48,52,deep
11/15/24 00:49,58,deep
11/15/24 00:50,55,deep
11/15/24 00:51,54,deep
11/15/24 00:52,56,deep
11/15/24 00:53,57,deep
11/15/24 00:54,55,deep
11/15/24 00:55,52,deep
11/15/24 00:56,56,deep
11/15/24 00:57,55,deep
11/15/24 00:58,57,deep
11/15/24 00:59,51,deep
11/15/24 01:00,56,deep
11/15/24 01:01,57,deep
11/15/24 01:02,51,deep
11/15/24 01:03,53,deep
11/15/24 01:04,58,deep
11/15/24 01:05,52,deep
11/15/24 01:06,50,deep
11/15/24 01:07,57,deep
11/15/24 01:08,54,deep
11/15/24 01:09,58,deep
11/15/24 01:10,56,deep
11/15/24 01:11,56,deep
11/15/24 01:12,51,deep
11/15/24 01:13,54,deep
11/15/24 01:14,55,deep
11/15/24 01:15,55,deep
11/15/24 01:16,55,deep
11/15/24 01:17,55,deep
11/15/24 01:18,52,deep
11/15/24 01:19,51,deep
11/15/24 01:20,52,deep
11/15/24 01:21,53,deep
11/15/24 01:22,55,deep
11/15/24 01:23,52,deep
11/15/24 01:24,56,deep
11/15/24 01:25,54,deep
11/15/24 01:26,53,deep
11/15/24 01:27,57,deep
11/15/24 01:28,56,deep
11/15/24 01:29,57,deep
11/15/24 01:30,54,deep
11/15/24 01:31,50,deep
11/15/24 01:32,54,deep
11/15/24 01:33,55,deep
11/15/24 01:34,59,deep
11/15/24 01:35,55,deep
11/15/24 01:36,55,deep
11/15/24 01:37,54,deep
11/15/24 01:38,52,deep
11/15/24 01:39,52,deep
11/15/24 01:40,57,deep
11/15/24 01:41,55,deep
11/15/24 01:42,58,deep
11/15/24 01:43,58,deep
11/15/24 01:44,57,deep
11/15/24 01:45,56,deep
11/15/24 01:46,52,deep
11/15/24 01:47,54,deep
11/15/24 01:48,56,deep
11/15/24 01:49,55,deep
11/15/24 01:50,55,deep
11/15/24 01:51,54,deep
11/15/24 01:52,56,deep
11/15/24 01:53,56,deep
11/15/24 01:54,57,deep
11/15/24 01:55,52,deep
11/15/24 01:56,56,deep
11/15/24 01:57,57,deep
11/15/24 01:58,55,deep
11/15/24 01:59,57,deep
11/15/24 02:00,60,deep
11/15/24 02:01,55,deep
11/15/24 02:02,55,deep
11/15/24 02:03,55,deep
11/15/24 02:04,56,deep
11/15/24 02:05,53,deep
11/15/24 02:06,54,deep
11/15/24 02:07,54,deep
11/15/24 02:08,52,deep
11/15/24 02:09,58,deep
11/15/24 02:10,53,deep
11/15/24 02:11,55,deep
11/15/24 02:12,54,deep
11/15/24 02:13,59,deep
11/15/24 02:14,56,deep
11/15/24 02:15,51,deep
11/15/24 02:16,56,deep
11/15/24 02:17,58,deep
11/15/24 02:18,55,deep
11/15/24 02:19,56,deep
11/15/24 02:20,56,deep
11/15/24 02:21,55,deep
11/15/24 02:22,53,deep
11/15/24 02:23,55,deep
11/15/24 02:24,56,deep
11/15/24 02:25,53,deep
11/15/24 02:26,54,deep
11/15/24 02:27,56,deep
11/15/24 02:28,54,deep
11/15/24 02:29,54,deep
11/15/24 02:30,55,deep
11/15/24 02:31,53,deep
11/15/24 02:32,52,deep
11/15/24 02:33,55,deep
11/15/24 02:34,56,deep
11/15/24 02:35,59,deep
11/15/24 02:36,54,deep
11/15/24 02:37,58,deep
11/15/24 02:38,58,deep
11/15/24 02:39,55,deep
11/15/24 02:40,57,deep
11/15/24 02:41,62,deep
11/15/24 02:42,56,deep
11/15/24 02:43,50,deep
11/15/24 02:44,54,deep
11/15/24 02:45,54,deep
11/15/24 02:46,58,deep
11/15/24 02:47,53,deep
11/15/24 02:48,54,deep
11/15/24 02:49,56,deep
11/15/24 02:50,59,deep
11/15/24 02:51,57,deep
11/15/24 02:52,56,deep
11/15/24 02:53,56,deep
11/15/24 02:54,55,deep
11/15/24 02:55,58,deep
11/15/24 02:56,58,deep
11/15/24 02:57,55,deep
11/15/24 02:58,57,deep
11/15/24 02:59,56,deep
11/15/24 03:00,54,deep
11/15/24 03:01,56,deep
11/15/24 03:02,54,deep
11/15/24 03:03,53,deep
11/15/24 03:04,55,deep
11/15/24 03:05,55,deep
11/15/24 03:06,51,deep
11/15/24 03:07,55,deep
11/15/24 03:08,54,deep
11/15/24 03:09,54,deep
11/15/24 03:10,54,deep
11/15/24 03:11,56,deep
11/15/24 03:12,53,deep
11/15/24 03:13,54,deep
11/15/24 03:14,53,deep
11/15/24 03:15,53,deep
11/15/24 03:16,53,deep
11/15/24 03:17,59,deep
11/15/24 03:18,55,deep
11/15/24 03:19,54,deep
11/15/24 03:20,52,deep
11/15/24 03:21,52,deep
11/15/24 03:22,57,deep
11/15/24 03:23,53,deep
11/15/24 03:24,55,deep
11/15/24 03:25,54,deep
11/15/24 03:26,55,deep
11/15/24 03:27,57,deep
11/15/24 03:28,54,deep
11/15/24 03:29,53,deep
11/15/24 03:30,50,deep
11/15/24 03:31,58,deep
11/15/24 03:32,51,deep
11/15/24 03:33,55,deep
11/15/24 03:34,57,deep
11/15/24 03:35,56,deep
11/15/24 03:36,57,deep
11/15/24 03:37,54,deep
11/15/24 03:38,55,deep
11/15/24 03:39,53,deep
11/15/24 03:40,55,deep
11/15/24 03:41,53,deep
11/15/24 03:42,53,deep
11/15/24 03:43,55,deep
11/15/24 03:44,54,deep
11/15/24 03:45,56,deep
11/15/24 03:46,56,deep
11/15/24 03:47,54,deep
11/15/24 03:48,51,deep
11/15/24 03:49,60,light
11/15/24 03:50,65,light
11/15/24 03:51,62,light
11/15/24 03:52,57,light
11/15/24 03:53,62,light
11/15/24 03:54,56,light
11/15/24 03:55,55,light
11/15/24 03:56,55,light
11/15/24 03:57,56,light
11/15/24 03:58,61,light
11/15/24 03:59,58,light
11/15/24 04:00,56,light
11/15/24 04:01,59,light
11/15/24 04:02,57,light
11/15/24 04:03,64,light
11/15/24 04:04,55,light
11/15/24 04:05,59,light
11/15/24 04:06,54,light
11/15/24 04:07,63,light
11/15/24 04:08,58,light
11/15/24 04:09,58,light
11/15/24 04:10,57,light
11/15/24 04:11,62,light
11/15/24 04:12,56,light
11/15/24 04:13,57,light
11/15/24 04:14,59,light
11/15/24 04:15,61,light
11/15/24 04:16,62,light
11/15/24 04:17,57,light
11/15/24 04:18,61,light
11/15/24 04:19,58,light
11/15/24 04:20,57,light
11/15/24 04:21,57,light
11/15/24 04:22,64,light
11/15/24 04:23,58,light
11/15/24 04:24,59,light
11/15/24 04:25,63,light
11/15/24 04:26,55,light
11/15/24 04:27,59,light
11/15/24 04:28,61,light
11/15/24 04:29,56,light
11/15/24 04:30,56,light
11/15/24 04:31,62,light
11/15/24 04:32,63,light
11/15/24 04:33,61,light
11/15/24 04:34,57,light
11/15/24 04:35,62,light
11/15/24 04:36,58,light
11/15/24 04:37,59,light
11/15/24 04:38,61,light
11/15/24 04:39,64,light
11/15/24 04:40,57,light
11/15/24 04:41,60,light
11/15/24 04:42,61,light
11/15/24 04:43,58,light
11/15/24 04:44,58,light
11/15/24 04:45,57,light
11/15/24 04:46,63,light
11/15/24 04:47,61,light
11/15/24 04:48,64,light
11/15/24 04:49,64,light
11/15/24 04:50,59,light
11/15/24 04:51,57,light
11/15/24 21:45,56,REM
11/15/24 21:46,64,REM
11/15/24 21:47,70,REM
11/15/24 21:48,65,REM
11/15/24 21:49,66,REM
11/15/24 21:50,64,REM
11/15/24 21:51,64,REM
11/15/24 21:52,64,REM
11/15/24 21:53,63,REM
11/15/24 21:54,66,REM
11/15/24 21:55,62,REM
11/15/24 21:56,62,REM
11/15/24 21:57,63,REM
11/15/24 21:58,64,REM
11/15/24 21:59,64,REM
11/15/24 22:00,64,REM
11/15/24 22:01,64,REM
11/15/24 22:02,62,REM
11/15/24 22:03,64,REM
11/15/24 22:04,69,REM
11/15/24 22:05,62,REM
11/15/24 22:06,59,REM
11/15/24 22:07,64,REM
11/15/24 22:08,58,REM
11/15/24 22:09,60,REM
11/15/24 22:10,67,REM
11/15/24 22:11,66,REM
11/15/24 22:12,60,REM
11/15/24 22:13,64,REM
11/15/24 22:14,58,REM
11/15/24 22:15,62,REM
11/15/24 22:16,68,REM
11/15/24 22:17,68,REM
11/15/24 22:18,59,REM
11/15/24 22:19,59,REM
11/15/24 22:20,64,REM
11/15/24 22:21,57,REM
11/15/24 22:22,60,REM
11/15/24 22:23,74,REM
11/15/24 22:24,65,REM
11/15/24 22:25,65,REM
11/15/24 22:26,63,REM
11/15/24 22:27,65,REM
11/15/24 22:28,64,REM
11/15/24 22:29,69,REM
11/15/24 22:30,65,REM
11/15/24 22:31,74,REM
11/15/24 22:32,60,REM
11/15/24 22:33,60,REM
11/15/24 22:34,63,REM
11/15/24 22:35,69,REM
11/15/24 22:36,70,REM
11/15/24 22:37,71,REM
11/15/24 22:38,62,REM
11/15/24 22:39,69,REM
11/15/24 22:40,68,REM
11/15/24 22:41,66,REM
11/15/24 22:42,64,REM
11/15/24 22:43,65,REM
11/15/24 22:44,64,REM
11/15/24 22:45,69,REM
11/15/24 22:46,60,REM
11/15/24 22:47,68,REM
11/15/24 22:48,74,REM
11/15/24 22:49,61,REM
11/15/24 22:50,67,REM
11/15/24 22:51,69,REM
11/15/24 22:52,66,REM
11/15/24 22:53,64,REM
11/15/24 22:54,65,REM
11/15/24 22:55,66,REM
11/15/24 22:56,61,REM
11/15/24 22:57,60,REM
11/15/24 22:58,61,REM
11/15/24 22:59,69,REM
11/15/24 23:00,68,REM
11/15/24 23:01,68,REM
11/15/24 23:02,64,REM
11/15/24 23:03,60,REM
11/15/24 23:04,64,REM
11/15/24 23:05,69,wake
11/15/24 23:06,75,wake
11/15/24 23:07,64,wake
11/15/24 23:08,64,wake
11/15/24 23:09,61,wake
11/15/24 23:10,77,wake
11/15/24 23:11,61,wake
11/15/24 23:12,75,wake
11/15/24 23:13,66,wake
11/15/24 23:14,78,wake
11/15/24 23:15,67,wake
11/15/24 23:16,61,wake
11/15/24 23:17,65,wake
11/15/24 23:18,66,wake
11/15/24 23:19,69,wake
11/15/24 23:20,72,wake
11/15/24 23:21,68,wake
11/15/24 23:22,75,wake
11/15/24 23:23,74,wake
11/15/24 23:24,63,wake
11/15/24 23:25,73,wake
11/15/24 23:26,76,wake
11/15/24 23:27,68,wake
11/15/24 23:28,77,wake
11/15/24 23:29,68,wake
11/15/24 23:30,69,wake
11/15/24 23:31,68,wake
11/15/24 23:32,65,wake
11/15/24 23:33,68,wake
11/15/24 23:34,73,wake
11/15/24 23:35,61,wake
11/15/24 23:36,61,wake
11/15/24 23:37,65,wake
11/15/24 23:38,65,wake
11/15/24 23:39,69,wake
11/15/24 23:40,68,wake
11/15/24 23:41,63,wake
11/15/24 23:42,61,wake
11/15/24 23:43,70,wake
11/15/24 23:44,70,wake
11/15/24 23:45,77,wake
11/15/24 23:46,61,REM
11/15/24 23:47,65,REM
11/15/24 23:48,67,REM
11/15/24 23:49,62,REM
11/15/24 23:50,62,REM
11/15/24 23:51,69,REM
11/15/24 23:52,58,REM
11/15/24 23:53,59,REM
11/15/24 23:54,68,REM
11/15/24 23:55,65,REM
11/15/24 23:56,67,REM
11/15/24 23:57,64,REM
11/15/24 23:58,63,REM
11/15/24 23:59,62,REM
11/16/24 00:00,64,REM
11/16/24 00:01,68,REM
11/16/24 00:02,66,REM
11/16/24 00:03,63,REM
11/16/24 00:04,70,REM
11/16/24 00:05,67,REM
11/16/24 00:06,66,REM
11/16/24 00:07,69,REM
11/16/24 00:08,68,REM
11/16/24 00:09,70,REM
11/16/24 00:10,63,REM
11/16/24 00:11,68,REM
11/16/24 00:12,66,REM
11/16/24 00:13,66,REM
11/16/24 00:14,63,REM
11/16/24 00:15,69,REM
11/16/24 00:16,63,REM
11/16/24 00:17,70,REM
11/16/24 00:18,69,REM
11/16/24 00:19,60,REM
11/16/24 00:20,64,REM
11/16/24 00:21,65,REM
11/16/24 00:22,63,REM
11/16/24 00:23,65,REM
11/16/24 00:24,65,REM
11/16/24 00:25,64,REM
11/16/24 00:26,66,REM
11/16/24 00:27,72,REM
11/16/24 00:28,62,REM
11/16/24 00:29,64,REM
11/16/24 00:30,67,REM
11/16/24 00:31,64,REM
11/16/24 00:32,65,REM
11/16/24 00:33,65,light
11/16/24 00:34,65,light
11/16/24 00:35,59,light
11/16/24 00:36,64,light
11/16/24 00:37,59,light
11/16/24 00:38,62,light
11/16/24 00:39,57,light
11/16/24 00:40,57,light
11/16/24 00:41,60,light
11/16/24 00:42,59,light
11/16/24 00:43,57,light
11/16/24 00:44,61,light
11/16/24 00:45,61,light
11/16/24 00:46,60,light
11/16/24 00:47,58,light
11/16/24 00:48,58,light
11/16/24 00:49,59,light
11/16/24 00:50,63,light
11/16/24 00:51,56,light
11/16/24 00:52,60,light
11/16/24 00:53,61,light
11/16/24 00:54,59,light
11/16/24 00:55,62,light
11/16/24 00:56,59,light
11/16/24 00:57,61,light
11/16/24 00:58,62,light
11/16/24 00:59,65,light
11/16/24 01:00,62,light
11/16/24 01:01,62,light
11/16/24 01:02,63,light
11/16/24 01:03,56,light
11/16/24 01:04,68,light
11/16/24 01:05,56,light
11/16/24 01:06,62,light
11/16/24 01:07,57,light
11/16/24 01:08,61,light
11/16/24 01:09,61,light
11/16/24 01:10,61,light
11/16/24 01:11,60,light
11/16/24 01:12,62,light
11/16/24 01:13,60,light
11/16/24 01:14,62,light
11/16/24 01:15,64,light
11/16/24 01:16,56,light
11/16/24 01:17,57,light
11/16/24 01:18,58,light
11/16/24 01:19,67,light
11/16/24 01:20,60,light
11/16/24 01:21,61,light
11/16/24 01:22,57,light
11/16/24 01:23,59,light
11/16/24 01:24,61,light
11/16/24 01:25,62,light
11/16/24 01:26,64,light
11/16/24 01:27,56,light
11/16/24 01:28,61,light
11/16/24 01:29,63,light
11/16/24 01:30,63,light
11/16/24 01:31,64,light
11/16/24 01:32,55,light
11/16/24 01:33,61,light
11/16/24 01:34,55,light
11/16/24 01:35,62,light
11/16/24 01:36,57,light
11/16/24 01:37,64,light
11/16/24 01:38,58,light
11/16/24 01:39,57,light
11/16/24 01:40,53,light
11/16/24 01:41,64,light
11/16/24 01:42,57,light
11/16/24 01:43,62,light
11/16/24 01:44,55,light
11/16/24 01:45,58,light
11/16/24 01:46,60,light
11/16/24 01:47,59,light
11/16/24 01:48,60,light
11/16/24 01:49,64,light
11/16/24 01:50,61,light
11/16/24 01:51,57,light
11/16/24 01:52,59,light
11/16/24 01:53,59,light
11/16/24 01:54,57,light
11/16/24 01:55,58,light
11/16/24 01:56,55,light
11/16/24 01:57,55,light
11/16/24 01:58,57,light
11/16/24 01:59,59,light
11/16/24 02:00,53,light
11/16/24 02:01,54,light
11/16/24 02:02,53,light
11/16/24 02:03,58,light
11/16/24 02:04,59,light
11/16/24 02:05,58,light
11/16/24 02:06,60,light
11/16/24 02:07,58,light
11/16/24 02:08,64,light
11/16/24 02:09,62,light
11/16/24 02:10,58,light
11/16/24 02:11,56,light
11/16/24 02:12,56,light
11/16/24 02:13,58,light
11/16/24 02:14,61,light
11/16/24 02:15,60,light
11/16/24 02:16,56,light
11/16/24 02:17,60,light
11/16/24 02:18,59,light
11/16/24 02:19,56,light
11/16/24 02:20,59,light
11/16/24 02:21,53,light
11/16/24 02:22,56,light
11/16/24 02:23,61,light
11/16/24 02:24,59,light
11/16/24 02:25,58,light
11/16/24 02:26,59,light
11/16/24 02:27,64,light
11/16/24 02:28,59,light
11/16/24 02:29,62,light
11/16/24 02:30,57,light
11/16/24 02:31,63,light
11/16/24 02:32,61,REM
11/16/24 02:33,66,REM
11/16/24 02:34,65,REM
11/16/24 02:35,64,REM
11/16/24 02:36,68,REM
11/16/24 02:37,66,REM
11/16/24 02:38,62,REM
11/16/24 02:39,61,REM
11/16/24 02:40,72,REM
11/16/24 02:41,60,REM
11/16/24 02:42,66,REM
11/16/24 02:43,61,REM
11/16/24 02:44,60,REM
11/16/24 02:45,68,REM
11/16/24 02:46,62,REM
11/16/24 02:47,60,REM
11/16/24 02:48,57,REM
11/16/24 02:49,71,REM
11/16/24 02:50,62,REM
11/16/24 02:51,64,REM
11/16/24 02:52,67,REM
11/16/24 02:53,68,REM
11/16/24 02:54,66,REM
11/16/24 02:55,60,REM
11/16/24 02:56,66,REM
11/16/24 02:57,69,REM
11/16/24 02:58,60,REM
11/16/24 02:59,64,REM
11/16/24 03:00,67,REM
11/16/24 03:01,67,REM
11/16/24 03:02,63,REM
11/16/24 03:03,62,REM
11/16/24 03:04,65,REM
11/16/24 03:05,70,REM
11/16/24 03:06,67,REM
11/16/24 03:07,63,REM
11/16/24 03:08,69,REM
11/16/24 03:09,61,REM
11/16/24 03:10,69,REM
11/16/24 03:11,61,REM
11/16/24 03:12,61,REM
11/16/24 03:13,65,REM
11/16/24 03:14,67,REM
11/16/24 03:15,63,REM
11/16/24 03:16,62,REM
11/16/24 03:17,65,REM
11/16/24 03:18,67,REM
11/16/24 03:19,63,REM
11/16/24 03:20,65,REM
11/16/24 03:21,63,REM
11/16/24 03:22,59,REM
11/16/24 03:23,57,REM
11/16/24 03:24,62,REM
11/16/24 03:25,64,REM
11/16/24 03:26,60,REM
11/16/24 03:27,65,REM
11/16/24 03:28,64,REM
11/16/24 03:29,60,REM
11/16/24 03:30,63,REM
11/16/24 03:31,60,REM
11/16/24 03:32,56,REM
11/16/24 03:33,68,REM
11/16/24 03:34,70,REM
11/16/24 03:35,71,REM
11/16/24 03:36,62,REM
11/16/24 03:37,64,REM
11/16/24 03:38,76,REM
11/16/24 03:39,66,REM
11/16/24 03:40,60,REM
11/16/24 03:41,66,REM
11/16/24 03:42,63,REM
11/16/24 03:43,60,REM
11/16/24 03:44,68,REM
11/16/24 03:45,59,REM
11/16/24 03:46,64,REM
11/16/24 03:47,65,REM
11/16/24 03:48,60,REM
11/16/24 03:49,70,REM
11/16/24 03:50,65,REM
11/16/24 03:51,64,REM
11/16/24 03:52,69,REM
11/16/24 03:53,62,REM
11/16/24 03:54,72,REM
11/16/24 03:55,57,REM
11/16/24 03:56,63,REM
11/16/24 03:57,68,REM
11/16/24 03:58,56,REM
11/16/24 03:59,69,REM
11/16/24 04:00,63,REM
11/16/24 04:01,64,REM
11/16/24 04:02,64,REM
11/16/24 04:03,67,REM
11/16/24 04:04,65,REM
11/16/24 04:05,58,REM
11/16/24 04:06,60,REM
11/16/24 04:07,65,REM
11/16/24 04:08,62,REM
11/16/24 04:09,65,REM
11/16/24 04:10,59,REM
11/16/24 04:11,58,REM
11/16/24 04:12,64,REM
11/16/24 04:13,57,deep
11/16/24 04:14,53,deep
11/16/24 04:15,55,deep
11/16/24 04:16,52,deep
11/16/24 04:17,53,deep
11/16/24 04:18,55,deep
11/16/24 04:19,57,deep
11/16/24 04:20,53,deep
11/16/24 04:21,54,deep
11/16/24 04:22,54,deep
11/16/24 04:23,55,deep
11/16/24 04:24,51,deep
11/16/24 04:25,56,deep
11/16/24 04:26,55,deep
11/16/24 04:27,55,deep
11/16/24 04:28,55,deep
11/16/24 04:29,56,deep
11/16/24 04:30,57,deep
11/16/24 04:31,55,deep
11/16/24 04:32,55,deep
11/16/24 04:33,54,deep
11/16/24 04:34,55,deep
11/16/24 04:35,56,deep
11/16/24 04:36,57,deep
11/16/24 04:37,52,deep
11/16/24 04:38,54,deep
11/16/24 04:39,56,deep
11/16/24 04:40,50,deep
11/16/24 04:41,54,deep
11/16/24 04:42,50,deep
11/16/24 04:43,53,deep
11/16/24 04:44,49,deep
11/16/24 04:45,54,deep
11/16/24 04:46,56,deep
11/16/24 04:47,52,deep
11/16/24 04:48,54,deep
11/16/24 04:49,53,deep
11/16/24 04:50,64,REM
11/16/24 04:51,61,REM
11/16/24 04:52,64,REM
11/16/24 04:53,70,REM
11/16/24 04:54,63,REM
11/16/24 04:55,66,REM
11/16/24 04:56,67,REM
11/16/24 04:57,67,REM
11/16/24 04:58,60,REM
11/16/24 04:59,61,REM
11/16/24 05:00,63,REM
11/16/24 05:01,62,REM
11/16/24 05:02,55,REM
11/16/24 05:03,67,REM
11/16/24 05:04,66,REM
11/16/24 05:05,70,REM
11/16/24 05:06,72,REM
11/16/24 05:07,62,REM
11/16/24 05:08,58,REM
11/16/24 05:09,71,REM
11/16/24 05:10,73,REM
11/16/24 05:11,62,REM
11/16/24 05:12,63,REM
11/16/24 05:13,64,REM
11/16/24 05:14,62,REM
11/16/24 05:15,65,REM
11/16/24 05:16,60,REM
11/16/24 05:17,64,REM
11/16/24 05:18,64,REM
11/16/24 05:19,60,REM
11/16/24 05:20,67,REM
11/16/24 05:21,62,REM
11/16/24 05:22,61,REM
11/16/24 05:23,61,REM
11/16/24 05:24,63,REM
11/16/24 05:25,63,REM
11/16/24 05:26,63,REM
11/16/24 05:27,67,REM
11/16/24 05:28,66,REM
11/16/24 05:29,67,REM
11/16/24 05:30,57,REM
11/16/24 05:31,62,REM
11/16/24 05:32,59,REM
11/16/24 05:33,66,REM
11/16/24 05:34,73,REM
11/16/24 05:35,70,REM
11/16/24 05:36,67,REM
11/16/24 05:37,67,REM
11/16/24 05:38,63,REM
11/16/24 05:39,62,REM
11/16/24 05:40,60,REM
11/16/24 05:41,61,REM
11/16/24 05:42,59,REM
11/16/24 05:43,60,REM
11/16/24 05:44,64,REM
11/16/24 05:45,58,REM
11/16/24 05:46,56,REM
11/16/24 05:47,60,REM
11/16/24 05:48,58,REM
11/16/24 05:49,58,REM
11/16/24 05:50,62,REM
11/16/24 05:51,65,REM
11/16/24 23:15,53,deep
11/16/24 23:16,55,deep
11/16/24 23:17,52,deep
11/16/24 23:18,55,deep
11/16/24 23:19,56,deep
11/16/24 23:20,50,deep
11/16/24 23:21,54,deep
11/16/24 23:22,55,deep
11/16/24 23:23,59,deep
11/16/24 23:24,56,deep
11/16/24 23:25,56,deep
11/16/24 23:26,57,deep
11/16/24 23:27,54,deep
11/16/24 23:28,55,deep
11/16/24 23:29,55,deep
11/16/24 23:30,54,deep
11/16/24 23:31,59,deep
11/16/24 23:32,55,deep
11/16/24 23:33,55,deep
11/16/24 23:34,52,deep
11/16/24 23:35,55,deep
11/16/24 23:36,55,deep
11/16/24 23:37,53,deep
11/16/24 23:38,56,deep
11/16/24 23:39,54,deep
11/16/24 23:40,51,deep
11/16/24 23:41,57,deep
11/16/24 23:42,55,deep
11/16/24 23:43,55,deep
11/16/24 23:44,58,deep
11/16/24 23:45,55,deep
11/16/24 23:46,52,deep
11/16/24 23:47,53,deep
11/16/24 23:48,52,deep
11/16/24 23:49,52,deep
11/16/24 23:50,56,deep
11/16/24 23:51,52,deep
11/16/24 23:52,57,deep
11/16/24 23:53,53,deep
11/16/24 23:54,53,deep
11/16/24 23:55,53,deep
11/16/24 23:56,56,deep
11/16/24 23:57,54,deep
11/16/24 23:58,55,deep
11/16/24 23:59,52,deep
11/17/24 00:00,55,deep
11/17/24 00:01,53,deep
11/17/24 00:02,59,deep
11/17/24 00:03,55,deep
11/17/24 00:04,56,deep
11/17/24 00:05,55,deep
11/17/24 00:06,53,deep
11/17/24 00:07,54,deep
11/17/24 00:08,55,deep
11/17/24 00:09,53,deep
11/17/24 00:10,56,deep
11/17/24 00:11,50,deep
11/17/24 00:12,53,deep
11/17/24 00:13,55,deep
11/17/24 00:14,53,deep
11/17/24 00:15,54,deep
11/17/24 00:16,52,deep
11/17/24 00:17,54,deep
11/17/24 00:18,54,deep
11/17/24 00:19,56,deep
11/17/24 00:20,50,deep
11/17/24 00:21,55,deep
11/17/24 00:22,56,deep
11/17/24 00:23,53,deep
11/17/24 00:24,54,deep
11/17/24 00:25,55,deep
11/17/24 00:26,53,deep
11/17/24 00:27,55,deep
11/17/24 00:28,56,deep
11/17/24 00:29,58,deep
11/17/24 00:30,55,deep
11/17/24 00:31,52,deep
11/17/24 00:32,51,deep
11/17/24 00:33,54,deep
11/17/24 00:34,56,deep
11/17/24 00:35,56,deep
11/17/24 00:36,53,deep
11/17/24 00:37,54,deep
11/17/24 00:38,51,deep
11/17/24 00:39,52,deep
11/17/24 00:40,51,deep
11/17/24 00:41,55,deep
11/17/24 00:42,55,deep
11/17/24 00:43,57,deep
11/17/24 00:44,52,deep
11/17/24 00:45,55,deep
11/17/24 00:46,56,deep
11/17/24 00:47,53,deep
11/17/24 00:48,56,deep
11/17/24 00:49,53,deep
11/17/24 00:50,56,deep
11/17/24 00:51,53,deep
11/17/24 00:52,55,deep
11/17/24 00:53,56,deep
11/17/24 00:54,52,deep
11/17/24 00:55,52,deep
11/17/24 00:56,57,deep
11/17/24 00:57,55,deep
11/17/24 00:58,56,deep
11/17/24 00:59,53,deep
11/17/24 01:00,52,deep
11/17/24 01:01,58,deep
11/17/24 01:02,52,deep
11/17/24 01:03,55,deep
11/17/24 01:04,54,deep
11/17/24 01:05,54,deep
11/17/24 01:06,54,deep
11/17/24 01:07,55,deep
11/17/24 01:08,53,deep
11/17/24 01:09,55,deep
11/17/24 01:10,55,deep
11/17/24 01:11,53,deep
11/17/24 01:12,56,deep
11/17/24 01:13,54,deep
11/17/24 01:14,53,deep
11/17/24 01:15,51,deep
11/17/24 01:16,54,deep
11/17/24 01:17,56,deep
11/17/24 01:18,53,deep
11/17/24 01:19,52,deep
11/17/24 01:20,55,deep
11/17/24 01:21,55,deep
11/17/24 01:22,48,deep
11/17/24 01:23,53,deep
11/17/24 01:24,55,deep
11/17/24 01:25,54,deep
11/17/24 01:26,55,deep
11/17/24 01:27,54,deep
11/17/24 01:28,54,deep
11/17/24 01:29,56,deep
11/17/24 01:30,54,deep
11/17/24 01:31,57,deep
11/17/24 01:32,55,deep
11/17/24 01:33,58,deep
11/17/24 01:34,57,deep
11/17/24 01:35,52,deep
11/17/24 01:36,53,deep
11/17/24 01:37,54,deep
11/17/24 01:38,52,deep
11/17/24 01:39,57,deep
11/17/24 01:40,55,deep
11/17/24 01:41,54,deep
11/17/24 01:42,56,deep
11/17/24 01:43,53,deep
11/17/24 01:44,55,deep
11/17/24 01:45,54,deep
11/17/24 01:46,52,deep
11/17/24 01:47,52,deep
11/17/24 01:48,55,deep
11/17/24 01:49,55,deep
11/17/24 01:50,54,deep
11/17/24 01:51,56,deep
11/17/24 01:52,56,deep
11/17/24 01:53,58,deep
11/17/24 01:54,57,deep
11/17/24 01:55,53,deep
11/17/24 01:56,54,deep
11/17/24 01:57,53,deep
11/17/24 01:58,55,deep
11/17/24 01:59,57,deep
11/17/24 02:00,51,deep
11/17/24 02:01,56,deep
11/17/24 02:02,58,deep
11/17/24 02:03,54,deep
11/17/24 02:04,54,deep
11/17/24 02:05,54,deep
11/17/24 02:06,51,deep
11/17/24 02:07,56,deep
11/17/24 02:08,58,deep
11/17/24 02:09,54,deep
11/17/24 02:10,56,deep
11/17/24 02:11,55,deep
11/17/24 02:12,56,deep
11/17/24 02:13,54,deep
11/17/24 02:14,53,deep
11/17/24 02:15,56,deep
11/17/24 02:16,53,deep
11/17/24 02:17,56,deep
11/17/24 02:18,56,deep
11/17/24 02:19,53,deep
11/17/24 02:20,53,deep
11/17/24 02:21,54,deep
11/17/24 02:22,54,deep
11/17/24 02:23,53,deep
11/17/24 02:24,55,deep
11/17/24 02:25,53,deep
11/17/24 02:26,58,deep
11/17/24 02:27,56,deep
11/17/24 02:28,52,deep
11/17/24 02:29,59,deep
11/17/24 02:30,58,deep
11/17/24 02:31,50,deep
11/17/24 02:32,51,deep
11/17/24 02:33,57,deep
11/17/24 02:34,53,deep
11/17/24 02:35,59,deep
11/17/24 02:36,55,deep
11/17/24 02:37,54,deep
11/17/24 02:38,53,deep
11/17/24 02:39,54,deep
11/17/24 02:40,54,deep
11/17/24 02:41,54,deep
11/17/24 02:42,54,deep
11/17/24 02:43,51,deep
11/17/24 02:44,51,deep
11/17/24 02:45,54,deep
11/17/24 02:46,56,deep
11/17/24 02:47,56,deep
11/17/24 02:48,56,deep
11/17/24 02:49,53,deep
11/17/24 02:50,58,deep
11/17/24 02:51,57,deep
11/17/24 02:52,53,deep
11/17/24 02:53,49,deep
11/17/24 02:54,74,wake
11/17/24 02:55,72,wake
11/17/24 02:56,64,wake
11/17/24 02:57,78,wake
11/17/24 02:58,63,wake
11/17/24 02:59,77,wake
11/17/24 03:00,69,wake
11/17/24 03:01,69,wake
11/17/24 03:02,69,wake
11/17/24 03:03,68,wake
11/17/24 03:04,73,wake
11/17/24 03:05,68,wake
11/17/24 03:06,71,wake
11/17/24 03:07,65,wake
11/17/24 03:08,73,wake
11/17/24 03:09,69,wake
11/17/24 03:10,74,wake
11/17/24 03:11,73,wake
11/17/24 03:12,69,wake
11/17/24 03:13,69,wake
11/17/24 03:14,66,wake
11/17/24 03:15,68,wake
11/17/24 03:16,73,wake
11/17/24 03:17,70,wake
11/17/24 03:18,67,wake
11/17/24 03:19,71,wake
11/17/24 03:20,80,wake
11/17/24 03:21,72,wake
11/17/24 03:22,68,wake
11/17/24 03:23,68,wake
11/17/24 03:24,67,wake
11/17/24 03:25,72,wake
11/17/24 03:26,68,wake
11/17/24 03:27,68,wake
11/17/24 03:28,79,wake
11/17/24 03:29,72,wake
11/17/24 03:30,68,wake
11/17/24 03:31,69,wake
11/17/24 03:32,69,wake
11/17/24 03:33,69,wake
11/17/24 03:34,63,wake
11/17/24 03:35,75,wake
11/17/24 03:36,63,wake
11/17/24 03:37,72,wake
11/17/24 03:38,74,wake
11/17/24 03:39,74,wake
11/17/24 03:40,74,wake
11/17/24 03:41,67,wake
11/17/24 03:42,63,wake
11/17/24 03:43,79,wake
11/17/24 03:44,64,wake
11/17/24 03:45,71,wake
11/17/24 03:46,61,wake
11/17/24 03:47,71,wake
11/17/24 03:48,67,wake
11/17/24 03:49,62,wake
11/17/24 03:50,75,wake
11/17/24 03:51,74,wake
11/17/24 03:52,73,wake
11/17/24 03:53,77,wake
11/17/24 03:54,57,deep
11/17/24 03:55,55,deep
11/17/24 03:56,53,deep
11/17/24 03:57,55,deep
11/17/24 03:58,55,deep
11/17/24 03:59,54,deep
11/17/24 04:00,53,deep
11/17/24 04:01,54,deep
11/17/24 04:02,57,deep
11/17/24 04:03,55,deep
11/17/24 04:04,56,deep
11/17/24 04:05,54,deep
11/17/24 04:06,57,deep
11/17/24 04:07,50,deep
11/17/24 04:08,54,deep
11/17/24 04:09,53,deep
11/17/24 04:10,53,deep
11/17/24 04:11,53,deep
11/17/24 04:12,52,deep
11/17/24 04:13,52,deep
11/17/24 04:14,54,deep
11/17/24 04:15,54,deep
11/17/24 04:16,52,deep
11/17/24 04:17,53,deep
11/17/24 04:18,55,deep
11/17/24 04:19,54,deep
11/17/24 04:20,55,deep
11/17/24 04:21,54,deep
11/17/24 04:22,57,deep
11/17/24 04:23,53,deep
11/17/24 04:24,55,deep
11/17/24 04:25,50,deep
11/17/24 04:26,50,deep
11/17/24 04:27,51,deep
11/17/24 04:28,52,deep
11/17/24 04:29,52,deep
11/17/24 04:30,55,deep
11/17/24 04:31,57,deep
11/17/24 04:32,52,deep
11/17/24 04:33,52,deep
11/17/24 04:34,56,deep
11/17/24 04:35,52,deep
11/17/24 04:36,58,deep
11/17/24 04:37,52,deep
11/17/24 04:38,58,deep
11/17/24 04:39,53,deep
11/17/24 04:40,55,deep
11/17/24 04:41,58,deep
11/17/24 04:42,56,deep
11/17/24 04:43,54,deep
11/17/24 04:44,55,deep
11/17/24 04:45,55,deep
11/17/24 04:46,58,deep
11/17/24 04:47,54,deep
11/17/24 04:48,54,deep
11/17/24 04:49,54,deep
11/17/24 04:50,55,deep
11/17/24 04:51,54,deep
11/17/24 04:52,54,deep
11/17/24 04:53,52,deep
11/17/24 04:54,52,deep
11/17/24 04:55,50,deep
11/17/24 04:56,57,deep
11/17/24 04:57,56,deep
11/17/24 04:58,54,deep
11/17/24 04:59,55,deep
11/17/24 05:00,55,deep
11/17/24 05:01,51,deep
11/17/24 05:02,52,deep
11/17/24 05:03,54,deep
11/17/24 05:04,50,deep
11/17/24 05:05,55,deep
11/17/24 05:06,55,deep
11/17/24 05:07,54,deep
11/17/24 05:08,50,deep
11/17/24 05:09,56,deep
11/17/24 05:10,53,deep
11/17/24 05:11,55,deep
11/17/24 05:12,54,deep
11/17/24 05:13,56,deep
11/17/24 05:14,57,deep
11/17/24 05:15,56,deep
11/17/24 05:16,56,deep
11/17/24 05:17,55,deep
11/17/24 05:18,53,deep
11/17/24 05:19,53,deep
11/17/24 05:20,53,deep
11/17/24 05:21,53,deep
11/17/24 05:22,55,deep
11/17/24 05:23,57,deep
11/17/24 05:24,51,deep
11/17/24 05:25,53,deep
11/17/24 05:26,54,deep
11/17/24 05:27,51,deep
11/17/24 05:28,54,deep
11/17/24 05:29,57,deep
11/17/24 05:30,50,deep
11/17/24 05:31,54,deep
11/17/24 05:32,54,deep
11/17/24 05:33,53,deep
11/17/24 05:34,55,deep
11/17/24 05:35,55,deep
11/17/24 05:36,54,deep
11/17/24 05:37,60,deep
11/17/24 05:38,53,deep
11/17/24 05:39,55,deep
11/17/24 05:40,55,deep
11/17/24 05:41,58,deep
11/17/24 05:42,56,deep
11/17/24 05:43,55,deep
11/17/24 05:44,56,deep
11/17/24 05:45,56,deep
11/17/24 05:46,55,deep
11/17/24 05:47,59,deep
11/17/24 05:48,58,light
11/17/24 05:49,61,light
11/17/24 05:50,63,light
11/17/24 05:51,65,light
11/17/24 05:52,58,light
11/17/24 05:53,65,light
11/17/24 05:54,59,light
11/17/24 05:55,56,light
11/17/24 05:56,59,light
11/17/24 05:57,67,light
11/17/24 05:58,60,light
11/17/24 05:59,59,light
11/17/24 06:00,68,light
11/17/24 06:01,59,light
11/17/24 06:02,59,light
11/17/24 06:03,57,light
11/17/24 06:04,57,light
11/17/24 06:05,59,light
11/17/24 06:06,64,light
11/17/24 06:07,63,light
11/17/24 06:08,59,light
11/17/24 06:09,57,light
11/17/24 06:10,63,light
11/17/24 06:11,58,light
11/17/24 06:12,57,light
11/17/24 06:13,64,light
11/17/24 06:14,60,light
11/17/24 06:15,62,light
11/17/24 06:16,58,light
11/17/24 06:17,57,light
11/17/24 06:18,64,light
11/17/24 06:19,55,light
11/17/24 06:20,61,light
11/17/24 06:21,67,light
11/17/24 06:22,73,wake
11/17/24 06:23,62,wake
11/17/24 06:24,71,wake
11/17/24 06:25,78,wake
11/17/24 06:26,71,wake
11/17/24 06:27,71,wake
11/17/24 06:28,74,wake
11/17/24 06:29,64,wake
11/17/24 06:30,69,wake
11/17/24 06:31,71,wake
11/17/24 06:32,70,wake
11/17/24 06:33,69,wake
11/17/24 06:34,60,wake
11/17/24 06:35,65,wake
11/17/24 06:36,70,wake
11/17/24 06:37,72,wake
11/17/24 06:38,75,wake
11/17/24 06:39,68,wake
11/17/24 06:40,68,wake
11/17/24 06:41,64,wake
11/17/24 06:42,75,wake
11/17/24 06:43,63,wake
11/17/24 06:44,74,wake
11/17/24 06:45,69,wake
11/17/24 06:46,69,wake
11/17/24 06:47,69,wake
11/17/24 06:48,66,wake
11/17/24 06:49,65,wake
11/17/24 06:50,71,wake
11/17/24 06:51,65,wake
11/17/24 06:52,70,wake
11/17/24 06:53,73,wake
11/17/24 06:54,63,wake
11/17/24 06:55,65,wake
11/17/24 06:56,73,wake
11/17/24 06:57,67,wake
11/17/24 06:58,71,wake
11/17/24 06:59,72,wake
11/17/24 07:00,71,wake
11/17/24 07:01,69,wake
11/17/24 07:02,74,wake
11/17/24 07:03,55,wake
11/17/24 07:04,66,wake
11/17/24 07:05,80,wake
11/17/24 07:06,67,wake
11/17/24 07:07,73,wake
11/17/24 07:08,62,wake
11/17/24 07:09,70,wake
11/17/24 07:10,68,wake
11/17/24 07:11,69,wake
11/17/24 07:12,70,wake
11/17/24 07:13,72,wake
11/17/24 07:14,69,wake
11/17/24 07:15,66,wake
11/17/24 07:16,68,wake
11/17/24 07:17,69,wake
11/17/24 07:18,64,wake
11/17/24 07:19,64,wake
11/17/24 07:20,73,wake
11/17/24 07:21,75,wake
11/17/24 07:22,64,wake
11/17/24 07:23,72,wake
11/17/24 07:24,69,wake
11/17/24 07:25,74,wake
11/17/24 07:26,67,wake
11/17/24 07:27,76,wake
11/17/24 07:28,60,wake
11/17/24 07:29,72,wake
11/17/24 07:30,74,wake
11/17/24 07:31,77,wake
11/17/24 07:32,66,wake
11/17/24 07:33,72,wake
11/17/24 07:34,70,wake
11/17/24 07:35,62,wake
11/17/24 07:36,70,wake
11/17/24 07:37,66,wake
11/17/24 07:38,67,wake
11/17/24 07:39,70,wake
11/17/24 07:40,71,wake
11/17/24 07:41,67,wake
11/17/24 07:42,66,wake
11/17/24 07:43,66,wake
11/17/24 07:44,62,wake
11/17/24 07:45,66,REM
11/17/24 07:46,63,REM
11/17/24 07:47,66,REM
11/17/24 07:48,64,REM
11/17/24 07:49,62,REM
11/17/24 07:50,65,REM
11/17/24 07:51,68,REM
11/17/24 07:52,63,REM
11/17/24 07:53,58,REM
11/17/24 07:54,66,REM
11/17/24 07:55,59,REM
11/17/24 07:56,70,REM
11/17/24 07:57,67,REM
11/17/24 07:58,64,REM
11/17/24 07:59,71,REM
11/17/24 08:00,61,REM
11/17/24 23:00,60,light
11/17/24 23:01,59,light
11/17/24 23:02,56,light
11/17/24 23:03,53,light
11/17/24 23:04,65,light
11/17/24 23:05,61,light
11/17/24 23:06,60,light
11/17/24 23:07,57,light
11/17/24 23:08,57,light
11/17/24 23:09,61,light
11/17/24 23:10,65,light
11/17/24 23:11,61,light
11/17/24 23:12,57,light
11/17/24 23:13,55,light
11/17/24 23:14,65,light
11/17/24 23:15,56,light
11/17/24 23:16,60,light
11/17/24 23:17,58,light
11/17/24 23:18,60,light
11/17/24 23:19,57,light
11/17/24 23:20,53,light
11/17/24 23:21,58,light
11/17/24 23:22,63,light
11/17/24 23:23,63,light
11/17/24 23:24,54,light
11/17/24 23:25,59,light
11/17/24 23:26,61,light
11/17/24 23:27,61,light
11/17/24 23:28,61,light
11/17/24 23:29,55,light
11/17/24 23:30,55,light
11/17/24 23:31,61,light
11/17/24 23:32,59,light
11/17/24 23:33,59,light
11/17/24 23:34,59,light
11/17/24 23:35,57,light
11/17/24 23:36,62,light
11/17/24 23:37,58,light
11/17/24 23:38,67,light
11/17/24 23:39,57,light
11/17/24 23:40,59,light
11/17/24 23:41,56,light
11/17/24 23:42,61,light
11/17/24 23:43,58,light
11/17/24 23:44,58,light
11/17/24 23:45,60,light
11/17/24 23:46,57,light
11/17/24 23:47,54,light
11/17/24 23:48,58,light
11/17/24 23:49,60,light
11/17/24 23:50,53,light
11/17/24 23:51,63,light
11/17/24 23:52,58,light
11/17/24 23:53,62,light
11/17/24 23:54,63,light
11/17/24 23:55,60,light
11/17/24 23:56,58,light
11/17/24 23:57,63,light
11/17/24 23:58,62,light
11/17/24 23:59,61,light
11/18/24 00:00,61,light
11/18/24 00:01,63,light
11/18/24 00:02,56,light
11/18/24 00:03,60,light
11/18/24 00:04,63,light
11/18/24 00:05,62,light
11/18/24 00:06,64,light
11/18/24 00:07,57,light
11/18/24 00:08,54,light
11/18/24 00:09,60,light
11/18/24 00:10,63,light
11/18/24 00:11,58,light
11/18/24 00:12,62,light
11/18/24 00:13,62,light
11/18/24 00:14,63,light
11/18/24 00:15,59,light
11/18/24 00:16,62,light
11/18/24 00:17,60,light
11/18/24 00:18,55,light
11/18/24 00:19,56,light
11/18/24 00:20,58,light
11/18/24 00:21,63,light
11/18/24 00:22,60,light
11/18/24 00:23,59,light
11/18/24 00:24,60,light
11/18/24 00:25,62,light
11/18/24 00:26,59,light
11/18/24 00:27,51,light
11/18/24 00:28,62,light
11/18/24 00:29,60,light
11/18/24 00:30,58,light
11/18/24 00:31,56,light
11/18/24 00:32,61,light
11/18/24 00:33,57,light
11/18/24 00:34,63,light
11/18/24 00:35,58,light
11/18/24 00:36,62,light
11/18/24 00:37,63,light
11/18/24 00:38,56,light
11/18/24 00:39,65,light
11/18/24 00:40,60,light
11/18/24 00:41,61,light
11/18/24 00:42,55,light
11/18/24 00:43,61,light
11/18/24 00:44,50,light
11/18/24 00:45,63,light
11/18/24 00:46,54,light
11/18/24 00:47,61,light
11/18/24 00:48,58,light
11/18/24 00:49,61,light
11/18/24 00:50,53,light
11/18/24 00:51,61,wake
11/18/24 00:52,79,wake
11/18/24 00:53,74,wake
11/18/24 00:54,72,wake
11/18/24 00:55,60,wake
11/18/24 00:56,69,wake
11/18/24 00:57,72,wake
11/18/24 00:58,73,wake
11/18/24 00:59,69,wake
11/18/24 01:00,73,wake
11/18/24 01:01,66,wake
11/18/24 01:02,72,wake
11/18/24 01:03,73,wake
11/18/24 01:04,74,wake
11/18/24 01:05,64,wake
11/18/24 01:06,83,wake
11/18/24 01:07,66,wake
11/18/24 01:08,67,wake
11/18/24 01:09,73,wake
11/18/24 01:10,67,wake
11/18/24 01:11,68,wake
11/18/24 01:12,59,wake
11/18/24 01:13,66,wake
11/18/24 01:14,76,wake
11/18/24 01:15,67,wake
11/18/24 01:16,66,wake
11/18/24 01:17,68,wake
11/18/24 01:18,61,wake
11/18/24 01:19,71,wake
11/18/24 01:20,71,wake
11/18/24 01:21,68,wake
11/18/24 01:22,58,light
11/18/24 01:23,59,light
11/18/24 01:24,59,light
11/18/24 01:25,61,light
11/18/24 01:26,58,light
11/18/24 01:27,61,light
11/18/24 01:28,58,light
11/18/24 01:29,60,light
11/18/24 01:30,62,light
11/18/24 01:31,63,light
11/18/24 01:32,61,light
11/18/24 01:33,57,light
11/18/24 01:34,59,light
11/18/24 01:35,62,light
11/18/24 01:36,54,light
11/18/24 01:37,60,light
11/18/24 01:38,60,light
11/18/24 01:39,55,light
11/18/24 01:40,60,light
11/18/24 01:41,56,light
11/18/24 01:42,60,light
11/18/24 01:43,55,light
11/18/24 01:44,55,light
11/18/24 01:45,60,light
11/18/24 01:46,61,light
11/18/24 01:47,62,light
11/18/24 01:48,65,light
11/18/24 01:49,58,light
11/18/24 01:50,60,light
11/18/24 01:51,62,light
11/18/24 01:52,58,light
11/18/24 01:53,54,light
11/18/24 01:54,57,light
11/18/24 01:55,56,light
11/18/24 01:56,59,light
11/18/24 01:57,60,light
11/18/24 01:58,55,light
11/18/24 01:59,59,light
11/18/24 02:00,56,light
11/18/24 02:01,58,light
11/18/24 02:02,59,light
11/18/24 02:03,63,light
11/18/24 02:04,59,light
11/18/24 02:05,57,light
11/18/24 02:06,61,light
11/18/24 02:07,60,light
11/18/24 02:08,57,light
11/18/24 02:09,59,light
11/18/24 02:10,63,light
11/18/24 02:11,56,light
11/18/24 02:12,63,light
11/18/24 02:13,56,light
11/18/24 02:14,60,light
11/18/24 02:15,62,light
11/18/24 02:16,59,light
11/18/24 02:17,59,light
11/18/24 02:18,62,light
11/18/24 02:19,58,light
11/18/24 02:20,57,light
11/18/24 02:21,63,light
11/18/24 02:22,64,light
11/18/24 02:23,59,light
11/18/24 02:24,61,light
11/18/24 02:25,60,light
11/18/24 02:26,54,light
11/18/24 02:27,56,light
11/18/24 02:28,59,light
11/18/24 02:29,61,light
11/18/24 02:30,60,light
11/18/24 02:31,63,light
11/18/24 02:32,56,light
11/18/24 02:33,56,light
11/18/24 02:34,58,light
11/18/24 02:35,58,light
11/18/24 02:36,63,light
11/18/24 02:37,57,light
11/18/24 02:38,60,light
11/18/24 02:39,58,light
11/18/24 02:40,55,light
11/18/24 02:41,59,light
11/18/24 02:42,65,light
11/18/24 02:43,57,light
11/18/24 02:44,60,light
11/18/24 02:45,56,light
11/18/24 02:46,62,light
11/18/24 02:47,60,light
11/18/24 02:48,57,light
11/18/24 02:49,57,light
11/18/24 02:50,63,light
11/18/24 02:51,55,light
11/18/24 02:52,56,light
11/18/24 02:53,58,light
11/18/24 02:54,62,light
11/18/24 02:55,58,light
11/18/24 02:56,57,light
11/18/24 02:57,73,wake
11/18/24 02:58,75,wake
11/18/24 02:59,66,wake
11/18/24 03:00,68,wake
11/18/24 03:01,68,wake
11/18/24 03:02,71,wake
11/18/24 03:03,72,wake
11/18/24 03:04,78,wake
11/18/24 03:05,71,wake
11/18/24 03:06,76,wake
11/18/24 03:07,67,wake
11/18/24 03:08,71,wake
11/18/24 03:09,76,wake
11/18/24 03:10,69,wake
11/18/24 03:11,70,wake
11/18/24 03:12,74,wake
11/18/24 03:13,62,wake
11/18/24 03:14,78,wake
11/18/24 03:15,72,wake
11/18/24 03:16,68,wake
11/18/24 03:17,77,wake
11/18/24 03:18,71,wake
11/18/24 03:19,68,wake
11/18/24 03:20,63,wake
11/18/24 03:21,73,wake
11/18/24 03:22,69,wake
11/18/24 03:23,66,wake
11/18/24 03:24,72,wake
11/18/24 03:25,69,wake
11/18/24 03:26,72,wake
11/18/24 03:27,63,wake
11/18/24 03:28,71,wake
11/18/24 03:29,82,wake
11/18/24 03:30,65,wake
11/18/24 03:31,65,wake
11/18/24 03:32,57,wake
11/18/24 03:33,71,wake
11/18/24 03:34,70,wake
11/18/24 03:35,77,wake
11/18/24 03:36,70,wake
11/18/24 03:37,68,wake
11/18/24 03:38,70,wake
11/18/24 03:39,73,wake
11/18/24 03:40,67,wake
11/18/24 03:41,76,wake
11/18/24 03:42,48,deep
11/18/24 03:43,55,deep
11/18/24 03:44,54,deep
11/18/24 03:45,55,deep
11/18/24 03:46,54,deep
11/18/24 03:47,54,deep
11/18/24 03:48,54,deep
11/18/24 03:49,56,deep
11/18/24 03:50,56,deep
11/18/24 03:51,52,deep
11/18/24 03:52,52,deep
11/18/24 03:53,54,deep
11/18/24 03:54,56,deep
11/18/24 03:55,51,deep
11/18/24 03:56,58,deep
11/18/24 03:57,54,deep
11/18/24 03:58,55,deep
11/18/24 03:59,56,deep
11/18/24 04:00,53,deep
11/18/24 04:01,55,deep
11/18/24 04:02,52,deep
11/18/24 04:03,54,deep
11/18/24 04:04,58,deep
11/18/24 04:05,54,deep
11/18/24 04:06,55,deep
11/18/24 04:07,52,deep
11/18/24 04:08,54,deep
11/18/24 04:09,53,deep
11/18/24 04:10,54,deep
11/18/24 04:11,51,deep
11/18/24 04:12,55,deep
11/18/24 04:13,56,deep
11/18/24 04:14,59,deep
11/18/24 04:15,58,deep
11/18/24 04:16,56,deep
11/18/24 04:17,58,deep
11/18/24 04:18,59,deep
11/18/24 04:19,52,deep
11/18/24 04:20,55,deep
11/18/24 04:21,55,deep
11/18/24 04:22,53,deep
11/18/24 04:23,55,deep
11/18/24 04:24,54,deep
11/18/24 04:25,53,deep
11/18/24 04:26,53,deep
11/18/24 04:27,52,deep
11/18/24 04:28,55,deep
11/18/24 04:29,54,deep
11/18/24 04:30,55,deep
11/18/24 04:31,54,deep
11/18/24 04:32,54,deep
11/18/24 04:33,56,deep
11/18/24 04:34,56,deep
11/18/24 04:35,57,deep
11/18/24 04:36,54,deep
11/18/24 04:37,54,deep
11/18/24 04:38,55,deep
11/18/24 04:39,55,deep
11/18/24 04:40,53,deep
11/18/24 04:41,53,deep
11/18/24 04:42,55,deep
11/18/24 04:43,54,deep
11/18/24 04:44,52,deep
11/18/24 04:45,55,deep
11/18/24 04:46,53,deep
11/18/24 04:47,56,deep
11/18/24 04:48,50,deep
11/18/24 04:49,57,deep
11/18/24 04:50,52,deep
11/18/24 04:51,57,deep
11/18/24 04:52,53,deep
11/18/24 04:53,51,deep
11/18/24 04:54,55,deep
11/18/24 04:55,55,deep
11/18/24 04:56,52,deep
11/18/24 04:57,52,deep
11/18/24 04:58,54,deep
11/18/24 04:59,52,deep
11/18/24 05:00,53,deep
11/18/24 05:01,53,deep
11/18/24 05:02,56,deep
11/18/24 05:03,54,deep
11/18/24 05:04,55,deep
11/18/24 05:05,56,deep
11/18/24 05:06,57,deep
11/18/24 05:07,57,deep
11/18/24 05:08,54,deep
11/18/24 05:09,52,deep
11/18/24 05:10,53,deep
11/18/24 05:11,55,deep
11/18/24 05:12,55,deep
11/18/24 05:13,59,deep
11/18/24 05:14,50,deep
11/18/24 05:15,56,deep
11/18/24 05:16,54,deep
11/18/24 05:17,54,deep
11/18/24 05:18,54,deep
11/18/24 05:19,63,wake
11/18/24 05:20,72,wake
11/18/24 05:21,69,wake
11/18/24 05:22,77,wake
11/18/24 05:23,76,wake
11/18/24 05:24,68,wake
11/18/24 05:25,78,wake
11/18/24 05:26,72,wake
11/18/24 05:27,61,wake
11/18/24 05:28,70,wake
11/18/24 05:29,60,wake
11/18/24 05:30,71,wake
11/18/24 05:31,73,wake
11/18/24 05:32,69,wake
11/18/24 05:33,72,wake
11/18/24 05:34,73,wake
11/18/24 05:35,70,wake
11/18/24 05:36,66,wake
11/18/24 05:37,72,wake
11/18/24 05:38,66,wake
11/18/24 05:39,72,wake
11/18/24 05:40,74,wake
11/18/24 05:41,68,wake
11/18/24 05:42,75,wake
11/18/24 05:43,74,wake
11/18/24 05:44,76,wake
11/18/24 05:45,71,wake
11/18/24 05:46,78,wake
11/18/24 05:47,69,wake
11/18/24 05:48,72,wake
11/18/24 05:49,75,wake
11/18/24 05:50,67,wake
11/18/24 05:51,67,wake
11/18/24 05:52,71,wake
11/18/24 05:53,72,wake
11/18/24 05:54,71,wake
11/18/24 05:55,70,wake
11/18/24 05:56,67,wake
11/18/24 05:57,74,wake
11/18/24 05:58,62,wake
11/18/24 05:59,68,wake
11/18/24 06:00,66,wake
11/18/24 06:01,66,wake
11/18/24 06:02,57,light
11/18/24 06:03,62,light
11/18/24 06:04,53,light
11/18/24 06:05,59,light
11/18/24 06:06,58,light
11/18/24 06:07,60,light
11/18/24 06:08,56,light
11/18/24 06:09,58,light
11/18/24 06:10,62,light
11/18/24 06:11,65,light
11/18/24 06:12,59,light
11/18/24 06:13,56,light
11/18/24 06:14,63,light
11/18/24 06:15,66,light
11/18/24 06:16,63,light
11/18/24 06:17,56,light
11/18/24 06:18,55,light
11/18/24 21:45,55,light
11/18/24 21:46,58,light
11/18/24 21:47,58,light
11/18/24 21:48,62,light
11/18/24 21:49,60,light
11/18/24 21:50,56,light
11/18/24 21:51,68,light
11/18/24 21:52,63,light
11/18/24 21:53,64,light
11/18/24 21:54,58,light
11/18/24 21:55,61,light
11/18/24 21:56,61,light
11/18/24 21:57,58,light
11/18/24 21:58,54,light
11/18/24 21:59,60,light
11/18/24 22:00,59,light
11/18/24 22:01,60,light
11/18/24 22:02,60,light
11/18/24 22:03,56,light
11/18/24 22:04,65,light
11/18/24 22:05,60,light
11/18/24 22:06,60,light
11/18/24 22:07,56,light
11/18/24 22:08,59,light
11/18/24 22:09,60,light
11/18/24 22:10,59,light
11/18/24 22:11,62,light
11/18/24 22:12,63,light
11/18/24 22:13,61,light
11/18/24 22:14,57,light
11/18/24 22:15,64,light
11/18/24 22:16,58,light
11/18/24 22:17,56,light
11/18/24 22:18,55,light
11/18/24 22:19,66,light
11/18/24 22:20,59,light
11/18/24 22:21,57,light
11/18/24 22:22,60,light
11/18/24 22:23,58,light
11/18/24 22:24,54,light
11/18/24 22:25,60,light
11/18/24 22:26,55,light
11/18/24 22:27,60,light
11/18/24 22:28,62,light
11/18/24 22:29,63,light
11/18/24 22:30,55,light
11/18/24 22:31,61,light
11/18/24 22:32,61,light
11/18/24 22:33,60,light
11/18/24 22:34,62,light
11/18/24 22:35,57,light
11/18/24 22:36,62,light
11/18/24 22:37,60,light
11/18/24 22:38,60,light
11/18/24 22:39,61,light
11/18/24 22:40,61,light
11/18/24 22:41,57,light
11/18/24 22:42,60,light
11/18/24 22:43,57,light
11/18/24 22:44,60,light
11/18/24 22:45,55,light
11/18/24 22:46,60,light
11/18/24 22:47,59,light
11/18/24 22:48,55,light
11/18/24 22:49,56,light
11/18/24 22:50,57,light
11/18/24 22:51,58,light
11/18/24 22:52,61,light
11/18/24 22:53,60,light
11/18/24 22:54,58,light
11/18/24 22:55,63,light
11/18/24 22:56,63,light
11/18/24 22:57,57,light
11/18/24 22:58,60,light
11/18/24 22:59,57,light
11/18/24 23:00,58,light
11/18/24 23:01,61,light
11/18/24 23:02,61,light
11/18/24 23:03,62,light
11/18/24 23:04,62,light
11/18/24 23:05,62,light
11/18/24 23:06,61,light
11/18/24 23:07,56,light
11/18/24 23:08,58,light
11/18/24 23:09,59,light
11/18/24 23:10,62,light
11/18/24 23:11,57,light
11/18/24 23:12,61,light
11/18/24 23:13,58,light
11/18/24 23:14,57,light
11/18/24 23:15,60,light
11/18/24 23:16,61,light
11/18/24 23:17,62,light
11/18/24 23:18,67,light
11/18/24 23:19,66,light
11/18/24 23:20,59,light
11/18/24 23:21,54,deep
11/18/24 23:22,54,deep
11/18/24 23:23,56,deep
11/18/24 23:24,53,deep
11/18/24 23:25,57,deep
11/18/24 23:26,55,deep
11/18/24 23:27,53,deep
11/18/24 23:28,55,deep
11/18/24 23:29,54,deep
11/18/24 23:30,52,deep
11/18/24 23:31,52,deep
11/18/24 23:32,54,deep
11/18/24 23:33,52,deep
11/18/24 23:34,52,deep
11/18/24 23:35,55,deep
11/18/24 23:36,55,deep
11/18/24 23:37,56,deep
11/18/24 23:38,56,deep
11/18/24 23:39,54,deep
11/18/24 23:40,59,deep
11/18/24 23:41,56,deep
11/18/24 23:42,55,deep
11/18/24 23:43,56,deep
11/18/24 23:44,55,deep
11/18/24 23:45,51,deep
11/18/24 23:46,56,deep
11/18/24 23:47,51,deep
11/18/24 23:48,55,deep
11/18/24 23:49,55,deep
11/18/24 23:50,54,deep
11/18/24 23:51,55,deep
11/18/24 23:52,55,deep
11/18/24 23:53,56,deep
11/18/24 23:54,53,deep
11/18/24 23:55,55,deep
11/18/24 23:56,58,deep
11/18/24 23:57,57,deep
11/18/24 23:58,59,deep
11/18/24 23:59,53,deep
11/19/24 00:00,56,deep
11/19/24 00:01,57,deep
11/19/24 00:02,53,deep
11/19/24 00:03,55,deep
11/19/24 00:04,52,deep
11/19/24 00:05,52,deep
11/19/24 00:06,54,deep
11/19/24 00:07,53,deep
11/19/24 00:08,56,deep
11/19/24 00:09,55,deep
11/19/24 00:10,55,deep
11/19/24 00:11,55,deep
11/19/24 00:12,54,deep
11/19/24 00:13,53,deep
11/19/24 00:14,56,deep
11/19/24 00:15,54,deep
11/19/24 00:16,57,deep
11/19/24 00:17,52,deep
11/19/24 00:18,57,deep
11/19/24 00:19,53,deep
11/19/24 00:20,55,deep
11/19/24 00:21,51,deep
11/19/24 00:22,52,deep
11/19/24 00:23,53,deep
11/19/24 00:24,57,deep
11/19/24 00:25,53,deep
11/19/24 00:26,53,deep
11/19/24 00:27,54,deep
11/19/24 00:28,55,deep
11/19/24 00:29,54,deep
11/19/24 00:30,54,deep
11/19/24 00:31,52,deep
11/19/24 00:32,53,deep
11/19/24 00:33,53,deep
11/19/24 00:34,56,deep
11/19/24 00:35,57,deep
11/19/24 00:36,53,deep
11/19/24 00:37,55,deep
11/19/24 00:38,52,deep
11/19/24 00:39,51,deep
11/19/24 00:40,52,deep
11/19/24 00:41,56,deep
11/19/24 00:42,56,deep
11/19/24 00:43,54,deep
11/19/24 00:44,54,deep
11/19/24 00:45,53,deep
11/19/24 00:46,56,deep
11/19/24 00:47,55,deep
11/19/24 00:48,53,deep
11/19/24 00:49,54,deep
11/19/24 00:50,57,deep
11/19/24 00:51,58,deep
11/19/24 00:52,55,deep
11/19/24 00:53,57,deep
11/19/24 00:54,52,deep
11/19/24 00:55,56,deep
11/19/24 00:56,55,deep
11/19/24 00:57,59,deep
11/19/24 00:58,51,deep
11/19/24 00:59,54,deep
11/19/24 01:00,58,deep
11/19/24 01:01,54,deep
11/19/24 01:02,54,deep
11/19/24 01:03,57,deep
11/19/24 01:04,52,deep
11/19/24 01:05,60,deep
11/19/24 01:06,53,deep
11/19/24 01:07,52,deep
11/19/24 01:08,58,deep
11/19/24 01:09,60,deep
11/19/24 01:10,53,deep
11/19/24 01:11,56,deep
11/19/24 01:12,53,deep
11/19/24 01:13,55,deep
11/19/24 01:14,52,deep
11/19/24 01:15,55,deep
11/19/24 01:16,54,deep
11/19/24 01:17,54,deep
11/19/24 01:18,54,light
11/19/24 01:19,62,light
11/19/24 01:20,55,light
11/19/24 01:21,60,light
11/19/24 01:22,57,light
11/19/24 01:23,61,light
11/19/24 01:24,62,light
11/19/24 01:25,59,light
11/19/24 01:26,60,light
11/19/24 01:27,60,light
11/19/24 01:28,62,light
11/19/24 01:29,59,light
11/19/24 01:30,64,light
11/19/24 01:31,62,light
11/19/24 01:32,60,light
11/19/24 01:33,58,light
11/19/24 01:34,55,light
11/19/24 01:35,59,light
11/19/24 01:36,51,light
11/19/24 01:37,61,light
11/19/24 01:38,60,light
11/19/24 01:39,59,light
11/19/24 01:40,59,light
11/19/24 01:41,62,light
11/19/24 01:42,55,light
11/19/24 01:43,63,light
11/19/24 01:44,58,light
11/19/24 01:45,58,light
11/19/24 01:46,60,light
11/19/24 01:47,54,light
11/19/24 01:48,59,light
11/19/24 01:49,63,light
11/19/24 01:50,63,light
11/19/24 01:51,53,light
11/19/24 01:52,60,light
11/19/24 01:53,57,light
11/19/24 01:54,63,light
11/19/24 01:55,59,light
11/19/24 01:56,57,light
11/19/24 01:57,60,light
11/19/24 01:58,59,light
11/19/24 01:59,64,light
11/19/24 02:00,60,light
11/19/24 02:01,62,light
11/19/24 02:02,58,light
11/19/24 02:03,57,light
11/19/24 02:04,61,light
11/19/24 02:05,57,light
11/19/24 02:06,66,light
11/19/24 02:07,65,light
11/19/24 02:08,66,light
11/19/24 02:09,55,light
11/19/24 02:10,62,light
11/19/24 02:11,62,light
11/19/24 02:12,61,wake
11/19/24 02:13,68,wake
11/19/24 02:14,75,wake
11/19/24 02:15,57,wake
11/19/24 02:16,76,wake
11/19/24 02:17,75,wake
11/19/24 02:18,72,wake
11/19/24 02:19,67,wake
11/19/24 02:20,69,wake
11/19/24 02:21,79,wake
11/19/24 02:22,66,wake
11/19/24 02:23,69,wake
11/19/24 02:24,70,wake
11/19/24 02:25,71,wake
11/19/24 02:26,71,wake
11/19/24 02:27,74,wake
11/19/24 02:28,64,wake
11/19/24 02:29,71,wake
11/19/24 02:30,80,wake
11/19/24 02:31,70,wake
11/19/24 02:32,62,wake
11/19/24 02:33,71,wake
11/19/24 02:34,73,wake
11/19/24 02:35,73,wake
11/19/24 02:36,73,wake
11/19/24 02:37,76,wake
11/19/24 02:38,72,wake
11/19/24 02:39,68,wake
11/19/24 02:40,68,wake
11/19/24 02:41,80,wake
11/19/24 02:42,75,wake
11/19/24 02:43,66,wake
11/19/24 02:44,67,wake
11/19/24 02:45,66,wake
11/19/24 02:46,64,wake
11/19/24 02:47,68,wake
11/19/24 02:48,71,wake
11/19/24 02:49,70,wake
11/19/24 02:50,68,wake
11/19/24 02:51,73,wake
11/19/24 02:52,70,wake
11/19/24 02:53,80,wake
11/19/24 02:54,70,wake
11/19/24 02:55,65,wake
11/19/24 02:56,75,wake
11/19/24 02:57,75,wake
11/19/24 02:58,71,wake
11/19/24 02:59,69,wake
11/19/24 03:00,69,wake
11/19/24 03:01,72,wake
11/19/24 03:02,65,wake
11/19/24 03:03,68,wake
11/19/24 03:04,66,wake
11/19/24 03:05,65,wake
11/19/24 03:06,69,wake
11/19/24 03:07,77,wake
11/19/24 03:08,67,wake
11/19/24 03:09,72,wake
11/19/24 03:10,61,wake
11/19/24 03:11,67,wake
11/19/24 03:12,79,wake
11/19/24 03:13,73,wake
11/19/24 03:14,74,wake
11/19/24 03:15,68,wake
11/19/24 03:16,70,wake
11/19/24 03:17,70,wake
11/19/24 03:18,74,wake
11/19/24 03:19,72,wake
11/19/24 03:20,54,deep
11/19/24 03:21,52,deep
11/19/24 03:22,56,deep
11/19/24 03:23,52,deep
11/19/24 03:24,55,deep
11/19/24 03:25,54,deep
11/19/24 03:26,54,deep
11/19/24 03:27,56,deep
11/19/24 03:28,55,deep
11/19/24 03:29,50,deep
11/19/24 03:30,53,deep
11/19/24 03:31,53,deep
11/19/24 03:32,56,deep
11/19/24 03:33,57,deep
11/19/24 03:34,54,deep
11/19/24 03:35,52,deep
11/19/24 03:36,55,deep
11/19/24 03:37,56,deep
11/19/24 03:38,55,deep
11/19/24 03:39,55,deep
11/19/24 03:40,55,deep
11/19/24 03:41,55,deep
11/19/24 03:42,57,deep
11/19/24 03:43,53,deep
11/19/24 03:44,53,deep
11/19/24 03:45,55,deep
11/19/24 03:46,56,deep
11/19/24 03:47,52,deep
11/19/24 03:48,55,deep
11/19/24 03:49,56,deep
11/19/24 03:50,55,deep
11/19/24 03:51,56,deep
11/19/24 03:52,53,deep
11/19/24 03:53,54,deep
11/19/24 03:54,53,deep
11/19/24 03:55,54,deep
11/19/24 03:56,56,deep
11/19/24 03:57,51,deep
11/19/24 03:58,56,deep
11/19/24 03:59,56,deep
11/19/24 04:00,54,deep
11/19/24 04:01,53,deep
11/19/24 04:02,55,deep
11/19/24 04:03,56,deep
11/19/24 04:04,55,deep
11/19/24 04:05,54,deep
11/19/24 04:06,53,deep
11/19/24 04:07,51,deep
11/19/24 04:08,50,deep
11/19/24 04:09,55,deep
11/19/24 04:10,53,deep
11/19/24 04:11,54,deep
11/19/24 04:12,53,deep
11/19/24 04:13,52,deep
11/19/24 04:14,53,deep
11/19/24 04:15,51,deep
11/19/24 04:16,52,deep
11/19/24 04:17,52,deep
11/19/24 04:18,54,deep
11/19/24 04:19,53,deep
11/19/24 04:20,56,deep
11/19/24 04:21,56,deep
11/19/24 04:22,52,deep
11/19/24 04:23,53,deep
11/19/24 04:24,51,deep
11/19/24 04:25,56,deep
11/19/24 04:26,55,deep
11/19/24 04:27,54,deep
11/19/24 04:28,53,deep
11/19/24 04:29,54,deep
11/19/24 04:30,53,deep
11/19/24 04:31,57,deep
11/19/24 04:32,56,deep
11/19/24 04:33,55,deep
11/19/24 04:34,53,deep
11/19/24 04:35,59,deep
11/19/24 04:36,54,deep
11/19/24 04:37,57,deep
11/19/24 04:38,58,deep
11/19/24 04:39,50,deep
11/19/24 04:40,55,deep
11/19/24 04:41,54,deep
11/19/24 04:42,54,deep
11/19/24 04:43,53,deep
11/19/24 04:44,55,deep
11/19/24 04:45,55,deep
11/19/24 04:46,55,deep
11/19/24 04:47,53,deep
11/19/24 04:48,52,deep
11/19/24 04:49,54,deep
11/19/24 04:50,56,deep
11/19/24 04:51,51,deep
11/19/24 04:52,57,deep
11/19/24 04:53,52,deep
11/19/24 04:54,56,deep
11/19/24 22:00,57,light
11/19/24 22:01,61,light
11/19/24 22:02,63,light
11/19/24 22:03,59,light
11/19/24 22:04,59,light
11/19/24 22:05,60,light
11/19/24 22:06,63,light
11/19/24 22:07,60,light
11/19/24 22:08,60,light
11/19/24 22:09,57,light
11/19/24 22:10,61,light
11/19/24 22:11,62,light
11/19/24 22:12,56,light
11/19/24 22:13,63,light
11/19/24 22:14,60,light
11/19/24 22:15,60,light
11/19/24 22:16,61,light
11/19/24 22:17,61,light
11/19/24 22:18,57,light
11/19/24 22:19,63,light
11/19/24 22:20,62,light
11/19/24 22:21,57,light
11/19/24 22:22,60,light
11/19/24 22:23,61,light
11/19/24 22:24,54,light
11/19/24 22:25,63,light
11/19/24 22:26,58,light
11/19/24 22:27,62,light
11/19/24 22:28,59,light
11/19/24 22:29,59,light
11/19/24 22:30,57,light
11/19/24 22:31,61,light
11/19/24 22:32,61,light
11/19/24 22:33,62,light
11/19/24 22:34,56,light
11/19/24 22:35,62,light
11/19/24 22:36,55,light
11/19/24 22:37,60,light
11/19/24 22:38,59,light
11/19/24 22:39,57,light
11/19/24 22:40,58,light
11/19/24 22:41,59,light
11/19/24 22:42,56,light
11/19/24 22:43,60,light
11/19/24 22:44,55,light
11/19/24 22:45,62,light
11/19/24 22:46,58,light
11/19/24 22:47,59,light
11/19/24 22:48,57,light
11/19/24 22:49,59,light
11/19/24 22:50,51,light
11/19/24 22:51,62,light
11/19/24 22:52,58,light
11/19/24 22:53,62,light
11/19/24 22:54,60,light
11/19/24 22:55,57,light
11/19/24 22:56,62,light
11/19/24 22:57,56,light
11/19/24 22:58,62,light
11/19/24 22:59,63,light
11/19/24 23:00,63,light
11/19/24 23:01,56,light
11/19/24 23:02,60,light
11/19/24 23:03,60,light
11/19/24 23:04,59,light
11/19/24 23:05,55,light
11/19/24 23:06,56,light
11/19/24 23:07,61,light
11/19/24 23:08,59,light
11/19/24 23:09,59,light
11/19/24 23:10,56,light
11/19/24 23:11,57,light
11/19/24 23:12,60,light
11/19/24 23:13,59,light
11/19/24 23:14,59,light
11/19/24 23:15,59,light
11/19/24 23:16,60,light
11/19/24 23:17,57,light
11/19/24 23:18,60,light
11/19/24 23:19,62,light
11/19/24 23:20,64,light
11/19/24 23:21,62,light
11/19/24 23:22,58,light
11/19/24 23:23,59,light
11/19/24 23:24,58,light
11/19/24 23:25,58,light
11/19/24 23:26,62,light
11/19/24 23:27,56,light
11/19/24 23:28,67,light
11/19/24 23:29,57,light
11/19/24 23:30,57,light
11/19/24 23:31,58,light
11/19/24 23:32,53,light
11/19/24 23:33,58,light
11/19/24 23:34,64,light
11/19/24 23:35,57,light
11/19/24 23:36,58,light
11/19/24 23:37,58,light
11/19/24 23:38,61,light
11/19/24 23:39,63,light
11/19/24 23:40,63,light
11/19/24 23:41,58,light
11/19/24 23:42,54,light
11/19/24 23:43,61,light
11/19/24 23:44,57,light
11/19/24 23:45,60,light
11/19/24 23:46,63,light
11/19/24 23:47,63,light
11/19/24 23:48,61,light
11/19/24 23:49,59,light
11/19/24 23:50,57,light
11/19/24 23:51,56,light
11/19/24 23:52,54,light
11/19/24 23:53,61,light
11/19/24 23:54,60,light
11/19/24 23:55,64,light
11/19/24 23:56,61,light
11/19/24 23:57,56,light
11/19/24 23:58,60,light
11/19/24 23:59,61,light
11/20/24 00:00,56,light
11/20/24 00:01,58,light
11/20/24 00:02,60,light
11/20/24 00:03,62,light
11/20/24 00:04,59,light
11/20/24 00:05,55,light
11/20/24 00:06,54,light
11/20/24 00:07,61,light
11/20/24 00:08,61,light
11/20/24 00:09,57,light
11/20/24 00:10,63,light
11/20/24 00:11,64,light
11/20/24 00:12,58,light
11/20/24 00:13,59,light
11/20/24 00:14,62,light
11/20/24 00:15,56,light
11/20/24 00:16,53,light
11/20/24 00:17,54,light
11/20/24 00:18,59,light
11/20/24 00:19,59,light
11/20/24 00:20,58,light
11/20/24 00:21,60,light
11/20/24 00:22,59,light
11/20/24 00:23,62,light
11/20/24 00:24,61,light
11/20/24 00:25,57,light
11/20/24 00:26,54,light
11/20/24 00:27,60,light
11/20/24 00:28,61,light
11/20/24 00:29,66,light
11/20/24 00:30,57,light
11/20/24 00:31,61,light
11/20/24 00:32,63,light
11/20/24 00:33,59,light
11/20/24 00:34,60,light
11/20/24 00:35,56,light
11/20/24 00:36,61,light
11/20/24 00:37,61,light
11/20/24 00:38,64,light
11/20/24 00:39,56,light
11/20/24 00:40,58,light
11/20/24 00:41,64,light
11/20/24 00:42,57,light
11/20/24 00:43,62,light
11/20/24 00:44,61,light
11/20/24 00:45,62,light
11/20/24 00:46,57,light
11/20/24 00:47,60,light
11/20/24 00:48,63,light
11/20/24 00:49,60,light
11/20/24 00:50,59,light
11/20/24 00:51,61,light
11/20/24 00:52,58,light
11/20/24 00:53,63,light
11/20/24 00:54,58,light
11/20/24 00:55,64,light
11/20/24 00:56,58,light
11/20/24 00:57,66,light
11/20/24 00:58,57,light
11/20/24 00:59,58,light
11/20/24 01:00,55,light
11/20/24 01:01,55,light
11/20/24 01:02,59,light
11/20/24 01:03,62,light
11/20/24 01:04,60,light
11/20/24 01:05,66,light
11/20/24 01:06,57,light
11/20/24 01:07,58,light
11/20/24 01:08,54,deep
11/20/24 01:09,56,deep
11/20/24 01:10,53,deep
11/20/24 01:11,55,deep
11/20/24 01:12,58,deep
11/20/24 01:13,55,deep
11/20/24 01:14,54,deep
11/20/24 01:15,55,deep
11/20/24 01:16,55,deep
11/20/24 01:17,56,deep
11/20/24 01:18,56,deep
11/20/24 01:19,54,deep
11/20/24 01:20,55,deep
11/20/24 01:21,54,deep
11/20/24 01:22,55,deep
11/20/24 01:23,54,deep
11/20/24 01:24,54,deep
11/20/24 01:25,58,deep
11/20/24 01:26,51,deep
11/20/24 01:27,52,deep
11/20/24 01:28,54,deep
11/20/24 01:29,52,deep
11/20/24 01:30,52,deep
11/20/24 01:31,55,deep
11/20/24 01:32,57,deep
11/20/24 01:33,54,deep
11/20/24 01:34,50,deep
11/20/24 01:35,53,deep
11/20/24 01:36,57,deep
11/20/24 01:37,56,deep
11/20/24 01:38,52,deep
11/20/24 01:39,54,deep
11/20/24 01:40,55,deep
11/20/24 01:41,55,deep
11/20/24 01:42,56,deep
11/20/24 01:43,55,deep
11/20/24 01:44,55,deep
11/20/24 01:45,56,deep
11/20/24 01:46,55,deep
11/20/24 01:47,53,deep
11/20/24 01:48,52,deep
11/20/24 01:49,52,deep
11/20/24 01:50,52,deep
11/20/24 01:51,55,deep
11/20/24 01:52,53,deep
11/20/24 01:53,56,deep
11/20/24 01:54,49,deep
11/20/24 01:55,52,deep
11/20/24 01:56,55,deep
11/20/24 01:57,56,deep
11/20/24 01:58,55,deep
11/20/24 01:59,53,deep
11/20/24 02:00,54,deep
11/20/24 02:01,50,deep
11/20/24 02:02,55,deep
11/20/24 02:03,56,deep
11/20/24 02:04,56,deep
11/20/24 02:05,55,deep
11/20/24 02:06,54,deep
11/20/24 02:07,53,deep
11/20/24 02:08,54,deep
11/20/24 02:09,54,deep
11/20/24 02:10,52,deep
11/20/24 02:11,58,deep
11/20/24 02:12,57,deep
11/20/24 02:13,57,deep
11/20/24 02:14,57,deep
11/20/24 02:15,57,deep
11/20/24 02:16,56,deep
11/20/24 02:17,52,deep
11/20/24 02:18,52,deep
11/20/24 02:19,55,deep
11/20/24 02:20,55,deep
11/20/24 02:21,55,deep
11/20/24 02:22,56,deep
11/20/24 02:23,53,deep
11/20/24 02:24,57,deep
11/20/24 02:25,54,deep
11/20/24 02:26,59,deep
11/20/24 02:27,59,deep
11/20/24 02:28,52,deep
11/20/24 02:29,56,deep
11/20/24 02:30,54,deep
11/20/24 02:31,54,deep
11/20/24 02:32,55,deep
11/20/24 02:33,57,deep
11/20/24 02:34,57,deep
11/20/24 02:35,53,deep
11/20/24 02:36,56,deep
11/20/24 02:37,55,deep
11/20/24 02:38,56,deep
11/20/24 02:39,55,deep
11/20/24 02:40,55,deep
11/20/24 02:41,55,deep
11/20/24 02:42,54,deep
11/20/24 02:43,53,deep
11/20/24 02:44,58,deep
11/20/24 02:45,56,REM
11/20/24 02:46,68,REM
11/20/24 02:47,68,REM
11/20/24 02:48,61,REM
11/20/24 02:49,67,REM
11/20/24 02:50,69,REM
11/20/24 02:51,68,REM
11/20/24 02:52,71,REM
11/20/24 02:53,63,REM
11/20/24 02:54,65,REM
11/20/24 02:55,59,REM
11/20/24 02:56,57,REM
11/20/24 02:57,67,REM
11/20/24 02:58,68,REM
11/20/24 02:59,63,REM
11/20/24 03:00,70,REM
11/20/24 03:01,69,REM
11/20/24 03:02,68,REM
11/20/24 03:03,60,REM
11/20/24 03:04,65,REM
11/20/24 03:05,69,REM
11/20/24 03:06,66,REM
11/20/24 03:07,55,REM
11/20/24 03:08,63,REM
11/20/24 03:09,66,REM
11/20/24 03:10,66,REM
11/20/24 03:11,66,REM
11/20/24 03:12,63,REM
11/20/24 03:13,70,REM
11/20/24 03:14,68,REM
11/20/24 03:15,65,REM
11/20/24 03:16,61,REM
11/20/24 03:17,68,REM
11/20/24 03:18,71,REM
11/20/24 03:19,69,REM
11/20/24 03:20,61,REM
11/20/24 03:21,61,REM
11/20/24 03:22,70,REM
11/20/24 03:23,61,REM
11/20/24 03:24,62,REM
11/20/24 03:25,66,REM
11/20/24 03:26,73,REM
11/20/24 03:27,58,REM
11/20/24 03:28,62,REM
11/20/24 03:29,64,REM
11/20/24 03:30,66,REM
11/20/24 03:31,58,REM
11/20/24 03:32,65,REM
11/20/24 03:33,68,REM
11/20/24 03:34,66,REM
11/20/24 03:35,67,REM
11/20/24 03:36,66,REM
11/20/24 03:37,64,REM
11/20/24 03:38,60,REM
11/20/24 03:39,57,REM
11/20/24 03:40,74,REM
11/20/24 03:41,73,REM
11/20/24 03:42,61,REM
11/20/24 03:43,66,REM
11/20/24 03:44,65,REM
11/20/24 03:45,63,REM
11/20/24 03:46,68,REM
11/20/24 03:47,58,REM
11/20/24 03:48,65,REM
11/20/24 03:49,64,REM
11/20/24 03:50,65,REM
11/20/24 03:51,69,REM
11/20/24 03:52,62,REM
11/20/24 03:53,66,REM
11/20/24 03:54,62,REM
11/20/24 03:55,69,REM
11/20/24 03:56,60,REM
11/20/24 03:57,63,REM
11/20/24 03:58,63,REM
11/20/24 03:59,60,REM
11/20/24 04:00,66,REM
11/20/24 04:01,63,REM
11/20/24 04:02,61,REM
11/20/24 04:03,66,REM
11/20/24 04:04,62,REM
11/20/24 04:05,65,REM
11/20/24 04:06,63,REM
11/20/24 04:07,64,REM
11/20/24 04:08,69,REM
11/20/24 04:09,59,REM
11/20/24 04:10,67,REM
11/20/24 04:11,63,REM
11/20/24 04:12,67,REM
11/20/24 04:13,59,REM
11/20/24 04:14,68,REM
11/20/24 04:15,65,REM
11/20/24 04:16,73,REM
11/20/24 04:17,65,REM
11/20/24 04:18,69,REM
11/20/24 04:19,60,REM
11/20/24 04:20,66,REM
11/20/24 04:21,57,light
11/20/24 04:22,63,light
11/20/24 04:23,64,light
11/20/24 04:24,64,light
11/20/24 04:25,57,light
11/20/24 04:26,59,light
11/20/24 04:27,60,light
11/20/24 04:28,61,light
11/20/24 04:29,59,light
11/20/24 04:30,63,light
11/20/24 04:31,62,light
11/20/24 04:32,55,light
11/20/24 04:33,59,light
11/20/24 04:34,62,light
11/20/24 04:35,58,light
11/20/24 04:36,58,light
11/20/24 04:37,56,light
11/20/24 04:38,58,light
11/20/24 04:39,55,light
11/20/24 04:40,61,light
11/20/24 04:41,62,light
11/20/24 04:42,62,light
11/20/24 04:43,56,light
11/20/24 04:44,65,light
11/20/24 04:45,52,light
11/20/24 04:46,63,light
11/20/24 04:47,58,light
11/20/24 04:48,55,light
11/20/24 04:49,58,light
11/20/24 04:50,61,light
11/20/24 04:51,63,light
11/20/24 04:52,57,light
11/20/24 04:53,60,light
11/20/24 04:54,63,light
11/20/24 04:55,62,light
11/20/24 04:56,56,light
11/20/24 04:57,58,light
11/20/24 04:58,60,light
11/20/24 04:59,62,light
11/20/24 05:00,59,light
11/20/24 05:01,58,light
11/20/24 05:02,58,light
11/20/24 05:03,62,light
11/20/24 05:04,62,light
11/20/24 05:05,56,light
11/20/24 05:06,57,light
11/20/24 05:07,64,light
11/20/24 05:08,62,light
11/20/24 05:09,61,light
11/20/24 05:10,57,light
11/20/24 05:11,57,light
11/20/24 05:12,60,light
11/20/24 05:13,63,light
11/20/24 05:14,57,light
11/20/24 05:15,58,light
11/20/24 05:16,61,light
11/20/24 05:17,60,light
11/20/24 05:18,61,light
11/20/24 05:19,57,light
11/20/24 05:20,61,light
11/20/24 05:21,59,light
11/20/24 05:22,63,light
11/20/24 05:23,54,light
11/20/24 05:24,62,light
11/20/24 05:25,61,light
11/20/24 05:26,59,light
11/20/24 05:27,62,light
11/20/24 05:28,57,light
11/20/24 05:29,63,light
11/20/24 05:30,63,light
11/20/24 05:31,59,light
11/20/24 05:32,57,light
11/20/24 05:33,59,light
11/20/24 05:34,60,light
11/20/24 05:35,58,light
11/20/24 05:36,64,light
11/20/24 05:37,62,light
11/20/24 05:38,54,light
11/20/24 05:39,55,light
11/20/24 05:40,57,light
11/20/24 05:41,58,light
11/20/24 05:42,58,light
11/20/24 05:43,59,light
11/20/24 05:44,60,light
11/20/24 05:45,59,light
11/20/24 05:46,53,light
11/20/24 05:47,55,light
11/20/24 05:48,61,light
11/20/24 05:49,57,light
11/20/24 05:50,62,light
11/20/24 05:51,59,light
11/20/24 05:52,65,light
11/20/24 05:53,58,light
11/20/24 05:54,64,light
11/20/24 05:55,63,light
11/20/24 05:56,63,light
11/20/24 05:57,59,light
11/20/24 05:58,61,light
11/20/24 05:59,60,light
11/20/24 06:00,61,light
11/20/24 06:01,58,light
11/20/24 06:02,60,light
11/20/24 06:03,58,light
11/20/24 06:04,59,light
11/20/24 06:05,60,light
11/20/24 06:06,57,light
11/20/24 06:07,62,light
11/20/24 06:08,60,light
11/20/24 06:09,58,light
11/20/24 06:10,56,light
11/20/24 06:11,59,light
11/20/24 06:12,59,light
11/20/24 06:13,65,light
11/20/24 06:14,59,light
11/20/24 06:15,60,light
11/20/24 06:16,62,light
11/20/24 06:17,62,light
11/20/24 06:18,63,light
11/20/24 06:19,61,light
11/20/24 06:20,60,light
11/20/24 06:21,61,light
11/20/24 06:22,60,light
11/20/24 06:23,59,light
11/20/24 06:24,64,light
11/20/24 06:25,60,light
11/20/24 06:26,61,light
11/20/24 06:27,60,light
11/20/24 06:28,60,light
11/20/24 06:29,67,light
11/20/24 06:30,60,light
11/20/24 06:31,66,light
11/20/24 06:32,64,light
11/20/24 06:33,58,light
11/20/24 06:34,64,light
11/20/24 06:35,55,light
11/20/24 06:36,61,light
11/20/24 06:37,60,light
11/20/24 06:38,57,light
11/20/24 06:39,57,light
11/20/24 06:40,60,light
11/20/24 06:41,60,light
11/20/24 06:42,58,light
11/20/24 06:43,62,light
11/20/24 06:44,60,light
11/20/24 06:45,58,light
11/20/24 06:46,62,light
11/20/24 06:47,57,light
11/20/24 06:48,61,light
11/20/24 06:49,60,light
11/20/24 06:50,58,light
11/20/24 06:51,60,light
11/20/24 06:52,63,light
11/20/24 06:53,59,light
11/20/24 06:54,57,light
11/20/24 06:55,59,light
11/20/24 06:56,52,light
11/20/24 06:57,61,light
11/20/24 06:58,57,light
11/20/24 06:59,63,light
11/20/24 07:00,64,light
11/20/24 07:01,56,light
11/20/24 07:02,55,light
11/20/24 07:03,63,light
11/20/24 07:04,61,REM
11/20/24 07:05,69,REM
11/20/24 07:06,63,REM
11/20/24 07:07,68,REM
11/20/24 07:08,59,REM
11/20/24 07:09,62,REM
11/20/24 07:10,61,REM
11/20/24 07:11,65,REM
11/20/24 07:12,63,REM
11/20/24 07:13,63,REM
11/20/24 07:14,72,REM
11/20/24 07:15,63,REM
11/20/24 07:16,56,REM
11/20/24 07:17,61,REM
11/20/24 07:18,66,REM
11/20/24 07:19,61,REM
11/20/24 07:20,63,REM
11/20/24 07:21,63,REM
11/20/24 07:22,62,REM
11/20/24 07:23,60,REM
11/20/24 07:24,64,REM
11/20/24 07:25,64,REM
11/20/24 07:26,62,REM
11/20/24 23:00,56,light
11/20/24 23:01,58,light
11/20/24 23:02,64,light
11/20/24 23:03,62,light
11/20/24 23:04,65,light
11/20/24 23:05,58,light
11/20/24 23:06,55,light
11/20/24 23:07,65,light
11/20/24 23:08,64,light
11/20/24 23:09,57,light
11/20/24 23:10,53,light
11/20/24 23:11,61,light
11/20/24 23:12,60,light
11/20/24 23:13,58,light
11/20/24 23:14,57,light
11/20/24 23:15,63,light
11/20/24 23:16,58,light
11/20/24 23:17,67,light
11/20/24 23:18,57,light
11/20/24 23:19,61,light
11/20/24 23:20,57,light
11/20/24 23:21,60,light
11/20/24 23:22,65,light
11/20/24 23:23,61,light
11/20/24 23:24,65,light
11/20/24 23:25,59,light
11/20/24 23:26,58,light
11/20/24 23:27,61,light
11/20/24 23:28,56,light
11/20/24 23:29,64,light
11/20/24 23:30,67,light
11/20/24 23:31,56,light
11/20/24 23:32,56,light
11/20/24 23:33,59,light
11/20/24 23:34,58,light
11/20/24 23:35,64,light
11/20/24 23:36,64,light
11/20/24 23:37,59,light
11/20/24 23:38,61,light
11/20/24 23:39,64,light
11/20/24 23:40,67,light
11/20/24 23:41,60,light
11/20/24 23:42,61,light
11/20/24 23:43,55,light
11/20/24 23:44,64,light
11/20/24 23:45,60,light
11/20/24 23:46,58,light
11/20/24 23:47,62,light
11/20/24 23:48,66,light
11/20/24 23:49,62,light
11/20/24 23:50,55,light
11/20/24 23:51,59,light
11/20/24 23:52,63,light
11/20/24 23:53,59,light
11/20/24 23:54,57,light
11/20/24 23:55,56,light
11/20/24 23:56,60,light
11/20/24 23:57,63,light
11/20/24 23:58,57,light
11/20/24 23:59,57,light
11/21/24 00:00,57,light
11/21/24 00:01,55,light
11/21/24 00:02,55,light
11/21/24 00:03,59,light
11/21/24 00:04,60,light
11/21/24 00:05,54,light
11/21/24 00:06,56,light
11/21/24 00:07,60,light
11/21/24 00:08,59,light
11/21/24 00:09,60,light
11/21/24 00:10,62,light
11/21/24 00:11,60,light
11/21/24 00:12,57,light
11/21/24 00:13,64,light
11/21/24 00:14,63,light
11/21/24 00:15,53,light
11/21/24 00:16,60,light
11/21/24 00:17,63,light
11/21/24 00:18,61,light
11/21/24 00:19,63,light
11/21/24 00:20,62,light
11/21/24 00:21,63,light
11/21/24 00:22,62,light
11/21/24 00:23,62,light
11/21/24 00:24,60,light
11/21/24 00:25,58,light
11/21/24 00:26,57,light
11/21/24 00:27,62,light
11/21/24 00:28,56,light
11/21/24 00:29,58,light
11/21/24 00:30,62,light
11/21/24 00:31,60,light
11/21/24 00:32,59,light
11/21/24 00:33,57,light
11/21/24 00:34,61,light
11/21/24 00:35,59,light
11/21/24 00:36,59,light
11/21/24 00:37,56,light
11/21/24 00:38,53,light
11/21/24 00:39,56,light
11/21/24 00:40,55,light
11/21/24 00:41,59,light
11/21/24 00:42,58,light
11/21/24 00:43,60,light
11/21/24 00:44,63,light
11/21/24 00:45,67,light
11/21/24 00:46,59,light
11/21/24 00:47,63,light
11/21/24 00:48,62,light
11/21/24 00:49,62,light
11/21/24 00:50,62,light
11/21/24 00:51,59,light
11/21/24 00:52,58,light
11/21/24 00:53,59,light
11/21/24 00:54,65,light
11/21/24 00:55,60,light
11/21/24 00:56,63,light
11/21/24 00:57,70,wake
11/21/24 00:58,76,wake
11/21/24 00:59,76,wake
11/21/24 01:00,70,wake
11/21/24 01:01,73,wake
11/21/24 01:02,70,wake
11/21/24 01:03,61,wake
11/21/24 01:04,65,wake
11/21/24 01:05,72,wake
11/21/24 01:06,69,wake
11/21/24 01:07,72,wake
11/21/24 01:08,70,wake
11/21/24 01:09,71,wake
11/21/24 01:10,64,wake
11/21/24 01:11,74,wake
11/21/24 01:12,72,wake
11/21/24 01:13,68,wake
11/21/24 01:14,67,wake
11/21/24 01:15,61,wake
11/21/24 01:16,60,wake
11/21/24 01:17,70,wake
11/21/24 01:18,75,wake
11/21/24 01:19,63,wake
11/21/24 01:20,66,wake
11/21/24 01:21,73,wake
11/21/24 01:22,68,wake
11/21/24 01:23,66,wake
11/21/24 01:24,61,wake
11/21/24 01:25,71,wake
11/21/24 01:26,66,wake
11/21/24 01:27,74,wake
11/21/24 01:28,61,wake
11/21/24 01:29,59,wake
11/21/24 01:30,75,wake
11/21/24 01:31,63,wake
11/21/24 01:32,66,wake
11/21/24 01:33,59,wake
11/21/24 01:34,77,wake
11/21/24 01:35,71,wake
11/21/24 01:36,72,wake
11/21/24 01:37,77,wake
11/21/24 01:38,75,wake
11/21/24 01:39,68,wake
11/21/24 01:40,64,wake
11/21/24 01:41,71,wake
11/21/24 01:42,71,wake
11/21/24 01:43,74,wake
11/21/24 01:44,69,wake
11/21/24 01:45,71,wake
11/21/24 01:46,72,wake
11/21/24 01:47,73,wake
11/21/24 01:48,70,wake
11/21/24 01:49,68,wake
11/21/24 01:50,73,wake
11/21/24 01:51,74,wake
11/21/24 01:52,76,wake
11/21/24 01:53,61,wake
11/21/24 01:54,61,wake
11/21/24 01:55,71,wake
11/21/24 01:56,59,wake
11/21/24 01:57,64,wake
11/21/24 01:58,67,wake
11/21/24 01:59,70,wake
11/21/24 02:00,67,wake
11/21/24 02:01,68,wake
11/21/24 02:02,63,wake
11/21/24 02:03,76,wake
11/21/24 02:04,66,wake
11/21/24 02:05,67,wake
11/21/24 02:06,68,wake
11/21/24 02:07,76,wake
11/21/24 02:08,71,wake
11/21/24 02:09,79,wake
11/21/24 02:10,69,wake
11/21/24 02:11,65,wake
11/21/24 02:12,65,wake
11/21/24 02:13,68,wake
11/21/24 02:14,60,wake
11/21/24 02:15,66,wake
11/21/24 02:16,66,wake
11/21/24 02:17,77,wake
11/21/24 02:18,71,wake
11/21/24 02:19,76,wake
11/21/24 02:20,64,wake
11/21/24 02:21,66,wake
11/21/24 02:22,58,wake
11/21/24 02:23,70,wake
11/21/24 02:24,69,wake
11/21/24 02:25,74,wake
11/21/24 02:26,73,wake
11/21/24 02:27,65,wake
11/21/24 02:28,66,wake
11/21/24 02:29,73,wake
11/21/24 02:30,64,wake
11/21/24 02:31,74,wake
11/21/24 02:32,54,wake
11/21/24 02:33,66,wake
11/21/24 02:34,74,wake
11/21/24 02:35,72,wake
11/21/24 02:36,70,wake
11/21/24 02:37,71,wake
11/21/24 02:38,66,wake
11/21/24 02:39,66,light
11/21/24 02:40,60,light
11/21/24 02:41,53,light
11/21/24 02:42,58,light
11/21/24 02:43,58,light
11/21/24 02:44,57,light
11/21/24 02:45,63,light
11/21/24 02:46,60,light
11/21/24 02:47,58,light
11/21/24 02:48,62,light
11/21/24 02:49,61,light
11/21/24 02:50,55,light
11/21/24 02:51,62,light
11/21/24 02:52,61,light
11/21/24 02:53,65,light
11/21/24 02:54,61,light
11/21/24 02:55,60,light
11/21/24 02:56,63,light
11/21/24 02:57,62,light
11/21/24 02:58,61,light
11/21/24 02:59,64,light
11/21/24 03:00,58,light
11/21/24 03:01,58,light
11/21/24 03:02,60,light
11/21/24 03:03,59,light
11/21/24 03:04,53,light
11/21/24 03:05,61,light
11/21/24 03:06,61,light
11/21/24 03:07,60,light
11/21/24 03:08,63,light
11/21/24 03:09,63,light
11/21/24 03:10,61,light
11/21/24 03:11,61,light
11/21/24 03:12,61,light
11/21/24 03:13,58,light
11/21/24 03:14,55,light
11/21/24 03:15,57,light
11/21/24 03:16,63,light
11/21/24 03:17,60,light
11/21/24 03:18,56,light
11/21/24 03:19,61,light
11/21/24 03:20,61,light
11/21/24 03:21,57,light
11/21/24 03:22,59,light
11/21/24 03:23,57,light
11/21/24 03:24,60,light
11/21/24 03:25,58,light
11/21/24 03:26,64,light
11/21/24 03:27,64,light
11/21/24 03:28,61,light
11/21/24 03:29,60,light
11/21/24 03:30,55,light
11/21/24 03:31,56,light
11/21/24 03:32,52,light
11/21/24 03:33,60,light
11/21/24 03:34,62,light
11/21/24 03:35,59,light
11/21/24 03:36,59,light
11/21/24 03:37,53,light
11/21/24 03:38,58,light
11/21/24 03:39,65,light
11/21/24 03:40,63,light
11/21/24 03:41,58,light
11/21/24 03:42,61,light
11/21/24 03:43,55,light
11/21/24 03:44,57,light
11/21/24 03:45,61,light
11/21/24 03:46,59,light
11/21/24 03:47,58,light
11/21/24 03:48,57,light
11/21/24 03:49,60,light
11/21/24 03:50,59,light
11/21/24 03:51,56,light
11/21/24 03:52,60,light
11/21/24 03:53,62,light
11/21/24 03:54,58,light
11/21/24 03:55,65,light
11/21/24 03:56,60,light
11/21/24 03:57,55,light
11/21/24 03:58,56,light
11/21/24 03:59,69,REM
11/21/24 04:00,67,REM
11/21/24 04:01,60,REM
11/21/24 04:02,61,REM
11/21/24 04:03,67,REM
11/21/24 04:04,57,REM
11/21/24 04:05,61,REM
11/21/24 04:06,72,REM
11/21/24 04:07,66,REM
11/21/24 04:08,65,REM
11/21/24 04:09,62,REM
11/21/24 04:10,63,REM
11/21/24 04:11,65,REM
11/21/24 04:12,71,REM
11/21/24 04:13,59,REM
11/21/24 04:14,65,REM
11/21/24 04:15,66,REM
11/21/24 04:16,68,REM
11/21/24 04:17,59,REM
11/21/24 04:18,70,REM
11/21/24 04:19,73,REM
11/21/24 04:20,63,REM
11/21/24 04:21,64,REM
11/21/24 04:22,61,REM
11/21/24 04:23,63,REM
11/21/24 04:24,64,REM
11/21/24 04:25,62,REM
11/21/24 04:26,70,REM
11/21/24 04:27,71,REM
11/21/24 04:28,66,REM
11/21/24 04:29,54,deep
11/21/24 04:30,52,deep
11/21/24 04:31,54,deep
11/21/24 04:32,54,deep
11/21/24 04:33,53,deep
11/21/24 04:34,53,deep
11/21/24 04:35,58,deep
11/21/24 04:36,53,deep
11/21/24 04:37,54,deep
11/21/24 04:38,53,deep
11/21/24 04:39,54,deep
11/21/24 04:40,51,deep
11/21/24 04:41,52,deep
11/21/24 04:42,53,deep
11/21/24 04:43,52,deep
11/21/24 04:44,54,deep
11/21/24 04:45,55,deep
11/21/24 04:46,51,deep
11/21/24 04:47,55,deep
11/21/24 04:48,58,deep
11/21/24 04:49,58,deep
11/21/24 04:50,56,deep
11/21/24 04:51,52,deep
11/21/24 04:52,57,deep
11/21/24 04:53,58,deep
11/21/24 04:54,55,deep
11/21/24 04:55,53,deep
11/21/24 04:56,56,deep
11/21/24 04:57,57,deep
11/21/24 04:58,54,deep
11/21/24 04:59,54,deep
11/21/24 05:00,52,deep
11/21/24 05:01,53,deep
11/21/24 05:02,54,deep
11/21/24 05:03,55,deep
11/21/24 05:04,53,deep
11/21/24 05:05,52,deep
11/21/24 05:06,53,deep
11/21/24 05:07,55,deep
11/21/24 05:08,55,deep
11/21/24 05:09,53,deep
11/21/24 05:10,52,deep
11/21/24 05:11,54,deep
11/21/24 05:12,55,deep
11/21/24 05:13,57,deep
11/21/24 05:14,53,deep
11/21/24 05:15,57,deep
11/21/24 05:16,78,wake
11/21/24 05:17,74,wake
11/21/24 05:18,68,wake
11/21/24 05:19,66,wake
11/21/24 05:20,67,wake
11/21/24 05:21,75,wake
11/21/24 05:22,68,wake
11/21/24 05:23,68,wake
11/21/24 05:24,80,wake
11/21/24 05:25,66,wake
11/21/24 05:26,70,wake
11/21/24 05:27,73,wake
11/21/24 05:28,65,wake
11/21/24 05:29,69,wake
11/21/24 05:30,65,wake
11/21/24 05:31,69,wake
11/21/24 05:32,75,wake
11/21/24 05:33,71,wake
11/21/24 05:34,65,wake
11/21/24 05:35,78,wake
11/21/24 05:36,57,wake
11/21/24 05:37,73,wake
11/21/24 05:38,70,wake
11/21/24 05:39,68,wake
11/21/24 05:40,69,wake
11/21/24 05:41,66,wake
11/21/24 05:42,76,wake
11/21/24 05:43,65,wake
11/21/24 05:44,63,wake
11/21/24 05:45,77,wake
11/21/24 05:46,68,wake
11/21/24 05:47,71,wake
11/21/24 05:48,68,wake
11/21/24 05:49,72,wake
11/21/24 05:50,70,wake
11/21/24 05:51,76,wake
11/21/24 05:52,76,wake
11/21/24 05:53,70,wake
11/21/24 05:54,76,wake
11/21/24 05:55,66,wake
11/21/24 05:56,76,wake
11/21/24 05:57,67,wake
11/21/24 05:58,72,wake
11/21/24 05:59,64,wake
11/21/24 06:00,65,wake
11/21/24 06:01,83,wake
11/21/24 06:02,79,wake
11/21/24 06:03,61,wake
11/21/24 06:04,71,wake
11/21/24 06:05,76,wake
11/21/24 06:06,66,wake
11/21/24 06:07,68,wake
11/21/24 06:08,70,wake
11/21/24 06:09,59,wake
11/21/24 06:10,66,wake
11/21/24 06:11,67,wake
11/21/24 06:12,67,wake
11/21/24 06:13,74,wake
11/21/24 06:14,67,wake
11/21/24 06:15,65,wake
11/21/24 06:16,75,wake
11/21/24 06:17,75,wake
11/21/24 06:18,69,wake
11/21/24 06:19,69,wake
11/21/24 06:20,71,wake
11/21/24 06:21,76,wake
11/21/24 06:22,70,wake
11/21/24 06:23,67,wake
11/21/24 06:24,60,wake
11/21/24 06:25,67,wake
11/21/24 06:26,76,wake
11/21/24 06:27,73,wake
11/21/24 06:28,68,wake
11/21/24 06:29,68,wake
11/21/24 06:30,68,wake
11/21/24 06:31,70,wake
11/21/24 06:32,77,wake
11/21/24 06:33,71,wake
11/21/24 06:34,64,wake
11/21/24 06:35,65,wake
11/21/24 06:36,74,wake
11/21/24 06:37,80,wake
11/21/24 06:38,71,wake
11/21/24 06:39,73,wake
11/21/24 06:40,69,wake
11/21/24 06:41,55,wake
11/21/24 06:42,64,wake
11/21/24 06:43,75,wake
11/21/24 06:44,70,wake
11/21/24 06:45,72,wake
11/21/24 06:46,64,wake
11/21/24 06:47,69,REM
11/21/24 06:48,61,REM
11/21/24 06:49,70,REM
11/21/24 06:50,57,REM
11/21/24 06:51,62,REM
11/21/24 06:52,62,REM
11/21/24 06:53,57,REM
11/21/24 06:54,63,REM
11/21/24 06:55,57,REM
11/21/24 06:56,58,REM
11/21/24 06:57,66,REM
11/21/24 06:58,65,REM
11/21/24 06:59,68,REM
11/21/24 07:00,65,REM
11/21/24 07:01,67,REM
11/21/24 07:02,65,REM
11/21/24 07:03,62,REM
11/21/24 07:04,63,REM
11/21/24 07:05,67,REM
11/21/24 07:06,63,REM
11/21/24 07:07,59,REM
11/21/24 07:08,64,REM
11/21/24 07:09,73,REM
11/21/24 07:10,64,REM
11/21/24 07:11,68,REM
11/21/24 07:12,57,REM
11/21/24 07:13,67,REM
11/21/24 07:14,63,REM
11/21/24 07:15,65,REM
11/21/24 07:16,68,REM
11/21/24 07:17,61,REM
11/21/24 07:18,63,REM
11/21/24 07:19,64,REM
11/21/24 07:20,67,REM
11/21/24 07:21,62,REM
11/21/24 07:22,64,REM
11/21/24 07:23,66,REM
11/21/24 07:24,66,REM
11/21/24 07:25,71,REM
11/21/24 07:26,58,REM
11/21/24 07:27,57,REM
11/21/24 07:28,52,deep
11/21/24 07:29,53,deep
11/21/24 07:30,55,deep
11/21/24 07:31,52,deep
11/21/24 07:32,53,deep
11/21/24 07:33,56,deep
11/21/24 07:34,57,deep
11/21/24 07:35,57,deep
11/21/24 07:36,53,deep
11/21/24 07:37,57,deep
11/21/24 07:38,54,deep
11/21/24 07:39,57,deep
11/21/24 07:40,52,deep
11/21/24 07:41,55,deep
11/21/24 07:42,53,deep
11/21/24 07:43,52,deep
11/21/24 07:44,52,deep
11/21/24 07:45,55,deep
11/21/24 07:46,52,deep
11/21/24 07:47,54,deep
11/21/24 22:45,64,REM
11/21/24 22:46,67,REM
11/21/24 22:47,65,REM
11/21/24 22:48,60,REM
11/21/24 22:49,64,REM
11/21/24 22:50,65,REM
11/21/24 22:51,66,REM
11/21/24 22:52,70,REM
11/21/24 22:53,64,REM
11/21/24 22:54,65,REM
11/21/24 22:55,71,REM
11/21/24 22:56,67,REM
11/21/24 22:57,66,REM
11/21/24 22:58,66,REM
11/21/24 22:59,63,REM
11/21/24 23:00,61,REM
11/21/24 23:01,66,REM
11/21/24 23:02,64,REM
11/21/24 23:03,64,REM
11/21/24 23:04,67,REM
11/21/24 23:05,69,REM
11/21/24 23:06,68,REM
11/21/24 23:07,65,REM
11/21/24 23:08,64,REM
11/21/24 23:09,61,REM
11/21/24 23:10,64,REM
11/21/24 23:11,70,REM
11/21/24 23:12,66,REM
11/21/24 23:13,76,REM
11/21/24 23:14,63,REM
11/21/24 23:15,66,REM
11/21/24 23:16,65,REM
11/21/24 23:17,67,REM
11/21/24 23:18,64,REM
11/21/24 23:19,72,REM
11/21/24 23:20,71,REM
11/21/24 23:21,67,REM
11/21/24 23:22,68,REM
11/21/24 23:23,66,REM
11/21/24 23:24,63,REM
11/21/24 23:25,64,REM
11/21/24 23:26,65,REM
11/21/24 23:27,58,REM
11/21/24 23:28,66,REM
11/21/24 23:29,60,REM
11/21/24 23:30,63,REM
11/21/24 23:31,69,REM
11/21/24 23:32,62,REM
11/21/24 23:33,70,REM
11/21/24 23:34,57,REM
11/21/24 23:35,65,REM
11/21/24 23:36,62,REM
11/21/24 23:37,64,REM
11/21/24 23:38,72,REM
11/21/24 23:39,67,REM
11/21/24 23:40,60,REM
11/21/24 23:41,66,REM
11/21/24 23:42,69,REM
11/21/24 23:43,60,REM
11/21/24 23:44,62,REM
11/21/24 23:45,62,REM
11/21/24 23:46,68,REM
11/21/24 23:47,69,REM
11/21/24 23:48,63,REM
11/21/24 23:49,63,REM
11/21/24 23:50,66,REM
11/21/24 23:51,66,REM
11/21/24 23:52,66,REM
11/21/24 23:53,66,REM
11/21/24 23:54,61,REM
11/21/24 23:55,66,REM
11/21/24 23:56,69,REM
11/21/24 23:57,67,REM
11/21/24 23:58,68,REM
11/21/24 23:59,63,REM
11/22/24 00:00,63,REM
11/22/24 00:01,67,REM
11/22/24 00:02,67,REM
11/22/24 00:03,67,REM
11/22/24 00:04,60,REM
11/22/24 00:05,65,REM
11/22/24 00:06,65,REM
11/22/24 00:07,59,REM
11/22/24 00:08,57,light
11/22/24 00:09,60,light
11/22/24 00:10,59,light
11/22/24 00:11,60,light
11/22/24 00:12,62,light
11/22/24 00:13,57,light
11/22/24 00:14,55,light
11/22/24 00:15,60,light
11/22/24 00:16,58,light
11/22/24 00:17,61,light
11/22/24 00:18,58,light
11/22/24 00:19,57,light
11/22/24 00:20,63,light
11/22/24 00:21,59,light
11/22/24 00:22,58,light
11/22/24 00:23,60,light
11/22/24 00:24,60,light
11/22/24 00:25,61,light
11/22/24 00:26,64,light
11/22/24 00:27,61,light
11/22/24 00:28,62,light
11/22/24 00:29,55,light
11/22/24 00:30,60,light
11/22/24 00:31,56,light
11/22/24 00:32,61,light
11/22/24 00:33,63,light
11/22/24 00:34,61,light
11/22/24 00:35,61,light
11/22/24 00:36,60,light
11/22/24 00:37,58,light
11/22/24 00:38,61,light
11/22/24 00:39,56,light
11/22/24 00:40,63,light
11/22/24 00:41,70,REM
11/22/24 00:42,62,REM
11/22/24 00:43,70,REM
11/22/24 00:44,72,REM
11/22/24 00:45,66,REM
11/22/24 00:46,67,REM
11/22/24 00:47,62,REM
11/22/24 00:48,61,REM
11/22/24 00:49,62,REM
11/22/24 00:50,63,REM
11/22/24 00:51,63,REM
11/22/24 00:52,68,REM
11/22/24 00:53,72,REM
11/22/24 00:54,61,REM
11/22/24 00:55,67,REM
11/22/24 00:56,65,REM
11/22/24 00:57,58,REM
11/22/24 00:58,63,REM
11/22/24 00:59,65,REM
11/22/24 01:00,66,REM
11/22/24 01:01,64,REM
11/22/24 01:02,77,REM
11/22/24 01:03,63,REM
11/22/24 01:04,68,REM
11/22/24 01:05,63,REM
11/22/24 01:06,62,REM
11/22/24 01:07,60,REM
11/22/24 01:08,67,REM
11/22/24 01:09,60,REM
11/22/24 01:10,64,REM
11/22/24 01:11,66,REM
11/22/24 01:12,70,REM
11/22/24 01:13,70,REM
11/22/24 01:14,62,REM
11/22/24 01:15,68,REM
11/22/24 01:16,71,REM
11/22/24 01:17,66,REM
11/22/24 01:18,75,REM
11/22/24 01:19,66,REM
11/22/24 01:20,63,REM
11/22/24 01:21,66,REM
11/22/24 01:22,66,REM
11/22/24 01:23,71,REM
11/22/24 01:24,58,REM
11/22/24 01:25,65,REM
11/22/24 01:26,72,REM
11/22/24 01:27,58,REM
11/22/24 01:28,65,REM
11/22/24 01:29,63,REM
11/22/24 01:30,60,REM
11/22/24 01:31,64,REM
11/22/24 01:32,67,REM
11/22/24 01:33,66,REM
11/22/24 01:34,67,REM
11/22/24 01:35,70,REM
11/22/24 01:36,59,REM
11/22/24 01:37,70,REM
11/22/24 01:38,58,REM
11/22/24 01:39,66,REM
11/22/24 01:40,69,REM
11/22/24 01:41,64,REM
11/22/24 01:42,63,REM
11/22/24 01:43,73,REM
11/22/24 01:44,67,REM
11/22/24 01:45,67,REM
11/22/24 01:46,68,REM
11/22/24 01:47,66,REM
11/22/24 01:48,71,REM
11/22/24 01:49,69,REM
11/22/24 01:50,69,REM
11/22/24 01:51,60,REM
11/22/24 01:52,69,REM
11/22/24 01:53,62,REM
11/22/24 01:54,67,REM
11/22/24 01:55,70,REM
11/22/24 01:56,66,REM
11/22/24 01:57,69,REM
11/22/24 01:58,60,REM
11/22/24 01:59,57,REM
11/22/24 02:00,64,REM
11/22/24 02:01,61,REM
11/22/24 02:02,63,REM
11/22/24 02:03,65,REM
11/22/24 02:04,64,REM
11/22/24 02:05,61,REM
11/22/24 02:06,64,REM
11/22/24 02:07,68,REM
11/22/24 02:08,59,REM
11/22/24 02:09,63,REM
11/22/24 02:10,63,REM
11/22/24 02:11,65,REM
11/22/24 02:12,59,REM
11/22/24 02:13,63,REM
11/22/24 02:14,64,REM
11/22/24 02:15,64,REM
11/22/24 02:16,65,REM
11/22/24 02:17,60,REM
11/22/24 02:18,62,REM
11/22/24 02:19,61,REM
11/22/24 02:20,62,REM
11/22/24 02:21,64,REM
11/22/24 02:22,62,REM
11/22/24 02:23,74,REM
11/22/24 02:24,67,REM
11/22/24 02:25,62,REM
11/22/24 02:26,60,REM
11/22/24 02:27,62,REM
11/22/24 02:28,66,REM
11/22/24 02:29,65,REM
11/22/24 02:30,68,REM
11/22/24 02:31,70,REM
11/22/24 02:32,65,REM
11/22/24 02:33,65,REM
11/22/24 02:34,60,REM
11/22/24 02:35,65,REM
11/22/24 02:36,70,REM
11/22/24 02:37,56,REM
11/22/24 02:38,63,REM
11/22/24 02:39,66,REM
11/22/24 02:40,66,REM
11/22/24 02:41,62,REM
11/22/24 02:42,57,REM
11/22/24 02:43,63,REM
11/22/24 02:44,73,REM
11/22/24 02:45,63,REM
11/22/24 02:46,74,REM
11/22/24 02:47,70,REM
11/22/24 02:48,65,REM
11/22/24 02:49,70,REM
11/22/24 02:50,60,REM
11/22/24 02:51,65,REM
11/22/24 02:52,58,REM
11/22/24 02:53,66,REM
11/22/24 02:54,66,REM
11/22/24 02:55,69,REM
11/22/24 02:56,65,REM
11/22/24 02:57,62,REM
11/22/24 02:58,59,REM
11/22/24 02:59,66,REM
11/22/24 03:00,69,REM
11/22/24 03:01,61,REM
11/22/24 03:02,66,REM
11/22/24 03:03,70,REM
11/22/24 03:04,70,REM
11/22/24 03:05,57,REM
11/22/24 03:06,68,REM
11/22/24 03:07,66,REM
11/22/24 03:08,67,REM
11/22/24 03:09,65,REM
11/22/24 03:10,65,REM
11/22/24 03:11,67,REM
11/22/24 03:12,60,REM
11/22/24 03:13,65,REM
11/22/24 03:14,67,REM
11/22/24 03:15,61,REM
11/22/24 03:16,65,REM
11/22/24 03:17,63,REM
11/22/24 03:18,64,REM
11/22/24 03:19,67,REM
11/22/24 03:20,67,REM
11/22/24 03:21,63,REM
11/22/24 03:22,66,REM
11/22/24 03:23,59,REM
11/22/24 03:24,65,REM
11/22/24 03:25,69,REM
11/22/24 03:26,61,REM
11/22/24 03:27,61,REM
11/22/24 03:28,58,REM
11/22/24 03:29,69,REM
11/22/24 03:30,66,REM
11/22/24 03:31,69,REM
11/22/24 03:32,64,REM
11/22/24 03:33,62,REM
11/22/24 03:34,64,REM
11/22/24 03:35,69,REM
11/22/24 03:36,61,REM
11/22/24 03:37,55,REM
11/22/24 03:38,67,REM
11/22/24 03:39,69,REM
11/22/24 03:40,60,REM
11/22/24 03:41,54,REM
11/22/24 03:42,65,REM
11/22/24 03:43,59,REM
11/22/24 03:44,63,REM
11/22/24 03:45,70,REM
11/22/24 03:46,64,REM
11/22/24 03:47,64,REM
11/22/24 03:48,71,REM
11/22/24 03:49,65,REM
11/22/24 03:50,62,REM
11/22/24 03:51,68,REM
11/22/24 03:52,65,REM
11/22/24 03:53,65,REM
11/22/24 03:54,68,REM
11/22/24 03:55,70,REM
11/22/24 03:56,62,REM
11/22/24 03:57,64,REM
11/22/24 03:58,57,REM
11/22/24 03:59,67,REM
11/22/24 04:00,67,REM
11/22/24 04:01,59,REM
11/22/24 04:02,60,REM
11/22/24 04:03,61,REM
11/22/24 04:04,63,REM
11/22/24 04:05,67,REM
11/22/24 04:06,56,REM
11/22/24 04:07,72,REM
11/22/24 04:08,58,REM
11/22/24 04:09,63,REM
11/22/24 04:10,66,REM
11/22/24 04:11,65,REM
11/22/24 04:12,67,REM
11/22/24 04:13,68,REM
11/22/24 04:14,64,REM
11/22/24 04:15,56,light
11/22/24 04:16,58,light
11/22/24 04:17,57,light
11/22/24 04:18,61,light
11/22/24 04:19,61,light
11/22/24 04:20,57,light
11/22/24 04:21,63,light
11/22/24 04:22,65,light
11/22/24 04:23,53,light
11/22/24 04:24,55,light
11/22/24 04:25,56,light
11/22/24 04:26,58,light
11/22/24 04:27,65,light
11/22/24 04:28,61,light
11/22/24 04:29,60,light
11/22/24 04:30,61,light
11/22/24 04:31,58,light
11/22/24 04:32,59,light
11/22/24 04:33,60,light
11/22/24 04:34,55,light
11/22/24 04:35,57,light
11/22/24 04:36,59,light
11/22/24 04:37,57,light
11/22/24 04:38,56,light
11/22/24 04:39,59,light
11/22/24 04:40,63,light
11/22/24 04:41,56,light
11/22/24 04:42,55,light
11/22/24 04:43,60,light
11/22/24 04:44,63,light
11/22/24 04:45,59,light
11/22/24 04:46,60,light
11/22/24 04:47,59,light
11/22/24 04:48,59,light
11/22/24 04:49,63,light
11/22/24 04:50,57,light
11/22/24 04:51,62,light
11/22/24 04:52,57,light
11/22/24 04:53,64,light
11/22/24 04:54,63,light
11/22/24 04:55,62,light
11/22/24 04:56,59,light
11/22/24 04:57,56,light
11/22/24 04:58,60,light
11/22/24 04:59,58,light
11/22/24 05:00,61,light
11/22/24 05:01,58,light
11/22/24 05:02,58,light
11/22/24 05:03,60,light
11/22/24 05:04,59,light
11/22/24 05:05,57,light
11/22/24 05:06,61,light
11/22/24 05:07,60,light
11/22/24 05:08,60,light
11/22/24 05:09,58,light
11/22/24 05:10,60,light
11/22/24 05:11,62,light
11/22/24 05:12,60,light
11/22/24 05:13,58,light
11/22/24 05:14,59,light
11/22/24 05:15,60,light
11/22/24 05:16,57,light
11/22/24 05:17,58,light
11/22/24 05:18,59,light
11/22/24 05:19,58,light
11/22/24 05:20,61,light
11/22/24 05:21,57,light
11/22/24 05:22,60,light
11/22/24 05:23,57,light
11/22/24 05:24,56,light
11/22/24 05:25,58,light
11/22/24 05:26,53,light
11/22/24 05:27,61,light
11/22/24 05:28,61,light
11/22/24 05:29,57,light
11/22/24 05:30,55,light
11/22/24 05:31,59,light
11/22/24 05:32,54,light
11/22/24 05:33,57,light
11/22/24 05:34,63,light
11/22/24 05:35,60,light
11/22/24 05:36,61,light
11/22/24 05:37,59,light
11/22/24 05:38,61,light
11/22/24 05:39,57,light
11/22/24 05:40,56,light
11/22/24 22:45,69,wake
11/22/24 22:46,70,wake
11/22/24 22:47,67,wake
11/22/24 22:48,74,wake
11/22/24 22:49,72,wake
11/22/24 22:50,61,wake
11/22/24 22:51,72,wake
11/22/24 22:52,67,wake
11/22/24 22:53,71,wake
11/22/24 22:54,71,wake
11/22/24 22:55,73,wake
11/22/24 22:56,75,wake
11/22/24 22:57,66,wake
11/22/24 22:58,59,wake
11/22/24 22:59,66,wake
11/22/24 23:00,78,wake
11/22/24 23:01,69,wake
11/22/24 23:02,74,wake
11/22/24 23:03,69,wake
11/22/24 23:04,65,wake
11/22/24 23:05,70,wake
11/22/24 23:06,74,wake
11/22/24 23:07,70,wake
11/22/24 23:08,74,wake
11/22/24 23:09,78,wake
11/22/24 23:10,67,wake
11/22/24 23:11,71,wake
11/22/24 23:12,76,wake
11/22/24 23:13,79,wake
11/22/24 23:14,71,wake
11/22/24 23:15,66,wake
11/22/24 23:16,60,wake
11/22/24 23:17,66,wake
11/22/24 23:18,76,wake
11/22/24 23:19,60,wake
11/22/24 23:20,64,wake
11/22/24 23:21,57,light
11/22/24 23:22,64,light
11/22/24 23:23,59,light
11/22/24 23:24,57,light
11/22/24 23:25,59,light
11/22/24 23:26,63,light
11/22/24 23:27,60,light
11/22/24 23:28,58,light
11/22/24 23:29,58,light
11/22/24 23:30,64,light
11/22/24 23:31,60,light
11/22/24 23:32,62,light
11/22/24 23:33,62,light
11/22/24 23:34,55,light
11/22/24 23:35,59,light
11/22/24 23:36,62,light
11/22/24 23:37,61,light
11/22/24 23:38,58,light
11/22/24 23:39,65,light
11/22/24 23:40,67,light
11/22/24 23:41,67,light
11/22/24 23:42,63,light
11/22/24 23:43,63,light
11/22/24 23:44,60,light
11/22/24 23:45,62,light
11/22/24 23:46,61,light
11/22/24 23:47,61,light
11/22/24 23:48,65,light
11/22/24 23:49,59,light
11/22/24 23:50,64,light
11/22/24 23:51,55,light
11/22/24 23:52,59,light
11/22/24 23:53,67,light
11/22/24 23:54,59,light
11/22/24 23:55,64,light
11/22/24 23:56,61,light
11/22/24 23:57,55,light
11/22/24 23:58,56,light
11/22/24 23:59,60,light
11/23/24 00:00,58,light
11/23/24 00:01,61,light
11/23/24 00:02,60,light
11/23/24 00:03,58,light
11/23/24 00:04,57,light
11/23/24 00:05,60,light
11/23/24 00:06,56,light
11/23/24 00:07,60,light
11/23/24 00:08,64,light
11/23/24 00:09,59,light
11/23/24 00:10,61,light
11/23/24 00:11,58,light
11/23/24 00:12,57,light
11/23/24 00:13,61,light
11/23/24 00:14,64,light
11/23/24 00:15,63,light
11/23/24 00:16,63,light
11/23/24 00:17,56,light
11/23/24 00:18,62,light
11/23/24 00:19,59,light
11/23/24 00:20,61,light
11/23/24 00:21,57,light
11/23/24 00:22,57,light
11/23/24 00:23,63,light
11/23/24 00:24,57,light
11/23/24 00:25,63,light
11/23/24 00:26,60,light
11/23/24 00:27,59,light
11/23/24 00:28,58,light
11/23/24 00:29,59,light
11/23/24 00:30,57,light
11/23/24 00:31,56,light
11/23/24 00:32,59,light
11/23/24 00:33,59,light
11/23/24 00:34,56,light
11/23/24 00:35,57,light
11/23/24 00:36,63,light
11/23/24 00:37,63,light
11/23/24 00:38,62,light
11/23/24 00:39,58,light
11/23/24 00:40,62,light
11/23/24 00:41,55,light
11/23/24 00:42,59,light
11/23/24 00:43,59,light
11/23/24 00:44,57,light
11/23/24 00:45,65,light
11/23/24 00:46,57,light
11/23/24 00:47,61,light
11/23/24 00:48,58,light
11/23/24 00:49,63,light
11/23/24 00:50,64,light
11/23/24 00:51,57,light
11/23/24 00:52,61,light
11/23/24 00:53,61,light
11/23/24 00:54,59,light
11/23/24 00:55,61,light
11/23/24 00:56,60,light
11/23/24 00:57,55,light
11/23/24 00:58,58,light
11/23/24 00:59,57,light
11/23/24 01:00,60,light
11/23/24 01:01,59,light
11/23/24 01:02,58,light
11/23/24 01:03,60,light
11/23/24 01:04,53,light
11/23/24 01:05,62,light
11/23/24 01:06,63,light
11/23/24 01:07,58,light
11/23/24 01:08,64,light
11/23/24 01:09,71,wake
11/23/24 01:10,70,wake
11/23/24 01:11,66,wake
11/23/24 01:12,82,wake
11/23/24 01:13,65,wake
11/23/24 01:14,72,wake
11/23/24 01:15,77,wake
11/23/24 01:16,66,wake
11/23/24 01:17,69,wake
11/23/24 01:18,74,wake
11/23/24 01:19,65,wake
11/23/24 01:20,65,wake
11/23/24 01:21,69,wake
11/23/24 01:22,72,wake
11/23/24 01:23,60,wake
11/23/24 01:24,68,wake
11/23/24 01:25,69,wake
11/23/24 01:26,65,wake
11/23/24 01:27,74,wake
11/23/24 01:28,71,wake
11/23/24 01:29,69,wake
11/23/24 01:30,80,wake
11/23/24 01:31,63,wake
11/23/24 01:32,75,wake
11/23/24 01:33,68,wake
11/23/24 01:34,66,wake
11/23/24 01:35,64,wake
11/23/24 01:36,66,wake
11/23/24 01:37,78,wake
11/23/24 01:38,65,wake
11/23/24 01:39,69,wake
11/23/24 01:40,67,wake
11/23/24 01:41,79,wake
11/23/24 01:42,73,wake
11/23/24 01:43,67,wake
11/23/24 01:44,68,wake
11/23/24 01:45,59,wake
11/23/24 01:46,72,wake
11/23/24 01:47,68,wake
11/23/24 01:48,67,wake
11/23/24 01:49,64,wake
11/23/24 01:50,69,wake
11/23/24 01:51,64,wake
11/23/24 01:52,65,wake
11/23/24 01:53,70,wake
11/23/24 01:54,55,deep
11/23/24 01:55,52,deep
11/23/24 01:56,55,deep
11/23/24 01:57,57,deep
11/23/24 01:58,56,deep
11/23/24 01:59,52,deep
11/23/24 02:00,57,deep
11/23/24 02:01,54,deep
11/23/24 02:02,57,deep
11/23/24 02:03,58,deep
11/23/24 02:04,54,deep
11/23/24 02:05,56,deep
11/23/24 02:06,56,deep
11/23/24 02:07,54,deep
11/23/24 02:08,51,deep
11/23/24 02:09,56,deep
11/23/24 02:10,55,deep
11/23/24 02:11,53,deep
11/23/24 02:12,54,deep
11/23/24 02:13,54,deep
11/23/24 02:14,56,deep
11/23/24 02:15,53,deep
11/23/24 02:16,55,deep
11/23/24 02:17,58,deep
11/23/24 02:18,54,deep
11/23/24 02:19,55,deep
11/23/24 02:20,56,deep
11/23/24 02:21,55,deep
11/23/24 02:22,56,deep
11/23/24 02:23,58,deep
11/23/24 02:24,54,deep
11/23/24 02:25,58,deep
11/23/24 02:26,57,deep
11/23/24 02:27,56,deep
11/23/24 02:28,56,deep
11/23/24 02:29,56,deep
11/23/24 02:30,56,deep
11/23/24 02:31,58,deep
11/23/24 02:32,56,deep
11/23/24 02:33,56,deep
11/23/24 02:34,57,deep
11/23/24 02:35,55,deep
11/23/24 02:36,54,deep
11/23/24 02:37,54,deep
11/23/24 02:38,52,deep
11/23/24 02:39,56,deep
11/23/24 02:40,56,deep
11/23/24 02:41,57,deep
11/23/24 02:42,56,deep
11/23/24 02:43,55,deep
11/23/24 02:44,62,light
11/23/24 02:45,58,light
11/23/24 02:46,63,light
11/23/24 02:47,59,light
11/23/24 02:48,60,light
11/23/24 02:49,59,light
11/23/24 02:50,64,light
11/23/24 02:51,59,light
11/23/24 02:52,56,light
11/23/24 02:53,58,light
11/23/24 02:54,61,light
11/23/24 02:55,61,light
11/23/24 02:56,58,light
11/23/24 02:57,58,light
11/23/24 02:58,57,light
11/23/24 02:59,64,light
11/23/24 03:00,60,light
11/23/24 03:01,61,light
11/23/24 03:02,53,light
11/23/24 03:03,66,light
11/23/24 03:04,63,light
11/23/24 03:05,61,light
11/23/24 03:06,56,light
11/23/24 03:07,55,light
11/23/24 03:08,53,light
11/23/24 03:09,63,light
11/23/24 03:10,62,light
11/23/24 03:11,63,light
11/23/24 03:12,62,light
11/23/24 03:13,54,light
11/23/24 03:14,62,light
11/23/24 03:15,62,light
11/23/24 03:16,52,light
11/23/24 03:17,57,light
11/23/24 03:18,60,light
11/23/24 03:19,58,light
11/23/24 03:20,56,light
11/23/24 03:21,61,light
11/23/24 03:22,64,light
11/23/24 03:23,58,light
11/23/24 03:24,60,light
11/23/24 03:25,59,light
11/23/24 03:26,58,light
11/23/24 03:27,55,light
11/23/24 03:28,58,light
11/23/24 03:29,61,light
11/23/24 03:30,63,light
11/23/24 03:31,58,light
11/23/24 03:32,62,light
11/23/24 03:33,60,light
11/23/24 03:34,57,light
11/23/24 03:35,60,light
11/23/24 03:36,58,light
11/23/24 03:37,53,light
11/23/24 03:38,59,light
11/23/24 03:39,58,light
11/23/24 03:40,61,light
11/23/24 03:41,60,light
11/23/24 03:42,59,light
11/23/24 03:43,57,light
11/23/24 03:44,58,light
11/23/24 03:45,56,light
11/23/24 03:46,65,light
11/23/24 03:47,57,light
11/23/24 03:48,61,light
11/23/24 03:49,58,light
11/23/24 03:50,56,light
11/23/24 03:51,53,light
11/23/24 03:52,61,light
11/23/24 03:53,53,light
11/23/24 03:54,60,light
11/23/24 03:55,53,light
11/23/24 03:56,61,light
11/23/24 03:57,63,light
11/23/24 03:58,55,light
11/23/24 03:59,61,light
11/23/24 04:00,56,light
11/23/24 04:01,59,light
11/23/24 04:02,59,light
11/23/24 04:03,62,light
11/23/24 04:04,57,light
11/23/24 04:05,58,light
11/23/24 04:06,59,light
11/23/24 04:07,62,light
11/23/24 04:08,59,light
11/23/24 04:09,56,light
11/23/24 04:10,57,light
11/23/24 04:11,53,light
11/23/24 04:12,58,light
11/23/24 04:13,58,light
11/23/24 04:14,57,light
11/23/24 04:15,57,light
11/23/24 04:16,57,light
11/23/24 04:17,63,light
11/23/24 04:18,61,light
11/23/24 04:19,55,light
11/23/24 04:20,53,light
11/23/24 04:21,58,light
11/23/24 04:22,59,light
11/23/24 04:23,55,light
11/23/24 04:24,59,light
11/23/24 04:25,59,light
11/23/24 04:26,62,light
11/23/24 04:27,62,light
11/23/24 04:28,54,light
11/23/24 04:29,58,light
11/23/24 04:30,58,light
11/23/24 04:31,62,light
11/23/24 04:32,60,light
11/23/24 04:33,50,deep
11/23/24 04:34,50,deep
11/23/24 04:35,54,deep
11/23/24 04:36,58,deep
11/23/24 04:37,56,deep
11/23/24 04:38,55,deep
11/23/24 04:39,52,deep
11/23/24 04:40,54,deep
11/23/24 04:41,52,deep
11/23/24 04:42,52,deep
11/23/24 04:43,55,deep
11/23/24 04:44,53,deep
11/23/24 04:45,55,deep
11/23/24 04:46,53,deep
11/23/24 04:47,56,deep
11/23/24 04:48,54,deep
11/23/24 04:49,52,deep
11/23/24 04:50,58,deep
11/23/24 04:51,52,deep
11/23/24 04:52,55,deep
11/23/24 04:53,53,deep
11/23/24 04:54,52,deep
11/23/24 04:55,53,deep
11/23/24 04:56,57,deep
11/23/24 04:57,55,deep
11/23/24 04:58,53,deep
11/23/24 04:59,54,deep
11/23/24 05:00,58,deep
11/23/24 05:01,55,deep
11/23/24 05:02,57,deep
11/23/24 05:03,53,deep
11/23/24 05:04,50,deep
11/23/24 05:05,57,deep
11/23/24 05:06,53,deep
11/23/24 05:07,53,deep
11/23/24 05:08,55,deep
11/23/24 05:09,55,deep
11/23/24 05:10,58,deep
11/23/24 05:11,54,deep
11/23/24 05:12,53,deep
11/23/24 05:13,52,deep
11/23/24 05:14,57,deep
11/23/24 05:15,53,deep
11/23/24 05:16,54,deep
11/23/24 05:17,56,deep
11/23/24 05:18,52,deep
11/23/24 05:19,54,deep
11/23/24 05:20,52,deep
11/23/24 05:21,54,deep
11/23/24 05:22,57,deep
11/23/24 05:23,58,deep
11/23/24 05:24,56,deep
11/23/24 05:25,54,deep
11/23/24 05:26,54,deep
11/23/24 05:27,53,deep
11/23/24 05:28,52,deep
11/23/24 05:29,51,deep
11/23/24 05:30,53,deep
11/23/24 05:31,53,deep
11/23/24 05:32,55,deep
11/23/24 05:33,55,deep
11/23/24 05:34,61,light
11/23/24 05:35,56,light
11/23/24 05:36,66,light
11/23/24 05:37,61,light
11/23/24 05:38,56,light
11/23/24 05:39,63,light
11/23/24 05:40,60,light
11/23/24 05:41,58,light
11/23/24 05:42,65,light
11/23/24 05:43,61,light
11/23/24 05:44,60,light
11/23/24 05:45,55,light
11/23/24 05:46,61,light
11/23/24 05:47,57,light
11/23/24 05:48,59,light
11/23/24 05:49,59,light
11/23/24 05:50,59,light
11/23/24 05:51,62,light
11/23/24 05:52,59,light
11/23/24 05:53,61,light
11/23/24 05:54,64,light
11/23/24 05:55,57,light
11/23/24 05:56,60,light
11/23/24 05:57,59,light
11/23/24 05:58,60,light
11/23/24 05:59,59,light
11/23/24 06:00,61,light
11/23/24 06:01,57,light
11/23/24 06:02,64,light
11/23/24 06:03,62,light
11/23/24 06:04,65,light
11/23/24 06:05,60,light
11/23/24 06:06,61,light
11/23/24 06:07,62,light
11/23/24 06:08,63,light
11/23/24 06:09,55,light
11/23/24 06:10,63,light
11/23/24 06:11,60,light
11/23/24 06:12,58,light
11/23/24 06:13,64,light
11/23/24 06:14,60,light
11/23/24 06:15,63,light
11/23/24 06:16,61,light
11/23/24 06:17,59,light
11/23/24 06:18,63,light
11/23/24 06:19,65,light
11/23/24 06:20,55,light
11/23/24 06:21,60,light
11/23/24 06:22,54,light
11/23/24 06:23,62,light
11/23/24 06:24,57,light
11/23/24 06:25,62,light
11/23/24 06:26,63,light
11/23/24 06:27,57,light
11/23/24 06:28,55,light
11/23/24 06:29,59,light
11/23/24 06:30,58,light
11/23/24 06:31,51,light
11/23/24 06:32,55,light
11/23/24 06:33,58,light
11/23/24 06:34,61,light
11/23/24 06:35,62,light
11/23/24 06:36,56,light
11/23/24 06:37,55,light
11/23/24 06:38,58,light
11/23/24 06:39,62,light
11/23/24 06:40,58,light
11/23/24 06:41,56,light
11/23/24 06:42,58,light
11/23/24 06:43,59,light
11/23/24 06:44,53,light
11/23/24 06:45,56,light
11/23/24 06:46,63,light
11/23/24 06:47,60,light
11/23/24 06:48,61,light
11/23/24 06:49,69,wake
11/23/24 06:50,71,wake
11/23/24 06:51,66,wake
11/23/24 06:52,67,wake
11/23/24 06:53,62,wake
11/23/24 06:54,70,wake
11/23/24 22:30,58,deep
11/23/24 22:31,55,deep
11/23/24 22:32,53,deep
11/23/24 22:33,55,deep
11/23/24 22:34,51,deep
11/23/24 22:35,58,deep
11/23/24 22:36,60,deep
11/23/24 22:37,54,deep
11/23/24 22:38,53,deep
11/23/24 22:39,54,deep
11/23/24 22:40,53,deep
11/23/24 22:41,57,deep
11/23/24 22:42,56,deep
11/23/24 22:43,57,deep
11/23/24 22:44,57,deep
11/23/24 22:45,54,deep
11/23/24 22:46,54,deep
11/23/24 22:47,54,deep
11/23/24 22:48,53,deep
11/23/24 22:49,54,deep
11/23/24 22:50,54,deep
11/23/24 22:51,54,deep
11/23/24 22:52,53,deep
11/23/24 22:53,53,deep
11/23/24 22:54,55,deep
11/23/24 22:55,54,deep
11/23/24 22:56,55,deep
11/23/24 22:57,54,deep
11/23/24 22:58,51,deep
11/23/24 22:59,56,deep
11/23/24 23:00,56,deep
11/23/24 23:01,55,deep
11/23/24 23:02,55,deep
11/23/24 23:03,55,deep
11/23/24 23:04,55,deep
11/23/24 23:05,54,deep
11/23/24 23:06,55,deep
11/23/24 23:07,54,deep
11/23/24 23:08,51,deep
11/23/24 23:09,51,deep
11/23/24 23:10,55,deep
11/23/24 23:11,54,deep
11/23/24 23:12,53,deep
11/23/24 23:13,56,deep
11/23/24 23:14,54,deep
11/23/24 23:15,59,deep
11/23/24 23:16,53,deep
11/23/24 23:17,53,deep
11/23/24 23:18,56,deep
11/23/24 23:19,57,light
11/23/24 23:20,61,light
11/23/24 23:21,49,light
11/23/24 23:22,61,light
11/23/24 23:23,58,light
11/23/24 23:24,61,light
11/23/24 23:25,56,light
11/23/24 23:26,59,light
11/23/24 23:27,65,light
11/23/24 23:28,61,light
11/23/24 23:29,63,light
11/23/24 23:30,58,light
11/23/24 23:31,63,light
11/23/24 23:32,60,light
11/23/24 23:33,61,light
11/23/24 23:34,63,light
11/23/24 23:35,55,light
11/23/24 23:36,61,light
11/23/24 23:37,56,light
11/23/24 23:38,65,light
11/23/24 23:39,59,light
11/23/24 23:40,62,light
11/23/24 23:41,53,light
11/23/24 23:42,59,light
11/23/24 23:43,64,light
11/23/24 23:44,54,light
11/23/24 23:45,56,light
11/23/24 23:46,58,light
11/23/24 23:47,65,light
11/23/24 23:48,56,light
11/23/24 23:49,62,light
11/23/24 23:50,60,light
11/23/24 23:51,59,light
11/23/24 23:52,55,light
11/23/24 23:53,60,light
11/23/24 23:54,60,light
11/23/24 23:55,60,light
11/23/24 23:56,63,light
11/23/24 23:57,57,light
11/23/24 23:58,60,light
11/23/24 23:59,57,light
11/24/24 00:00,62,light
11/24/24 00:01,59,light
11/24/24 00:02,58,light
11/24/24 00:03,59,light
11/24/24 00:04,59,light
11/24/24 00:05,62,light
11/24/24 00:06,61,light
11/24/24 00:07,62,light
11/24/24 00:08,62,light
11/24/24 00:09,59,light
11/24/24 00:10,58,light
11/24/24 00:11,61,light
11/24/24 00:12,63,light
11/24/24 00:13,60,light
11/24/24 00:14,65,light
11/24/24 00:15,61,light
11/24/24 00:16,62,light
11/24/24 00:17,62,light
11/24/24 00:18,64,light
11/24/24 00:19,59,light
11/24/24 00:20,55,light
11/24/24 00:21,61,light
11/24/24 00:22,62,light
11/24/24 00:23,63,light
11/24/24 00:24,54,light
11/24/24 00:25,56,light
11/24/24 00:26,60,light
11/24/24 00:27,61,light
11/24/24 00:28,62,light
11/24/24 00:29,66,light
11/24/24 00:30,60,light
11/24/24 00:31,56,light
11/24/24 00:32,58,light
11/24/24 00:33,62,light
11/24/24 00:34,57,light
11/24/24 00:35,58,light
11/24/24 00:36,58,light
11/24/24 00:37,59,light
11/24/24 00:38,58,light
11/24/24 00:39,60,light
11/24/24 00:40,59,light
11/24/24 00:41,60,light
11/24/24 00:42,59,light
11/24/24 00:43,60,light
11/24/24 00:44,57,light
11/24/24 00:45,56,light
11/24/24 00:46,57,light
11/24/24 00:47,62,light
11/24/24 00:48,63,light
11/24/24 00:49,60,light
11/24/24 00:50,58,light
11/24/24 00:51,59,light
11/24/24 00:52,55,light
11/24/24 00:53,60,light
11/24/24 00:54,58,light
11/24/24 00:55,56,light
11/24/24 00:56,62,light
11/24/24 00:57,61,light
11/24/24 00:58,60,wake
11/24/24 00:59,70,wake
11/24/24 01:00,81,wake
11/24/24 01:01,79,wake
11/24/24 01:02,74,wake
11/24/24 01:03,69,wake
11/24/24 01:04,76,wake
11/24/24 01:05,69,wake
11/24/24 01:06,71,wake
11/24/24 01:07,75,wake
11/24/24 01:08,77,wake
11/24/24 01:09,69,wake
11/24/24 01:10,63,wake
11/24/24 01:11,70,wake
11/24/24 01:12,80,wake
11/24/24 01:13,72,wake
11/24/24 01:14,68,wake
11/24/24 01:15,75,wake
11/24/24 01:16,70,wake
11/24/24 01:17,66,wake
11/24/24 01:18,67,wake
11/24/24 01:19,70,wake
11/24/24 01:20,80,wake
11/24/24 01:21,68,wake
11/24/24 01:22,67,wake
11/24/24 01:23,73,wake
11/24/24 01:24,73,wake
11/24/24 01:25,60,wake
11/24/24 01:26,63,wake
11/24/24 01:27,64,wake
11/24/24 01:28,68,wake
11/24/24 01:29,64,wake
11/24/24 01:30,72,wake
11/24/24 01:31,69,wake
11/24/24 01:32,71,wake
11/24/24 01:33,73,wake
11/24/24 01:34,63,wake
11/24/24 01:35,70,wake
11/24/24 01:36,65,wake
11/24/24 01:37,70,wake
11/24/24 01:38,70,wake
11/24/24 01:39,67,wake
11/24/24 01:40,76,wake
11/24/24 01:41,75,wake
11/24/24 01:42,70,wake
11/24/24 01:43,62,wake
11/24/24 01:44,66,wake
11/24/24 01:45,70,wake
11/24/24 01:46,74,wake
11/24/24 01:47,64,wake
11/24/24 01:48,73,wake
11/24/24 01:49,74,wake
11/24/24 01:50,74,wake
11/24/24 01:51,74,wake
11/24/24 01:52,68,wake
11/24/24 01:53,62,wake
11/24/24 01:54,74,wake
11/24/24 01:55,64,wake
11/24/24 01:56,72,wake
11/24/24 01:57,70,wake
11/24/24 01:58,75,wake
11/24/24 01:59,71,wake
11/24/24 02:00,68,wake
11/24/24 02:01,70,wake
11/24/24 02:02,76,wake
11/24/24 02:03,71,wake
11/24/24 02:04,66,wake
11/24/24 02:05,71,wake
11/24/24 02:06,72,wake
11/24/24 02:07,68,wake
11/24/24 02:08,67,wake
11/24/24 02:09,73,wake
11/24/24 02:10,75,wake
11/24/24 02:11,70,wake
11/24/24 02:12,67,wake
11/24/24 02:13,67,wake
11/24/24 02:14,69,wake
11/24/24 02:15,69,wake
11/24/24 02:16,69,wake
11/24/24 02:17,56,deep
11/24/24 02:18,57,deep
11/24/24 02:19,54,deep
11/24/24 02:20,56,deep
11/24/24 02:21,58,deep
11/24/24 02:22,55,deep
11/24/24 02:23,56,deep
11/24/24 02:24,57,deep
11/24/24 02:25,53,deep
11/24/24 02:26,53,deep
11/24/24 02:27,52,deep
11/24/24 02:28,54,deep
11/24/24 02:29,55,deep
11/24/24 02:30,56,deep
11/24/24 02:31,56,deep
11/24/24 02:32,56,deep
11/24/24 02:33,58,deep
11/24/24 02:34,54,deep
11/24/24 02:35,56,deep
11/24/24 02:36,55,deep
11/24/24 02:37,53,deep
11/24/24 02:38,54,deep
11/24/24 02:39,52,deep
11/24/24 02:40,57,deep
11/24/24 02:41,58,deep
11/24/24 02:42,54,deep
11/24/24 02:43,55,deep
11/24/24 02:44,54,deep
11/24/24 02:45,53,deep
11/24/24 02:46,57,deep
11/24/24 02:47,55,deep
11/24/24 02:48,55,deep
11/24/24 02:49,54,deep
11/24/24 02:50,52,deep
11/24/24 02:51,53,deep
11/24/24 02:52,53,deep
11/24/24 02:53,53,deep
11/24/24 02:54,53,deep
11/24/24 02:55,56,deep
11/24/24 02:56,52,deep
11/24/24 02:57,56,deep
11/24/24 02:58,51,deep
11/24/24 02:59,52,deep
11/24/24 03:00,57,deep
11/24/24 03:01,57,deep
11/24/24 03:02,55,deep
11/24/24 03:03,50,deep
11/24/24 03:04,53,deep
11/24/24 03:05,55,deep
11/24/24 03:06,53,deep
11/24/24 03:07,54,deep
11/24/24 03:08,51,deep
11/24/24 03:09,54,deep
11/24/24 03:10,55,deep
11/24/24 03:11,53,deep
11/24/24 03:12,58,deep
11/24/24 03:13,54,deep
11/24/24 03:14,53,deep
11/24/24 03:15,57,deep
11/24/24 03:16,54,deep
11/24/24 03:17,57,deep
11/24/24 03:18,51,deep
11/24/24 03:19,54,deep
11/24/24 03:20,55,deep
11/24/24 03:21,55,deep
11/24/24 03:22,55,deep
11/24/24 03:23,54,deep
11/24/24 03:24,54,deep
11/24/24 03:25,52,deep
11/24/24 03:26,54,deep
11/24/24 03:27,57,light
11/24/24 03:28,58,light
11/24/24 03:29,56,light
11/24/24 03:30,60,light
11/24/24 03:31,57,light
11/24/24 03:32,63,light
11/24/24 03:33,61,light
11/24/24 03:34,57,light
11/24/24 03:35,57,light
11/24/24 03:36,61,light
11/24/24 03:37,61,light
11/24/24 03:38,58,light
11/24/24 03:39,57,light
11/24/24 03:40,59,light
11/24/24 03:41,63,light
11/24/24 03:42,59,light
11/24/24 03:43,61,light
11/24/24 03:44,60,light
11/24/24 03:45,58,light
11/24/24 03:46,59,light
11/24/24 03:47,59,light
11/24/24 03:48,57,light
11/24/24 03:49,57,light
11/24/24 03:50,57,light
11/24/24 03:51,56,light
11/24/24 03:52,54,light
11/24/24 03:53,62,light
11/24/24 03:54,59,light
11/24/24 03:55,62,light
11/24/24 03:56,58,light
11/24/24 03:57,58,light
11/24/24 03:58,62,light
11/24/24 03:59,55,light
11/24/24 04:00,61,light
11/24/24 04:01,57,light
11/24/24 04:02,65,light
11/24/24 04:03,59,light
11/24/24 04:04,54,light
11/24/24 04:05,61,light
11/24/24 04:06,64,light
11/24/24 04:07,57,light
11/24/24 04:08,61,light
11/24/24 04:09,58,light
11/24/24 04:10,63,light
11/24/24 04:11,63,light
11/24/24 04:12,57,light
11/24/24 04:13,61,light
11/24/24 04:14,55,light
11/24/24 04:15,57,light
11/24/24 04:16,66,light
11/24/24 04:17,56,light
11/24/24 04:18,62,light
11/24/24 04:19,59,light
11/24/24 04:20,60,light
11/24/24 04:21,64,light
11/24/24 04:22,53,light
11/24/24 04:23,57,light
11/24/24 04:24,63,light
11/24/24 04:25,57,light
11/24/24 04:26,62,light
11/24/24 04:27,63,light
11/24/24 04:28,57,light
11/24/24 04:29,67,light
11/24/24 04:30,60,light
11/24/24 04:31,61,light
11/24/24 04:32,57,light
11/24/24 04:33,59,light
11/24/24 04:34,53,light
11/24/24 04:35,60,light
11/24/24 04:36,63,light
11/24/24 04:37,59,light
11/24/24 04:38,66,light
11/24/24 04:39,61,light
11/24/24 04:40,57,light
11/24/24 04:41,61,light
11/24/24 04:42,60,light
11/24/24 04:43,58,light
11/24/24 04:44,62,light
11/24/24 04:45,62,light
11/24/24 04:46,58,light
11/24/24 04:47,60,light
11/24/24 04:48,59,light
11/24/24 04:49,55,light
11/24/24 04:50,56,light
11/24/24 04:51,55,light
11/24/24 04:52,58,light
11/24/24 04:53,63,light
11/24/24 04:54,55,light
11/24/24 04:55,61,light
11/24/24 04:56,63,light
11/24/24 04:57,59,light
11/24/24 04:58,60,light
11/24/24 04:59,54,light
11/24/24 05:00,58,light
11/24/24 05:01,58,light
11/24/24 05:02,60,light
11/24/24 05:03,57,light
11/24/24 05:04,58,light
11/24/24 05:05,61,light
11/24/24 05:06,57,REM
11/24/24 22:15,75,wake
11/24/24 22:16,67,wake
11/24/24 22:17,75,wake
11/24/24 22:18,70,wake
11/24/24 22:19,68,wake
11/24/24 22:20,74,wake
11/24/24 22:21,66,wake
11/24/24 22:22,80,wake
11/24/24 22:23,73,wake
11/24/24 22:24,80,wake
11/24/24 22:25,69,wake
11/24/24 22:26,74,wake
11/24/24 22:27,71,wake
11/24/24 22:28,76,wake
11/24/24 22:29,70,wake
11/24/24 22:30,70,wake
11/24/24 22:31,74,wake
11/24/24 22:32,64,wake
11/24/24 22:33,76,wake
11/24/24 22:34,71,wake
11/24/24 22:35,65,wake
11/24/24 22:36,64,wake
11/24/24 22:37,75,wake
11/24/24 22:38,72,wake
11/24/24 22:39,76,wake
11/24/24 22:40,68,wake
11/24/24 22:41,71,wake
11/24/24 22:42,70,wake
11/24/24 22:43,79,wake
11/24/24 22:44,67,wake
11/24/24 22:45,62,wake
11/24/24 22:46,67,wake
11/24/24 22:47,64,wake
11/24/24 22:48,66,wake
11/24/24 22:49,68,wake
11/24/24 22:50,71,wake
11/24/24 22:51,74,wake
11/24/24 22:52,68,wake
11/24/24 22:53,60,wake
11/24/24 22:54,63,wake
11/24/24 22:55,71,wake
11/24/24 22:56,76,wake
11/24/24 22:57,59,wake
11/24/24 22:58,70,wake
11/24/24 22:59,67,wake
11/24/24 23:00,64,wake
11/24/24 23:01,75,wake
11/24/24 23:02,71,wake
11/24/24 23:03,70,wake
11/24/24 23:04,70,wake
11/24/24 23:05,73,wake
11/24/24 23:06,71,wake
11/24/24 23:07,77,wake
11/24/24 23:08,65,wake
11/24/24 23:09,79,wake
11/24/24 23:10,75,wake
11/24/24 23:11,61,wake
11/24/24 23:12,72,wake
11/24/24 23:13,68,wake
11/24/24 23:14,76,wake
11/24/24 23:15,69,wake
11/24/24 23:16,71,wake
11/24/24 23:17,64,wake
11/24/24 23:18,75,wake
11/24/24 23:19,65,wake
11/24/24 23:20,74,wake
11/24/24 23:21,63,wake
11/24/24 23:22,72,wake
11/24/24 23:23,65,wake
11/24/24 23:24,62,wake
11/24/24 23:25,70,wake
11/24/24 23:26,77,wake
11/24/24 23:27,75,wake
11/24/24 23:28,67,wake
11/24/24 23:29,67,wake
11/24/24 23:30,67,wake
11/24/24 23:31,67,wake
11/24/24 23:32,71,wake
11/24/24 23:33,70,wake
11/24/24 23:34,61,wake
11/24/24 23:35,72,wake
11/24/24 23:36,72,wake
11/24/24 23:37,72,wake
11/24/24 23:38,71,wake
11/24/24 23:39,74,wake
11/24/24 23:40,74,wake
11/24/24 23:41,70,wake
11/24/24 23:42,79,wake
11/24/24 23:43,74,wake
11/24/24 23:44,72,wake
11/24/24 23:45,70,wake
11/24/24 23:46,66,wake
11/24/24 23:47,65,wake
11/24/24 23:48,73,wake
11/24/24 23:49,64,wake
11/24/24 23:50,71,wake
11/24/24 23:51,69,wake
11/24/24 23:52,75,wake
11/24/24 23:53,66,wake
11/24/24 23:54,67,wake
11/24/24 23:55,77,wake
11/24/24 23:56,73,wake
11/24/24 23:57,75,wake
11/24/24 23:58,62,wake
11/24/24 23:59,67,wake
11/25/24 00:00,77,wake
11/25/24 00:01,77,wake
11/25/24 00:02,70,wake
11/25/24 00:03,68,wake
11/25/24 00:04,73,wake
11/25/24 00:05,74,wake
11/25/24 00:06,74,wake
11/25/24 00:07,69,wake
11/25/24 00:08,76,wake
11/25/24 00:09,66,wake
11/25/24 00:10,69,wake
11/25/24 00:11,69,wake
11/25/24 00:12,66,wake
11/25/24 00:13,70,REM
11/25/24 00:14,57,REM
11/25/24 00:15,69,REM
11/25/24 00:16,66,REM
11/25/24 00:17,63,REM
11/25/24 00:18,62,REM
11/25/24 00:19,67,REM
11/25/24 00:20,59,REM
11/25/24 00:21,59,REM
11/25/24 00:22,59,REM
11/25/24 00:23,65,REM
11/25/24 00:24,70,REM
11/25/24 00:25,72,REM
11/25/24 00:26,65,REM
11/25/24 00:27,67,REM
11/25/24 00:28,66,REM
11/25/24 00:29,68,REM
11/25/24 00:30,64,REM
11/25/24 00:31,66,REM
11/25/24 00:32,59,REM
11/25/24 00:33,65,REM
11/25/24 00:34,60,REM
11/25/24 00:35,66,REM
11/25/24 00:36,66,REM
11/25/24 00:37,65,REM
11/25/24 00:38,65,REM
11/25/24 00:39,65,REM
11/25/24 00:40,64,REM
11/25/24 00:41,62,REM
11/25/24 00:42,64,REM
11/25/24 00:43,68,REM
11/25/24 00:44,64,REM
11/25/24 00:45,68,REM
11/25/24 00:46,65,REM
11/25/24 00:47,69,REM
11/25/24 00:48,65,REM
11/25/24 00:49,63,REM
11/25/24 00:50,63,REM
11/25/24 00:51,59,REM
11/25/24 00:52,61,REM
11/25/24 00:53,68,REM
11/25/24 00:54,56,REM
11/25/24 00:55,66,REM
11/25/24 00:56,64,REM
11/25/24 00:57,73,REM
11/25/24 00:58,67,REM
11/25/24 00:59,70,REM
11/25/24 01:00,66,REM
11/25/24 01:01,62,REM
11/25/24 01:02,66,REM
11/25/24 01:03,60,REM
11/25/24 01:04,70,REM
11/25/24 01:05,65,REM
11/25/24 01:06,69,REM
11/25/24 01:07,67,REM
11/25/24 01:08,62,REM
11/25/24 01:09,62,REM
11/25/24 01:10,69,REM
11/25/24 01:11,63,REM
11/25/24 01:12,60,REM
11/25/24 01:13,66,REM
11/25/24 01:14,64,REM
11/25/24 01:15,70,REM
11/25/24 01:16,71,REM
11/25/24 01:17,70,REM
11/25/24 01:18,63,REM
11/25/24 01:19,68,REM
11/25/24 01:20,63,REM
11/25/24 01:21,67,REM
11/25/24 01:22,68,REM
11/25/24 01:23,69,REM
11/25/24 01:24,64,REM
11/25/24 01:25,70,REM
11/25/24 01:26,64,REM
11/25/24 01:27,68,REM
11/25/24 01:28,65,REM
11/25/24 01:29,71,REM
11/25/24 01:30,67,REM
11/25/24 01:31,65,REM
11/25/24 01:32,60,REM
11/25/24 01:33,62,REM
11/25/24 01:34,73,wake
11/25/24 01:35,65,wake
11/25/24 01:36,74,wake
11/25/24 01:37,76,wake
11/25/24 01:38,68,wake
11/25/24 01:39,71,wake
11/25/24 01:40,72,wake
11/25/24 01:41,77,wake
11/25/24 01:42,78,wake
11/25/24 01:43,69,wake
11/25/24 01:44,60,wake
11/25/24 01:45,68,wake
11/25/24 01:46,64,wake
11/25/24 01:47,71,wake
11/25/24 01:48,66,wake
11/25/24 01:49,74,wake
11/25/24 01:50,67,wake
11/25/24 01:51,64,wake
11/25/24 01:52,70,wake
11/25/24 01:53,66,wake
11/25/24 01:54,71,wake
11/25/24 01:55,73,wake
11/25/24 01:56,73,wake
11/25/24 01:57,82,wake
11/25/24 01:58,68,wake
11/25/24 01:59,64,wake
11/25/24 02:00,72,wake
11/25/24 02:01,71,wake
11/25/24 02:02,68,wake
11/25/24 02:03,74,wake
11/25/24 02:04,73,wake
11/25/24 02:05,79,wake
11/25/24 02:06,68,wake
11/25/24 02:07,72,wake
11/25/24 02:08,76,wake
11/25/24 02:09,70,wake
11/25/24 02:10,68,wake
11/25/24 02:11,65,wake
11/25/24 02:12,75,wake
11/25/24 02:13,68,wake
11/25/24 02:14,76,wake
11/25/24 02:15,73,wake
11/25/24 02:16,71,wake
11/25/24 02:17,66,wake
11/25/24 02:18,76,wake
11/25/24 02:19,62,wake
11/25/24 02:20,76,wake
11/25/24 02:21,65,wake
11/25/24 02:22,71,wake
11/25/24 02:23,65,wake
11/25/24 02:24,70,wake
11/25/24 02:25,69,wake
11/25/24 02:26,58,light
11/25/24 02:27,61,light
11/25/24 02:28,64,light
11/25/24 02:29,61,light
11/25/24 02:30,65,light
11/25/24 02:31,60,light
11/25/24 02:32,63,light
11/25/24 02:33,59,light
11/25/24 02:34,58,light
11/25/24 02:35,62,light
11/25/24 02:36,63,light
11/25/24 02:37,51,light
11/25/24 02:38,56,light
11/25/24 02:39,64,light
11/25/24 02:40,60,light
11/25/24 02:41,59,light
11/25/24 02:42,58,light
11/25/24 02:43,58,light
11/25/24 02:44,60,light
11/25/24 02:45,56,light
11/25/24 02:46,60,light
11/25/24 02:47,59,light
11/25/24 02:48,58,light
11/25/24 02:49,64,light
11/25/24 02:50,57,light
11/25/24 02:51,56,light
11/25/24 02:52,60,light
11/25/24 02:53,60,light
11/25/24 02:54,57,light
11/25/24 02:55,59,light
11/25/24 02:56,55,light
11/25/24 02:57,60,light
11/25/24 02:58,66,light
11/25/24 02:59,59,light
11/25/24 03:00,59,light
11/25/24 03:01,60,light
11/25/24 03:02,61,light
11/25/24 03:03,63,light
11/25/24 03:04,60,light
11/25/24 03:05,64,light
11/25/24 03:06,60,light
11/25/24 03:07,63,light
11/25/24 03:08,62,light
11/25/24 03:09,61,light
11/25/24 03:10,59,light
11/25/24 03:11,61,light
11/25/24 03:12,57,light
11/25/24 03:13,56,light
11/25/24 03:14,59,light
11/25/24 03:15,58,light
11/25/24 03:16,61,light
11/25/24 03:17,63,light
11/25/24 03:18,66,light
11/25/24 03:19,58,light
11/25/24 03:20,58,light
11/25/24 03:21,59,light
11/25/24 03:22,62,light
11/25/24 03:23,59,light
11/25/24 03:24,60,light
11/25/24 03:25,59,light
11/25/24 03:26,58,light
11/25/24 03:27,56,light
11/25/24 03:28,61,light
11/25/24 03:29,59,light
11/25/24 03:30,60,light
11/25/24 03:31,58,light
11/25/24 03:32,60,light
11/25/24 03:33,54,light
11/25/24 03:34,65,light
11/25/24 03:35,61,light
11/25/24 03:36,62,light
11/25/24 03:37,64,light
11/25/24 03:38,59,light
11/25/24 03:39,67,light
11/25/24 03:40,66,light
11/25/24 03:41,58,light
11/25/24 03:42,63,light
11/25/24 03:43,61,light
11/25/24 03:44,57,light
11/25/24 03:45,58,light
11/25/24 03:46,55,light
11/25/24 03:47,62,light
11/25/24 03:48,64,light
11/25/24 03:49,58,light
11/25/24 03:50,60,light
11/25/24 03:51,57,light
11/25/24 03:52,56,light
11/25/24 03:53,60,light
11/25/24 03:54,61,light
11/25/24 03:55,61,light
11/25/24 03:56,60,light
11/25/24 03:57,58,deep
11/25/24 03:58,52,deep
11/25/24 03:59,49,deep
11/25/24 04:00,56,deep
11/25/24 04:01,57,deep
11/25/24 04:02,57,deep
11/25/24 04:03,53,deep
11/25/24 04:04,56,deep
11/25/24 04:05,54,deep
11/25/24 04:06,53,deep
11/25/24 04:07,52,deep
11/25/24 04:08,55,deep
11/25/24 04:09,54,deep
11/25/24 04:10,58,deep
11/25/24 04:11,57,deep
11/25/24 04:12,59,deep
11/25/24 04:13,51,deep
11/25/24 04:14,54,deep
11/25/24 04:15,56,deep
11/25/24 04:16,55,deep
11/25/24 04:17,56,deep
11/25/24 04:18,56,deep
11/25/24 04:19,53,deep
11/25/24 04:20,57,deep
11/25/24 04:21,55,deep
11/25/24 04:22,55,deep
11/25/24 04:23,56,deep
11/25/24 04:24,54,deep
11/25/24 04:25,50,deep
11/25/24 04:26,54,deep
11/25/24 04:27,53,deep
11/25/24 04:28,57,deep
11/25/24 04:29,55,deep
11/25/24 04:30,54,deep
11/25/24 04:31,52,deep
11/25/24 04:32,53,deep
11/25/24 04:33,56,deep
11/25/24 04:34,56,deep
11/25/24 04:35,56,deep
11/25/24 04:36,54,deep
11/25/24 04:37,55,deep
11/25/24 04:38,54,deep
11/25/24 04:39,55,deep
11/25/24 04:40,61,wake
11/25/24 04:41,71,wake
11/25/24 04:42,73,wake
11/25/24 04:43,63,wake
11/25/24 04:44,61,wake
11/25/24 04:45,78,wake
11/25/24 04:46,70,wake
11/25/24 04:47,65,wake
11/25/24 04:48,60,wake
11/25/24 04:49,74,wake
11/25/24 04:50,65,wake
11/25/24 04:51,77,wake
11/25/24 04:52,73,wake
11/25/24 04:53,59,wake
11/25/24 04:54,69,wake
11/25/24 04:55,71,wake
11/25/24 04:56,72,wake
11/25/24 04:57,78,wake
11/25/24 04:58,74,wake
11/25/24 04:59,70,wake
11/25/24 05:00,68,wake
11/25/24 05:01,73,wake
11/25/24 05:02,75,wake
11/25/24 05:03,66,wake
11/25/24 05:04,77,wake
11/25/24 05:05,68,wake
11/25/24 05:06,69,wake
11/25/24 05:07,66,wake
11/25/24 05:08,71,wake
11/25/24 05:09,70,wake
11/25/24 05:10,65,wake
11/25/24 05:11,67,wake
11/25/24 05:12,67,wake
11/25/24 05:13,64,wake
11/25/24 05:14,62,wake
11/25/24 05:15,73,wake
11/25/24 05:16,75,wake
11/25/24 05:17,75,wake
11/25/24 05:18,67,wake
11/25/24 05:19,71,wake
11/25/24 05:20,66,wake
11/25/24 05:21,63,wake
11/25/24 05:22,70,wake
11/25/24 05:23,62,wake
11/25/24 05:24,68,wake
11/25/24 05:25,79,wake
11/25/24 05:26,67,wake
11/25/24 05:27,66,wake
11/25/24 05:28,73,wake
11/25/24 05:29,74,wake
11/25/24 05:30,67,wake
11/25/24 05:31,74,wake
11/25/24 05:32,69,wake
11/25/24 05:33,72,wake
11/25/24 05:34,69,wake
11/25/24 05:35,84,wake
11/25/24 05:36,74,wake
11/25/24 05:37,65,wake
11/25/24 05:38,72,wake
11/25/24 05:39,78,wake
11/25/24 05:40,70,wake
11/25/24 05:41,69,wake
11/25/24 05:42,67,REM
11/25/24 05:43,72,REM
11/25/24 05:44,62,REM
11/25/24 05:45,63,REM
11/25/24 05:46,63,REM
11/25/24 05:47,60,REM
11/25/24 05:48,70,REM
11/25/24 05:49,70,REM
11/25/24 05:50,66,REM
11/25/24 05:51,68,REM
11/25/24 05:52,60,REM
11/25/24 05:53,57,REM
11/25/24 05:54,62,REM
11/25/24 05:55,65,REM
11/25/24 05:56,69,REM
11/25/24 05:57,66,REM
11/25/24 05:58,67,REM
11/25/24 05:59,68,REM
11/25/24 06:00,57,REM
11/25/24 06:01,63,REM
11/25/24 06:02,59,REM
11/25/24 06:03,63,REM
11/25/24 06:04,65,REM
11/25/24 06:05,64,REM
11/25/24 06:06,71,REM
11/25/24 06:07,61,REM
11/25/24 06:08,67,REM
11/25/24 06:09,69,REM
11/25/24 06:10,72,REM
11/25/24 06:11,62,REM
11/25/24 06:12,68,REM
11/25/24 06:13,68,REM
11/25/24 06:14,67,REM
11/25/24 06:15,59,REM
11/25/24 06:16,63,REM
11/25/24 06:17,66,REM
11/25/24 06:18,65,REM
11/25/24 06:19,73,REM
11/25/24 06:20,73,REM
11/25/24 06:21,64,REM
11/25/24 06:22,66,REM
11/25/24 06:23,65,REM
11/25/24 06:24,59,REM
11/25/24 06:25,67,REM
11/25/24 06:26,62,REM
11/25/24 06:27,50,REM
11/25/24 06:28,72,REM
11/25/24 06:29,61,REM
11/25/24 06:30,61,REM
11/25/24 06:31,72,REM
11/25/24 06:32,63,REM
11/25/24 06:33,59,REM
11/25/24 06:34,65,REM
11/25/24 06:35,61,REM
11/25/24 06:36,57,REM
11/25/24 06:37,71,REM
11/25/24 06:38,64,REM
11/25/24 06:39,62,REM
11/25/24 06:40,69,REM
11/25/24 06:41,64,REM
11/25/24 06:42,65,REM
11/25/24 21:45,59,light
11/25/24 21:46,66,light
11/25/24 21:47,60,light
11/25/24 21:48,58,light
11/25/24 21:49,60,light
11/25/24 21:50,59,light
11/25/24 21:51,63,light
11/25/24 21:52,58,light
11/25/24 21:53,64,light
11/25/24 21:54,60,light
11/25/24 21:55,64,light
11/25/24 21:56,58,light
11/25/24 21:57,62,light
11/25/24 21:58,62,light
11/25/24 21:59,56,light
11/25/24 22:00,56,light
11/25/24 22:01,63,light
11/25/24 22:02,63,light
11/25/24 22:03,58,light
11/25/24 22:04,61,light
11/25/24 22:05,62,light
11/25/24 22:06,56,light
11/25/24 22:07,61,light
11/25/24 22:08,62,light
11/25/24 22:09,62,light
11/25/24 22:10,57,light
11/25/24 22:11,58,light
11/25/24 22:12,61,light
11/25/24 22:13,59,light
11/25/24 22:14,63,light
11/25/24 22:15,58,light
11/25/24 22:16,64,light
11/25/24 22:17,59,light
11/25/24 22:18,64,light
11/25/24 22:19,62,light
11/25/24 22:20,60,light
11/25/24 22:21,57,light
11/25/24 22:22,61,light
11/25/24 22:23,61,light
11/25/24 22:24,59,light
11/25/24 22:25,68,light
11/25/24 22:26,58,light
11/25/24 22:27,58,light
11/25/24 22:28,58,light
11/25/24 22:29,62,light
11/25/24 22:30,59,light
11/25/24 22:31,59,light
11/25/24 22:32,56,light
11/25/24 22:33,61,light
11/25/24 22:34,54,light
11/25/24 22:35,60,light
11/25/24 22:36,58,light
11/25/24 22:37,52,light
11/25/24 22:38,64,light
11/25/24 22:39,65,light
11/25/24 22:40,59,light
11/25/24 22:41,56,light
11/25/24 22:42,61,light
11/25/24 22:43,63,light
11/25/24 22:44,60,light
11/25/24 22:45,59,deep
11/25/24 22:46,53,deep
11/25/24 22:47,53,deep
11/25/24 22:48,54,deep
11/25/24 22:49,56,deep
11/25/24 22:50,55,deep
11/25/24 22:51,49,deep
11/25/24 22:52,56,deep
11/25/24 22:53,51,deep
11/25/24 22:54,49,deep
11/25/24 22:55,54,deep
11/25/24 22:56,51,deep
11/25/24 22:57,54,deep
11/25/24 22:58,52,deep
11/25/24 22:59,56,deep
11/25/24 23:00,51,deep
11/25/24 23:01,54,deep
11/25/24 23:02,55,deep
11/25/24 23:03,52,deep
11/25/24 23:04,58,deep
11/25/24 23:05,52,deep
11/25/24 23:06,57,deep
11/25/24 23:07,53,deep
11/25/24 23:08,53,deep
11/25/24 23:09,54,deep
11/25/24 23:10,56,deep
11/25/24 23:11,59,deep
11/25/24 23:12,59,deep
11/25/24 23:13,53,deep
11/25/24 23:14,54,deep
11/25/24 23:15,55,deep
11/25/24 23:16,56,deep
11/25/24 23:17,54,deep
11/25/24 23:18,57,deep
11/25/24 23:19,58,deep
11/25/24 23:20,52,deep
11/25/24 23:21,55,deep
11/25/24 23:22,55,deep
11/25/24 23:23,50,deep
11/25/24 23:24,57,deep
11/25/24 23:25,55,deep
11/25/24 23:26,55,deep
11/25/24 23:27,56,deep
11/25/24 23:28,55,deep
11/25/24 23:29,54,deep
11/25/24 23:30,53,deep
11/25/24 23:31,53,deep
11/25/24 23:32,56,deep
11/25/24 23:33,52,deep
11/25/24 23:34,54,deep
11/25/24 23:35,52,deep
11/25/24 23:36,56,deep
11/25/24 23:37,54,deep
11/25/24 23:38,57,deep
11/25/24 23:39,55,deep
11/25/24 23:40,56,deep
11/25/24 23:41,54,deep
11/25/24 23:42,53,deep
11/25/24 23:43,56,deep
11/25/24 23:44,53,deep
11/25/24 23:45,56,deep
11/25/24 23:46,56,deep
11/25/24 23:47,56,deep
11/25/24 23:48,54,deep
11/25/24 23:49,54,deep
11/25/24 23:50,51,deep
11/25/24 23:51,53,deep
11/25/24 23:52,54,deep
11/25/24 23:53,56,deep
11/25/24 23:54,57,deep
11/25/24 23:55,52,deep
11/25/24 23:56,53,deep
11/25/24 23:57,56,deep
11/25/24 23:58,53,deep
11/25/24 23:59,58,deep
11/26/24 00:00,54,deep
11/26/24 00:01,53,deep
11/26/24 00:02,58,deep
11/26/24 00:03,52,deep
11/26/24 00:04,51,deep
11/26/24 00:05,55,deep
11/26/24 00:06,57,deep
11/26/24 00:07,54,deep
11/26/24 00:08,52,deep
11/26/24 00:09,56,deep
11/26/24 00:10,55,deep
11/26/24 00:11,59,deep
11/26/24 00:12,49,deep
11/26/24 00:13,55,deep
11/26/24 00:14,55,deep
11/26/24 00:15,69,wake
11/26/24 00:16,70,wake
11/26/24 00:17,65,wake
11/26/24 00:18,72,wake
11/26/24 00:19,74,wake
11/26/24 00:20,73,wake
11/26/24 00:21,64,wake
11/26/24 00:22,70,wake
11/26/24 00:23,75,wake
11/26/24 00:24,72,wake
11/26/24 00:25,58,wake
11/26/24 00:26,66,wake
11/26/24 00:27,70,wake
11/26/24 00:28,59,wake
11/26/24 00:29,70,wake
11/26/24 00:30,71,wake
11/26/24 00:31,69,wake
11/26/24 00:32,74,wake
11/26/24 00:33,70,wake
11/26/24 00:34,65,wake
11/26/24 00:35,71,wake
11/26/24 00:36,72,wake
11/26/24 00:37,64,wake
11/26/24 00:38,70,wake
11/26/24 00:39,74,wake
11/26/24 00:40,73,wake
11/26/24 00:41,62,wake
11/26/24 00:42,70,wake
11/26/24 00:43,70,wake
11/26/24 00:44,62,wake
11/26/24 00:45,64,wake
11/26/24 00:46,74,wake
11/26/24 00:47,78,wake
11/26/24 00:48,67,wake
11/26/24 00:49,58,wake
11/26/24 00:50,73,wake
11/26/24 00:51,66,wake
11/26/24 00:52,65,wake
11/26/24 00:53,64,wake
11/26/24 00:54,73,wake
11/26/24 00:55,74,wake
11/26/24 00:56,65,wake
11/26/24 00:57,66,wake
11/26/24 00:58,69,wake
11/26/24 00:59,64,wake
11/26/24 01:00,67,wake
11/26/24 01:01,72,wake
11/26/24 01:02,69,wake
11/26/24 01:03,80,wake
11/26/24 01:04,71,wake
11/26/24 01:05,74,wake
11/26/24 01:06,77,wake
11/26/24 01:07,74,wake
11/26/24 01:08,71,wake
11/26/24 01:09,68,wake
11/26/24 01:10,69,wake
11/26/24 01:11,71,wake
11/26/24 01:12,74,wake
11/26/24 01:13,68,wake
11/26/24 01:14,66,wake
11/26/24 01:15,73,wake
11/26/24 01:16,73,wake
11/26/24 01:17,67,wake
11/26/24 01:18,63,wake
11/26/24 01:19,65,wake
11/26/24 01:20,76,wake
11/26/24 01:21,65,wake
11/26/24 01:22,69,wake
11/26/24 01:23,67,wake
11/26/24 01:24,72,wake
11/26/24 01:25,73,wake
11/26/24 01:26,65,wake
11/26/24 01:27,76,wake
11/26/24 01:28,82,wake
11/26/24 01:29,77,wake
11/26/24 01:30,51,deep
11/26/24 01:31,55,deep
11/26/24 01:32,55,deep
11/26/24 01:33,55,deep
11/26/24 01:34,55,deep
11/26/24 01:35,55,deep
11/26/24 01:36,54,deep
11/26/24 01:37,54,deep
11/26/24 01:38,58,deep
11/26/24 01:39,57,deep
11/26/24 01:40,57,deep
11/26/24 01:41,57,deep
11/26/24 01:42,58,deep
11/26/24 01:43,57,deep
11/26/24 01:44,55,deep
11/26/24 01:45,56,deep
11/26/24 01:46,53,deep
11/26/24 01:47,56,deep
11/26/24 01:48,53,deep
11/26/24 01:49,53,deep
11/26/24 01:50,55,deep
11/26/24 01:51,55,deep
11/26/24 01:52,55,deep
11/26/24 01:53,54,deep
11/26/24 01:54,56,deep
11/26/24 01:55,54,deep
11/26/24 01:56,56,deep
11/26/24 01:57,54,deep
11/26/24 01:58,54,deep
11/26/24 01:59,53,deep
11/26/24 02:00,53,deep
11/26/24 02:01,54,deep
11/26/24 02:02,53,deep
11/26/24 02:03,54,deep
11/26/24 02:04,53,deep
11/26/24 02:05,55,deep
11/26/24 02:06,56,deep
11/26/24 02:07,57,deep
11/26/24 02:08,54,deep
11/26/24 02:09,56,deep
11/26/24 02:10,57,deep
11/26/24 02:11,53,deep
11/26/24 02:12,54,deep
11/26/24 02:13,54,deep
11/26/24 02:14,56,deep
11/26/24 02:15,58,deep
11/26/24 02:16,50,deep
11/26/24 02:17,55,deep
11/26/24 02:18,55,deep
11/26/24 02:19,52,deep
11/26/24 02:20,55,deep
11/26/24 02:21,50,deep
11/26/24 02:22,52,deep
11/26/24 02:23,56,deep
11/26/24 02:24,57,deep
11/26/24 02:25,54,deep
11/26/24 02:26,53,deep
11/26/24 02:27,53,deep
11/26/24 02:28,59,deep
11/26/24 02:29,57,deep
11/26/24 02:30,55,deep
11/26/24 02:31,57,deep
11/26/24 02:32,55,deep
11/26/24 02:33,54,deep
11/26/24 02:34,59,deep
11/26/24 02:35,58,deep
11/26/24 02:36,52,deep
11/26/24 02:37,54,deep
11/26/24 02:38,54,deep
11/26/24 02:39,55,deep
11/26/24 02:40,55,deep
11/26/24 02:41,57,deep
11/26/24 02:42,55,deep
11/26/24 02:43,56,deep
11/26/24 02:44,53,deep
11/26/24 02:45,56,deep
11/26/24 02:46,57,deep
11/26/24 02:47,56,deep
11/26/24 02:48,54,deep
11/26/24 02:49,52,deep
11/26/24 02:50,54,deep
11/26/24 02:51,55,deep
11/26/24 02:52,54,deep
11/26/24 02:53,52,deep
11/26/24 02:54,54,deep
11/26/24 02:55,55,deep
11/26/24 02:56,54,deep
11/26/24 02:57,59,deep
11/26/24 02:58,54,deep
11/26/24 02:59,53,deep
11/26/24 03:00,53,deep
11/26/24 03:01,55,deep
11/26/24 03:02,53,deep
11/26/24 03:03,55,deep
11/26/24 03:04,53,deep
11/26/24 03:05,53,deep
11/26/24 03:06,50,deep
11/26/24 03:07,58,deep
11/26/24 03:08,52,deep
11/26/24 03:09,52,deep
11/26/24 03:10,56,deep
11/26/24 03:11,54,deep
11/26/24 03:12,55,deep
11/26/24 03:13,54,deep
11/26/24 03:14,63,light
11/26/24 03:15,63,light
11/26/24 03:16,54,light
11/26/24 03:17,52,light
11/26/24 03:18,61,light
11/26/24 03:19,57,light
11/26/24 03:20,58,light
11/26/24 03:21,53,light
11/26/24 03:22,57,light
11/26/24 03:23,57,light
11/26/24 03:24,67,light
11/26/24 03:25,59,light
11/26/24 03:26,63,light
11/26/24 03:27,61,light
11/26/24 03:28,59,light
11/26/24 03:29,59,light
11/26/24 03:30,59,light
11/26/24 03:31,58,light
11/26/24 03:32,62,light
11/26/24 03:33,59,light
11/26/24 03:34,58,light
11/26/24 03:35,64,light
11/26/24 03:36,54,light
11/26/24 03:37,61,light
11/26/24 03:38,59,light
11/26/24 03:39,62,light
11/26/24 03:40,57,light
11/26/24 03:41,48,light
11/26/24 03:42,58,light
11/26/24 03:43,60,light
11/26/24 03:44,61,light
11/26/24 03:45,58,light
11/26/24 03:46,63,light
11/26/24 03:47,52,light
11/26/24 03:48,60,light
11/26/24 03:49,60,light
11/26/24 03:50,62,light
11/26/24 03:51,65,light
11/26/24 03:52,60,light
11/26/24 03:53,60,light
11/26/24 03:54,64,light
11/26/24 03:55,60,light
11/26/24 03:56,63,light
11/26/24 03:57,58,light
11/26/24 03:58,63,light
11/26/24 03:59,61,light
11/26/24 04:00,59,light
11/26/24 04:01,58,light
11/26/24 04:02,60,light
11/26/24 04:03,60,light
11/26/24 04:04,60,light
11/26/24 04:05,62,light
11/26/24 04:06,51,light
11/26/24 04:07,59,light
11/26/24 04:08,61,light
11/26/24 04:09,65,light
11/26/24 04:10,65,light
11/26/24 04:11,63,light
11/26/24 04:12,60,light
11/26/24 04:13,64,light
11/26/24 04:14,59,light
11/26/24 04:15,55,light
11/26/24 04:16,58,light
11/26/24 04:17,61,light
11/26/24 04:18,65,light
11/26/24 04:19,59,light
11/26/24 04:20,54,light
11/26/24 04:21,62,light
11/26/24 04:22,60,light
11/26/24 04:23,63,light
11/26/24 04:24,59,light
11/26/24 04:25,59,light
11/26/24 04:26,60,light
11/26/24 04:27,53,light
11/26/24 04:28,60,light
11/26/24 04:29,62,light
11/26/24 04:30,62,light
11/26/24 04:31,56,light
11/26/24 04:32,58,light
11/26/24 04:33,61,light
11/26/24 04:34,58,light
11/26/24 04:35,58,light
11/26/24 04:36,59,light
11/26/24 04:37,64,light
11/26/24 04:38,61,light
11/26/24 04:39,62,light
11/26/24 04:40,57,light
11/26/24 04:41,62,light
11/26/24 04:42,59,light
11/26/24 04:43,69,wake
11/26/24 04:44,72,wake
11/26/24 04:45,64,wake
11/26/24 04:46,73,wake
11/26/24 04:47,67,wake
11/26/24 04:48,70,wake
11/26/24 04:49,79,wake
11/26/24 04:50,66,wake
11/26/24 04:51,58,wake
11/26/24 04:52,66,wake
11/26/24 04:53,70,wake
11/26/24 04:54,73,wake
11/26/24 04:55,69,wake
11/26/24 04:56,75,wake
11/26/24 04:57,69,wake
11/26/24 04:58,72,wake
11/26/24 04:59,67,wake
11/26/24 05:00,70,wake
11/26/24 05:01,77,wake
11/26/24 05:02,64,wake
11/26/24 05:03,59,wake
11/26/24 05:04,79,wake
11/26/24 05:05,67,wake
11/26/24 05:06,69,wake
11/26/24 05:07,67,wake
11/26/24 05:08,62,wake
11/26/24 05:09,58,wake
11/26/24 05:10,68,wake
11/26/24 05:11,78,wake
11/26/24 05:12,73,wake
11/26/24 05:13,65,wake
11/26/24 05:14,75,wake
11/26/24 05:15,78,wake
11/26/24 05:16,66,wake
11/26/24 05:17,72,wake
11/26/24 05:18,67,wake
11/26/24 05:19,73,wake
11/26/24 05:20,65,wake
11/26/24 05:21,72,wake
11/26/24 05:22,76,wake
11/26/24 05:23,83,wake
11/26/24 05:24,70,wake
11/26/24 05:25,79,wake
11/26/24 05:26,78,wake
11/26/24 05:27,64,wake
11/26/24 05:28,74,wake
11/26/24 05:29,79,wake
11/26/24 05:30,73,wake
11/26/24 05:31,72,wake
11/26/24 05:32,69,wake
11/26/24 05:33,71,wake
11/26/24 05:34,70,wake
11/26/24 05:35,77,wake
11/26/24 05:36,59,wake
11/26/24 05:37,74,wake
11/26/24 05:38,69,wake
11/26/24 05:39,66,wake
11/26/24 05:40,68,wake
11/26/24 05:41,73,wake
11/26/24 05:42,54,light
11/26/24 05:43,55,light
11/26/24 05:44,59,light
11/26/24 05:45,65,light
11/26/24 05:46,61,light
11/26/24 05:47,61,light
11/26/24 05:48,55,light
11/26/24 05:49,58,light
11/26/24 05:50,56,light
11/26/24 05:51,60,light
11/26/24 05:52,62,light
11/26/24 05:53,61,light
11/26/24 05:54,57,light
11/26/24 05:55,56,light
11/26/24 05:56,61,light
11/26/24 05:57,64,light
11/26/24 05:58,64,light
11/26/24 05:59,62,light
11/26/24 06:00,57,light
11/26/24 06:01,67,light
11/26/24 06:02,66,light
11/26/24 06:03,55,light
11/26/24 06:04,57,light
11/26/24 06:05,56,light
11/26/24 06:06,60,light
11/26/24 06:07,62,light
11/26/24 06:08,60,light
11/26/24 06:09,58,light
11/26/24 06:10,61,light
11/26/24 06:11,62,light
11/26/24 06:12,56,light
11/26/24 06:13,69,light
11/26/24 06:14,62,light
11/26/24 06:15,57,light
11/26/24 06:16,62,light
11/26/24 06:17,61,light
11/26/24 06:18,59,light
11/26/24 06:19,58,light
11/26/24 06:20,60,light
11/26/24 06:21,62,light
11/26/24 06:22,55,light
11/26/24 06:23,64,light
11/26/24 06:24,63,light
11/26/24 06:25,56,light
11/26/24 06:26,62,light
11/26/24 06:27,71,wake
11/26/24 06:28,78,wake
11/26/24 06:29,72,wake
11/26/24 06:30,68,wake
11/26/24 06:31,68,wake
11/26/24 06:32,62,wake
11/26/24 06:33,63,wake
11/26/24 06:34,62,wake
11/26/24 06:35,77,wake
11/26/24 06:36,67,wake
11/26/24 06:37,66,wake
11/26/24 06:38,77,wake
11/26/24 06:39,71,wake
11/26/24 06:40,68,wake
11/26/24 06:41,65,wake
11/26/24 06:42,66,wake
11/26/24 06:43,67,wake
11/26/24 06:44,67,wake
11/26/24 06:45,68,wake
11/26/24 06:46,70,wake
11/26/24 06:47,70,wake
11/26/24 06:48,62,wake
11/26/24 06:49,75,wake
11/26/24 06:50,71,wake
11/26/24 06:51,65,wake
11/26/24 06:52,69,wake
11/26/24 06:53,71,wake
11/26/24 06:54,75,wake
11/26/24 06:55,68,wake
11/26/24 06:56,67,wake
11/26/24 06:57,72,wake
11/26/24 06:58,65,wake
11/26/24 06:59,78,wake
11/26/24 07:00,76,wake
11/26/24 07:01,72,wake
11/26/24 07:02,65,wake
11/26/24 07:03,83,wake
11/26/24 07:04,76,wake
11/26/24 07:05,74,wake
11/26/24 07:06,71,wake
12/5/24 23:00,59,light
12/5/24 23:01,63,light
12/5/24 23:02,59,light
12/5/24 23:03,61,light
12/5/24 23:04,59,light
12/5/24 23:05,61,light
12/5/24 23:06,56,light
12/5/24 23:07,63,light
12/5/24 23:08,58,light
12/5/24 23:09,59,light
12/5/24 23:10,58,light
12/5/24 23:11,56,light
12/5/24 23:12,64,light
12/5/24 23:13,58,light
12/5/24 23:14,56,light
12/5/24 23:15,62,light
12/5/24 23:16,59,light
12/5/24 23:17,60,light
12/5/24 23:18,61,light
12/5/24 23:19,55,light
12/5/24 23:20,63,light
12/5/24 23:21,61,light
12/5/24 23:22,55,light
12/5/24 23:23,60,light
12/5/24 23:24,58,light
12/5/24 23:25,59,light
12/5/24 23:26,62,light
12/5/24 23:27,54,light
12/5/24 23:28,59,light
12/5/24 23:29,62,light
12/5/24 23:30,58,light
12/5/24 23:31,60,light
12/5/24 23:32,56,light
12/5/24 23:33,64,light
12/5/24 23:34,65,light
12/5/24 23:35,58,light
12/5/24 23:36,62,light
12/5/24 23:37,61,light
12/5/24 23:38,53,light
12/5/24 23:39,58,light
12/5/24 23:40,53,light
12/5/24 23:41,61,light
12/5/24 23:42,62,light
12/5/24 23:43,54,light
12/5/24 23:44,59,light
12/5/24 23:45,54,light
12/5/24 23:46,63,light
12/5/24 23:47,60,light
12/5/24 23:48,59,light
12/5/24 23:49,61,light
12/5/24 23:50,57,light
12/5/24 23:51,58,light
12/5/24 23:52,61,light
12/5/24 23:53,60,light
12/5/24 23:54,60,light
12/5/24 23:55,61,light
12/5/24 23:56,57,light
12/5/24 23:57,57,light
12/5/24 23:58,59,light
12/5/24 23:59,60,light
12/6/24 00:00,62,light
12/6/24 00:01,64,light
12/6/24 00:02,59,light
12/6/24 00:03,58,light
12/6/24 00:04,61,light
12/6/24 00:05,59,light
12/6/24 00:06,59,light
12/6/24 00:07,60,light
12/6/24 00:08,58,light
12/6/24 00:09,66,light
12/6/24 00:10,55,light
12/6/24 00:11,61,light
12/6/24 00:12,63,light
12/6/24 00:13,58,light
12/6/24 00:14,56,light
12/6/24 00:15,59,light
12/6/24 00:16,64,light
12/6/24 00:17,61,light
12/6/24 00:18,62,light
12/6/24 00:19,61,light
12/6/24 00:20,55,light
12/6/24 00:21,64,light
12/6/24 00:22,60,light
12/6/24 00:23,62,light
12/6/24 00:24,61,light
12/6/24 00:25,61,light
12/6/24 00:26,61,light
12/6/24 00:27,61,light
12/6/24 00:28,58,light
12/6/24 00:29,61,light
12/6/24 00:30,58,light
12/6/24 00:31,58,light
12/6/24 00:32,62,light
12/6/24 00:33,61,light
12/6/24 00:34,62,light
12/6/24 00:35,57,light
12/6/24 00:36,61,light
12/6/24 00:37,57,light
12/6/24 00:38,58,light
12/6/24 00:39,61,light
12/6/24 00:40,61,light
12/6/24 00:41,59,light
12/6/24 00:42,62,light
12/6/24 00:43,58,light
12/6/24 00:44,59,light
12/6/24 00:45,61,light
12/6/24 00:46,58,light
12/6/24 00:47,59,light
12/6/24 00:48,58,light
12/6/24 00:49,60,light
12/6/24 00:50,59,light
12/6/24 00:51,59,light
12/6/24 00:52,59,light
12/6/24 00:53,62,light
12/6/24 00:54,60,light
12/6/24 00:55,58,light
12/6/24 00:56,56,light
12/6/24 00:57,57,light
12/6/24 00:58,56,light
12/6/24 00:59,54,light
12/6/24 01:00,68,REM
12/6/24 01:01,62,REM
12/6/24 01:02,71,REM
12/6/24 01:03,70,REM
12/6/24 01:04,62,REM
12/6/24 01:05,68,REM
12/6/24 01:06,63,REM
12/6/24 01:07,68,REM
12/6/24 01:08,66,REM
12/6/24 01:09,61,REM
12/6/24 01:10,68,REM
12/6/24 01:11,64,REM
12/6/24 01:12,57,REM
12/6/24 01:13,63,REM
12/6/24 01:14,66,REM
12/6/24 01:15,64,REM
12/6/24 01:16,63,REM
12/6/24 01:17,64,REM
12/6/24 01:18,65,REM
12/6/24 01:19,66,REM
12/6/24 01:20,63,REM
12/6/24 01:21,67,REM
12/6/24 01:22,65,REM
12/6/24 01:23,66,REM
12/6/24 01:24,68,REM
12/6/24 01:25,72,REM
12/6/24 01:26,70,REM
12/6/24 01:27,69,REM
12/6/24 01:28,71,REM
12/6/24 01:29,65,REM
12/6/24 01:30,64,REM
12/6/24 01:31,69,REM
12/6/24 01:32,65,REM
12/6/24 01:33,62,REM
12/6/24 01:34,62,REM
12/6/24 01:35,68,REM
12/6/24 01:36,66,REM
12/6/24 01:37,64,REM
12/6/24 01:38,66,REM
12/6/24 01:39,72,REM
12/6/24 01:40,65,REM
12/6/24 01:41,54,deep
12/6/24 01:42,57,deep
12/6/24 01:43,56,deep
12/6/24 01:44,55,deep
12/6/24 01:45,52,deep
12/6/24 01:46,53,deep
12/6/24 01:47,52,deep
12/6/24 01:48,52,deep
12/6/24 01:49,55,deep
12/6/24 01:50,54,deep
12/6/24 01:51,51,deep
12/6/24 01:52,57,deep
12/6/24 01:53,50,deep
12/6/24 01:54,54,deep
12/6/24 01:55,58,deep
12/6/24 01:56,55,deep
12/6/24 01:57,52,deep
12/6/24 01:58,57,deep
12/6/24 01:59,53,deep
12/6/24 02:00,52,deep
12/6/24 02:01,53,deep
12/6/24 02:02,53,deep
12/6/24 02:03,55,deep
12/6/24 02:04,52,deep
12/6/24 02:05,51,deep
12/6/24 02:06,55,deep
12/6/24 02:07,53,deep
12/6/24 02:08,53,deep
12/6/24 02:09,54,deep
12/6/24 02:10,53,deep
12/6/24 02:11,54,deep
12/6/24 02:12,53,deep
12/6/24 02:13,54,deep
12/6/24 02:14,56,deep
12/6/24 02:15,54,deep
12/6/24 02:16,54,deep
12/6/24 02:17,56,deep
12/6/24 02:18,54,deep
12/6/24 02:19,54,deep
12/6/24 02:20,56,deep
12/6/24 02:21,53,deep
12/6/24 02:22,54,deep
12/6/24 02:23,56,deep
12/6/24 02:24,51,deep
12/6/24 02:25,55,deep
12/6/24 02:26,55,deep
12/6/24 02:27,55,deep
12/6/24 02:28,57,deep
12/6/24 02:29,54,deep
12/6/24 02:30,59,deep
12/6/24 02:31,55,deep
12/6/24 02:32,61,deep
12/6/24 02:33,53,deep
12/6/24 02:34,55,deep
12/6/24 02:35,54,deep
12/6/24 02:36,53,deep
12/6/24 02:37,53,deep
12/6/24 02:38,54,deep
12/6/24 02:39,52,deep
12/6/24 02:40,53,deep
12/6/24 02:41,63,REM
12/6/24 02:42,70,REM
12/6/24 02:43,69,REM
12/6/24 02:44,67,REM
12/6/24 02:45,53,REM
12/6/24 02:46,61,REM
12/6/24 02:47,65,REM
12/6/24 02:48,70,REM
12/6/24 02:49,66,REM
12/6/24 02:50,66,REM
12/6/24 02:51,55,REM
12/6/24 02:52,62,REM
12/6/24 02:53,62,REM
12/6/24 02:54,68,REM
12/6/24 02:55,71,REM
12/6/24 02:56,59,REM
12/6/24 02:57,58,REM
12/6/24 02:58,61,REM
12/6/24 02:59,66,REM
12/6/24 03:00,68,REM
12/6/24 03:01,66,REM
12/6/24 03:02,68,REM
12/6/24 03:03,59,REM
12/6/24 03:04,66,REM
12/6/24 03:05,71,REM
12/6/24 03:06,62,REM
12/6/24 03:07,70,REM
12/6/24 03:08,63,REM
12/6/24 03:09,65,REM
12/6/24 03:10,59,REM
12/6/24 03:11,63,REM
12/6/24 03:12,64,REM
12/6/24 03:13,69,REM
12/6/24 03:14,64,REM
12/6/24 03:15,60,REM
12/6/24 03:16,63,REM
12/6/24 03:17,80,REM
12/6/24 03:18,63,REM
12/6/24 03:19,65,REM
12/6/24 03:20,64,REM
12/6/24 03:21,66,REM
12/6/24 03:22,66,REM
12/6/24 03:23,67,REM
12/6/24 03:24,60,REM
12/6/24 03:25,65,REM
12/6/24 03:26,68,REM
12/6/24 03:27,67,REM
12/6/24 03:28,68,REM
12/6/24 03:29,68,REM
12/6/24 03:30,71,REM
12/6/24 03:31,58,light
12/6/24 03:32,64,light
12/6/24 03:33,60,light
12/6/24 03:34,58,light
12/6/24 03:35,59,light
12/6/24 03:36,57,light
12/6/24 03:37,61,light
12/6/24 03:38,63,light
12/6/24 03:39,62,light
12/6/24 03:40,60,light
12/6/24 03:41,55,light
12/6/24 03:42,60,light
12/6/24 03:43,58,light
12/6/24 03:44,62,light
12/6/24 03:45,62,light
12/6/24 03:46,56,light
12/6/24 03:47,58,light
12/6/24 03:48,57,light
12/6/24 03:49,58,light
12/6/24 03:50,57,light
12/6/24 03:51,56,light
12/6/24 03:52,59,light
12/6/24 03:53,64,light
12/6/24 03:54,62,light
12/6/24 03:55,64,light
12/6/24 03:56,56,light
12/6/24 03:57,61,light
12/6/24 03:58,65,light
12/6/24 03:59,60,light
12/6/24 04:00,61,light
12/6/24 04:01,61,light
12/6/24 04:02,56,light
12/6/24 04:03,62,light
12/6/24 04:04,54,light
12/6/24 04:05,61,light
12/6/24 04:06,59,light
12/6/24 04:07,56,light
12/6/24 04:08,65,light
12/6/24 04:09,64,light
12/6/24 04:10,55,light
12/6/24 04:11,57,light
12/6/24 04:12,57,light
12/6/24 04:13,55,light
12/6/24 04:14,64,light
12/6/24 04:15,59,light
12/6/24 04:16,58,light
12/6/24 04:17,62,light
12/6/24 04:18,60,light
12/6/24 04:19,61,light
12/6/24 04:20,61,light
12/6/24 04:21,60,light
12/6/24 04:22,56,light
12/6/24 04:23,59,light
12/6/24 04:24,63,light
12/6/24 04:25,57,light
12/6/24 04:26,58,light
12/6/24 04:27,63,light
12/6/24 04:28,57,light
12/6/24 04:29,62,light
12/6/24 04:30,59,light
12/6/24 04:31,58,light
12/6/24 04:32,58,light
12/6/24 04:33,60,light
12/6/24 04:34,68,light
12/6/24 04:35,59,light
12/6/24 04:36,63,light
12/6/24 04:37,58,light
12/6/24 04:38,60,light
12/6/24 04:39,56,light
12/6/24 04:40,58,light
12/6/24 04:41,59,light
12/6/24 04:42,57,light
12/6/24 04:43,58,light
12/6/24 04:44,59,light
12/6/24 04:45,58,light
12/6/24 04:46,58,light
12/6/24 04:47,64,light
12/6/24 04:48,58,light
12/6/24 04:49,58,light
12/6/24 04:50,60,light
12/6/24 04:51,61,light
12/6/24 04:52,60,light
12/6/24 04:53,57,light
12/6/24 04:54,63,light
12/6/24 04:55,58,light
12/6/24 04:56,52,light
12/6/24 04:57,58,light
12/6/24 04:58,64,light
12/6/24 04:59,60,light
12/6/24 05:00,62,light
12/6/24 05:01,58,light
12/6/24 05:02,63,light
12/6/24 05:03,57,light
12/6/24 05:04,59,light
12/6/24 05:05,57,light
12/6/24 05:06,64,light
12/6/24 05:07,56,light
12/6/24 05:08,61,light
12/6/24 05:09,57,light
12/6/24 05:10,58,light
12/6/24 05:11,55,light
12/6/24 05:12,57,light
12/6/24 05:13,65,light
12/6/24 05:14,60,light
12/6/24 05:15,57,light
12/6/24 05:16,59,light
12/6/24 05:17,62,light
12/6/24 05:18,65,light
12/6/24 05:19,63,light
12/6/24 05:20,64,light
12/6/24 05:21,55,light
12/6/24 05:22,61,light
12/6/24 05:23,59,light
12/6/24 05:24,56,light
12/6/24 05:25,75,wake
12/6/24 05:26,69,wake
12/6/24 05:27,66,wake
12/6/24 05:28,72,wake
12/6/24 05:29,65,wake
12/6/24 05:30,72,wake
12/6/24 05:31,78,wake
12/6/24 05:32,74,wake
12/6/24 05:33,76,wake
12/6/24 05:34,66,wake
12/6/24 05:35,65,wake
12/6/24 05:36,64,wake
12/6/24 05:37,69,wake
12/6/24 05:38,67,wake
12/6/24 05:39,64,wake
12/6/24 05:40,76,wake
12/6/24 05:41,80,wake
12/6/24 05:42,77,wake
12/6/24 05:43,63,wake
12/6/24 05:44,69,wake
12/6/24 05:45,62,wake
12/6/24 05:46,68,wake
12/6/24 05:47,69,wake
12/6/24 05:48,77,wake
12/6/24 05:49,78,wake
12/6/24 05:50,78,wake
12/6/24 05:51,62,wake
12/6/24 05:52,66,wake
12/6/24 05:53,71,wake
12/6/24 05:54,69,wake
12/6/24 05:55,65,wake
12/6/24 05:56,59,wake
12/6/24 05:57,58,wake
12/6/24 05:58,67,wake
12/6/24 05:59,67,wake
12/6/24 06:00,65,wake
12/6/24 06:01,71,wake
12/6/24 06:02,77,wake
12/6/24 06:03,75,wake
12/6/24 06:04,81,wake
12/6/24 06:05,67,wake
12/6/24 06:06,75,wake
12/6/24 06:07,64,wake
12/6/24 06:08,60,wake
12/6/24 06:09,70,wake
12/6/24 06:10,73,wake
12/6/24 06:11,71,wake
12/6/24 06:12,73,wake
12/6/24 06:13,77,wake
12/6/24 06:14,69,wake
12/6/24 06:15,73,wake
12/6/24 06:16,64,wake
12/6/24 06:17,64,wake
12/6/24 06:18,70,wake
12/6/24 06:19,63,wake
12/6/24 06:20,62,wake
12/6/24 06:21,70,wake
12/6/24 06:22,73,wake
12/6/24 06:23,71,wake
12/6/24 06:24,64,wake
12/6/24 23:00,59,REM
12/6/24 23:01,70,REM
12/6/24 23:02,65,REM
12/6/24 23:03,48,REM
12/6/24 23:04,66,REM
12/6/24 23:05,61,REM
12/6/24 23:06,70,REM
12/6/24 23:07,60,REM
12/6/24 23:08,67,REM
12/6/24 23:09,61,REM
12/6/24 23:10,64,REM
12/6/24 23:11,62,REM
12/6/24 23:12,58,REM
12/6/24 23:13,63,REM
12/6/24 23:14,67,REM
12/6/24 23:15,67,REM
12/6/24 23:16,67,REM
12/6/24 23:17,64,REM
12/6/24 23:18,66,REM
12/6/24 23:19,66,REM
12/6/24 23:20,67,REM
12/6/24 23:21,67,REM
12/6/24 23:22,61,REM
12/6/24 23:23,68,REM
12/6/24 23:24,61,REM
12/6/24 23:25,51,REM
12/6/24 23:26,69,REM
12/6/24 23:27,64,REM
12/6/24 23:28,68,REM
12/6/24 23:29,64,REM
12/6/24 23:30,62,REM
12/6/24 23:31,68,REM
12/6/24 23:32,68,REM
12/6/24 23:33,68,REM
12/6/24 23:34,70,REM
12/6/24 23:35,62,REM
12/6/24 23:36,65,REM
12/6/24 23:37,65,REM
12/6/24 23:38,65,REM
12/6/24 23:39,57,REM
12/6/24 23:40,69,REM
12/6/24 23:41,60,REM
12/6/24 23:42,61,REM
12/6/24 23:43,65,REM
12/6/24 23:44,66,REM
12/6/24 23:45,63,REM
12/6/24 23:46,64,REM
12/6/24 23:47,69,REM
12/6/24 23:48,64,REM
12/6/24 23:49,63,REM
12/6/24 23:50,63,REM
12/6/24 23:51,63,REM
12/6/24 23:52,58,REM
12/6/24 23:53,65,REM
12/6/24 23:54,62,REM
12/6/24 23:55,65,REM
12/6/24 23:56,55,REM
12/6/24 23:57,57,REM
12/6/24 23:58,59,REM
12/6/24 23:59,58,REM
12/7/24 00:00,62,REM
12/7/24 00:01,67,REM
12/7/24 00:02,68,REM
12/7/24 00:03,63,REM
12/7/24 00:04,60,REM
12/7/24 00:05,51,deep
12/7/24 00:06,54,deep
12/7/24 00:07,52,deep
12/7/24 00:08,54,deep
12/7/24 00:09,54,deep
12/7/24 00:10,55,deep
12/7/24 00:11,56,deep
12/7/24 00:12,55,deep
12/7/24 00:13,57,deep
12/7/24 00:14,56,deep
12/7/24 00:15,54,deep
12/7/24 00:16,53,deep
12/7/24 00:17,50,deep
12/7/24 00:18,56,deep
12/7/24 00:19,54,deep
12/7/24 00:20,53,deep
12/7/24 00:21,54,deep
12/7/24 00:22,54,deep
12/7/24 00:23,55,deep
12/7/24 00:24,56,deep
12/7/24 00:25,56,deep
12/7/24 00:26,56,deep
12/7/24 00:27,55,deep
12/7/24 00:28,51,deep
12/7/24 00:29,58,deep
12/7/24 00:30,55,deep
12/7/24 00:31,58,deep
12/7/24 00:32,54,deep
12/7/24 00:33,57,deep
12/7/24 00:34,53,deep
12/7/24 00:35,57,deep
12/7/24 00:36,58,deep
12/7/24 00:37,54,deep
12/7/24 00:38,55,deep
12/7/24 00:39,58,deep
12/7/24 00:40,56,deep
12/7/24 00:41,54,deep
12/7/24 00:42,57,deep
12/7/24 00:43,54,deep
12/7/24 00:44,54,deep
12/7/24 00:45,56,deep
12/7/24 00:46,54,deep
12/7/24 00:47,53,deep
12/7/24 00:48,57,deep
12/7/24 00:49,55,deep
12/7/24 00:50,56,deep
12/7/24 00:51,56,deep
12/7/24 00:52,53,deep
12/7/24 00:53,57,deep
12/7/24 00:54,58,deep
12/7/24 00:55,53,deep
12/7/24 00:56,56,deep
12/7/24 00:57,52,deep
12/7/24 00:58,56,deep
12/7/24 00:59,57,deep
12/7/24 01:00,50,deep
12/7/24 01:01,58,deep
12/7/24 01:02,53,deep
12/7/24 01:03,53,deep
12/7/24 01:04,57,deep
12/7/24 01:05,56,deep
12/7/24 01:06,57,deep
12/7/24 01:07,54,deep
12/7/24 01:08,55,deep
12/7/24 01:09,60,light
12/7/24 01:10,60,light
12/7/24 01:11,59,light
12/7/24 01:12,56,light
12/7/24 01:13,58,light
12/7/24 01:14,56,light
12/7/24 01:15,57,light
12/7/24 01:16,55,light
12/7/24 01:17,59,light
12/7/24 01:18,60,light
12/7/24 01:19,61,light
12/7/24 01:20,60,light
12/7/24 01:21,63,light
12/7/24 01:22,66,light
12/7/24 01:23,59,light
12/7/24 01:24,65,light
12/7/24 01:25,62,light
12/7/24 01:26,59,light
12/7/24 01:27,60,light
12/7/24 01:28,58,light
12/7/24 01:29,64,light
12/7/24 01:30,62,light
12/7/24 01:31,62,light
12/7/24 01:32,59,light
12/7/24 01:33,56,light
12/7/24 01:34,58,light
12/7/24 01:35,56,light
12/7/24 01:36,60,light
12/7/24 01:37,58,light
12/7/24 01:38,53,light
12/7/24 01:39,56,light
12/7/24 01:40,61,light
12/7/24 01:41,63,light
12/7/24 01:42,59,light
12/7/24 01:43,61,light
12/7/24 01:44,58,light
12/7/24 01:45,60,light
12/7/24 01:46,56,light
12/7/24 01:47,62,light
12/7/24 01:48,53,light
12/7/24 01:49,63,light
12/7/24 01:50,58,light
12/7/24 01:51,52,light
12/7/24 01:52,57,light
12/7/24 01:53,61,light
12/7/24 01:54,58,light
12/7/24 01:55,58,light
12/7/24 01:56,59,light
12/7/24 01:57,58,light
12/7/24 01:58,62,light
12/7/24 01:59,61,light
12/7/24 02:00,63,light
12/7/24 02:01,64,light
12/7/24 02:02,54,light
12/7/24 02:03,61,light
12/7/24 02:04,63,light
12/7/24 02:05,59,light
12/7/24 02:06,63,light
12/7/24 02:07,55,light
12/7/24 02:08,64,light
12/7/24 02:09,56,light
12/7/24 02:10,60,light
12/7/24 02:11,59,light
12/7/24 02:12,64,light
12/7/24 02:13,60,light
12/7/24 02:14,59,light
12/7/24 02:15,63,light
12/7/24 02:16,63,light
12/7/24 02:17,57,light
12/7/24 02:18,56,light
12/7/24 02:19,61,light
12/7/24 02:20,59,light
12/7/24 02:21,57,light
12/7/24 02:22,59,light
12/7/24 02:23,66,light
12/7/24 02:24,63,light
12/7/24 02:25,53,light
12/7/24 02:26,64,light
12/7/24 02:27,58,light
12/7/24 02:28,61,light
12/7/24 02:29,55,light
12/7/24 02:30,60,light
12/7/24 02:31,55,light
12/7/24 02:32,63,light
12/7/24 02:33,66,light
12/7/24 02:34,51,deep
12/7/24 02:35,50,deep
12/7/24 02:36,54,deep
12/7/24 02:37,55,deep
12/7/24 02:38,54,deep
12/7/24 02:39,54,deep
12/7/24 02:40,56,deep
12/7/24 02:41,56,deep
12/7/24 02:42,51,deep
12/7/24 02:43,56,deep
12/7/24 02:44,56,deep
12/7/24 02:45,56,deep
12/7/24 02:46,58,deep
12/7/24 02:47,55,deep
12/7/24 02:48,51,deep
12/7/24 02:49,55,deep
12/7/24 02:50,52,deep
12/7/24 02:51,51,deep
12/7/24 02:52,49,deep
12/7/24 02:53,55,deep
12/7/24 02:54,54,deep
12/7/24 02:55,52,deep
12/7/24 02:56,54,deep
12/7/24 02:57,54,deep
12/7/24 02:58,54,deep
12/7/24 02:59,54,deep
12/7/24 03:00,53,deep
12/7/24 03:01,56,deep
12/7/24 03:02,52,deep
12/7/24 03:03,56,deep
12/7/24 03:04,58,deep
12/7/24 03:05,53,deep
12/7/24 03:06,55,deep
12/7/24 03:07,57,deep
12/7/24 03:08,57,deep
12/7/24 03:09,54,deep
12/7/24 03:10,53,deep
12/7/24 03:11,54,deep
12/7/24 03:12,57,deep
12/7/24 03:13,55,deep
12/7/24 03:14,52,deep
12/7/24 03:15,59,deep
12/7/24 03:16,55,deep
12/7/24 03:17,56,deep
12/7/24 03:18,52,deep
12/7/24 03:19,54,deep
12/7/24 03:20,55,deep
12/7/24 03:21,57,deep
12/7/24 03:22,54,deep
12/7/24 03:23,53,deep
12/7/24 03:24,55,deep
12/7/24 03:25,54,deep
12/7/24 03:26,57,deep
12/7/24 03:27,52,deep
12/7/24 03:28,53,deep
12/7/24 03:29,53,deep
12/7/24 03:30,52,deep
12/7/24 03:31,56,deep
12/7/24 03:32,52,deep
12/7/24 03:33,52,deep
12/7/24 03:34,54,deep
12/7/24 03:35,51,deep
12/7/24 03:36,54,deep
12/7/24 03:37,55,deep
12/7/24 03:38,53,deep
12/7/24 03:39,54,deep
12/7/24 03:40,57,deep
12/7/24 03:41,53,deep
12/7/24 03:42,55,deep
12/7/24 03:43,51,deep
12/7/24 03:44,56,deep
12/7/24 03:45,55,deep
12/7/24 03:46,56,deep
12/7/24 03:47,54,deep
12/7/24 03:48,53,deep
12/7/24 03:49,50,deep
12/7/24 03:50,52,deep
12/7/24 03:51,54,deep
12/7/24 03:52,58,deep
12/7/24 03:53,55,deep
12/7/24 03:54,54,deep
12/7/24 03:55,52,deep
12/7/24 03:56,53,deep
12/7/24 03:57,55,deep
12/7/24 03:58,54,deep
12/7/24 03:59,52,deep
12/7/24 04:00,53,deep
12/7/24 04:01,54,deep
12/7/24 04:02,54,deep
12/7/24 04:03,54,deep
12/7/24 04:04,56,deep
12/7/24 04:05,56,light
12/7/24 04:06,58,light
12/7/24 04:07,63,light
12/7/24 04:08,67,light
12/7/24 04:09,68,light
12/7/24 04:10,62,light
12/7/24 04:11,55,light
12/7/24 04:12,62,light
12/7/24 04:13,61,light
12/7/24 04:14,55,light
12/7/24 04:15,63,light
12/7/24 04:16,55,light
12/7/24 04:17,63,light
12/7/24 04:18,62,light
12/7/24 04:19,63,light
12/7/24 04:20,53,light
12/7/24 04:21,57,light
12/7/24 04:22,59,light
12/7/24 04:23,60,light
12/7/24 04:24,63,light
12/7/24 04:25,59,light
12/7/24 04:26,64,light
12/7/24 04:27,58,light
12/7/24 04:28,58,light
12/7/24 04:29,66,light
12/7/24 04:30,62,light
12/7/24 04:31,60,light
12/7/24 04:32,58,light
12/7/24 04:33,58,light
12/7/24 04:34,55,light
12/7/24 04:35,60,light
12/7/24 04:36,60,light
12/7/24 04:37,58,light
12/7/24 04:38,60,light
12/7/24 04:39,59,light
12/7/24 04:40,58,light
12/7/24 04:41,62,light
12/7/24 04:42,59,light
12/7/24 04:43,62,light
12/7/24 04:44,59,light
12/7/24 04:45,65,light
12/7/24 04:46,65,light
12/7/24 04:47,62,light
12/7/24 04:48,58,light
12/7/24 04:49,58,light
12/7/24 04:50,64,light
12/7/24 04:51,59,light
12/7/24 04:52,62,light
12/7/24 04:53,62,light
12/7/24 04:54,60,light
12/7/24 04:55,63,light
12/7/24 04:56,62,light
12/7/24 04:57,54,light
12/7/24 04:58,60,light
12/7/24 04:59,56,light
12/7/24 05:00,56,light
12/7/24 05:01,59,light
12/7/24 05:02,63,light
12/7/24 05:03,61,light
12/7/24 05:04,59,light
12/7/24 05:05,62,light
12/7/24 05:06,61,light
12/7/24 05:07,56,light
12/7/24 05:08,56,light
12/7/24 05:09,65,light
12/7/24 05:10,59,light
12/7/24 05:11,62,light
12/7/24 05:12,61,light
12/7/24 05:13,54,light
12/7/24 05:14,59,light
12/7/24 05:15,56,light
12/7/24 05:16,64,light
12/7/24 05:17,62,light
12/7/24 05:18,59,light
12/7/24 05:19,59,light
12/7/24 05:20,58,light
12/7/24 05:21,57,light
12/7/24 05:22,59,light
12/7/24 05:23,56,light
12/7/24 05:24,58,light
12/7/24 05:25,58,light
12/7/24 05:26,56,light
12/7/24 05:27,59,light
12/7/24 05:28,58,light
12/7/24 05:29,58,light
12/7/24 05:30,64,light
12/7/24 05:31,57,light
12/7/24 05:32,59,light
12/7/24 05:33,61,light
12/7/24 05:34,65,light
12/7/24 05:35,59,light
12/7/24 05:36,56,light
12/7/24 05:37,58,light
12/7/24 05:38,63,light
12/7/24 05:39,56,light
12/7/24 05:40,61,light
12/7/24 05:41,61,light
12/7/24 05:42,62,light
12/7/24 05:43,66,light
12/7/24 05:44,61,light
12/7/24 05:45,53,light
12/7/24 05:46,57,light
12/7/24 05:47,59,light
12/7/24 05:48,59,light
12/7/24 05:49,60,light
12/7/24 05:50,59,light
12/7/24 05:51,62,light
12/7/24 05:52,52,light
12/7/24 05:53,58,light
12/7/24 05:54,56,light
12/7/24 05:55,60,light
12/7/24 05:56,55,light
12/7/24 05:57,57,light
12/7/24 05:58,59,light
12/7/24 05:59,60,light
12/7/24 06:00,57,light
12/7/24 06:01,59,light
12/7/24 06:02,64,light
12/7/24 06:03,62,light
12/7/24 06:04,60,light
12/7/24 06:05,56,light
12/7/24 06:06,59,light
12/7/24 06:07,62,light
12/7/24 06:08,59,light
12/7/24 06:09,62,light
12/7/24 06:10,62,light
12/7/24 06:11,59,light
12/7/24 06:12,59,light
12/7/24 06:13,69,light
12/7/24 06:14,60,light
12/7/24 06:15,58,light
12/7/24 06:16,56,light
12/7/24 06:17,62,light
12/7/24 06:18,60,light
12/7/24 06:19,59,light
12/7/24 06:20,54,light
12/7/24 06:21,60,light
12/7/24 06:22,58,light
12/7/24 23:30,53,deep
12/7/24 23:31,53,deep
12/7/24 23:32,55,deep
12/7/24 23:33,57,deep
12/7/24 23:34,56,deep
12/7/24 23:35,53,deep
12/7/24 23:36,58,deep
12/7/24 23:37,54,deep
12/7/24 23:38,55,deep
12/7/24 23:39,55,deep
12/7/24 23:40,56,deep
12/7/24 23:41,57,deep
12/7/24 23:42,57,deep
12/7/24 23:43,54,deep
12/7/24 23:44,55,deep
12/7/24 23:45,52,deep
12/7/24 23:46,55,deep
12/7/24 23:47,54,deep
12/7/24 23:48,52,deep
12/7/24 23:49,56,deep
12/7/24 23:50,53,deep
12/7/24 23:51,56,deep
12/7/24 23:52,54,deep
12/7/24 23:53,54,deep
12/7/24 23:54,54,deep
12/7/24 23:55,56,deep
12/7/24 23:56,57,deep
12/7/24 23:57,57,deep
12/7/24 23:58,54,deep
12/7/24 23:59,54,deep
12/8/24 00:00,55,deep
12/8/24 00:01,52,deep
12/8/24 00:02,56,deep
12/8/24 00:03,55,deep
12/8/24 00:04,56,deep
12/8/24 00:05,53,deep
12/8/24 00:06,55,deep
12/8/24 00:07,53,deep
12/8/24 00:08,58,deep
12/8/24 00:09,54,deep
12/8/24 00:10,55,deep
12/8/24 00:11,56,deep
12/8/24 00:12,55,deep
12/8/24 00:13,56,deep
12/8/24 00:14,55,deep
12/8/24 00:15,53,deep
12/8/24 00:16,53,deep
12/8/24 00:17,56,deep
12/8/24 00:18,54,deep
12/8/24 00:19,55,deep
12/8/24 00:20,54,deep
12/8/24 00:21,51,deep
12/8/24 00:22,54,deep
12/8/24 00:23,53,deep
12/8/24 00:24,55,deep
12/8/24 00:25,55,deep
12/8/24 00:26,55,deep
12/8/24 00:27,57,deep
12/8/24 00:28,50,deep
12/8/24 00:29,53,deep
12/8/24 00:30,54,deep
12/8/24 00:31,53,deep
12/8/24 00:32,55,deep
12/8/24 00:33,58,deep
12/8/24 00:34,55,deep
12/8/24 00:35,56,deep
12/8/24 00:36,58,deep
12/8/24 00:37,55,deep
12/8/24 00:38,57,deep
12/8/24 00:39,57,deep
12/8/24 00:40,58,deep
12/8/24 00:41,55,deep
12/8/24 00:42,54,deep
12/8/24 00:43,50,deep
12/8/24 00:44,55,deep
12/8/24 00:45,53,deep
12/8/24 00:46,55,deep
12/8/24 00:47,55,deep
12/8/24 00:48,58,deep
12/8/24 00:49,53,deep
12/8/24 00:50,52,deep
12/8/24 00:51,54,deep
12/8/24 00:52,53,deep
12/8/24 00:53,55,deep
12/8/24 00:54,55,deep
12/8/24 00:55,60,light
12/8/24 00:56,60,light
12/8/24 00:57,60,light
12/8/24 00:58,58,light
12/8/24 00:59,57,light
12/8/24 01:00,58,light
12/8/24 01:01,58,light
12/8/24 01:02,66,light
12/8/24 01:03,62,light
12/8/24 01:04,62,light
12/8/24 01:05,55,light
12/8/24 01:06,57,light
12/8/24 01:07,55,light
12/8/24 01:08,61,light
12/8/24 01:09,61,light
12/8/24 01:10,62,light
12/8/24 01:11,61,light
12/8/24 01:12,55,light
12/8/24 01:13,59,light
12/8/24 01:14,57,light
12/8/24 01:15,63,light
12/8/24 01:16,59,light
12/8/24 01:17,61,light
12/8/24 01:18,63,light
12/8/24 01:19,66,light
12/8/24 01:20,61,light
12/8/24 01:21,58,light
12/8/24 01:22,56,light
12/8/24 01:23,57,light
12/8/24 01:24,65,light
12/8/24 01:25,54,light
12/8/24 01:26,64,light
12/8/24 01:27,67,light
12/8/24 01:28,65,light
12/8/24 01:29,58,light
12/8/24 01:30,58,light
12/8/24 01:31,64,light
12/8/24 01:32,56,light
12/8/24 01:33,60,light
12/8/24 01:34,62,light
12/8/24 01:35,62,light
12/8/24 01:36,56,light
12/8/24 01:37,67,light
12/8/24 01:38,54,light
12/8/24 01:39,60,light
12/8/24 01:40,56,light
12/8/24 01:41,57,light
12/8/24 01:42,60,light
12/8/24 01:43,64,light
12/8/24 01:44,57,light
12/8/24 01:45,59,light
12/8/24 01:46,64,light
12/8/24 01:47,57,light
12/8/24 01:48,62,light
12/8/24 01:49,56,light
12/8/24 01:50,59,light
12/8/24 01:51,60,light
12/8/24 01:52,59,light
12/8/24 01:53,61,light
12/8/24 01:54,57,light
12/8/24 01:55,60,light
12/8/24 01:56,56,light
12/8/24 01:57,58,light
12/8/24 01:58,59,light
12/8/24 01:59,54,light
12/8/24 02:00,57,light
12/8/24 02:01,62,light
12/8/24 02:02,60,light
12/8/24 02:03,56,light
12/8/24 02:04,59,light
12/8/24 02:05,62,light
12/8/24 02:06,66,light
12/8/24 02:07,58,light
12/8/24 02:08,57,light
12/8/24 02:09,62,light
12/8/24 02:10,57,light
12/8/24 02:11,60,light
12/8/24 02:12,59,light
12/8/24 02:13,58,light
12/8/24 02:14,56,light
12/8/24 02:15,59,light
12/8/24 02:16,60,light
12/8/24 02:17,58,light
12/8/24 02:18,64,light
12/8/24 02:19,62,light
12/8/24 02:20,59,light
12/8/24 02:21,60,light
12/8/24 02:22,55,light
12/8/24 02:23,66,light
12/8/24 02:24,60,light
12/8/24 02:25,58,light
12/8/24 02:26,61,light
12/8/24 02:27,60,light
12/8/24 02:28,58,light
12/8/24 02:29,66,light
12/8/24 02:30,58,light
12/8/24 02:31,56,light
12/8/24 02:32,60,light
12/8/24 02:33,65,light
12/8/24 02:34,62,light
12/8/24 02:35,59,light
12/8/24 02:36,64,light
12/8/24 02:37,62,light
12/8/24 02:38,59,light
12/8/24 02:39,59,light
12/8/24 02:40,59,light
12/8/24 02:41,53,light
12/8/24 02:42,62,light
12/8/24 02:43,56,light
12/8/24 02:44,61,light
12/8/24 02:45,59,light
12/8/24 02:46,56,light
12/8/24 02:47,57,light
12/8/24 02:48,55,light
12/8/24 02:49,60,light
12/8/24 02:50,60,light
12/8/24 02:51,54,light
12/8/24 02:52,58,light
12/8/24 02:53,58,light
12/8/24 02:54,55,light
12/8/24 02:55,58,light
12/8/24 02:56,61,light
12/8/24 02:57,60,light
12/8/24 02:58,54,light
12/8/24 02:59,59,light
12/8/24 03:00,56,light
12/8/24 03:01,53,light
12/8/24 03:02,61,light
12/8/24 03:03,57,light
12/8/24 03:04,62,light
12/8/24 03:05,57,light
12/8/24 03:06,58,light
12/8/24 03:07,57,light
12/8/24 03:08,57,light
12/8/24 03:09,63,light
12/8/24 03:10,59,light
12/8/24 03:11,60,light
12/8/24 03:12,59,light
12/8/24 03:13,56,light
12/8/24 03:14,58,light
12/8/24 03:15,57,light
12/8/24 03:16,62,light
12/8/24 03:17,57,light
12/8/24 03:18,61,light
12/8/24 03:19,64,light
12/8/24 03:20,60,light
12/8/24 03:21,62,light
12/8/24 03:22,62,light
12/8/24 03:23,55,light
12/8/24 03:24,55,light
12/8/24 03:25,60,light
12/8/24 03:26,54,light
12/8/24 03:27,56,light
12/8/24 03:28,61,light
12/8/24 03:29,59,light
12/8/24 03:30,63,light
12/8/24 03:31,60,light
12/8/24 03:32,58,light
12/8/24 03:33,51,light
12/8/24 03:34,61,light
12/8/24 03:35,60,light
12/8/24 03:36,60,light
12/8/24 03:37,56,light
12/8/24 03:38,58,light
12/8/24 03:39,62,light
12/8/24 03:40,59,light
12/8/24 03:41,64,light
12/8/24 03:42,63,light
12/8/24 03:43,57,light
12/8/24 03:44,56,light
12/8/24 03:45,60,light
12/8/24 03:46,64,light
12/8/24 03:47,59,light
12/8/24 03:48,59,light
12/8/24 03:49,61,light
12/8/24 03:50,66,light
12/8/24 03:51,60,light
12/8/24 03:52,57,light
12/8/24 03:53,58,light
12/8/24 03:54,65,light
12/8/24 03:55,61,light
12/8/24 03:56,57,light
12/8/24 03:57,56,light
12/8/24 03:58,57,light
12/8/24 03:59,67,light
12/8/24 04:00,58,light
12/8/24 04:01,58,light
12/8/24 04:02,60,light
12/8/24 04:03,60,light
12/8/24 04:04,60,light
12/8/24 04:05,59,light
12/8/24 04:06,64,light
12/8/24 04:07,61,light
12/8/24 04:08,59,light
12/8/24 04:09,56,light
12/8/24 04:10,59,light
12/8/24 04:11,54,light
12/8/24 04:12,60,light
12/8/24 04:13,60,light
12/8/24 04:14,56,light
12/8/24 04:15,55,light
12/8/24 04:16,54,light
12/8/24 04:17,59,light
12/8/24 04:18,60,light
12/8/24 04:19,57,light
12/8/24 04:20,58,light
12/8/24 04:21,57,light
12/8/24 04:22,60,light
12/8/24 04:23,57,light
12/8/24 04:24,65,light
12/8/24 04:25,58,light
12/8/24 04:26,56,light
12/8/24 04:27,58,light
12/8/24 04:28,60,light
12/8/24 04:29,61,light
12/8/24 04:30,64,light
12/8/24 04:31,59,light
12/8/24 04:32,61,light
12/8/24 04:33,63,light
12/8/24 04:34,58,light
12/8/24 04:35,60,light
12/8/24 04:36,57,light
12/8/24 04:37,60,light
12/8/24 04:38,59,light
12/8/24 04:39,62,light
12/8/24 04:40,61,light
12/8/24 04:41,67,wake
12/8/24 04:42,70,wake
12/8/24 04:43,67,wake
12/8/24 04:44,64,wake
12/8/24 04:45,69,wake
12/8/24 04:46,78,wake
12/8/24 04:47,69,wake
12/8/24 04:48,74,wake
12/8/24 04:49,56,wake
12/8/24 04:50,68,wake
12/8/24 04:51,72,wake
12/8/24 04:52,65,wake
12/8/24 04:53,62,wake
12/8/24 04:54,65,wake
12/8/24 04:55,61,wake
12/8/24 04:56,72,wake
12/8/24 04:57,66,wake
12/8/24 04:58,67,wake
12/8/24 04:59,75,wake
12/8/24 05:00,73,wake
12/8/24 05:01,58,wake
12/8/24 05:02,70,wake
12/8/24 05:03,72,wake
12/8/24 05:04,69,wake
12/8/24 05:05,67,wake
12/8/24 05:06,66,wake
12/8/24 05:07,72,wake
12/8/24 05:08,61,wake
12/8/24 05:09,72,wake
12/8/24 05:10,68,wake
12/8/24 05:11,65,wake
12/8/24 05:12,68,wake
12/8/24 05:13,65,wake
12/8/24 05:14,66,wake
12/8/24 05:15,63,wake
12/8/24 05:16,71,wake
12/8/24 05:17,72,wake
12/8/24 05:18,58,wake
12/8/24 05:19,70,wake
12/8/24 05:20,73,wake
12/8/24 05:21,69,wake
12/8/24 05:22,71,wake
12/8/24 05:23,66,wake
12/8/24 05:24,68,wake
12/8/24 05:25,64,wake
12/8/24 05:26,71,wake
12/8/24 05:27,78,wake
12/8/24 05:28,69,wake
12/8/24 05:29,76,wake
12/8/24 05:30,65,wake
12/8/24 05:31,59,wake
12/8/24 05:32,67,wake
12/8/24 05:33,75,wake
12/8/24 05:34,72,wake
12/8/24 05:35,65,wake
12/8/24 05:36,65,wake
12/8/24 05:37,63,wake
12/8/24 05:38,70,wake
12/8/24 05:39,71,wake
12/8/24 05:40,65,wake
12/8/24 05:41,68,wake
12/8/24 05:42,75,wake
12/8/24 05:43,70,wake
12/8/24 05:44,75,wake
12/8/24 05:45,63,wake
12/8/24 05:46,70,wake
12/8/24 05:47,74,wake
12/8/24 05:48,72,wake
12/8/24 05:49,77,wake
12/8/24 05:50,70,wake
12/8/24 05:51,72,wake
12/8/24 05:52,69,wake
12/8/24 05:53,66,wake
12/8/24 05:54,66,wake
12/8/24 05:55,64,wake
12/8/24 05:56,77,wake
12/8/24 05:57,69,wake
12/8/24 05:58,69,wake
12/8/24 05:59,63,wake
12/8/24 06:00,75,wake
12/8/24 06:01,71,wake
12/8/24 06:02,71,wake
12/8/24 06:03,72,wake
12/8/24 06:04,75,wake
12/8/24 06:05,76,wake
12/8/24 06:06,77,wake
12/8/24 06:07,70,wake
12/8/24 06:08,69,wake
12/8/24 06:09,68,wake
12/8/24 06:10,85,wake
12/8/24 06:11,72,wake
12/8/24 06:12,67,wake
12/8/24 06:13,70,wake
12/8/24 06:14,53,light
12/8/24 06:15,61,light
12/8/24 06:16,58,light
12/8/24 06:17,60,light
12/8/24 06:18,63,light
12/8/24 06:19,64,light
12/8/24 06:20,57,light
12/8/24 06:21,52,light
12/8/24 06:22,62,light
12/8/24 06:23,55,light
12/8/24 06:24,61,light
12/8/24 06:25,62,light
12/8/24 06:26,59,light
12/8/24 06:27,57,light
12/8/24 06:28,56,light
12/8/24 06:29,61,light
12/8/24 06:30,61,light
12/8/24 06:31,62,light
12/8/24 06:32,57,light
12/8/24 06:33,57,light
12/8/24 06:34,61,light
12/8/24 06:35,57,light
12/8/24 06:36,58,light
12/8/24 06:37,53,light
12/8/24 06:38,60,light
12/8/24 06:39,58,light
12/8/24 06:40,52,light
12/8/24 06:41,55,light
12/8/24 06:42,57,light
12/8/24 06:43,58,light
12/8/24 06:44,61,light
12/8/24 06:45,62,light
12/8/24 06:46,59,light
12/8/24 06:47,57,light
12/8/24 06:48,61,light
12/8/24 06:49,61,light
12/8/24 06:50,59,light
12/8/24 06:51,64,light
12/8/24 06:52,64,light
12/8/24 06:53,60,light
12/8/24 06:54,58,light
12/8/24 06:55,61,light
12/8/24 06:56,63,light
12/8/24 23:15,64,REM
12/8/24 23:16,59,REM
12/8/24 23:17,52,REM
12/8/24 23:18,67,REM
12/8/24 23:19,68,REM
12/8/24 23:20,66,REM
12/8/24 23:21,65,REM
12/8/24 23:22,64,REM
12/8/24 23:23,62,REM
12/8/24 23:24,56,REM
12/8/24 23:25,73,REM
12/8/24 23:26,71,REM
12/8/24 23:27,71,REM
12/8/24 23:28,73,REM
12/8/24 23:29,60,REM
12/8/24 23:30,63,REM
12/8/24 23:31,66,REM
12/8/24 23:32,64,REM
12/8/24 23:33,63,REM
12/8/24 23:34,68,REM
12/8/24 23:35,68,REM
12/8/24 23:36,73,REM
12/8/24 23:37,65,REM
12/8/24 23:38,62,REM
12/8/24 23:39,74,REM
12/8/24 23:40,69,REM
12/8/24 23:41,65,REM
12/8/24 23:42,64,REM
12/8/24 23:43,60,REM
12/8/24 23:44,62,REM
12/8/24 23:45,62,REM
12/8/24 23:46,63,REM
12/8/24 23:47,68,REM
12/8/24 23:48,60,REM
12/8/24 23:49,59,REM
12/8/24 23:50,66,REM
12/8/24 23:51,66,REM
12/8/24 23:52,64,REM
12/8/24 23:53,58,REM
12/8/24 23:54,69,REM
12/8/24 23:55,65,REM
12/8/24 23:56,67,REM
12/8/24 23:57,67,REM
12/8/24 23:58,63,REM
12/8/24 23:59,60,REM
12/9/24 00:00,67,REM
12/9/24 00:01,66,REM
12/9/24 00:02,65,REM
12/9/24 00:03,71,REM
12/9/24 00:04,61,REM
12/9/24 00:05,62,REM
12/9/24 00:06,64,REM
12/9/24 00:07,62,REM
12/9/24 00:08,68,REM
12/9/24 00:09,62,REM
12/9/24 00:10,62,REM
12/9/24 00:11,63,REM
12/9/24 00:12,60,REM
12/9/24 00:13,70,REM
12/9/24 00:14,61,light
12/9/24 00:15,62,light
12/9/24 00:16,57,light
12/9/24 00:17,59,light
12/9/24 00:18,61,light
12/9/24 00:19,60,light
12/9/24 00:20,57,light
12/9/24 00:21,62,light
12/9/24 00:22,64,light
12/9/24 00:23,57,light
12/9/24 00:24,57,light
12/9/24 00:25,64,light
12/9/24 00:26,58,light
12/9/24 00:27,61,light
12/9/24 00:28,63,light
12/9/24 00:29,63,light
12/9/24 00:30,53,light
12/9/24 00:31,61,light
12/9/24 00:32,54,light
12/9/24 00:33,67,light
12/9/24 00:34,61,light
12/9/24 00:35,59,light
12/9/24 00:36,57,light
12/9/24 00:37,50,light
12/9/24 00:38,62,light
12/9/24 00:39,62,light
12/9/24 00:40,58,light
12/9/24 00:41,58,light
12/9/24 00:42,62,light
12/9/24 00:43,55,light
12/9/24 00:44,51,light
12/9/24 00:45,56,light
12/9/24 00:46,59,light
12/9/24 00:47,59,light
12/9/24 00:48,58,light
12/9/24 00:49,55,light
12/9/24 00:50,57,light
12/9/24 00:51,55,light
12/9/24 00:52,59,light
12/9/24 00:53,58,light
12/9/24 00:54,60,light
12/9/24 00:55,58,light
12/9/24 00:56,65,light
12/9/24 00:57,59,light
12/9/24 00:58,61,light
12/9/24 00:59,54,light
12/9/24 01:00,57,light
12/9/24 01:01,60,light
12/9/24 01:02,60,light
12/9/24 01:03,62,light
12/9/24 01:04,62,light
12/9/24 01:05,58,light
12/9/24 01:06,57,light
12/9/24 01:07,61,light
12/9/24 01:08,57,light
12/9/24 01:09,60,light
12/9/24 01:10,59,light
12/9/24 01:11,61,light
12/9/24 01:12,58,light
12/9/24 01:13,59,light
12/9/24 01:14,62,light
12/9/24 01:15,62,light
12/9/24 01:16,58,light
12/9/24 01:17,59,light
12/9/24 01:18,58,light
12/9/24 01:19,58,light
12/9/24 01:20,60,light
12/9/24 01:21,53,light
12/9/24 01:22,63,light
12/9/24 01:23,54,light
12/9/24 01:24,64,light
12/9/24 01:25,55,light
12/9/24 01:26,60,light
12/9/24 01:27,62,light
12/9/24 01:28,61,light
12/9/24 01:29,58,light
12/9/24 01:30,61,light
12/9/24 01:31,57,light
12/9/24 01:32,64,light
12/9/24 01:33,63,light
12/9/24 01:34,56,light
12/9/24 01:35,64,light
12/9/24 01:36,56,light
12/9/24 01:37,53,light
12/9/24 01:38,60,light
12/9/24 01:39,52,deep
12/9/24 01:40,55,deep
12/9/24 01:41,55,deep
12/9/24 01:42,53,deep
12/9/24 01:43,58,deep
12/9/24 01:44,54,deep
12/9/24 01:45,54,deep
12/9/24 01:46,55,deep
12/9/24 01:47,55,deep
12/9/24 01:48,57,deep
12/9/24 01:49,53,deep
12/9/24 01:50,56,deep
12/9/24 01:51,57,deep
12/9/24 01:52,53,deep
12/9/24 01:53,51,deep
12/9/24 01:54,52,deep
12/9/24 01:55,53,deep
12/9/24 01:56,53,deep
12/9/24 01:57,56,deep
12/9/24 01:58,55,deep
12/9/24 01:59,53,deep
12/9/24 02:00,55,deep
12/9/24 02:01,54,deep
12/9/24 02:02,53,deep
12/9/24 02:03,53,deep
12/9/24 02:04,56,deep
12/9/24 02:05,53,deep
12/9/24 02:06,56,deep
12/9/24 02:07,53,deep
12/9/24 02:08,53,deep
12/9/24 02:09,59,deep
12/9/24 02:10,53,deep
12/9/24 02:11,57,deep
12/9/24 02:12,55,deep
12/9/24 02:13,56,deep
12/9/24 02:14,56,deep
12/9/24 02:15,54,deep
12/9/24 02:16,57,deep
12/9/24 02:17,56,deep
12/9/24 02:18,58,deep
12/9/24 02:19,52,deep
12/9/24 02:20,55,deep
12/9/24 02:21,59,deep
12/9/24 02:22,54,deep
12/9/24 02:23,54,deep
12/9/24 02:24,56,deep
12/9/24 02:25,53,deep
12/9/24 02:26,57,deep
12/9/24 02:27,54,deep
12/9/24 02:28,56,deep
12/9/24 02:29,51,deep
12/9/24 02:30,55,deep
12/9/24 02:31,54,deep
12/9/24 02:32,54,deep
12/9/24 02:33,52,deep
12/9/24 02:34,54,deep
12/9/24 02:35,52,deep
12/9/24 02:36,54,deep
12/9/24 02:37,53,deep
12/9/24 02:38,52,deep
12/9/24 02:39,55,deep
12/9/24 02:40,60,deep
12/9/24 02:41,54,deep
12/9/24 02:42,53,deep
12/9/24 02:43,55,deep
12/9/24 02:44,54,deep
12/9/24 02:45,53,deep
12/9/24 02:46,50,deep
12/9/24 02:47,54,deep
12/9/24 02:48,53,deep
12/9/24 02:49,55,deep
12/9/24 02:50,55,deep
12/9/24 02:51,57,deep
12/9/24 02:52,57,deep
12/9/24 02:53,54,deep
12/9/24 02:54,54,deep
12/9/24 02:55,56,deep
12/9/24 02:56,50,deep
12/9/24 02:57,54,deep
12/9/24 02:58,54,deep
12/9/24 02:59,50,deep
12/9/24 03:00,53,deep
12/9/24 03:01,54,deep
12/9/24 03:02,54,deep
12/9/24 03:03,54,deep
12/9/24 03:04,54,deep
12/9/24 03:05,58,deep
12/9/24 03:06,56,deep
12/9/24 03:07,57,deep
12/9/24 03:08,56,deep
12/9/24 03:09,54,deep
12/9/24 03:10,55,deep
12/9/24 03:11,55,deep
12/9/24 03:12,56,deep
12/9/24 03:13,55,deep
12/9/24 03:14,56,deep
12/9/24 03:15,56,deep
12/9/24 03:16,53,deep
12/9/24 03:17,55,deep
12/9/24 03:18,55,deep
12/9/24 03:19,53,deep
12/9/24 03:20,54,deep
12/9/24 03:21,55,deep
12/9/24 03:22,58,light
12/9/24 03:23,62,light
12/9/24 03:24,61,light
12/9/24 03:25,60,light
12/9/24 03:26,60,light
12/9/24 03:27,57,light
12/9/24 03:28,64,light
12/9/24 03:29,55,light
12/9/24 03:30,62,light
12/9/24 03:31,57,light
12/9/24 03:32,61,light
12/9/24 03:33,68,light
12/9/24 03:34,58,light
12/9/24 03:35,57,light
12/9/24 03:36,57,light
12/9/24 03:37,60,light
12/9/24 03:38,61,light
12/9/24 03:39,61,light
12/9/24 03:40,59,light
12/9/24 03:41,61,light
12/9/24 03:42,62,light
12/9/24 03:43,60,light
12/9/24 03:44,64,light
12/9/24 03:45,56,light
12/9/24 03:46,57,light
12/9/24 03:47,57,light
12/9/24 03:48,62,light
12/9/24 03:49,57,light
12/9/24 03:50,57,light
12/9/24 03:51,60,light
12/9/24 03:52,62,light
12/9/24 03:53,50,light
12/9/24 03:54,58,light
12/9/24 03:55,58,light
12/9/24 03:56,64,light
12/9/24 03:57,57,light
12/9/24 03:58,62,light
12/9/24 03:59,60,light
12/9/24 04:00,60,light
12/9/24 04:01,57,light
12/9/24 04:02,57,light
12/9/24 04:03,59,light
12/9/24 04:04,58,light
12/9/24 04:05,61,light
12/9/24 04:06,60,light
12/9/24 04:07,53,light
12/9/24 04:08,56,light
12/9/24 04:09,62,light
12/9/24 04:10,55,light
12/9/24 04:11,56,light
12/9/24 04:12,58,light
12/9/24 04:13,58,light
12/9/24 04:14,60,light
12/9/24 04:15,63,light
12/9/24 04:16,59,light
12/9/24 04:17,54,light
12/9/24 04:18,62,light
12/9/24 04:19,60,light
12/9/24 04:20,61,light
12/9/24 04:21,56,light
12/9/24 04:22,60,light
12/9/24 04:23,55,light
12/9/24 04:24,62,light
12/9/24 04:25,58,light
12/9/24 04:26,63,light
12/9/24 04:27,58,light
12/9/24 04:28,63,light
12/9/24 04:29,57,light
12/9/24 04:30,61,light
12/9/24 04:31,60,light
12/9/24 04:32,61,light
12/9/24 04:33,62,light
12/9/24 04:34,59,light
12/9/24 04:35,66,light
12/9/24 04:36,60,light
12/9/24 04:37,58,light
12/9/24 04:38,55,light
12/9/24 04:39,59,light
12/9/24 04:40,54,light
12/9/24 04:41,63,light
12/9/24 04:42,58,light
12/9/24 04:43,59,light
12/9/24 04:44,61,light
12/9/24 04:45,61,light
12/9/24 04:46,60,light
12/9/24 04:47,57,light
12/9/24 04:48,60,light
12/9/24 04:49,55,light
12/9/24 04:50,57,light
12/9/24 04:51,58,light
12/9/24 04:52,66,light
12/9/24 04:53,62,light
12/9/24 04:54,58,light
12/9/24 04:55,53,light
12/9/24 04:56,62,light
12/9/24 04:57,63,light
12/9/24 04:58,63,light
12/9/24 04:59,58,light
12/9/24 05:00,57,light
12/9/24 05:01,59,light
12/9/24 05:02,59,light
12/9/24 05:03,62,light
12/9/24 05:04,64,light
12/9/24 05:05,66,light
12/9/24 05:06,61,light
12/9/24 05:07,58,light
12/9/24 05:08,66,light
12/9/24 05:09,59,light
12/9/24 05:10,51,light
12/9/24 05:11,59,light
12/9/24 05:12,54,light
12/9/24 05:13,63,light
12/9/24 05:14,59,light
12/9/24 05:15,58,light
12/9/24 05:16,57,light
12/9/24 05:17,61,light
12/9/24 05:18,66,light
12/9/24 05:19,60,light
12/9/24 05:20,56,light
12/9/24 05:21,71,wake
12/9/24 05:22,67,wake
12/9/24 05:23,75,wake
12/9/24 05:24,67,wake
12/9/24 05:25,78,wake
12/9/24 05:26,65,wake
12/9/24 05:27,65,wake
12/9/24 05:28,72,wake
12/9/24 05:29,63,wake
12/9/24 05:30,74,wake
12/9/24 05:31,54,wake
12/9/24 05:32,68,wake
12/9/24 05:33,64,wake
12/9/24 05:34,71,wake
12/9/24 05:35,65,wake
12/9/24 05:36,73,wake
12/9/24 05:37,65,wake
12/9/24 05:38,66,wake
12/9/24 05:39,65,wake
12/9/24 05:40,71,wake
12/9/24 05:41,73,wake
12/9/24 05:42,68,wake
12/9/24 05:43,66,wake
12/9/24 05:44,74,wake
12/9/24 05:45,77,wake
12/9/24 05:46,67,wake
12/9/24 05:47,71,wake
12/9/24 05:48,71,wake
12/9/24 05:49,71,wake
12/9/24 05:50,71,wake
12/9/24 05:51,71,wake
12/9/24 05:52,63,wake
12/9/24 05:53,68,wake
12/9/24 05:54,71,wake
12/9/24 05:55,71,wake
12/9/24 05:56,63,wake
12/9/24 05:57,71,wake
12/9/24 05:58,76,wake
12/9/24 05:59,65,wake
12/9/24 06:00,63,wake
12/9/24 06:01,67,wake
12/9/24 06:02,66,wake
12/9/24 06:03,70,wake
12/9/24 06:04,63,wake
12/9/24 06:05,76,wake
12/9/24 06:06,63,wake
12/9/24 06:07,65,wake
12/9/24 06:08,58,wake
12/9/24 06:09,73,wake
12/9/24 06:10,68,wake
12/9/24 06:11,77,wake
12/9/24 06:12,70,wake
12/9/24 06:13,69,wake
12/9/24 06:14,76,wake
12/9/24 06:15,72,wake
12/9/24 06:16,71,wake
12/9/24 06:17,71,wake
12/9/24 06:18,72,wake
12/9/24 06:19,72,wake
12/9/24 06:20,65,wake
12/9/24 06:21,65,wake
12/9/24 06:22,80,wake
12/9/24 06:23,62,wake
12/9/24 06:24,67,wake
12/9/24 06:25,71,wake
12/9/24 06:26,67,wake
12/9/24 06:27,73,wake
12/9/24 06:28,66,wake
12/9/24 06:29,70,wake
12/9/24 06:30,68,wake
12/9/24 06:31,72,wake
12/9/24 06:32,75,wake
12/9/24 06:33,62,wake
12/9/24 06:34,68,wake
12/9/24 06:35,76,wake
12/9/24 06:36,64,wake
12/9/24 06:37,65,wake
12/9/24 06:38,58,wake
12/9/24 06:39,69,wake
12/9/24 06:40,74,wake
12/9/24 06:41,69,wake
12/9/24 06:42,62,REM
12/9/24 06:43,64,REM
12/9/24 06:44,64,REM
12/9/24 06:45,70,REM
12/9/24 06:46,64,REM
12/9/24 06:47,61,REM
12/9/24 06:48,61,REM
12/9/24 06:49,57,REM
12/9/24 06:50,65,REM
12/9/24 06:51,62,REM
12/9/24 06:52,68,REM
12/9/24 06:53,70,REM
12/9/24 06:54,64,REM
12/9/24 06:55,62,REM
12/9/24 06:56,70,REM
12/9/24 06:57,60,REM
12/9/24 06:58,68,REM
12/9/24 06:59,64,REM
12/9/24 07:00,62,REM
12/9/24 07:01,70,REM
12/9/24 07:02,56,REM
12/9/24 07:03,63,REM
12/9/24 07:04,61,REM
12/9/24 07:05,66,REM
12/9/24 07:06,63,REM
12/9/24 07:07,64,REM
12/9/24 07:08,63,REM
12/9/24 07:09,62,REM
12/9/24 07:10,65,REM
12/9/24 07:11,62,REM
12/9/24 07:12,64,REM
12/9/24 07:13,67,REM
12/9/24 07:14,68,REM
12/9/24 07:15,61,REM
12/9/24 07:16,66,REM
12/9/24 07:17,64,REM
12/9/24 07:18,63,REM
12/9/24 07:19,64,REM
12/9/24 07:20,64,REM
12/9/24 07:21,67,REM
12/9/24 07:22,68,REM
12/9/24 07:23,65,REM
12/9/24 07:24,67,REM
12/9/24 07:25,65,REM
12/9/24 07:26,68,REM
12/9/24 07:27,57,REM
12/9/24 07:28,62,REM
12/9/24 07:29,63,REM
12/9/24 07:30,61,REM
12/9/24 07:31,63,REM
12/9/24 07:32,62,REM
12/9/24 07:33,66,REM
12/9/24 07:34,65,REM
12/9/24 07:35,68,REM
12/9/24 07:36,70,REM
12/9/24 07:37,55,REM
12/9/24 07:38,67,REM
12/9/24 07:39,59,REM
12/9/24 07:40,61,REM
12/9/24 07:41,63,REM
12/9/24 07:42,65,REM
12/9/24 07:43,71,REM
12/9/24 07:44,68,REM
12/9/24 07:45,53,deep
12/9/24 07:46,52,deep
12/9/24 07:47,53,deep
12/9/24 07:48,55,deep
12/9/24 07:49,58,deep
12/9/24 07:50,54,deep
12/9/24 07:51,54,deep
12/9/24 07:52,52,deep
12/9/24 07:53,55,deep
12/9/24 07:54,55,deep
12/9/24 07:55,53,deep
12/9/24 07:56,57,deep
12/9/24 07:57,58,deep
12/9/24 07:58,54,deep
12/9/24 07:59,55,deep
12/9/24 08:00,54,deep
12/9/24 08:01,52,deep
12/9/24 08:02,55,deep
12/9/24 08:03,53,deep
12/9/24 08:04,54,deep
12/9/24 08:05,58,deep
12/9/24 08:06,57,deep
12/9/24 08:07,55,deep
12/9/24 08:08,54,deep
12/9/24 08:09,55,deep
12/9/24 08:10,54,deep
12/9/24 08:11,50,deep
12/9/24 08:12,52,deep
12/9/24 08:13,56,deep
12/9/24 08:14,55,deep
12/9/24 08:15,55,deep
12/9/24 08:16,55,deep
12/9/24 08:17,55,deep
12/9/24 08:18,61,deep
12/9/24 08:19,53,deep
12/9/24 08:20,55,deep
12/9/24 08:21,57,deep
12/9/24 08:22,52,deep
12/9/24 08:23,54,deep
12/9/24 08:24,55,deep
12/9/24 08:25,55,deep
12/9/24 08:26,52,deep
12/9/24 08:27,54,deep
12/9/24 08:28,53,deep
12/9/24 08:29,54,deep
12/9/24 08:30,55,deep
12/9/24 08:31,58,deep
12/9/24 08:32,57,deep
12/9/24 08:33,57,deep
12/9/24 08:34,55,deep
12/9/24 08:35,54,deep
12/9/24 08:36,54,deep
12/9/24 08:37,56,deep
12/9/24 08:38,57,deep
12/9/24 08:39,55,deep
12/9/24 08:40,52,deep
12/9/24 08:41,53,deep
12/9/24 08:42,53,deep
12/9/24 22:45,65,wake
12/9/24 22:46,77,wake
12/9/24 22:47,72,wake
12/9/24 22:48,63,wake
12/9/24 22:49,67,wake
12/9/24 22:50,72,wake
12/9/24 22:51,73,wake
12/9/24 22:52,71,wake
12/9/24 22:53,77,wake
12/9/24 22:54,70,wake
12/9/24 22:55,72,wake
12/9/24 22:56,74,wake
12/9/24 22:57,66,wake
12/9/24 22:58,75,wake
12/9/24 22:59,75,wake
12/9/24 23:00,74,wake
12/9/24 23:01,59,wake
12/9/24 23:02,73,wake
12/9/24 23:03,71,wake
12/9/24 23:04,78,wake
12/9/24 23:05,67,wake
12/9/24 23:06,67,wake
12/9/24 23:07,83,wake
12/9/24 23:08,67,wake
12/9/24 23:09,72,wake
12/9/24 23:10,63,wake
12/9/24 23:11,75,wake
12/9/24 23:12,75,wake
12/9/24 23:13,75,wake
12/9/24 23:14,72,wake
12/9/24 23:15,75,wake
12/9/24 23:16,59,wake
12/9/24 23:17,69,wake
12/9/24 23:18,70,wake
12/9/24 23:19,72,wake
12/9/24 23:20,75,wake
12/9/24 23:21,72,wake
12/9/24 23:22,72,wake
12/9/24 23:23,65,wake
12/9/24 23:24,68,wake
12/9/24 23:25,70,wake
12/9/24 23:26,68,wake
12/9/24 23:27,75,wake
12/9/24 23:28,61,wake
12/9/24 23:29,69,wake
12/9/24 23:30,69,wake
12/9/24 23:31,63,wake
12/9/24 23:32,71,wake
12/9/24 23:33,73,wake
12/9/24 23:34,71,wake
12/9/24 23:35,69,wake
12/9/24 23:36,73,wake
12/9/24 23:37,69,wake
12/9/24 23:38,71,wake
12/9/24 23:39,71,wake
12/9/24 23:40,76,wake
12/9/24 23:41,68,wake
12/9/24 23:42,73,wake
12/9/24 23:43,76,wake
12/9/24 23:44,73,wake
12/9/24 23:45,72,wake
12/9/24 23:46,58,wake
12/9/24 23:47,68,wake
12/9/24 23:48,66,wake
12/9/24 23:49,74,wake
12/9/24 23:50,78,wake
12/9/24 23:51,73,wake
12/9/24 23:52,75,wake
12/9/24 23:53,65,wake
12/9/24 23:54,76,wake
12/9/24 23:55,75,wake
12/9/24 23:56,73,wake
12/9/24 23:57,73,wake
12/9/24 23:58,72,wake
12/9/24 23:59,73,wake
12/10/24 00:00,62,wake
12/10/24 00:01,72,wake
12/10/24 00:02,73,wake
12/10/24 00:03,65,wake
12/10/24 00:04,71,wake
12/10/24 00:05,69,wake
12/10/24 00:06,60,wake
12/10/24 00:07,64,wake
12/10/24 00:08,61,light
12/10/24 00:09,63,light
12/10/24 00:10,57,light
12/10/24 00:11,61,light
12/10/24 00:12,66,light
12/10/24 00:13,59,light
12/10/24 00:14,60,light
12/10/24 00:15,60,light
12/10/24 00:16,63,light
12/10/24 00:17,69,light
12/10/24 00:18,54,light
12/10/24 00:19,59,light
12/10/24 00:20,57,light
12/10/24 00:21,59,light
12/10/24 00:22,60,light
12/10/24 00:23,59,light
12/10/24 00:24,61,light
12/10/24 00:25,60,light
12/10/24 00:26,61,light
12/10/24 00:27,62,light
12/10/24 00:28,55,light
12/10/24 00:29,60,light
12/10/24 00:30,57,light
12/10/24 00:31,57,light
12/10/24 00:32,60,light
12/10/24 00:33,59,light
12/10/24 00:34,58,light
12/10/24 00:35,62,light
12/10/24 00:36,59,light
12/10/24 00:37,54,light
12/10/24 00:38,62,light
12/10/24 00:39,65,light
12/10/24 00:40,55,light
12/10/24 00:41,66,light
12/10/24 00:42,65,light
12/10/24 00:43,60,light
12/10/24 00:44,62,light
12/10/24 00:45,62,light
12/10/24 00:46,57,light
12/10/24 00:47,61,light
12/10/24 00:48,66,light
12/10/24 00:49,65,light
12/10/24 00:50,60,light
12/10/24 00:51,62,light
12/10/24 00:52,57,light
12/10/24 00:53,62,light
12/10/24 00:54,62,light
12/10/24 00:55,60,light
12/10/24 00:56,65,light
12/10/24 00:57,56,light
12/10/24 00:58,63,light
12/10/24 00:59,59,light
12/10/24 01:00,59,light
12/10/24 01:01,61,light
12/10/24 01:02,60,light
12/10/24 01:03,62,light
12/10/24 01:04,63,light
12/10/24 01:05,61,light
12/10/24 01:06,64,light
12/10/24 01:07,57,light
12/10/24 01:08,58,light
12/10/24 01:09,60,light
12/10/24 01:10,58,light
12/10/24 01:11,68,light
12/10/24 01:12,58,light
12/10/24 01:13,61,light
12/10/24 01:14,65,light
12/10/24 01:15,61,light
12/10/24 01:16,64,light
12/10/24 01:17,61,light
12/10/24 01:18,59,light
12/10/24 01:19,59,light
12/10/24 01:20,63,light
12/10/24 01:21,57,light
12/10/24 01:22,61,light
12/10/24 01:23,61,light
12/10/24 01:24,57,light
12/10/24 01:25,60,light
12/10/24 01:26,57,light
12/10/24 01:27,59,light
12/10/24 01:28,63,light
12/10/24 01:29,59,light
12/10/24 01:30,60,light
12/10/24 01:31,59,light
12/10/24 01:32,56,light
12/10/24 01:33,62,light
12/10/24 01:34,57,light
12/10/24 01:35,64,light
12/10/24 01:36,61,light
12/10/24 01:37,59,light
12/10/24 01:38,60,light
12/10/24 01:39,53,light
12/10/24 01:40,61,light
12/10/24 01:41,60,light
12/10/24 01:42,65,light
12/10/24 01:43,55,light
12/10/24 01:44,64,light
12/10/24 01:45,61,light
12/10/24 01:46,57,light
12/10/24 01:47,58,light
12/10/24 01:48,63,light
12/10/24 01:49,52,light
12/10/24 01:50,55,light
12/10/24 01:51,60,light
12/10/24 01:52,65,light
12/10/24 01:53,62,light
12/10/24 01:54,56,light
12/10/24 01:55,61,light
12/10/24 01:56,58,light
12/10/24 01:57,63,light
12/10/24 01:58,61,light
12/10/24 01:59,59,light
12/10/24 02:00,61,light
12/10/24 02:01,61,light
12/10/24 02:02,59,light
12/10/24 02:03,64,light
12/10/24 02:04,62,light
12/10/24 02:05,60,light
12/10/24 02:06,64,light
12/10/24 02:07,58,light
12/10/24 02:08,58,light
12/10/24 02:09,60,light
12/10/24 02:10,63,light
12/10/24 02:11,62,light
12/10/24 02:12,55,light
12/10/24 02:13,63,light
12/10/24 02:14,61,light
12/10/24 02:15,51,light
12/10/24 02:16,62,light
12/10/24 02:17,59,light
12/10/24 02:18,57,light
12/10/24 02:19,59,light
12/10/24 02:20,58,light
12/10/24 02:21,57,light
12/10/24 02:22,57,light
12/10/24 02:23,62,light
12/10/24 02:24,57,light
12/10/24 02:25,55,light
12/10/24 02:26,52,light
12/10/24 02:27,61,light
12/10/24 02:28,53,deep
12/10/24 02:29,54,deep
12/10/24 02:30,54,deep
12/10/24 02:31,51,deep
12/10/24 02:32,55,deep
12/10/24 02:33,57,deep
12/10/24 02:34,53,deep
12/10/24 02:35,56,deep
12/10/24 02:36,53,deep
12/10/24 02:37,53,deep
12/10/24 02:38,51,deep
12/10/24 02:39,53,deep
12/10/24 02:40,59,deep
12/10/24 02:41,55,deep
12/10/24 02:42,52,deep
12/10/24 02:43,57,deep
12/10/24 02:44,53,deep
12/10/24 02:45,54,deep
12/10/24 02:46,57,deep
12/10/24 02:47,56,deep
12/10/24 02:48,54,deep
12/10/24 02:49,53,deep
12/10/24 02:50,53,deep
12/10/24 02:51,57,deep
12/10/24 02:52,56,deep
12/10/24 02:53,56,deep
12/10/24 02:54,52,deep
12/10/24 02:55,58,deep
12/10/24 02:56,56,deep
12/10/24 02:57,53,deep
12/10/24 02:58,54,deep
12/10/24 02:59,51,deep
12/10/24 03:00,55,deep
12/10/24 03:01,53,deep
12/10/24 03:02,52,deep
12/10/24 03:03,53,deep
12/10/24 03:04,55,deep
12/10/24 03:05,56,deep
12/10/24 03:06,52,deep
12/10/24 03:07,57,deep
12/10/24 03:08,54,deep
12/10/24 03:09,54,deep
12/10/24 03:10,54,deep
12/10/24 03:11,55,deep
12/10/24 03:12,57,deep
12/10/24 03:13,58,deep
12/10/24 03:14,56,deep
12/10/24 03:15,53,deep
12/10/24 03:16,57,deep
12/10/24 03:17,52,deep
12/10/24 03:18,54,deep
12/10/24 03:19,52,deep
12/10/24 03:20,55,deep
12/10/24 03:21,54,deep
12/10/24 03:22,54,deep
12/10/24 03:23,55,deep
12/10/24 03:24,51,deep
12/10/24 03:25,54,deep
12/10/24 03:26,52,deep
12/10/24 03:27,52,deep
12/10/24 03:28,57,deep
12/10/24 03:29,55,deep
12/10/24 03:30,55,deep
12/10/24 03:31,58,deep
12/10/24 03:32,54,deep
12/10/24 03:33,56,deep
12/10/24 03:34,56,deep
12/10/24 03:35,57,deep
12/10/24 03:36,51,deep
12/10/24 03:37,54,deep
12/10/24 03:38,57,deep
12/10/24 03:39,53,deep
12/10/24 03:40,53,deep
12/10/24 03:41,54,deep
12/10/24 03:42,55,deep
12/10/24 03:43,54,deep
12/10/24 03:44,55,deep
12/10/24 03:45,53,deep
12/10/24 03:46,54,deep
12/10/24 03:47,57,deep
12/10/24 03:48,54,deep
12/10/24 03:49,54,deep
12/10/24 03:50,54,deep
12/10/24 03:51,58,deep
12/10/24 03:52,55,deep
12/10/24 03:53,56,deep
12/10/24 03:54,57,deep
12/10/24 03:55,55,deep
12/10/24 03:56,55,deep
12/10/24 03:57,55,deep
12/10/24 03:58,56,deep
12/10/24 03:59,53,deep
12/10/24 04:00,54,deep
12/10/24 04:01,54,deep
12/10/24 04:02,54,deep
12/10/24 04:03,52,deep
12/10/24 04:04,56,deep
12/10/24 04:05,55,deep
12/10/24 04:06,53,deep
12/10/24 04:07,55,deep
12/10/24 04:08,56,deep
12/10/24 04:09,55,deep
12/10/24 04:10,55,deep
12/10/24 04:11,51,deep
12/10/24 04:12,51,deep
12/10/24 04:13,54,deep
12/10/24 04:14,55,deep
12/10/24 04:15,56,deep
12/10/24 04:16,54,deep
12/10/24 04:17,52,deep
12/10/24 04:18,55,deep
12/10/24 04:19,55,deep
12/10/24 04:20,51,deep
12/10/24 04:21,53,deep
12/10/24 04:22,58,deep
12/10/24 04:23,54,deep
12/10/24 04:24,54,deep
12/10/24 04:25,54,deep
12/10/24 04:26,54,deep
12/10/24 04:27,52,deep
12/10/24 04:28,58,deep
12/10/24 04:29,56,deep
12/10/24 04:30,54,deep
12/10/24 04:31,52,deep
12/10/24 04:32,55,deep
12/10/24 04:33,58,deep
12/10/24 04:34,56,deep
12/10/24 04:35,54,deep
12/10/24 04:36,53,deep
12/10/24 04:37,54,deep
12/10/24 04:38,51,deep
12/10/24 04:39,56,deep
12/10/24 04:40,54,deep
12/10/24 04:41,51,deep
12/10/24 04:42,56,deep
12/10/24 04:43,55,deep
12/10/24 04:44,57,deep
12/10/24 04:45,54,deep
12/10/24 04:46,59,deep
12/10/24 04:47,54,deep
12/10/24 04:48,55,deep
12/10/24 04:49,51,deep
12/10/24 04:50,59,deep
12/10/24 04:51,55,deep
12/10/24 04:52,49,deep
12/10/24 04:53,54,deep
12/10/24 04:54,54,deep
12/10/24 04:55,52,deep
12/10/24 04:56,55,deep
12/10/24 04:57,54,deep
12/10/24 04:58,55,deep
12/10/24 04:59,52,deep
12/10/24 05:00,52,deep
12/10/24 05:01,54,deep
12/10/24 05:02,53,deep
12/10/24 05:03,59,deep
12/10/24 05:04,55,deep
12/10/24 05:05,57,deep
12/10/24 05:06,53,deep
12/10/24 05:07,57,deep
12/10/24 05:08,53,deep
12/10/24 05:09,55,deep
12/10/24 05:10,55,deep
12/10/24 05:11,52,deep
12/10/24 05:12,51,deep
12/10/24 05:13,57,deep
12/10/24 05:14,54,deep
12/10/24 05:15,56,deep
12/10/24 05:16,54,deep
12/10/24 05:17,50,deep
12/10/24 05:18,54,deep
12/10/24 05:19,56,deep
12/10/24 05:20,53,deep
12/10/24 05:21,62,light
12/10/24 05:22,58,light
12/10/24 05:23,55,light
12/10/24 05:24,54,light
12/10/24 05:25,62,light
12/10/24 05:26,54,light
12/10/24 05:27,59,light
12/10/24 05:28,57,light
12/10/24 05:29,63,light
12/10/24 05:30,58,light
12/10/24 05:31,54,light
12/10/24 05:32,61,light
12/10/24 05:33,55,light
12/10/24 05:34,59,light
12/10/24 05:35,62,light
12/10/24 05:36,59,light
12/10/24 05:37,57,light
12/10/24 05:38,55,light
12/10/24 05:39,62,light
12/10/24 05:40,61,light
12/10/24 05:41,58,light
12/10/24 05:42,62,light
12/10/24 05:43,54,light
12/10/24 05:44,53,light
12/10/24 05:45,57,light
12/10/24 05:46,61,light
12/10/24 05:47,61,light
12/10/24 05:48,57,light
12/10/24 05:49,61,light
12/10/24 05:50,61,light
12/10/24 05:51,63,light
12/10/24 05:52,56,light
12/10/24 05:53,61,light
12/10/24 05:54,59,light
12/10/24 05:55,63,light
12/10/24 05:56,55,light
12/10/24 05:57,55,light
12/10/24 05:58,58,light
12/10/24 05:59,60,light
12/10/24 06:00,57,light
12/10/24 06:01,57,light
12/10/24 06:02,52,light
12/10/24 06:03,57,light
12/10/24 06:04,55,light
12/10/24 06:05,62,light
12/10/24 06:06,60,light
12/10/24 06:07,59,light
12/10/24 06:08,61,light
12/10/24 06:09,61,light
12/10/24 06:10,60,light
12/10/24 06:11,61,light
12/10/24 06:12,59,light
12/10/24 06:13,61,light
12/10/24 06:14,61,light
12/10/24 06:15,58,light
12/10/24 06:16,60,light
12/10/24 06:17,61,light
12/10/24 06:18,58,light
12/10/24 06:19,61,light
12/10/24 06:20,62,light
12/10/24 06:21,61,light
12/10/24 06:22,59,light
12/10/24 06:23,62,light
12/10/24 06:24,57,light
12/10/24 06:25,61,light
12/10/24 06:26,64,light
12/10/24 06:27,59,light
12/10/24 06:28,55,light
12/10/24 06:29,60,light
12/10/24 06:30,58,light
12/10/24 06:31,65,light
12/10/24 06:32,58,light
12/10/24 06:33,58,light
12/10/24 06:34,55,light
12/10/24 06:35,53,light
12/10/24 06:36,62,light
12/10/24 06:37,64,light
12/10/24 06:38,61,light
12/10/24 06:39,60,light
12/10/24 06:40,60,light
12/10/24 06:41,59,light
12/10/24 06:42,63,light
12/10/24 06:43,62,light
12/10/24 06:44,62,light
12/10/24 06:45,55,light
12/10/24 06:46,61,light
12/10/24 06:47,66,light
12/10/24 06:48,61,light
12/10/24 06:49,63,light
12/10/24 06:50,62,light
12/10/24 06:51,67,light
12/10/24 06:52,63,light
12/10/24 06:53,62,light
12/10/24 06:54,61,light
12/10/24 06:55,65,light
12/10/24 06:56,57,light
12/10/24 06:57,65,wake
12/10/24 06:58,79,wake
12/10/24 06:59,74,wake
12/10/24 07:00,69,wake
12/10/24 07:01,70,wake
12/10/24 07:02,66,wake
12/10/24 07:03,58,wake
12/10/24 07:04,71,wake
12/10/24 07:05,71,wake
12/10/24 07:06,67,wake
12/10/24 07:07,69,wake
12/10/24 07:08,77,wake
12/10/24 22:45,54,light
12/10/24 22:46,56,light
12/10/24 22:47,64,light
12/10/24 22:48,62,light
12/10/24 22:49,56,light
12/10/24 22:50,60,light
12/10/24 22:51,62,light
12/10/24 22:52,60,light
12/10/24 22:53,61,light
12/10/24 22:54,65,light
12/10/24 22:55,55,light
12/10/24 22:56,57,light
12/10/24 22:57,63,light
12/10/24 22:58,65,light
12/10/24 22:59,53,light
12/10/24 23:00,59,light
12/10/24 23:01,58,light
12/10/24 23:02,64,light
12/10/24 23:03,54,light
12/10/24 23:04,60,light
12/10/24 23:05,59,light
12/10/24 23:06,58,light
12/10/24 23:07,61,light
12/10/24 23:08,57,light
12/10/24 23:09,62,light
12/10/24 23:10,64,light
12/10/24 23:11,56,light
12/10/24 23:12,62,light
12/10/24 23:13,62,light
12/10/24 23:14,58,light
12/10/24 23:15,65,light
12/10/24 23:16,60,light
12/10/24 23:17,60,light
12/10/24 23:18,61,light
12/10/24 23:19,55,light
12/10/24 23:20,54,light
12/10/24 23:21,59,light
12/10/24 23:22,62,light
12/10/24 23:23,54,light
12/10/24 23:24,62,light
12/10/24 23:25,63,light
12/10/24 23:26,62,light
12/10/24 23:27,61,light
12/10/24 23:28,61,light
12/10/24 23:29,64,light
12/10/24 23:30,60,light
12/10/24 23:31,57,light
12/10/24 23:32,62,light
12/10/24 23:33,58,light
12/10/24 23:34,63,light
12/10/24 23:35,61,light
12/10/24 23:36,59,light
12/10/24 23:37,64,light
12/10/24 23:38,58,light
12/10/24 23:39,62,light
12/10/24 23:40,56,light
12/10/24 23:41,56,light
12/10/24 23:42,59,light
12/10/24 23:43,55,deep
12/10/24 23:44,58,deep
12/10/24 23:45,56,deep
12/10/24 23:46,58,deep
12/10/24 23:47,54,deep
12/10/24 23:48,57,deep
12/10/24 23:49,55,deep
12/10/24 23:50,57,deep
12/10/24 23:51,55,deep
12/10/24 23:52,56,deep
12/10/24 23:53,53,deep
12/10/24 23:54,55,deep
12/10/24 23:55,52,deep
12/10/24 23:56,55,deep
12/10/24 23:57,53,deep
12/10/24 23:58,56,deep
12/10/24 23:59,55,deep
12/11/24 00:00,54,deep
12/11/24 00:01,53,deep
12/11/24 00:02,57,deep
12/11/24 00:03,54,deep
12/11/24 00:04,52,deep
12/11/24 00:05,53,deep
12/11/24 00:06,55,deep
12/11/24 00:07,53,deep
12/11/24 00:08,57,deep
12/11/24 00:09,56,deep
12/11/24 00:10,53,deep
12/11/24 00:11,54,deep
12/11/24 00:12,57,deep
12/11/24 00:13,55,deep
12/11/24 00:14,53,deep
12/11/24 00:15,54,deep
12/11/24 00:16,54,deep
12/11/24 00:17,54,deep
12/11/24 00:18,55,deep
12/11/24 00:19,57,deep
12/11/24 00:20,57,deep
12/11/24 00:21,57,deep
12/11/24 00:22,55,deep
12/11/24 00:23,53,deep
12/11/24 00:24,51,deep
12/11/24 00:25,56,deep
12/11/24 00:26,53,deep
12/11/24 00:27,53,deep
12/11/24 00:28,55,deep
12/11/24 00:29,53,deep
12/11/24 00:30,57,deep
12/11/24 00:31,54,deep
12/11/24 00:32,52,deep
12/11/24 00:33,56,deep
12/11/24 00:34,55,deep
12/11/24 00:35,52,deep
12/11/24 00:36,56,deep
12/11/24 00:37,51,deep
12/11/24 00:38,56,deep
12/11/24 00:39,51,deep
12/11/24 00:40,55,deep
12/11/24 00:41,52,deep
12/11/24 00:42,51,deep
12/11/24 00:43,52,deep
12/11/24 00:44,53,deep
12/11/24 00:45,56,deep
12/11/24 00:46,53,deep
12/11/24 00:47,56,deep
12/11/24 00:48,56,deep
12/11/24 00:49,53,deep
12/11/24 00:50,52,deep
12/11/24 00:51,54,deep
12/11/24 00:52,53,deep
12/11/24 00:53,55,deep
12/11/24 00:54,53,deep
12/11/24 00:55,54,deep
12/11/24 00:56,53,deep
12/11/24 00:57,53,deep
12/11/24 00:58,55,deep
12/11/24 00:59,56,deep
12/11/24 01:00,57,deep
12/11/24 01:01,50,deep
12/11/24 01:02,54,deep
12/11/24 01:03,55,deep
12/11/24 01:04,53,deep
12/11/24 01:05,53,deep
12/11/24 01:06,51,deep
12/11/24 01:07,58,deep
12/11/24 01:08,53,deep
12/11/24 01:09,60,deep
12/11/24 01:10,57,deep
12/11/24 01:11,53,deep
12/11/24 01:12,55,deep
12/11/24 01:13,56,deep
12/11/24 01:14,53,deep
12/11/24 01:15,52,deep
12/11/24 01:16,57,deep
12/11/24 01:17,51,deep
12/11/24 01:18,53,deep
12/11/24 01:19,55,deep
12/11/24 01:20,58,deep
12/11/24 01:21,66,light
12/11/24 01:22,62,light
12/11/24 01:23,60,light
12/11/24 01:24,55,light
12/11/24 01:25,59,light
12/11/24 01:26,69,light
12/11/24 01:27,61,light
12/11/24 01:28,56,light
12/11/24 01:29,58,light
12/11/24 01:30,57,light
12/11/24 01:31,57,light
12/11/24 01:32,56,light
12/11/24 01:33,57,light
12/11/24 01:34,59,light
12/11/24 01:35,58,light
12/11/24 01:36,61,light
12/11/24 01:37,61,light
12/11/24 01:38,58,light
12/11/24 01:39,61,light
12/11/24 01:40,58,light
12/11/24 01:41,62,light
12/11/24 01:42,57,light
12/11/24 01:43,57,light
12/11/24 01:44,61,light
12/11/24 01:45,59,light
12/11/24 01:46,67,light
12/11/24 01:47,60,light
12/11/24 01:48,58,light
12/11/24 01:49,63,light
12/11/24 01:50,59,light
12/11/24 01:51,58,light
12/11/24 01:52,57,light
12/11/24 01:53,58,light
12/11/24 01:54,59,light
12/11/24 01:55,62,light
12/11/24 01:56,60,light
12/11/24 01:57,57,light
12/11/24 01:58,61,light
12/11/24 01:59,57,light
12/11/24 02:00,59,light
12/11/24 02:01,56,light
12/11/24 02:02,65,light
12/11/24 02:03,61,light
12/11/24 02:04,63,light
12/11/24 02:05,64,light
12/11/24 02:06,60,light
12/11/24 02:07,60,light
12/11/24 02:08,63,light
12/11/24 02:09,64,light
12/11/24 02:10,63,light
12/11/24 02:11,57,light
12/11/24 02:12,58,light
12/11/24 02:13,59,light
12/11/24 02:14,60,light
12/11/24 02:15,56,light
12/11/24 02:16,57,light
12/11/24 02:17,54,light
12/11/24 02:18,56,light
12/11/24 02:19,52,light
12/11/24 02:20,62,light
12/11/24 02:21,58,light
12/11/24 02:22,59,light
12/11/24 02:23,62,light
12/11/24 02:24,62,light
12/11/24 02:25,63,light
12/11/24 02:26,60,light
12/11/24 02:27,57,light
12/11/24 02:28,56,light
12/11/24 02:29,55,light
12/11/24 02:30,59,light
12/11/24 02:31,60,light
12/11/24 02:32,58,light
12/11/24 02:33,58,light
12/11/24 02:34,58,light
12/11/24 02:35,58,light
12/11/24 02:36,60,light
12/11/24 02:37,66,light
12/11/24 02:38,63,light
12/11/24 02:39,62,light
12/11/24 02:40,60,light
12/11/24 02:41,53,light
12/11/24 02:42,59,light
12/11/24 02:43,60,light
12/11/24 02:44,60,light
12/11/24 02:45,59,light
12/11/24 02:46,59,light
12/11/24 02:47,62,light
12/11/24 02:48,63,light
12/11/24 02:49,60,light
12/11/24 02:50,62,light
12/11/24 02:51,59,light
12/11/24 02:52,61,light
12/11/24 02:53,57,light
12/11/24 02:54,55,light
12/11/24 02:55,60,light
12/11/24 02:56,54,light
12/11/24 02:57,64,light
12/11/24 02:58,60,light
12/11/24 02:59,59,light
12/11/24 03:00,54,light
12/11/24 03:01,64,light
12/11/24 03:02,56,light
12/11/24 03:03,62,light
12/11/24 03:04,61,light
12/11/24 03:05,58,light
12/11/24 03:06,57,light
12/11/24 03:07,63,light
12/11/24 03:08,55,light
12/11/24 03:09,61,light
12/11/24 03:10,58,light
12/11/24 03:11,60,light
12/11/24 03:12,63,light
12/11/24 03:13,59,light
12/11/24 03:14,65,light
12/11/24 03:15,61,light
12/11/24 03:16,53,light
12/11/24 03:17,58,light
12/11/24 03:18,59,light
12/11/24 03:19,57,light
12/11/24 03:20,62,light
12/11/24 03:21,56,light
12/11/24 03:22,58,light
12/11/24 03:23,59,light
12/11/24 03:24,64,light
12/11/24 03:25,61,light
12/11/24 03:26,56,light
12/11/24 03:27,56,light
12/11/24 03:28,58,light
12/11/24 03:29,63,light
12/11/24 03:30,61,light
12/11/24 03:31,62,light
12/11/24 03:32,62,light
12/11/24 03:33,60,light
12/11/24 03:34,57,light
12/11/24 03:35,60,light
12/11/24 03:36,64,light
12/11/24 03:37,55,light
12/11/24 03:38,58,light
12/11/24 03:39,59,light
12/11/24 03:40,61,light
12/11/24 03:41,57,light
12/11/24 03:42,62,light
12/11/24 03:43,57,light
12/11/24 03:44,62,light
12/11/24 03:45,56,light
12/11/24 03:46,60,light
12/11/24 03:47,55,light
12/11/24 03:48,52,light
12/11/24 03:49,65,light
12/11/24 03:50,64,light
12/11/24 03:51,55,light
12/11/24 03:52,62,light
12/11/24 03:53,60,light
12/11/24 03:54,60,light
12/11/24 03:55,58,light
12/11/24 03:56,60,light
12/11/24 03:57,60,light
12/11/24 03:58,61,light
12/11/24 03:59,63,light
12/11/24 04:00,68,light
12/11/24 04:01,60,light
12/11/24 04:02,58,light
12/11/24 04:03,62,light
12/11/24 04:04,60,light
12/11/24 04:05,58,light
12/11/24 04:06,58,light
12/11/24 04:07,58,light
12/11/24 04:08,62,light
12/11/24 04:09,64,light
12/11/24 04:10,62,light
12/11/24 04:11,57,light
12/11/24 04:12,57,light
12/11/24 04:13,61,light
12/11/24 04:14,57,light
12/11/24 04:15,60,light
12/11/24 04:16,62,light
12/11/24 04:17,63,light
12/11/24 04:18,61,light
12/11/24 04:19,62,light
12/11/24 04:20,58,light
12/11/24 04:21,60,light
12/11/24 04:22,60,light
12/11/24 04:23,58,light
12/11/24 04:24,58,light
12/11/24 04:25,58,light
12/11/24 04:26,62,light
12/11/24 04:27,55,light
12/11/24 04:28,55,light
12/11/24 04:29,60,light
12/11/24 04:30,61,light
12/11/24 04:31,60,light
12/11/24 04:32,61,light
12/11/24 04:33,59,light
12/11/24 04:34,60,light
12/11/24 04:35,59,light
12/11/24 04:36,56,light
12/11/24 04:37,57,light
12/11/24 04:38,57,light
12/11/24 04:39,54,light
12/11/24 04:40,62,light
12/11/24 04:41,59,light
12/11/24 04:42,64,light
12/11/24 04:43,61,light
12/11/24 04:44,59,light
12/11/24 04:45,61,light
12/11/24 04:46,57,light
12/11/24 04:47,62,light
12/11/24 04:48,63,light
12/11/24 04:49,58,light
12/11/24 04:50,62,light
12/11/24 04:51,56,light
12/11/24 04:52,56,light
12/11/24 04:53,58,light
12/11/24 04:54,63,light
12/11/24 04:55,61,light
12/11/24 04:56,62,light
12/11/24 04:57,61,light
12/11/24 04:58,61,light
12/11/24 04:59,57,light
12/11/24 05:00,66,light
12/11/24 05:01,60,light
12/11/24 05:02,62,light
12/11/24 05:03,62,light
12/11/24 05:04,58,light
12/11/24 05:05,60,light
12/11/24 05:06,57,light
12/11/24 05:07,61,light
12/11/24 05:08,56,light
12/11/24 05:09,58,light
12/11/24 05:10,61,light
12/11/24 05:11,59,light
12/11/24 05:12,59,light
12/11/24 05:13,64,light
12/11/24 05:14,63,light
12/11/24 05:15,56,light
12/11/24 05:16,53,light
12/11/24 05:17,54,light
12/11/24 05:18,61,light
12/11/24 05:19,57,light
12/11/24 05:20,61,light
12/11/24 05:21,58,light
12/11/24 05:22,59,light
12/11/24 05:23,60,light
12/11/24 05:24,59,light
12/11/24 05:25,58,light
12/11/24 05:26,60,light
12/11/24 05:27,61,light
12/11/24 05:28,59,light
12/11/24 05:29,61,light
12/11/24 05:30,59,light
12/11/24 05:31,59,light
12/11/24 05:32,58,light
12/11/24 05:33,61,light
12/11/24 05:34,60,light
12/11/24 05:35,62,light
12/11/24 05:36,57,light
12/11/24 05:37,54,light
12/11/24 05:38,69,light
12/11/24 05:39,58,light
12/11/24 05:40,58,light
12/11/24 05:41,56,light
12/11/24 05:42,58,light
12/11/24 05:43,59,light
12/11/24 05:44,57,light
12/11/24 05:45,63,light
12/11/24 05:46,55,light
12/11/24 05:47,60,light
12/11/24 05:48,60,light
12/11/24 05:49,65,light
12/11/24 05:50,57,light
12/11/24 05:51,55,light
12/11/24 05:52,59,light
12/11/24 05:53,56,light
12/11/24 05:54,64,light
12/11/24 05:55,61,light
12/11/24 05:56,56,light
12/11/24 05:57,61,light
12/11/24 05:58,58,light
12/11/24 05:59,59,light
12/11/24 06:00,58,light
12/11/24 06:01,56,light
12/11/24 06:02,57,light
12/11/24 06:03,60,light
12/11/24 06:04,63,light
12/11/24 06:05,62,light
12/11/24 06:06,60,light
12/11/24 06:07,56,light
12/11/24 06:08,64,light
12/11/24 06:09,56,light
12/11/24 06:10,57,light
12/11/24 06:11,53,light
12/11/24 06:12,59,light
12/11/24 06:13,61,light
12/11/24 06:14,57,light
12/11/24 06:15,63,light
12/11/24 06:16,56,light
12/11/24 06:17,57,light
12/11/24 06:18,57,light
12/11/24 06:19,60,light
12/11/24 06:20,56,light
12/11/24 06:21,57,light
12/11/24 06:22,59,light
12/11/24 06:23,63,light
12/11/24 06:24,62,light
12/11/24 06:25,60,light
12/11/24 06:26,64,light
12/11/24 06:27,63,light
12/11/24 06:28,58,light
12/11/24 06:29,60,light
12/11/24 06:30,57,light
12/11/24 06:31,60,light
12/11/24 06:32,58,light
12/11/24 06:33,62,light
12/11/24 06:34,60,light
12/11/24 06:35,56,light
12/11/24 06:36,61,light
12/11/24 06:37,58,light
12/11/24 06:38,57,light
12/11/24 06:39,57,light
12/11/24 06:40,61,light
12/11/24 06:41,63,light
12/11/24 06:42,54,light
12/11/24 06:43,63,light
12/11/24 06:44,65,light
12/11/24 06:45,62,light
12/11/24 21:45,56,light
12/11/24 21:46,61,light
12/11/24 21:47,64,light
12/11/24 21:48,62,light
12/11/24 21:49,59,light
12/11/24 21:50,59,light
12/11/24 21:51,59,light
12/11/24 21:52,57,light
12/11/24 21:53,56,light
12/11/24 21:54,59,light
12/11/24 21:55,56,light
12/11/24 21:56,59,light
12/11/24 21:57,59,light
12/11/24 21:58,57,light
12/11/24 21:59,59,light
12/11/24 22:00,55,light
12/11/24 22:01,60,light
12/11/24 22:02,58,light
12/11/24 22:03,51,light
12/11/24 22:04,54,light
12/11/24 22:05,62,light
12/11/24 22:06,63,light
12/11/24 22:07,61,light
12/11/24 22:08,67,light
12/11/24 22:09,58,light
12/11/24 22:10,52,light
12/11/24 22:11,60,light
12/11/24 22:12,59,light
12/11/24 22:13,64,light
12/11/24 22:14,61,light
12/11/24 22:15,58,light
12/11/24 22:16,60,light
12/11/24 22:17,64,light
12/11/24 22:18,60,light
12/11/24 22:19,58,light
12/11/24 22:20,61,light
12/11/24 22:21,59,light
12/11/24 22:22,59,light
12/11/24 22:23,63,light
12/11/24 22:24,59,light
12/11/24 22:25,59,light
12/11/24 22:26,60,light
12/11/24 22:27,59,light
12/11/24 22:28,57,light
12/11/24 22:29,66,light
12/11/24 22:30,57,light
12/11/24 22:31,61,light
12/11/24 22:32,59,light
12/11/24 22:33,59,light
12/11/24 22:34,64,light
12/11/24 22:35,56,light
12/11/24 22:36,54,light
12/11/24 22:37,59,light
12/11/24 22:38,60,light
12/11/24 22:39,55,light
12/11/24 22:40,56,light
12/11/24 22:41,56,light
12/11/24 22:42,61,light
12/11/24 22:43,61,light
12/11/24 22:44,63,light
12/11/24 22:45,59,light
12/11/24 22:46,63,light
12/11/24 22:47,56,light
12/11/24 22:48,62,light
12/11/24 22:49,55,light
12/11/24 22:50,57,light
12/11/24 22:51,58,light
12/11/24 22:52,61,light
12/11/24 22:53,65,light
12/11/24 22:54,63,light
12/11/24 22:55,60,light
12/11/24 22:56,59,light
12/11/24 22:57,53,light
12/11/24 22:58,59,light
12/11/24 22:59,58,light
12/11/24 23:00,58,light
12/11/24 23:01,56,light
12/11/24 23:02,60,light
12/11/24 23:03,60,light
12/11/24 23:04,61,light
12/11/24 23:05,61,light
12/11/24 23:06,66,light
12/11/24 23:07,53,light
12/11/24 23:08,56,light
12/11/24 23:09,56,light
12/11/24 23:10,56,light
12/11/24 23:11,57,light
12/11/24 23:12,58,light
12/11/24 23:13,62,light
12/11/24 23:14,60,light
12/11/24 23:15,55,light
12/11/24 23:16,59,light
12/11/24 23:17,62,light
12/11/24 23:18,62,light
12/11/24 23:19,63,light
12/11/24 23:20,65,REM
12/11/24 23:21,66,REM
12/11/24 23:22,63,REM
12/11/24 23:23,59,REM
12/11/24 23:24,75,REM
12/11/24 23:25,60,REM
12/11/24 23:26,60,REM
12/11/24 23:27,65,REM
12/11/24 23:28,59,REM
12/11/24 23:29,62,REM
12/11/24 23:30,68,REM
12/11/24 23:31,58,REM
12/11/24 23:32,65,REM
12/11/24 23:33,64,REM
12/11/24 23:34,72,REM
12/11/24 23:35,66,REM
12/11/24 23:36,68,REM
12/11/24 23:37,63,REM
12/11/24 23:38,67,REM
12/11/24 23:39,66,REM
12/11/24 23:40,77,REM
12/11/24 23:41,62,REM
12/11/24 23:42,63,REM
12/11/24 23:43,62,REM
12/11/24 23:44,69,REM
12/11/24 23:45,68,REM
12/11/24 23:46,66,REM
12/11/24 23:47,64,REM
12/11/24 23:48,63,REM
12/11/24 23:49,59,REM
12/11/24 23:50,68,REM
12/11/24 23:51,70,REM
12/11/24 23:52,68,REM
12/11/24 23:53,70,REM
12/11/24 23:54,69,REM
12/11/24 23:55,66,REM
12/11/24 23:56,63,REM
12/11/24 23:57,68,REM
12/11/24 23:58,59,REM
12/11/24 23:59,68,REM
12/12/24 00:00,69,REM
12/12/24 00:01,66,REM
12/12/24 00:02,67,REM
12/12/24 00:03,66,REM
12/12/24 00:04,70,REM
12/12/24 00:05,69,REM
12/12/24 00:06,63,REM
12/12/24 00:07,64,REM
12/12/24 00:08,65,REM
12/12/24 00:09,64,REM
12/12/24 00:10,63,REM
12/12/24 00:11,67,REM
12/12/24 00:12,66,REM
12/12/24 00:13,60,REM
12/12/24 00:14,57,REM
12/12/24 00:15,57,REM
12/12/24 00:16,66,REM
12/12/24 00:17,61,REM
12/12/24 00:18,68,REM
12/12/24 00:19,62,REM
12/12/24 00:20,61,REM
12/12/24 00:21,67,REM
12/12/24 00:22,67,REM
12/12/24 00:23,65,REM
12/12/24 00:24,68,REM
12/12/24 00:25,66,REM
12/12/24 00:26,69,REM
12/12/24 00:27,62,REM
12/12/24 00:28,58,REM
12/12/24 00:29,66,REM
12/12/24 00:30,62,REM
12/12/24 00:31,65,REM
12/12/24 00:32,63,REM
12/12/24 00:33,62,REM
12/12/24 00:34,62,REM
12/12/24 00:35,68,REM
12/12/24 00:36,67,REM
12/12/24 00:37,61,REM
12/12/24 00:38,65,REM
12/12/24 00:39,55,deep
12/12/24 00:40,56,deep
12/12/24 00:41,52,deep
12/12/24 00:42,54,deep
12/12/24 00:43,59,deep
12/12/24 00:44,55,deep
12/12/24 00:45,53,deep
12/12/24 00:46,53,deep
12/12/24 00:47,55,deep
12/12/24 00:48,59,deep
12/12/24 00:49,51,deep
12/12/24 00:50,56,deep
12/12/24 00:51,56,deep
12/12/24 00:52,54,deep
12/12/24 00:53,57,deep
12/12/24 00:54,53,deep
12/12/24 00:55,58,deep
12/12/24 00:56,54,deep
12/12/24 00:57,52,deep
12/12/24 00:58,51,deep
12/12/24 00:59,53,deep
12/12/24 01:00,53,deep
12/12/24 01:01,58,deep
12/12/24 01:02,55,deep
12/12/24 01:03,58,deep
12/12/24 01:04,53,deep
12/12/24 01:05,57,deep
12/12/24 01:06,55,deep
12/12/24 01:07,56,deep
12/12/24 01:08,52,deep
12/12/24 01:09,56,deep
12/12/24 01:10,56,deep
12/12/24 01:11,52,deep
12/12/24 01:12,58,deep
12/12/24 01:13,53,deep
12/12/24 01:14,58,deep
12/12/24 01:15,54,deep
12/12/24 01:16,57,deep
12/12/24 01:17,56,deep
12/12/24 01:18,50,deep
12/12/24 01:19,55,deep
12/12/24 01:20,56,deep
12/12/24 01:21,54,deep
12/12/24 01:22,51,deep
12/12/24 01:23,58,deep
12/12/24 01:24,54,deep
12/12/24 01:25,53,deep
12/12/24 01:26,54,deep
12/12/24 01:27,51,deep
12/12/24 01:28,57,deep
12/12/24 01:29,56,deep
12/12/24 01:30,52,deep
12/12/24 01:31,54,deep
12/12/24 01:32,55,deep
12/12/24 01:33,53,deep
12/12/24 01:34,54,deep
12/12/24 01:35,59,deep
12/12/24 01:36,54,deep
12/12/24 01:37,54,deep
12/12/24 01:38,51,deep
12/12/24 01:39,55,deep
12/12/24 01:40,53,deep
12/12/24 01:41,53,deep
12/12/24 01:42,54,deep
12/12/24 01:43,51,deep
12/12/24 01:44,55,deep
12/12/24 01:45,51,deep
12/12/24 01:46,53,deep
12/12/24 01:47,54,deep
12/12/24 01:48,56,deep
12/12/24 01:49,55,deep
12/12/24 01:50,58,deep
12/12/24 01:51,53,deep
12/12/24 01:52,50,deep
12/12/24 01:53,54,deep
12/12/24 01:54,52,deep
12/12/24 01:55,55,deep
12/12/24 01:56,55,deep
12/12/24 01:57,54,deep
12/12/24 01:58,55,deep
12/12/24 01:59,55,deep
12/12/24 02:00,55,deep
12/12/24 02:01,52,deep
12/12/24 02:02,55,deep
12/12/24 02:03,58,deep
12/12/24 02:04,57,deep
12/12/24 02:05,51,deep
12/12/24 02:06,52,deep
12/12/24 02:07,57,deep
12/12/24 02:08,53,deep
12/12/24 02:09,60,deep
12/12/24 02:10,55,deep
12/12/24 02:11,57,deep
12/12/24 02:12,55,deep
12/12/24 02:13,54,deep
12/12/24 02:14,52,deep
12/12/24 02:15,54,deep
12/12/24 02:16,55,deep
12/12/24 02:17,54,deep
12/12/24 02:18,53,deep
12/12/24 02:19,49,deep
12/12/24 02:20,50,deep
12/12/24 02:21,55,deep
12/12/24 02:22,55,deep
12/12/24 02:23,54,deep
12/12/24 02:24,54,deep
12/12/24 02:25,53,deep
12/12/24 02:26,52,deep
12/12/24 02:27,51,deep
12/12/24 02:28,54,deep
12/12/24 02:29,53,deep
12/12/24 02:30,53,deep
12/12/24 02:31,58,deep
12/12/24 02:32,56,deep
12/12/24 02:33,52,deep
12/12/24 02:34,56,deep
12/12/24 02:35,55,deep
12/12/24 02:36,57,deep
12/12/24 02:37,57,deep
12/12/24 02:38,51,deep
12/12/24 02:39,55,deep
12/12/24 02:40,57,deep
12/12/24 02:41,58,deep
12/12/24 02:42,54,deep
12/12/24 02:43,55,deep
12/12/24 02:44,51,deep
12/12/24 02:45,54,deep
12/12/24 02:46,57,deep
12/12/24 02:47,55,deep
12/12/24 02:48,57,deep
12/12/24 02:49,54,deep
12/12/24 02:50,53,deep
12/12/24 02:51,54,deep
12/12/24 02:52,56,deep
12/12/24 02:53,56,deep
12/12/24 02:54,55,deep
12/12/24 02:55,53,deep
12/12/24 02:56,57,deep
12/12/24 02:57,54,deep
12/12/24 02:58,55,deep
12/12/24 02:59,54,deep
12/12/24 03:00,57,deep
12/12/24 03:01,52,deep
12/12/24 03:02,54,deep
12/12/24 03:03,53,deep
12/12/24 03:04,58,deep
12/12/24 03:05,56,deep
12/12/24 03:06,52,deep
12/12/24 03:07,52,deep
12/12/24 03:08,54,deep
12/12/24 03:09,56,deep
12/12/24 03:10,53,deep
12/12/24 03:11,54,deep
12/12/24 03:12,52,deep
12/12/24 03:13,57,deep
12/12/24 03:14,60,light
12/12/24 03:15,63,light
12/12/24 03:16,58,light
12/12/24 03:17,61,light
12/12/24 03:18,61,light
12/12/24 03:19,59,light
12/12/24 03:20,55,light
12/12/24 03:21,57,light
12/12/24 03:22,60,light
12/12/24 03:23,61,light
12/12/24 03:24,61,light
12/12/24 03:25,60,light
12/12/24 03:26,60,light
12/12/24 03:27,58,light
12/12/24 03:28,61,light
12/12/24 03:29,62,light
12/12/24 03:30,59,light
12/12/24 03:31,61,light
12/12/24 03:32,56,light
12/12/24 03:33,56,light
12/12/24 03:34,59,light
12/12/24 03:35,56,light
12/12/24 03:36,58,light
12/12/24 03:37,60,light
12/12/24 03:38,60,light
12/12/24 03:39,58,light
12/12/24 03:40,58,light
12/12/24 03:41,62,light
12/12/24 03:42,56,light
12/12/24 03:43,59,light
12/12/24 03:44,65,light
12/12/24 03:45,54,light
12/12/24 03:46,61,light
12/12/24 03:47,58,light
12/12/24 03:48,60,light
12/12/24 03:49,58,light
12/12/24 03:50,64,light
12/12/24 03:51,58,light
12/12/24 03:52,59,light
12/12/24 03:53,60,light
12/12/24 03:54,61,light
12/12/24 03:55,60,light
12/12/24 03:56,55,deep
12/12/24 03:57,55,deep
12/12/24 03:58,49,deep
12/12/24 03:59,59,deep
12/12/24 04:00,55,deep
12/12/24 04:01,54,deep
12/12/24 04:02,56,deep
12/12/24 04:03,57,deep
12/12/24 04:04,54,deep
12/12/24 04:05,54,deep
12/12/24 04:06,54,deep
12/12/24 04:07,56,deep
12/12/24 04:08,51,deep
12/12/24 04:09,57,deep
12/12/24 04:10,53,deep
12/12/24 04:11,56,deep
12/12/24 04:12,57,deep
12/12/24 04:13,54,deep
12/12/24 04:14,56,deep
12/12/24 04:15,56,deep
12/12/24 04:16,53,deep
12/12/24 04:17,55,deep
12/12/24 04:18,55,deep
12/12/24 04:19,57,deep
12/12/24 04:20,53,deep
12/12/24 04:21,58,deep
12/12/24 04:22,56,deep
12/12/24 04:23,56,deep
12/12/24 04:24,55,deep
12/12/24 04:25,55,deep
12/12/24 04:26,53,deep
12/12/24 04:27,55,deep
12/12/24 04:28,53,deep
12/12/24 04:29,55,deep
12/12/24 04:30,53,deep
12/12/24 04:31,56,deep
12/12/24 04:32,55,deep
12/12/24 04:33,55,deep
12/12/24 04:34,54,deep
12/12/24 04:35,53,deep
12/12/24 04:36,54,deep
12/12/24 04:37,56,deep
12/12/24 04:38,51,deep
12/12/24 04:39,56,deep
12/12/24 04:40,54,deep
12/12/24 04:41,56,deep
12/12/24 04:42,54,deep
12/12/24 04:43,53,deep
12/12/24 04:44,55,deep
12/12/24 04:45,52,deep
12/12/24 04:46,52,deep
12/12/24 04:47,54,deep
12/12/24 04:48,60,deep
12/12/24 04:49,56,deep
12/12/24 04:50,54,deep
12/12/24 04:51,54,deep
12/12/24 04:52,54,deep
12/12/24 04:53,54,deep
12/12/24 04:54,55,deep
12/12/24 04:55,57,deep
12/12/24 04:56,54,deep
12/12/24 04:57,53,deep
12/12/24 04:58,54,deep
12/12/24 04:59,55,deep
12/12/24 05:00,55,deep
12/12/24 05:01,58,deep
12/12/24 05:02,58,deep
12/12/24 05:03,53,deep
12/12/24 05:04,52,deep
12/12/24 05:05,55,deep
12/12/24 05:06,55,deep
12/12/24 05:07,56,deep
12/12/24 05:08,53,deep
12/12/24 05:09,54,deep
12/12/24 05:10,50,deep
12/12/24 05:11,53,deep
12/12/24 05:12,56,deep
12/12/24 05:13,59,light
12/12/24 05:14,62,light
12/12/24 05:15,61,light
12/12/24 05:16,56,light
12/12/24 05:17,61,light
12/12/24 05:18,54,light
12/12/24 05:19,58,light
12/12/24 05:20,57,light
12/12/24 05:21,58,light
12/12/24 05:22,59,light
12/12/24 05:23,59,light
12/12/24 05:24,60,light
12/12/24 05:25,63,light
12/12/24 05:26,58,light
12/12/24 05:27,62,light
12/12/24 05:28,58,light
12/12/24 05:29,63,light
12/12/24 05:30,55,light
12/12/24 05:31,58,light
12/12/24 05:32,64,light
12/12/24 05:33,59,light
12/12/24 05:34,61,light
12/12/24 05:35,57,light
12/12/24 05:36,54,light
12/12/24 05:37,55,light
12/12/24 05:38,58,light
12/12/24 05:39,65,light
12/12/24 05:40,56,light
12/12/24 05:41,62,light
12/12/24 05:42,59,light
12/12/24 05:43,61,light
12/12/24 05:44,60,light
12/12/24 05:45,58,light
12/12/24 05:46,63,light
12/12/24 05:47,59,light
12/12/24 05:48,59,light
12/12/24 05:49,59,light
12/12/24 05:50,59,light
12/12/24 05:51,60,light
12/12/24 05:52,65,light
12/12/24 05:53,58,light
12/12/24 05:54,64,light
12/12/24 05:55,63,light
12/12/24 05:56,58,light
12/12/24 05:57,60,light
12/12/24 05:58,56,light
12/12/24 05:59,55,light
12/12/24 06:00,56,light
12/12/24 06:01,61,light
12/12/24 06:02,62,light
12/12/24 06:03,59,light
12/12/24 06:04,61,light
12/12/24 06:05,62,light
12/12/24 06:06,63,light
12/12/24 06:07,60,light
12/12/24 06:08,63,light
12/12/24 06:09,61,light
12/12/24 06:10,60,light
12/12/24 06:11,60,light
12/12/24 06:12,59,light
12/12/24 06:13,63,light
12/12/24 06:14,60,light
12/12/24 06:15,57,light
12/12/24 06:16,62,light
12/12/24 06:17,59,light
12/12/24 06:18,57,light
12/12/24 06:19,61,light
12/12/24 06:20,57,light
12/12/24 06:21,62,light
12/12/24 06:22,59,light
12/12/24 06:23,57,light
12/12/24 06:24,63,light
12/12/24 06:25,60,light
12/12/24 06:26,60,light
12/12/24 06:27,59,light
12/12/24 06:28,66,light
12/12/24 06:29,56,light
12/12/24 06:30,58,light
12/12/24 06:31,55,light
12/12/24 06:32,62,light
12/12/24 06:33,63,light
12/12/24 06:34,65,light
12/12/24 06:35,58,light
12/12/24 06:36,58,light
12/12/24 06:37,61,light
12/12/24 06:38,60,light
12/12/24 06:39,57,light
12/12/24 06:40,54,light
12/12/24 06:41,62,light
12/12/24 06:42,61,light
12/12/24 06:43,56,light
12/12/24 06:44,54,light
12/12/24 06:45,59,light
12/12/24 06:46,59,light
12/12/24 06:47,61,light
12/12/24 06:48,59,light
12/12/24 06:49,62,light
12/12/24 06:50,54,light
12/12/24 06:51,62,light
12/12/24 06:52,63,light
12/12/24 06:53,58,light
12/12/24 06:54,59,light
12/12/24 06:55,60,light
12/12/24 06:56,57,light
12/12/24 06:57,57,light
12/12/24 06:58,59,light
12/12/24 06:59,54,light
12/12/24 07:00,66,light
12/12/24 07:01,65,light
12/12/24 07:02,61,light
12/12/24 07:03,56,light
12/12/24 07:04,61,REM
12/12/24 07:05,63,REM
12/12/24 07:06,63,REM
12/12/24 07:07,66,REM
12/12/24 07:08,69,REM
12/12/24 22:15,63,light
12/12/24 22:16,60,light
12/12/24 22:17,60,light
12/12/24 22:18,64,light
12/12/24 22:19,63,light
12/12/24 22:20,61,light
12/12/24 22:21,52,light
12/12/24 22:22,57,light
12/12/24 22:23,56,light
12/12/24 22:24,55,light
12/12/24 22:25,59,light
12/12/24 22:26,61,light
12/12/24 22:27,59,light
12/12/24 22:28,61,light
12/12/24 22:29,64,light
12/12/24 22:30,63,light
12/12/24 22:31,57,light
12/12/24 22:32,57,light
12/12/24 22:33,59,light
12/12/24 22:34,58,light
12/12/24 22:35,54,light
12/12/24 22:36,63,light
12/12/24 22:37,62,light
12/12/24 22:38,58,light
12/12/24 22:39,67,light
12/12/24 22:40,60,light
12/12/24 22:41,65,light
12/12/24 22:42,60,light
12/12/24 22:43,58,light
12/12/24 22:44,54,light
12/12/24 22:45,53,light
12/12/24 22:46,63,light
12/12/24 22:47,62,light
12/12/24 22:48,59,light
12/12/24 22:49,56,light
12/12/24 22:50,62,light
12/12/24 22:51,61,light
12/12/24 22:52,57,light
12/12/24 22:53,60,light
12/12/24 22:54,60,light
12/12/24 22:55,65,light
12/12/24 22:56,61,light
12/12/24 22:57,59,light
12/12/24 22:58,62,light
12/12/24 22:59,55,light
12/12/24 23:00,61,light
12/12/24 23:01,60,light
12/12/24 23:02,58,light
12/12/24 23:03,53,light
12/12/24 23:04,64,light
12/12/24 23:05,56,light
12/12/24 23:06,59,light
12/12/24 23:07,59,light
12/12/24 23:08,56,light
12/12/24 23:09,54,light
12/12/24 23:10,64,light
12/12/24 23:11,60,light
12/12/24 23:12,58,light
12/12/24 23:13,62,light
12/12/24 23:14,63,light
12/12/24 23:15,59,light
12/12/24 23:16,59,light
12/12/24 23:17,63,light
12/12/24 23:18,56,light
12/12/24 23:19,60,light
12/12/24 23:20,66,light
12/12/24 23:21,62,light
12/12/24 23:22,62,light
12/12/24 23:23,57,light
12/12/24 23:24,60,light
12/12/24 23:25,71,light
12/12/24 23:26,62,light
12/12/24 23:27,57,light
12/12/24 23:28,58,light
12/12/24 23:29,62,light
12/12/24 23:30,60,light
12/12/24 23:31,59,light
12/12/24 23:32,59,light
12/12/24 23:33,61,light
12/12/24 23:34,62,light
12/12/24 23:35,62,light
12/12/24 23:36,64,light
12/12/24 23:37,59,light
12/12/24 23:38,61,light
12/12/24 23:39,58,light
12/12/24 23:40,63,light
12/12/24 23:41,60,light
12/12/24 23:42,56,light
12/12/24 23:43,58,light
12/12/24 23:44,59,light
12/12/24 23:45,63,light
12/12/24 23:46,57,light
12/12/24 23:47,59,light
12/12/24 23:48,61,light
12/12/24 23:49,60,light
12/12/24 23:50,59,light
12/12/24 23:51,64,light
12/12/24 23:52,54,light
12/12/24 23:53,58,light
12/12/24 23:54,63,light
12/12/24 23:55,57,light
12/12/24 23:56,60,light
12/12/24 23:57,60,light
12/12/24 23:58,58,light
12/12/24 23:59,58,light
12/13/24 00:00,59,light
12/13/24 00:01,59,light
12/13/24 00:02,59,light
12/13/24 00:03,55,light
12/13/24 00:04,59,light
12/13/24 00:05,54,light
12/13/24 00:06,58,light
12/13/24 00:07,60,light
12/13/24 00:08,59,light
12/13/24 00:09,64,light
12/13/24 00:10,56,light
12/13/24 00:11,61,light
12/13/24 00:12,57,light
12/13/24 00:13,66,light
12/13/24 00:14,63,light
12/13/24 00:15,61,light
12/13/24 00:16,61,light
12/13/24 00:17,59,light
12/13/24 00:18,60,light
12/13/24 00:19,61,light
12/13/24 00:20,60,light
12/13/24 00:21,61,light
12/13/24 00:22,57,light
12/13/24 00:23,58,light
12/13/24 00:24,58,light
12/13/24 00:25,63,light
12/13/24 00:26,57,light
12/13/24 00:27,59,light
12/13/24 00:28,63,light
12/13/24 00:29,62,light
12/13/24 00:30,64,light
12/13/24 00:31,61,light
12/13/24 00:32,57,light
12/13/24 00:33,57,light
12/13/24 00:34,56,light
12/13/24 00:35,58,light
12/13/24 00:36,57,light
12/13/24 00:37,62,light
12/13/24 00:38,58,light
12/13/24 00:39,61,light
12/13/24 00:40,59,light
12/13/24 00:41,62,light
12/13/24 00:42,62,light
12/13/24 00:43,62,light
12/13/24 00:44,62,light
12/13/24 00:45,58,light
12/13/24 00:46,55,light
12/13/24 00:47,57,light
12/13/24 00:48,55,light
12/13/24 00:49,61,light
12/13/24 00:50,56,light
12/13/24 00:51,61,light
12/13/24 00:52,58,light
12/13/24 00:53,57,light
12/13/24 00:54,62,light
12/13/24 00:55,61,light
12/13/24 00:56,59,light
12/13/24 00:57,57,light
12/13/24 00:58,57,light
12/13/24 00:59,57,light
12/13/24 01:00,54,light
12/13/24 01:01,56,light
12/13/24 01:02,60,light
12/13/24 01:03,52,light
12/13/24 01:04,60,light
12/13/24 01:05,59,light
12/13/24 01:06,61,light
12/13/24 01:07,63,light
12/13/24 01:08,53,light
12/13/24 01:09,60,light
12/13/24 01:10,58,light
12/13/24 01:11,63,light
12/13/24 01:12,55,light
12/13/24 01:13,62,light
12/13/24 01:14,61,light
12/13/24 01:15,58,light
12/13/24 01:16,63,light
12/13/24 01:17,56,deep
12/13/24 01:18,53,deep
12/13/24 01:19,55,deep
12/13/24 01:20,54,deep
12/13/24 01:21,52,deep
12/13/24 01:22,53,deep
12/13/24 01:23,53,deep
12/13/24 01:24,54,deep
12/13/24 01:25,55,deep
12/13/24 01:26,54,deep
12/13/24 01:27,58,deep
12/13/24 01:28,51,deep
12/13/24 01:29,53,deep
12/13/24 01:30,53,deep
12/13/24 01:31,51,deep
12/13/24 01:32,52,deep
12/13/24 01:33,56,deep
12/13/24 01:34,54,deep
12/13/24 01:35,51,deep
12/13/24 01:36,53,deep
12/13/24 01:37,53,deep
12/13/24 01:38,54,deep
12/13/24 01:39,57,deep
12/13/24 01:40,56,deep
12/13/24 01:41,54,deep
12/13/24 01:42,52,deep
12/13/24 01:43,55,deep
12/13/24 01:44,54,deep
12/13/24 01:45,54,deep
12/13/24 01:46,56,deep
12/13/24 01:47,54,deep
12/13/24 01:48,56,deep
12/13/24 01:49,59,deep
12/13/24 01:50,55,deep
12/13/24 01:51,55,deep
12/13/24 01:52,50,deep
12/13/24 01:53,53,deep
12/13/24 01:54,56,deep
12/13/24 01:55,55,deep
12/13/24 01:56,56,deep
12/13/24 01:57,55,deep
12/13/24 01:58,54,deep
12/13/24 01:59,57,deep
12/13/24 02:00,56,deep
12/13/24 02:01,56,deep
12/13/24 02:02,52,deep
12/13/24 02:03,53,deep
12/13/24 02:04,58,deep
12/13/24 02:05,55,deep
12/13/24 02:06,52,deep
12/13/24 02:07,56,deep
12/13/24 02:08,58,deep
12/13/24 02:09,60,deep
12/13/24 02:10,53,deep
12/13/24 02:11,56,deep
12/13/24 02:12,58,deep
12/13/24 02:13,54,deep
12/13/24 02:14,56,deep
12/13/24 02:15,52,deep
12/13/24 02:16,53,deep
12/13/24 02:17,55,deep
12/13/24 02:18,55,deep
12/13/24 02:19,52,deep
12/13/24 02:20,54,deep
12/13/24 02:21,54,deep
12/13/24 02:22,52,deep
12/13/24 02:23,51,deep
12/13/24 02:24,56,deep
12/13/24 02:25,53,deep
12/13/24 02:26,56,deep
12/13/24 02:27,53,deep
12/13/24 02:28,51,deep
12/13/24 02:29,53,deep
12/13/24 02:30,57,deep
12/13/24 02:31,53,deep
12/13/24 02:32,56,deep
12/13/24 02:33,54,deep
12/13/24 02:34,52,deep
12/13/24 02:35,55,deep
12/13/24 02:36,52,deep
12/13/24 02:37,54,deep
12/13/24 02:38,52,deep
12/13/24 02:39,55,deep
12/13/24 02:40,55,deep
12/13/24 02:41,54,deep
12/13/24 02:42,57,deep
12/13/24 02:43,56,deep
12/13/24 02:44,56,deep
12/13/24 02:45,52,deep
12/13/24 02:46,57,deep
12/13/24 02:47,56,deep
12/13/24 02:48,55,deep
12/13/24 02:49,57,deep
12/13/24 02:50,54,deep
12/13/24 02:51,55,deep
12/13/24 02:52,53,deep
12/13/24 02:53,53,deep
12/13/24 02:54,52,deep
12/13/24 02:55,53,deep
12/13/24 02:56,55,deep
12/13/24 02:57,54,deep
12/13/24 02:58,54,deep
12/13/24 02:59,56,deep
12/13/24 03:00,56,deep
12/13/24 03:01,53,deep
12/13/24 03:02,53,deep
12/13/24 03:03,60,deep
12/13/24 03:04,54,deep
12/13/24 03:05,52,deep
12/13/24 03:06,72,wake
12/13/24 03:07,62,wake
12/13/24 03:08,67,wake
12/13/24 03:09,73,wake
12/13/24 03:10,61,wake
12/13/24 03:11,63,wake
12/13/24 03:12,65,wake
12/13/24 03:13,72,wake
12/13/24 03:14,67,wake
12/13/24 03:15,75,wake
12/13/24 03:16,67,wake
12/13/24 03:17,70,wake
12/13/24 03:18,77,wake
12/13/24 03:19,70,wake
12/13/24 03:20,62,wake
12/13/24 03:21,74,wake
12/13/24 03:22,65,wake
12/13/24 03:23,71,wake
12/13/24 03:24,72,wake
12/13/24 03:25,67,wake
12/13/24 03:26,68,wake
12/13/24 03:27,69,wake
12/13/24 03:28,77,wake
12/13/24 03:29,71,wake
12/13/24 03:30,71,wake
12/13/24 03:31,71,wake
12/13/24 03:32,75,wake
12/13/24 03:33,73,wake
12/13/24 03:34,64,wake
12/13/24 03:35,73,wake
12/13/24 03:36,70,wake
12/13/24 03:37,70,wake
12/13/24 03:38,59,wake
12/13/24 03:39,67,wake
12/13/24 03:40,72,wake
12/13/24 03:41,81,wake
12/13/24 03:42,62,wake
12/13/24 03:43,67,wake
12/13/24 03:44,67,wake
12/13/24 03:45,61,wake
12/13/24 03:46,75,wake
12/13/24 03:47,79,wake
12/13/24 03:48,62,wake
12/13/24 03:49,78,wake
12/13/24 03:50,67,wake
12/13/24 03:51,62,wake
12/13/24 03:52,72,wake
12/13/24 03:53,67,wake
12/13/24 03:54,73,wake
12/13/24 03:55,73,wake
12/13/24 03:56,69,wake
12/13/24 03:57,67,wake
12/13/24 03:58,82,wake
12/13/24 03:59,77,wake
12/13/24 04:00,68,wake
12/13/24 04:01,65,wake
12/13/24 04:02,71,wake
12/13/24 04:03,72,wake
12/13/24 04:04,68,wake
12/13/24 04:05,70,wake
12/13/24 04:06,76,wake
12/13/24 04:07,70,wake
12/13/24 04:08,66,wake
12/13/24 04:09,64,wake
12/13/24 04:10,66,wake
12/13/24 04:11,64,wake
12/13/24 04:12,73,wake
12/13/24 04:13,68,wake
12/13/24 04:14,74,wake
12/13/24 04:15,61,wake
12/13/24 04:16,72,wake
12/13/24 04:17,67,wake
12/13/24 04:18,68,wake
12/13/24 04:19,74,wake
12/13/24 04:20,74,wake
12/13/24 04:21,62,wake
12/13/24 04:22,72,wake
12/13/24 04:23,66,wake
12/13/24 04:24,68,wake
12/13/24 04:25,71,wake
12/13/24 04:26,72,wake
12/13/24 04:27,60,light
12/13/24 04:28,63,light
12/13/24 04:29,58,light
12/13/24 04:30,57,light
12/13/24 04:31,57,light
12/13/24 04:32,59,light
12/13/24 04:33,63,light
12/13/24 04:34,61,light
12/13/24 04:35,62,light
12/13/24 04:36,59,light
12/13/24 04:37,61,light
12/13/24 04:38,60,light
12/13/24 04:39,61,light
12/13/24 04:40,57,light
12/13/24 04:41,65,light
12/13/24 04:42,58,light
12/13/24 04:43,58,light
12/13/24 04:44,62,light
12/13/24 04:45,60,light
12/13/24 04:46,62,light
12/13/24 04:47,58,light
12/13/24 04:48,64,light
12/13/24 04:49,61,light
12/13/24 04:50,59,light
12/13/24 04:51,54,light
12/13/24 04:52,58,light
12/13/24 04:53,64,light
12/13/24 04:54,58,light
12/13/24 04:55,56,light
12/13/24 04:56,54,light
12/13/24 04:57,66,light
12/13/24 04:58,65,light
12/13/24 04:59,62,light
12/13/24 05:00,57,light
12/13/24 05:01,58,light
12/13/24 05:02,55,light
12/13/24 05:03,50,light
12/13/24 05:04,61,light
12/13/24 05:05,52,light
12/13/24 05:06,62,light
12/13/24 05:07,59,light
12/13/24 05:08,54,light
12/13/24 05:09,57,light
12/13/24 05:10,56,light
12/13/24 05:11,58,light
12/13/24 05:12,60,light
12/13/24 05:13,53,light
12/13/24 05:14,60,light
12/13/24 05:15,63,light
12/13/24 05:16,66,light
12/13/24 05:17,57,light
12/13/24 05:18,60,light
12/13/24 05:19,57,light
12/13/24 05:20,64,light
12/13/24 05:21,67,light
12/13/24 05:22,57,light
12/13/24 05:23,58,light
12/13/24 05:24,56,light
12/13/24 05:25,59,light
12/13/24 05:26,63,light
12/13/24 05:27,58,light
12/13/24 05:28,59,light
12/13/24 05:29,56,light
12/13/24 05:30,58,light
12/13/24 05:31,58,light
12/13/24 05:32,61,light
12/13/24 05:33,59,light
12/13/24 05:34,61,light
12/13/24 05:35,61,light
12/13/24 05:36,59,light
12/13/24 05:37,64,light
12/13/24 05:38,58,light
12/13/24 05:39,58,light
12/13/24 05:40,58,light
12/13/24 05:41,55,light
12/13/24 05:42,66,light
12/13/24 05:43,57,light
12/13/24 05:44,59,light
12/13/24 05:45,64,light
12/13/24 05:46,56,light
12/13/24 05:47,62,light
12/13/24 05:48,58,light
12/13/24 05:49,55,light
12/13/24 05:50,63,light
12/13/24 05:51,58,light
12/13/24 05:52,61,light
12/13/24 05:53,62,light
12/13/24 05:54,62,light
12/13/24 05:55,65,light
12/13/24 05:56,56,light
12/13/24 05:57,59,light
12/13/24 05:58,57,light
12/13/24 05:59,59,light
12/13/24 06:00,57,light
12/13/24 06:01,59,light
12/13/24 06:02,57,light
12/13/24 06:03,57,light
12/13/24 06:04,58,light
12/13/24 06:05,57,light
12/13/24 06:06,62,light
12/13/24 06:07,68,light
12/13/24 06:08,64,light
12/13/24 06:09,57,light
12/13/24 06:10,56,light
12/13/24 06:11,58,light
12/13/24 06:12,63,light
12/13/24 06:13,61,light
12/13/24 06:14,62,light
12/13/24 06:15,58,light
12/13/24 06:16,57,light
12/13/24 06:17,57,light
12/13/24 06:18,61,light
12/13/24 06:19,61,light
12/13/24 06:20,61,light
12/13/24 06:21,61,light
12/13/24 06:22,56,light
12/13/24 06:23,57,light
12/13/24 06:24,59,light
12/13/24 06:25,61,light
12/13/24 06:26,63,light
12/13/24 06:27,58,light
12/13/24 06:28,57,light
12/13/24 06:29,60,light
12/13/24 06:30,60,light
12/13/24 06:31,64,light
12/13/24 06:32,61,light
12/13/24 06:33,51,light
12/13/24 06:34,59,light
12/13/24 23:30,60,light
12/13/24 23:31,56,light
12/13/24 23:32,61,light
12/13/24 23:33,54,light
12/13/24 23:34,65,light
12/13/24 23:35,64,light
12/13/24 23:36,59,light
12/13/24 23:37,58,light
12/13/24 23:38,56,light
12/13/24 23:39,57,light
12/13/24 23:40,59,light
12/13/24 23:41,59,light
12/13/24 23:42,60,light
12/13/24 23:43,59,light
12/13/24 23:44,57,light
12/13/24 23:45,53,light
12/13/24 23:46,58,light
12/13/24 23:47,57,light
12/13/24 23:48,65,light
12/13/24 23:49,58,light
12/13/24 23:50,57,light
12/13/24 23:51,51,light
12/13/24 23:52,66,light
12/13/24 23:53,60,light
12/13/24 23:54,58,light
12/13/24 23:55,56,light
12/13/24 23:56,55,light
12/13/24 23:57,65,light
12/13/24 23:58,63,light
12/13/24 23:59,65,light
12/14/24 00:00,58,light
12/14/24 00:01,57,light
12/14/24 00:02,61,light
12/14/24 00:03,58,light
12/14/24 00:04,58,light
12/14/24 00:05,61,light
12/14/24 00:06,62,light
12/14/24 00:07,57,light
12/14/24 00:08,56,light
12/14/24 00:09,59,light
12/14/24 00:10,57,light
12/14/24 00:11,59,light
12/14/24 00:12,58,light
12/14/24 00:13,63,light
12/14/24 00:14,61,light
12/14/24 00:15,64,light
12/14/24 00:16,60,light
12/14/24 00:17,58,light
12/14/24 00:18,61,light
12/14/24 00:19,59,light
12/14/24 00:20,64,light
12/14/24 00:21,58,light
12/14/24 00:22,62,light
12/14/24 00:23,59,light
12/14/24 00:24,60,light
12/14/24 00:25,56,light
12/14/24 00:26,63,light
12/14/24 00:27,61,light
12/14/24 00:28,61,light
12/14/24 00:29,59,light
12/14/24 00:30,58,light
12/14/24 00:31,54,light
12/14/24 00:32,59,light
12/14/24 00:33,57,light
12/14/24 00:34,62,light
12/14/24 00:35,60,light
12/14/24 00:36,57,light
12/14/24 00:37,61,light
12/14/24 00:38,58,light
12/14/24 00:39,60,light
12/14/24 00:40,55,light
12/14/24 00:41,59,light
12/14/24 00:42,58,light
12/14/24 00:43,60,light
12/14/24 00:44,59,light
12/14/24 00:45,58,light
12/14/24 00:46,56,light
12/14/24 00:47,59,light
12/14/24 00:48,62,light
12/14/24 00:49,57,light
12/14/24 00:50,52,light
12/14/24 00:51,64,light
12/14/24 00:52,63,light
12/14/24 00:53,65,light
12/14/24 00:54,60,light
12/14/24 00:55,60,light
12/14/24 00:56,66,light
12/14/24 00:57,59,light
12/14/24 00:58,59,light
12/14/24 00:59,59,light
12/14/24 01:00,61,light
12/14/24 01:01,61,light
12/14/24 01:02,61,light
12/14/24 01:03,60,light
12/14/24 01:04,61,light
12/14/24 01:05,63,light
12/14/24 01:06,62,light
12/14/24 01:07,55,light
12/14/24 01:08,55,light
12/14/24 01:09,59,light
12/14/24 01:10,56,light
12/14/24 01:11,54,light
12/14/24 01:12,61,light
12/14/24 01:13,56,light
12/14/24 01:14,59,light
12/14/24 01:15,58,light
12/14/24 01:16,68,light
12/14/24 01:17,62,light
12/14/24 01:18,61,light
12/14/24 01:19,56,light
12/14/24 01:20,60,light
12/14/24 01:21,63,light
12/14/24 01:22,58,light
12/14/24 01:23,62,light
12/14/24 01:24,58,light
12/14/24 01:25,62,light
12/14/24 01:26,60,light
12/14/24 01:27,59,light
12/14/24 01:28,58,light
12/14/24 01:29,63,light
12/14/24 01:30,58,light
12/14/24 01:31,63,light
12/14/24 01:32,59,light
12/14/24 01:33,49,light
12/14/24 01:34,56,light
12/14/24 01:35,60,light
12/14/24 01:36,62,light
12/14/24 01:37,58,light
12/14/24 01:38,59,light
12/14/24 01:39,61,light
12/14/24 01:40,61,light
12/14/24 01:41,55,light
12/14/24 01:42,61,light
12/14/24 01:43,59,light
12/14/24 01:44,55,light
12/14/24 01:45,61,light
12/14/24 01:46,58,light
12/14/24 01:47,60,light
12/14/24 01:48,59,light
12/14/24 01:49,56,light
12/14/24 01:50,57,light
12/14/24 01:51,61,light
12/14/24 01:52,61,light
12/14/24 01:53,58,light
12/14/24 01:54,61,light
12/14/24 01:55,56,light
12/14/24 01:56,57,light
12/14/24 01:57,62,light
12/14/24 01:58,61,light
12/14/24 01:59,59,light
12/14/24 02:00,59,light
12/14/24 02:01,60,light
12/14/24 02:02,55,light
12/14/24 02:03,62,light
12/14/24 02:04,64,light
12/14/24 02:05,57,light
12/14/24 02:06,55,light
12/14/24 02:07,61,light
12/14/24 02:08,58,light
12/14/24 02:09,60,light
12/14/24 02:10,60,light
12/14/24 02:11,63,light
12/14/24 02:12,58,light
12/14/24 02:13,58,light
12/14/24 02:14,58,light
12/14/24 02:15,59,light
12/14/24 02:16,56,light
12/14/24 02:17,60,light
12/14/24 02:18,61,light
12/14/24 02:19,62,light
12/14/24 02:20,55,light
12/14/24 02:21,53,light
12/14/24 02:22,54,light
12/14/24 02:23,57,light
12/14/24 02:24,64,light
12/14/24 02:25,63,light
12/14/24 02:26,60,light
12/14/24 02:27,61,light
12/14/24 02:28,54,light
12/14/24 02:29,55,light
12/14/24 02:30,61,light
12/14/24 02:31,63,light
12/14/24 02:32,61,light
12/14/24 02:33,57,light
12/14/24 02:34,55,light
12/14/24 02:35,56,light
12/14/24 02:36,63,light
12/14/24 02:37,61,light
12/14/24 02:38,56,light
12/14/24 02:39,57,light
12/14/24 02:40,55,light
12/14/24 02:41,66,light
12/14/24 02:42,57,light
12/14/24 02:43,53,light
12/14/24 02:44,60,light
12/14/24 02:45,58,light
12/14/24 02:46,63,light
12/14/24 02:47,58,light
12/14/24 02:48,61,light
12/14/24 02:49,57,light
12/14/24 02:50,57,light
12/14/24 02:51,58,light
12/14/24 02:52,61,light
12/14/24 02:53,60,light
12/14/24 02:54,60,light
12/14/24 02:55,63,light
12/14/24 02:56,55,light
12/14/24 02:57,63,light
12/14/24 02:58,64,light
12/14/24 02:59,61,light
12/14/24 03:00,59,light
12/14/24 03:01,61,light
12/14/24 03:02,61,light
12/14/24 03:03,66,light
12/14/24 03:04,65,light
12/14/24 03:05,57,light
12/14/24 03:06,60,light
12/14/24 03:07,57,light
12/14/24 03:08,64,light
12/14/24 03:09,60,light
12/14/24 03:10,62,light
12/14/24 03:11,62,light
12/14/24 03:12,59,light
12/14/24 03:13,59,light
12/14/24 03:14,67,light
12/14/24 03:15,60,light
12/14/24 03:16,57,light
12/14/24 03:17,62,light
12/14/24 03:18,60,light
12/14/24 03:19,54,deep
12/14/24 03:20,53,deep
12/14/24 03:21,54,deep
12/14/24 03:22,51,deep
12/14/24 03:23,57,deep
12/14/24 03:24,57,deep
12/14/24 03:25,56,deep
12/14/24 03:26,54,deep
12/14/24 03:27,52,deep
12/14/24 03:28,55,deep
12/14/24 03:29,58,deep
12/14/24 03:30,54,deep
12/14/24 03:31,55,deep
12/14/24 03:32,54,deep
12/14/24 03:33,59,deep
12/14/24 03:34,52,deep
12/14/24 03:35,53,deep
12/14/24 03:36,54,deep
12/14/24 03:37,57,deep
12/14/24 03:38,54,deep
12/14/24 03:39,52,deep
12/14/24 03:40,56,deep
12/14/24 03:41,53,deep
12/14/24 03:42,56,deep
12/14/24 03:43,52,deep
12/14/24 03:44,51,deep
12/14/24 03:45,54,deep
12/14/24 03:46,54,deep
12/14/24 03:47,54,deep
12/14/24 03:48,52,deep
12/14/24 03:49,53,deep
12/14/24 03:50,55,deep
12/14/24 03:51,58,deep
12/14/24 03:52,55,deep
12/14/24 03:53,52,deep
12/14/24 03:54,54,deep
12/14/24 03:55,53,deep
12/14/24 03:56,53,deep
12/14/24 03:57,54,deep
12/14/24 03:58,55,deep
12/14/24 03:59,53,deep
12/14/24 04:00,57,deep
12/14/24 04:01,54,deep
12/14/24 04:02,62,wake
12/14/24 04:03,70,wake
12/14/24 04:04,75,wake
12/14/24 04:05,73,wake
12/14/24 04:06,77,wake
12/14/24 04:07,64,wake
12/14/24 04:08,62,wake
12/14/24 04:09,69,wake
12/14/24 04:10,69,wake
12/14/24 04:11,65,wake
12/14/24 04:12,68,wake
12/14/24 04:13,65,wake
12/14/24 04:14,74,wake
12/14/24 04:15,74,wake
12/14/24 04:16,64,wake
12/14/24 04:17,75,wake
12/14/24 04:18,73,wake
12/14/24 04:19,78,wake
12/14/24 04:20,65,wake
12/14/24 04:21,62,wake
12/14/24 04:22,63,wake
12/14/24 04:23,68,wake
12/14/24 04:24,67,wake
12/14/24 04:25,73,wake
12/14/24 04:26,74,wake
12/14/24 04:27,66,wake
12/14/24 04:28,69,wake
12/14/24 04:29,67,wake
12/14/24 04:30,67,wake
12/14/24 04:31,71,wake
12/14/24 04:32,71,wake
12/14/24 04:33,60,wake
12/14/24 04:34,70,wake
12/14/24 04:35,71,wake
12/14/24 04:36,64,wake
12/14/24 04:37,71,wake
12/14/24 04:38,67,wake
12/14/24 04:39,73,wake
12/14/24 04:40,62,wake
12/14/24 04:41,67,wake
12/14/24 04:42,56,wake
12/14/24 04:43,71,wake
12/14/24 04:44,58,wake
12/14/24 04:45,67,wake
12/14/24 04:46,64,wake
12/14/24 04:47,73,wake
12/14/24 04:48,66,wake
12/14/24 04:49,70,wake
12/14/24 04:50,66,wake
12/14/24 04:51,60,wake
12/14/24 04:52,71,wake
12/14/24 04:53,74,wake
12/14/24 04:54,67,wake
12/14/24 04:55,75,wake
12/14/24 04:56,67,wake
12/14/24 04:57,65,wake
12/14/24 04:58,73,wake
12/14/24 04:59,75,wake
12/14/24 05:00,72,wake
12/14/24 05:01,68,wake
12/14/24 05:02,65,wake
12/14/24 05:03,67,wake
12/14/24 05:04,68,wake
12/14/24 05:05,68,wake
12/14/24 05:06,73,wake
12/14/24 05:07,71,wake
12/14/24 05:08,66,wake
12/14/24 05:09,75,wake
12/14/24 05:10,70,wake
12/14/24 05:11,66,wake
12/14/24 05:12,67,wake
12/14/24 05:13,66,wake
12/14/24 05:14,65,wake
12/14/24 05:15,65,wake
12/14/24 05:16,74,wake
12/14/24 05:17,77,wake
12/14/24 05:18,65,wake
12/14/24 05:19,68,wake
12/14/24 05:20,70,wake
12/14/24 05:21,69,wake
12/14/24 05:22,63,wake
12/14/24 05:23,73,wake
12/14/24 05:24,63,wake
12/14/24 05:25,72,wake
12/14/24 05:26,69,wake
12/14/24 05:27,73,wake
12/14/24 05:28,70,wake
12/14/24 05:29,71,wake
12/14/24 05:30,57,wake
12/14/24 05:31,70,wake
12/14/24 05:32,77,wake
12/14/24 05:33,67,wake
12/14/24 05:34,71,wake
12/14/24 05:35,73,wake
12/14/24 05:36,72,wake
12/14/24 05:37,70,wake
12/14/24 05:38,75,wake
12/14/24 05:39,72,wake
12/14/24 05:40,71,wake
12/14/24 05:41,73,wake
12/14/24 05:42,75,wake
12/14/24 05:43,67,wake
12/14/24 05:44,68,wake
12/14/24 05:45,81,wake
12/14/24 05:46,72,wake
12/14/24 05:47,57,light
12/14/24 05:48,49,light
12/14/24 05:49,59,light
12/14/24 05:50,59,light
12/14/24 05:51,59,light
12/14/24 05:52,62,light
12/14/24 05:53,57,light
12/14/24 05:54,59,light
12/14/24 05:55,60,light
12/14/24 05:56,58,light
12/14/24 05:57,57,light
12/14/24 05:58,57,light
12/14/24 05:59,59,light
12/14/24 06:00,58,light
12/14/24 06:01,58,light
12/14/24 06:02,58,light
12/14/24 06:03,59,light
12/14/24 06:04,60,light
12/14/24 06:05,57,light
12/14/24 06:06,64,light
12/14/24 06:07,60,light
12/14/24 06:08,62,light
12/14/24 06:09,61,light
12/14/24 06:10,64,light
12/14/24 06:11,61,light
12/14/24 06:12,64,light
12/14/24 06:13,59,light
12/14/24 06:14,54,light
12/14/24 06:15,59,light
12/14/24 06:16,59,light
12/14/24 06:17,60,light
12/14/24 06:18,61,light
12/14/24 06:19,58,light
12/14/24 06:20,54,light
12/14/24 06:21,62,light
12/14/24 06:22,61,light
12/14/24 06:23,58,light
12/14/24 06:24,61,light
12/14/24 06:25,55,light
12/14/24 06:26,58,light
12/14/24 06:27,63,light
12/14/24 06:28,65,light
12/14/24 06:29,57,light
12/14/24 06:30,57,light
12/14/24 06:31,59,light
12/14/24 06:32,54,light
12/14/24 06:33,55,light
12/14/24 06:34,61,light
12/14/24 06:35,59,light
12/14/24 06:36,59,light
12/14/24 06:37,57,light
12/14/24 06:38,56,light
12/14/24 06:39,62,light
12/14/24 06:40,62,light
12/14/24 06:41,61,light
12/14/24 06:42,64,light
12/14/24 06:43,63,light
12/14/24 06:44,68,light
12/14/24 06:45,55,light
12/14/24 06:46,58,light
12/14/24 06:47,62,light
12/14/24 06:48,79,wake
12/14/24 06:49,70,wake
12/14/24 06:50,76,wake
12/14/24 06:51,72,wake
12/14/24 06:52,70,wake
12/14/24 06:53,65,wake
12/14/24 06:54,60,wake
12/14/24 06:55,68,wake
12/14/24 06:56,71,wake
12/14/24 06:57,78,wake
12/14/24 06:58,66,wake
12/14/24 06:59,65,wake
12/14/24 07:00,77,wake
12/14/24 07:01,74,wake
12/14/24 07:02,66,wake
12/14/24 07:03,78,wake
12/14/24 07:04,69,wake
12/14/24 23:30,54,deep
12/14/24 23:31,54,deep
12/14/24 23:32,56,deep
12/14/24 23:33,54,deep
12/14/24 23:34,56,deep
12/14/24 23:35,56,deep
12/14/24 23:36,56,deep
12/14/24 23:37,54,deep
12/14/24 23:38,51,deep
12/14/24 23:39,54,deep
12/14/24 23:40,56,deep
12/14/24 23:41,54,deep
12/14/24 23:42,54,deep
12/14/24 23:43,56,deep
12/14/24 23:44,56,deep
12/14/24 23:45,53,deep
12/14/24 23:46,58,deep
12/14/24 23:47,56,deep
12/14/24 23:48,53,deep
12/14/24 23:49,51,deep
12/14/24 23:50,57,deep
12/14/24 23:51,55,deep
12/14/24 23:52,52,deep
12/14/24 23:53,57,deep
12/14/24 23:54,52,deep
12/14/24 23:55,52,deep
12/14/24 23:56,54,deep
12/14/24 23:57,49,deep
12/14/24 23:58,55,deep
12/14/24 23:59,53,deep
12/15/24 00:00,57,deep
12/15/24 00:01,57,deep
12/15/24 00:02,57,deep
12/15/24 00:03,56,deep
12/15/24 00:04,56,deep
12/15/24 00:05,58,deep
12/15/24 00:06,54,deep
12/15/24 00:07,56,deep
12/15/24 00:08,53,deep
12/15/24 00:09,55,deep
12/15/24 00:10,56,deep
12/15/24 00:11,54,deep
12/15/24 00:12,56,deep
12/15/24 00:13,56,deep
12/15/24 00:14,57,deep
12/15/24 00:15,54,deep
12/15/24 00:16,54,deep
12/15/24 00:17,50,deep
12/15/24 00:18,57,deep
12/15/24 00:19,54,deep
12/15/24 00:20,54,deep
12/15/24 00:21,59,deep
12/15/24 00:22,57,deep
12/15/24 00:23,56,deep
12/15/24 00:24,51,deep
12/15/24 00:25,54,deep
12/15/24 00:26,51,deep
12/15/24 00:27,52,deep
12/15/24 00:28,55,deep
12/15/24 00:29,52,deep
12/15/24 00:30,54,deep
12/15/24 00:31,54,deep
12/15/24 00:32,54,deep
12/15/24 00:33,55,deep
12/15/24 00:34,55,deep
12/15/24 00:35,55,deep
12/15/24 00:36,54,deep
12/15/24 00:37,55,deep
12/15/24 00:38,55,deep
12/15/24 00:39,54,deep
12/15/24 00:40,58,deep
12/15/24 00:41,54,deep
12/15/24 00:42,54,deep
12/15/24 00:43,57,deep
12/15/24 00:44,51,deep
12/15/24 00:45,53,deep
12/15/24 00:46,54,deep
12/15/24 00:47,54,deep
12/15/24 00:48,54,deep
12/15/24 00:49,57,deep
12/15/24 00:50,54,deep
12/15/24 00:51,54,deep
12/15/24 00:52,54,deep
12/15/24 00:53,53,deep
12/15/24 00:54,55,deep
12/15/24 00:55,57,deep
12/15/24 00:56,56,deep
12/15/24 00:57,53,deep
12/15/24 00:58,53,deep
12/15/24 00:59,54,deep
12/15/24 01:00,54,deep
12/15/24 01:01,55,deep
12/15/24 01:02,53,deep
12/15/24 01:03,54,deep
12/15/24 01:04,55,deep
12/15/24 01:05,54,deep
12/15/24 01:06,55,deep
12/15/24 01:07,68,REM
12/15/24 01:08,60,REM
12/15/24 01:09,65,REM
12/15/24 01:10,66,REM
12/15/24 01:11,62,REM
12/15/24 01:12,62,REM
12/15/24 01:13,73,REM
12/15/24 01:14,64,REM
12/15/24 01:15,59,REM
12/15/24 01:16,67,REM
12/15/24 01:17,66,REM
12/15/24 01:18,64,REM
12/15/24 01:19,60,REM
12/15/24 01:20,66,REM
12/15/24 01:21,58,REM
12/15/24 01:22,67,REM
12/15/24 01:23,62,REM
12/15/24 01:24,66,REM
12/15/24 01:25,62,REM
12/15/24 01:26,59,REM
12/15/24 01:27,69,REM
12/15/24 01:28,63,REM
12/15/24 01:29,67,REM
12/15/24 01:30,60,REM
12/15/24 01:31,62,REM
12/15/24 01:32,64,REM
12/15/24 01:33,59,REM
12/15/24 01:34,65,REM
12/15/24 01:35,68,REM
12/15/24 01:36,59,REM
12/15/24 01:37,62,REM
12/15/24 01:38,62,REM
12/15/24 01:39,63,REM
12/15/24 01:40,66,REM
12/15/24 01:41,60,REM
12/15/24 01:42,67,REM
12/15/24 01:43,64,REM
12/15/24 01:44,65,REM
12/15/24 01:45,62,REM
12/15/24 01:46,67,REM
12/15/24 01:47,63,REM
12/15/24 01:48,67,REM
12/15/24 01:49,63,REM
12/15/24 01:50,63,REM
12/15/24 01:51,63,REM
12/15/24 01:52,65,REM
12/15/24 01:53,60,REM
12/15/24 01:54,67,REM
12/15/24 01:55,63,REM
12/15/24 01:56,64,REM
12/15/24 01:57,63,light
12/15/24 01:58,61,light
12/15/24 01:59,64,light
12/15/24 02:00,57,light
12/15/24 02:01,65,light
12/15/24 02:02,60,light
12/15/24 02:03,66,light
12/15/24 02:04,59,light
12/15/24 02:05,59,light
12/15/24 02:06,64,light
12/15/24 02:07,63,light
12/15/24 02:08,56,light
12/15/24 02:09,58,light
12/15/24 02:10,60,light
12/15/24 02:11,58,light
12/15/24 02:12,60,light
12/15/24 02:13,57,light
12/15/24 02:14,58,light
12/15/24 02:15,64,light
12/15/24 02:16,59,light
12/15/24 02:17,63,light
12/15/24 02:18,58,light
12/15/24 02:19,63,light
12/15/24 02:20,58,light
12/15/24 02:21,69,light
12/15/24 02:22,60,light
12/15/24 02:23,63,light
12/15/24 02:24,64,light
12/15/24 02:25,58,light
12/15/24 02:26,61,light
12/15/24 02:27,66,light
12/15/24 02:28,60,light
12/15/24 02:29,57,light
12/15/24 02:30,57,light
12/15/24 02:31,58,light
12/15/24 02:32,61,light
12/15/24 02:33,60,light
12/15/24 02:34,63,light
12/15/24 02:35,63,light
12/15/24 02:36,64,light
12/15/24 02:37,59,light
12/15/24 02:38,60,light
12/15/24 02:39,59,light
12/15/24 02:40,60,light
12/15/24 02:41,62,light
12/15/24 02:42,57,light
12/15/24 02:43,58,light
12/15/24 02:44,58,light
12/15/24 02:45,57,light
12/15/24 02:46,53,light
12/15/24 02:47,59,light
12/15/24 02:48,60,light
12/15/24 02:49,62,light
12/15/24 02:50,60,light
12/15/24 02:51,61,light
12/15/24 02:52,61,light
12/15/24 02:53,54,light
12/15/24 02:54,63,light
12/15/24 02:55,63,light
12/15/24 02:56,60,light
12/15/24 02:57,60,light
12/15/24 02:58,61,light
12/15/24 02:59,58,light
12/15/24 03:00,62,light
12/15/24 03:01,62,light
12/15/24 03:02,58,light
12/15/24 03:03,59,light
12/15/24 03:04,66,light
12/15/24 03:05,55,light
12/15/24 03:06,54,light
12/15/24 03:07,55,light
12/15/24 03:08,57,light
12/15/24 03:09,57,light
12/15/24 03:10,61,light
12/15/24 03:11,61,light
12/15/24 03:12,60,light
12/15/24 03:13,59,light
12/15/24 03:14,58,light
12/15/24 03:15,64,light
12/15/24 03:16,56,light
12/15/24 03:17,57,light
12/15/24 03:18,60,light
12/15/24 03:19,81,wake
12/15/24 03:20,78,wake
12/15/24 03:21,66,wake
12/15/24 03:22,73,wake
12/15/24 03:23,78,wake
12/15/24 03:24,66,wake
12/15/24 03:25,67,wake
12/15/24 03:26,73,wake
12/15/24 03:27,73,wake
12/15/24 03:28,67,wake
12/15/24 03:29,73,wake
12/15/24 03:30,76,wake
12/15/24 03:31,78,wake
12/15/24 03:32,76,wake
12/15/24 03:33,76,wake
12/15/24 03:34,67,wake
12/15/24 03:35,82,wake
12/15/24 03:36,70,wake
12/15/24 03:37,61,wake
12/15/24 03:38,74,wake
12/15/24 03:39,60,wake
12/15/24 03:40,71,wake
12/15/24 03:41,67,wake
12/15/24 03:42,70,wake
12/15/24 03:43,68,wake
12/15/24 03:44,69,wake
12/15/24 03:45,66,wake
12/15/24 03:46,67,wake
12/15/24 03:47,71,wake
12/15/24 03:48,63,wake
12/15/24 03:49,79,wake
12/15/24 03:50,75,wake
12/15/24 03:51,71,wake
12/15/24 03:52,67,wake
12/15/24 03:53,61,wake
12/15/24 03:54,75,wake
12/15/24 03:55,73,wake
12/15/24 03:56,61,light
12/15/24 03:57,53,light
12/15/24 03:58,64,light
12/15/24 03:59,57,light
12/15/24 04:00,66,light
12/15/24 04:01,56,light
12/15/24 04:02,62,light
12/15/24 04:03,61,light
12/15/24 04:04,58,light
12/15/24 04:05,58,light
12/15/24 04:06,64,light
12/15/24 04:07,59,light
12/15/24 04:08,62,light
12/15/24 04:09,56,light
12/15/24 04:10,57,light
12/15/24 04:11,62,light
12/15/24 04:12,57,light
12/15/24 04:13,63,light
12/15/24 04:14,63,light
12/15/24 04:15,63,light
12/15/24 04:16,57,light
12/15/24 04:17,56,light
12/15/24 04:18,62,light
12/15/24 04:19,62,light
12/15/24 04:20,55,light
12/15/24 04:21,57,light
12/15/24 04:22,64,light
12/15/24 04:23,57,light
12/15/24 04:24,59,light
12/15/24 04:25,60,light
12/15/24 04:26,55,light
12/15/24 04:27,63,light
12/15/24 04:28,58,light
12/15/24 04:29,59,light
12/15/24 04:30,58,light
12/15/24 04:31,59,light
12/15/24 04:32,55,light
12/15/24 04:33,59,light
12/15/24 04:34,59,light
12/15/24 04:35,61,light
12/15/24 04:36,60,light
12/15/24 04:37,60,light
12/15/24 04:38,58,light
12/15/24 04:39,56,light
12/15/24 04:40,60,light
12/15/24 04:41,63,light
12/15/24 04:42,58,light
12/15/24 04:43,61,light
12/15/24 04:44,62,light
12/15/24 04:45,63,light
12/15/24 04:46,57,light
12/15/24 04:47,64,light
12/15/24 04:48,58,light
12/15/24 04:49,61,light
12/15/24 04:50,62,light
12/15/24 04:51,57,light
12/15/24 04:52,59,light
12/15/24 04:53,61,light
12/15/24 04:54,62,light
12/15/24 04:55,58,light
12/15/24 04:56,66,light
12/15/24 04:57,60,light
12/15/24 04:58,62,light
12/15/24 04:59,54,light
12/15/24 05:00,59,light
12/15/24 05:01,58,light
12/15/24 05:02,61,light
12/15/24 05:03,54,light
12/15/24 05:04,63,light
12/15/24 05:05,58,light
12/15/24 05:06,58,light
12/15/24 05:07,65,light
12/15/24 05:08,59,light
12/15/24 05:09,61,light
12/15/24 05:10,63,light
12/15/24 05:11,63,light
12/15/24 05:12,56,light
12/15/24 05:13,62,light
12/15/24 05:14,57,light
12/15/24 05:15,54,light
12/15/24 05:16,63,light
12/15/24 05:17,61,light
12/15/24 05:18,68,light
12/15/24 05:19,65,light
12/15/24 05:20,56,light
12/15/24 05:21,57,light
12/15/24 05:22,61,light
12/15/24 05:23,60,light
12/15/24 05:24,65,light
12/15/24 05:25,61,light
12/15/24 05:26,63,light
12/15/24 05:27,52,light
12/15/24 05:28,58,light
12/15/24 05:29,61,light
12/15/24 05:30,66,light
12/15/24 05:31,62,light
12/15/24 05:32,59,light
12/15/24 05:33,61,light
12/15/24 05:34,60,light
12/15/24 05:35,60,light
12/15/24 05:36,61,light
12/15/24 05:37,58,light
12/15/24 05:38,62,light
12/15/24 05:39,58,light
12/15/24 05:40,63,light
12/15/24 05:41,64,light
12/15/24 05:42,56,light
12/15/24 05:43,53,light
12/15/24 05:44,60,light
12/15/24 05:45,64,light
12/15/24 05:46,59,light
12/15/24 05:47,62,light
12/15/24 05:48,64,light
12/15/24 05:49,55,light
12/15/24 05:50,58,light
12/15/24 05:51,59,light
12/15/24 05:52,61,light
12/15/24 05:53,62,light
12/15/24 05:54,49,light
12/15/24 05:55,57,light
12/15/24 05:56,65,light
12/15/24 05:57,59,light
12/15/24 05:58,62,light
12/15/24 05:59,53,deep
12/15/24 06:00,58,deep
12/15/24 06:01,55,deep
12/15/24 06:02,54,deep
12/15/24 06:03,53,deep
12/15/24 06:04,55,deep
12/15/24 06:05,55,deep
12/15/24 06:06,55,deep
12/15/24 06:07,58,deep
12/15/24 06:08,54,deep
12/15/24 06:09,55,deep
12/15/24 06:10,57,deep
12/15/24 06:11,57,deep
12/15/24 06:12,57,deep
12/15/24 06:13,57,deep
12/15/24 06:14,53,deep
12/15/24 06:15,57,deep
12/15/24 06:16,54,deep
12/15/24 06:17,56,deep
12/15/24 06:18,54,deep
12/15/24 06:19,58,deep
12/15/24 06:20,58,deep
12/15/24 06:21,54,deep
12/15/24 06:22,55,deep
12/15/24 06:23,56,deep
12/15/24 06:24,58,deep
12/15/24 06:25,58,deep
12/15/24 06:26,57,deep
12/15/24 06:27,52,deep
12/15/24 06:28,56,deep
12/15/24 06:29,55,deep
12/15/24 06:30,56,deep
12/15/24 06:31,52,deep
12/15/24 06:32,54,deep
12/15/24 06:33,52,deep
12/15/24 06:34,52,deep
12/15/24 06:35,54,deep
12/15/24 06:36,52,deep
12/15/24 06:37,52,deep
12/15/24 06:38,54,deep
12/15/24 06:39,53,deep
12/15/24 06:40,55,deep
12/15/24 06:41,52,deep
12/15/24 06:42,54,deep
12/15/24 06:43,53,deep
12/15/24 06:44,53,deep
12/15/24 06:45,53,deep
12/15/24 06:46,54,deep
12/15/24 06:47,58,light
12/15/24 06:48,58,light
12/15/24 06:49,60,light
12/15/24 06:50,59,light
12/15/24 06:51,58,light
12/15/24 06:52,56,light
12/15/24 06:53,62,light
12/15/24 06:54,62,light
12/15/24 06:55,57,light
12/15/24 06:56,64,light
12/15/24 06:57,57,light
12/15/24 06:58,55,light
12/15/24 06:59,57,light
12/15/24 07:00,67,light
12/15/24 07:01,55,light
12/15/24 07:02,57,light
12/15/24 07:03,61,light
12/15/24 07:04,65,light
12/15/24 07:05,60,light
12/15/24 07:06,60,light
12/15/24 07:07,63,light
12/15/24 07:08,51,light
12/15/24 07:09,61,light
12/15/24 07:10,57,light
12/15/24 07:11,59,light
12/15/24 07:12,58,light
12/15/24 07:13,52,light
12/15/24 07:14,59,light
12/15/24 07:15,63,light
12/15/24 07:16,60,light
12/15/24 07:17,59,light
12/15/24 07:18,58,light
12/15/24 07:19,60,light
12/15/24 21:30,58,light
12/15/24 21:31,51,light
12/15/24 21:32,51,light
12/15/24 21:33,61,light
12/15/24 21:34,57,light
12/15/24 21:35,57,light
12/15/24 21:36,55,light
12/15/24 21:37,60,light
12/15/24 21:38,62,light
12/15/24 21:39,59,light
12/15/24 21:40,63,light
12/15/24 21:41,63,light
12/15/24 21:42,61,light
12/15/24 21:43,59,light
12/15/24 21:44,60,light
12/15/24 21:45,63,light
12/15/24 21:46,62,light
12/15/24 21:47,56,light
12/15/24 21:48,56,light
12/15/24 21:49,65,light
12/15/24 21:50,62,light
12/15/24 21:51,60,light
12/15/24 21:52,59,light
12/15/24 21:53,58,light
12/15/24 21:54,58,light
12/15/24 21:55,62,light
12/15/24 21:56,64,light
12/15/24 21:57,61,light
12/15/24 21:58,62,light
12/15/24 21:59,55,light
12/15/24 22:00,55,light
12/15/24 22:01,56,light
12/15/24 22:02,59,light
12/15/24 22:03,61,light
12/15/24 22:04,58,light
12/15/24 22:05,60,light
12/15/24 22:06,62,light
12/15/24 22:07,58,light
12/15/24 22:08,59,light
12/15/24 22:09,65,light
12/15/24 22:10,61,light
12/15/24 22:11,57,light
12/15/24 22:12,62,light
12/15/24 22:13,61,light
12/15/24 22:14,52,light
12/15/24 22:15,61,light
12/15/24 22:16,60,light
12/15/24 22:17,58,light
12/15/24 22:18,60,light
12/15/24 22:19,66,light
12/15/24 22:20,62,light
12/15/24 22:21,61,light
12/15/24 22:22,58,light
12/15/24 22:23,59,light
12/15/24 22:24,62,light
12/15/24 22:25,62,light
12/15/24 22:26,59,light
12/15/24 22:27,63,light
12/15/24 22:28,59,light
12/15/24 22:29,61,light
12/15/24 22:30,61,light
12/15/24 22:31,60,light
12/15/24 22:32,60,light
12/15/24 22:33,61,light
12/15/24 22:34,58,light
12/15/24 22:35,63,light
12/15/24 22:36,64,light
12/15/24 22:37,61,light
12/15/24 22:38,56,light
12/15/24 22:39,57,light
12/15/24 22:40,60,light
12/15/24 22:41,65,REM
12/15/24 22:42,60,REM
12/15/24 22:43,67,REM
12/15/24 22:44,67,REM
12/15/24 22:45,65,REM
12/15/24 22:46,65,REM
12/15/24 22:47,69,REM
12/15/24 22:48,66,REM
12/15/24 22:49,69,REM
12/15/24 22:50,61,REM
12/15/24 22:51,64,REM
12/15/24 22:52,62,REM
12/15/24 22:53,66,REM
12/15/24 22:54,64,REM
12/15/24 22:55,62,REM
12/15/24 22:56,65,REM
12/15/24 22:57,67,REM
12/15/24 22:58,68,REM
12/15/24 22:59,69,REM
12/15/24 23:00,61,REM
12/15/24 23:01,64,REM
12/15/24 23:02,66,REM
12/15/24 23:03,79,REM
12/15/24 23:04,62,REM
12/15/24 23:05,60,REM
12/15/24 23:06,66,REM
12/15/24 23:07,68,REM
12/15/24 23:08,69,REM
12/15/24 23:09,75,REM
12/15/24 23:10,55,REM
12/15/24 23:11,64,REM
12/15/24 23:12,68,REM
12/15/24 23:13,62,REM
12/15/24 23:14,60,light
12/15/24 23:15,54,light
12/15/24 23:16,56,light
12/15/24 23:17,56,light
12/15/24 23:18,62,light
12/15/24 23:19,59,light
12/15/24 23:20,61,light
12/15/24 23:21,61,light
12/15/24 23:22,63,light
12/15/24 23:23,61,light
12/15/24 23:24,68,light
12/15/24 23:25,54,light
12/15/24 23:26,58,light
12/15/24 23:27,66,light
12/15/24 23:28,59,light
12/15/24 23:29,62,light
12/15/24 23:30,66,light
12/15/24 23:31,56,light
12/15/24 23:32,60,light
12/15/24 23:33,65,light
12/15/24 23:34,58,light
12/15/24 23:35,61,light
12/15/24 23:36,59,light
12/15/24 23:37,60,light
12/15/24 23:38,62,light
12/15/24 23:39,59,light
12/15/24 23:40,58,light
12/15/24 23:41,56,light
12/15/24 23:42,59,light
12/15/24 23:43,58,light
12/15/24 23:44,58,light
12/15/24 23:45,61,light
12/15/24 23:46,56,light
12/15/24 23:47,60,light
12/15/24 23:48,58,light
12/15/24 23:49,61,light
12/15/24 23:50,58,light
12/15/24 23:51,58,light
12/15/24 23:52,63,light
12/15/24 23:53,58,light
12/15/24 23:54,58,light
12/15/24 23:55,60,light
12/15/24 23:56,59,light
12/15/24 23:57,62,light
12/15/24 23:58,55,light
12/15/24 23:59,68,light
12/16/24 00:00,61,light
12/16/24 00:01,57,light
12/16/24 00:02,66,light
12/16/24 00:03,63,light
12/16/24 00:04,55,light
12/16/24 00:05,60,light
12/16/24 00:06,61,light
12/16/24 00:07,59,light
12/16/24 00:08,61,light
12/16/24 00:09,57,light
12/16/24 00:10,62,light
12/16/24 00:11,59,light
12/16/24 00:12,66,light
12/16/24 00:13,56,light
12/16/24 00:14,58,light
12/16/24 00:15,58,light
12/16/24 00:16,54,light
12/16/24 00:17,65,light
12/16/24 00:18,62,light
12/16/24 00:19,58,light
12/16/24 00:20,59,light
12/16/24 00:21,56,light
12/16/24 00:22,61,light
12/16/24 00:23,57,light
12/16/24 00:24,61,light
12/16/24 00:25,63,light
12/16/24 00:26,60,light
12/16/24 00:27,58,light
12/16/24 00:28,66,light
12/16/24 00:29,58,light
12/16/24 00:30,63,light
12/16/24 00:31,56,light
12/16/24 00:32,59,light
12/16/24 00:33,56,light
12/16/24 00:34,63,light
12/16/24 00:35,62,light
12/16/24 00:36,62,light
12/16/24 00:37,58,light
12/16/24 00:38,61,light
12/16/24 00:39,60,light
12/16/24 00:40,63,light
12/16/24 00:41,55,light
12/16/24 00:42,61,light
12/16/24 00:43,62,light
12/16/24 00:44,59,light
12/16/24 00:45,56,light
12/16/24 00:46,58,light
12/16/24 00:47,57,light
12/16/24 00:48,58,light
12/16/24 00:49,60,light
12/16/24 00:50,60,light
12/16/24 00:51,62,light
12/16/24 00:52,59,light
12/16/24 00:53,55,light
12/16/24 00:54,64,light
12/16/24 00:55,58,light
12/16/24 00:56,60,light
12/16/24 00:57,56,light
12/16/24 00:58,59,light
12/16/24 00:59,60,light
12/16/24 01:00,58,light
12/16/24 01:01,56,light
12/16/24 01:02,57,light
12/16/24 01:03,62,light
12/16/24 01:04,57,light
12/16/24 01:05,56,light
12/16/24 01:06,55,light
12/16/24 01:07,63,light
12/16/24 01:08,60,light
12/16/24 01:09,53,light
12/16/24 01:10,54,light
12/16/24 01:11,64,light
12/16/24 01:12,61,light
12/16/24 01:13,59,light
12/16/24 01:14,63,light
12/16/24 01:15,57,light
12/16/24 01:16,59,light
12/16/24 01:17,63,light
12/16/24 01:18,61,light
12/16/24 01:19,56,light
12/16/24 01:20,63,light
12/16/24 01:21,59,light
12/16/24 01:22,62,light
12/16/24 01:23,59,light
12/16/24 01:24,62,light
12/16/24 01:25,58,light
12/16/24 01:26,62,light
12/16/24 01:27,62,light
12/16/24 01:28,62,light
12/16/24 01:29,60,light
12/16/24 01:30,62,light
12/16/24 01:31,58,light
12/16/24 01:32,61,light
12/16/24 01:33,59,light
12/16/24 01:34,61,light
12/16/24 01:35,61,light
12/16/24 01:36,61,light
12/16/24 01:37,63,light
12/16/24 01:38,58,light
12/16/24 01:39,61,light
12/16/24 01:40,59,light
12/16/24 01:41,60,light
12/16/24 01:42,60,light
12/16/24 01:43,57,light
12/16/24 01:44,60,light
12/16/24 01:45,58,light
12/16/24 01:46,67,light
12/16/24 01:47,57,light
12/16/24 01:48,59,light
12/16/24 01:49,54,light
12/16/24 01:50,56,light
12/16/24 01:51,57,light
12/16/24 01:52,57,light
12/16/24 01:53,59,light
12/16/24 01:54,56,light
12/16/24 01:55,62,light
12/16/24 01:56,60,light
12/16/24 01:57,58,light
12/16/24 01:58,81,wake
12/16/24 01:59,73,wake
12/16/24 02:00,70,wake
12/16/24 02:01,67,wake
12/16/24 02:02,73,wake
12/16/24 02:03,72,wake
12/16/24 02:04,65,wake
12/16/24 02:05,68,wake
12/16/24 02:06,62,wake
12/16/24 02:07,64,wake
12/16/24 02:08,66,wake
12/16/24 02:09,67,wake
12/16/24 02:10,74,wake
12/16/24 02:11,63,wake
12/16/24 02:12,60,wake
12/16/24 02:13,69,wake
12/16/24 02:14,58,wake
12/16/24 02:15,80,wake
12/16/24 02:16,70,wake
12/16/24 02:17,59,wake
12/16/24 02:18,62,wake
12/16/24 02:19,72,wake
12/16/24 02:20,81,wake
12/16/24 02:21,74,wake
12/16/24 02:22,73,wake
12/16/24 02:23,75,wake
12/16/24 02:24,70,wake
12/16/24 02:25,76,wake
12/16/24 02:26,73,wake
12/16/24 02:27,63,wake
12/16/24 02:28,77,wake
12/16/24 02:29,66,wake
12/16/24 02:30,65,wake
12/16/24 02:31,66,wake
12/16/24 02:32,68,wake
12/16/24 02:33,66,wake
12/16/24 02:34,75,wake
12/16/24 02:35,68,wake
12/16/24 02:36,79,wake
12/16/24 02:37,64,wake
12/16/24 02:38,56,deep
12/16/24 02:39,53,deep
12/16/24 02:40,54,deep
12/16/24 02:41,61,deep
12/16/24 02:42,53,deep
12/16/24 02:43,55,deep
12/16/24 02:44,52,deep
12/16/24 02:45,55,deep
12/16/24 02:46,55,deep
12/16/24 02:47,53,deep
12/16/24 02:48,54,deep
12/16/24 02:49,55,deep
12/16/24 02:50,55,deep
12/16/24 02:51,53,deep
12/16/24 02:52,58,deep
12/16/24 02:53,57,deep
12/16/24 02:54,51,deep
12/16/24 02:55,52,deep
12/16/24 02:56,53,deep
12/16/24 02:57,54,deep
12/16/24 02:58,49,deep
12/16/24 02:59,53,deep
12/16/24 03:00,56,deep
12/16/24 03:01,55,deep
12/16/24 03:02,52,deep
12/16/24 03:03,55,deep
12/16/24 03:04,56,deep
12/16/24 03:05,54,deep
12/16/24 03:06,52,deep
12/16/24 03:07,57,deep
12/16/24 03:08,51,deep
12/16/24 03:09,54,deep
12/16/24 03:10,53,deep
12/16/24 03:11,54,deep
12/16/24 03:12,56,deep
12/16/24 03:13,55,deep
12/16/24 03:14,56,deep
12/16/24 03:15,53,deep
12/16/24 03:16,53,deep
12/16/24 03:17,54,deep
12/16/24 03:18,52,deep
12/16/24 03:19,54,deep
12/16/24 03:20,55,deep
12/16/24 03:21,56,deep
12/16/24 03:22,55,deep
12/16/24 03:23,55,deep
12/16/24 03:24,56,deep
12/16/24 03:25,55,deep
12/16/24 03:26,55,deep
12/16/24 03:27,55,deep
12/16/24 03:28,54,deep
12/16/24 03:29,56,deep
12/16/24 03:30,54,deep
12/16/24 03:31,54,deep
12/16/24 03:32,57,deep
12/16/24 03:33,57,deep
12/16/24 03:34,55,deep
12/16/24 03:35,53,deep
12/16/24 03:36,51,deep
12/16/24 03:37,56,deep
12/16/24 03:38,53,deep
12/16/24 03:39,55,deep
12/16/24 03:40,55,deep
12/16/24 03:41,56,deep
12/16/24 03:42,56,deep
12/16/24 03:43,48,deep
12/16/24 03:44,55,deep
12/16/24 03:45,59,deep
12/16/24 03:46,57,deep
12/16/24 03:47,53,deep
12/16/24 03:48,53,deep
12/16/24 03:49,56,deep
12/16/24 03:50,54,deep
12/16/24 03:51,56,deep
12/16/24 03:52,53,deep
12/16/24 03:53,58,deep
12/16/24 03:54,52,deep
12/16/24 03:55,54,deep
12/16/24 03:56,52,deep
12/16/24 03:57,55,deep
12/16/24 03:58,54,deep
12/16/24 03:59,53,deep
12/16/24 04:00,54,deep
12/16/24 04:01,58,deep
12/16/24 04:02,55,deep
12/16/24 04:03,55,deep
12/16/24 04:04,54,deep
12/16/24 04:05,53,deep
12/16/24 04:06,58,deep
12/16/24 04:07,51,deep
12/16/24 04:08,54,deep
12/16/24 04:09,56,deep
12/16/24 04:10,54,deep
12/16/24 04:11,58,deep
12/16/24 04:12,57,deep
12/16/24 04:13,56,deep
12/16/24 04:14,55,deep
12/16/24 04:15,54,deep
12/16/24 04:16,54,deep
12/16/24 04:17,55,deep
12/16/24 04:18,55,deep
12/16/24 04:19,56,deep
12/16/24 04:20,56,deep
12/16/24 04:21,56,deep
12/16/24 21:30,54,deep
12/16/24 21:31,55,deep
12/16/24 21:32,56,deep
12/16/24 21:33,55,deep
12/16/24 21:34,57,deep
12/16/24 21:35,58,deep
12/16/24 21:36,53,deep
12/16/24 21:37,54,deep
12/16/24 21:38,57,deep
12/16/24 21:39,54,deep
12/16/24 21:40,56,deep
12/16/24 21:41,59,deep
12/16/24 21:42,53,deep
12/16/24 21:43,58,deep
12/16/24 21:44,55,deep
12/16/24 21:45,56,deep
12/16/24 21:46,52,deep
12/16/24 21:47,51,deep
12/16/24 21:48,56,deep
12/16/24 21:49,56,deep
12/16/24 21:50,54,deep
12/16/24 21:51,53,deep
12/16/24 21:52,55,deep
12/16/24 21:53,58,deep
12/16/24 21:54,52,deep
12/16/24 21:55,54,deep
12/16/24 21:56,55,deep
12/16/24 21:57,51,deep
12/16/24 21:58,56,deep
12/16/24 21:59,50,deep
12/16/24 22:00,61,deep
12/16/24 22:01,55,deep
12/16/24 22:02,54,deep
12/16/24 22:03,52,deep
12/16/24 22:04,53,deep
12/16/24 22:05,57,deep
12/16/24 22:06,53,deep
12/16/24 22:07,54,deep
12/16/24 22:08,54,deep
12/16/24 22:09,53,deep
12/16/24 22:10,58,deep
12/16/24 22:11,52,deep
12/16/24 22:12,53,deep
12/16/24 22:13,51,deep
12/16/24 22:14,53,deep
12/16/24 22:15,57,deep
12/16/24 22:16,57,deep
12/16/24 22:17,56,deep
12/16/24 22:18,54,deep
12/16/24 22:19,56,deep
12/16/24 22:20,53,deep
12/16/24 22:21,53,deep
12/16/24 22:22,53,deep
12/16/24 22:23,54,deep
12/16/24 22:24,53,deep
12/16/24 22:25,55,deep
12/16/24 22:26,52,deep
12/16/24 22:27,54,deep
12/16/24 22:28,53,deep
12/16/24 22:29,54,deep
12/16/24 22:30,57,deep
12/16/24 22:31,53,deep
12/16/24 22:32,54,deep
12/16/24 22:33,54,deep
12/16/24 22:34,57,deep
12/16/24 22:35,55,deep
12/16/24 22:36,52,deep
12/16/24 22:37,54,deep
12/16/24 22:38,56,deep
12/16/24 22:39,53,deep
12/16/24 22:40,52,deep
12/16/24 22:41,53,deep
12/16/24 22:42,52,deep
12/16/24 22:43,56,deep
12/16/24 22:44,53,deep
12/16/24 22:45,55,light
12/16/24 22:46,58,light
12/16/24 22:47,60,light
12/16/24 22:48,58,light
12/16/24 22:49,57,light
12/16/24 22:50,56,light
12/16/24 22:51,55,light
12/16/24 22:52,61,light
12/16/24 22:53,61,light
12/16/24 22:54,62,light
12/16/24 22:55,61,light
12/16/24 22:56,57,light
12/16/24 22:57,62,light
12/16/24 22:58,59,light
12/16/24 22:59,60,light
12/16/24 23:00,61,light
12/16/24 23:01,63,light
12/16/24 23:02,61,light
12/16/24 23:03,58,light
12/16/24 23:04,59,light
12/16/24 23:05,61,light
12/16/24 23:06,58,light
12/16/24 23:07,64,light
12/16/24 23:08,58,light
12/16/24 23:09,60,light
12/16/24 23:10,56,light
12/16/24 23:11,59,light
12/16/24 23:12,57,light
12/16/24 23:13,56,light
12/16/24 23:14,60,light
12/16/24 23:15,60,light
12/16/24 23:16,63,light
12/16/24 23:17,66,light
12/16/24 23:18,65,light
12/16/24 23:19,61,light
12/16/24 23:20,56,light
12/16/24 23:21,58,light
12/16/24 23:22,59,light
12/16/24 23:23,66,light
12/16/24 23:24,62,light
12/16/24 23:25,58,light
12/16/24 23:26,60,light
12/16/24 23:27,59,light
12/16/24 23:28,61,light
12/16/24 23:29,59,light
12/16/24 23:30,60,light
12/16/24 23:31,59,light
12/16/24 23:32,61,light
12/16/24 23:33,60,light
12/16/24 23:34,63,light
12/16/24 23:35,57,light
12/16/24 23:36,61,light
12/16/24 23:37,59,light
12/16/24 23:38,56,light
12/16/24 23:39,63,light
12/16/24 23:40,60,light
12/16/24 23:41,64,light
12/16/24 23:42,59,light
12/16/24 23:43,62,light
12/16/24 23:44,62,light
12/16/24 23:45,56,light
12/16/24 23:46,62,light
12/16/24 23:47,52,light
12/16/24 23:48,59,light
12/16/24 23:49,53,light
12/16/24 23:50,59,light
12/16/24 23:51,58,light
12/16/24 23:52,59,light
12/16/24 23:53,61,light
12/16/24 23:54,62,light
12/16/24 23:55,58,light
12/16/24 23:56,63,light
12/16/24 23:57,53,light
12/16/24 23:58,58,light
12/16/24 23:59,61,light
12/17/24 00:00,59,light
12/17/24 00:01,58,light
12/17/24 00:02,57,light
12/17/24 00:03,58,light
12/17/24 00:04,58,light
12/17/24 00:05,60,light
12/17/24 00:06,56,light
12/17/24 00:07,58,light
12/17/24 00:08,63,light
12/17/24 00:09,65,light
12/17/24 00:10,57,light
12/17/24 00:11,59,light
12/17/24 00:12,56,light
12/17/24 00:13,58,light
12/17/24 00:14,57,light
12/17/24 00:15,55,light
12/17/24 00:16,58,light
12/17/24 00:17,62,light
12/17/24 00:18,57,light
12/17/24 00:19,58,light
12/17/24 00:20,60,light
12/17/24 00:21,64,light
12/17/24 00:22,58,light
12/17/24 00:23,60,light
12/17/24 00:24,56,light
12/17/24 00:25,55,light
12/17/24 00:26,54,light
12/17/24 00:27,58,light
12/17/24 00:28,66,light
12/17/24 00:29,58,light
12/17/24 00:30,60,light
12/17/24 00:31,59,light
12/17/24 00:32,61,light
12/17/24 00:33,63,light
12/17/24 00:34,59,light
12/17/24 00:35,61,light
12/17/24 00:36,56,light
12/17/24 00:37,61,light
12/17/24 00:38,52,light
12/17/24 00:39,57,light
12/17/24 00:40,58,light
12/17/24 00:41,57,light
12/17/24 00:42,59,light
12/17/24 00:43,56,light
12/17/24 00:44,62,light
12/17/24 00:45,59,light
12/17/24 00:46,61,light
12/17/24 00:47,57,light
12/17/24 00:48,61,light
12/17/24 00:49,63,light
12/17/24 00:50,63,light
12/17/24 00:51,59,light
12/17/24 00:52,57,light
12/17/24 00:53,61,light
12/17/24 00:54,61,light
12/17/24 00:55,61,light
12/17/24 00:56,62,light
12/17/24 00:57,63,light
12/17/24 00:58,64,light
12/17/24 00:59,57,light
12/17/24 01:00,60,light
12/17/24 01:01,59,light
12/17/24 01:02,58,light
12/17/24 01:03,54,light
12/17/24 01:04,62,light
12/17/24 01:05,57,light
12/17/24 01:06,63,light
12/17/24 01:07,56,light
12/17/24 01:08,57,light
12/17/24 01:09,62,light
12/17/24 01:10,55,light
12/17/24 01:11,53,light
12/17/24 01:12,62,light
12/17/24 01:13,68,light
12/17/24 01:14,64,light
12/17/24 01:15,62,light
12/17/24 01:16,60,light
12/17/24 01:17,57,light
12/17/24 01:18,64,light
12/17/24 01:19,57,light
12/17/24 01:20,63,light
12/17/24 01:21,61,light
12/17/24 01:22,58,light
12/17/24 01:23,59,light
12/17/24 01:24,63,light
12/17/24 01:25,63,light
12/17/24 01:26,59,light
12/17/24 01:27,58,light
12/17/24 01:28,58,light
12/17/24 01:29,60,light
12/17/24 01:30,60,light
12/17/24 01:31,58,light
12/17/24 01:32,56,light
12/17/24 01:33,61,light
12/17/24 01:34,57,light
12/17/24 01:35,60,light
12/17/24 01:36,60,light
12/17/24 01:37,59,light
12/17/24 01:38,57,light
12/17/24 01:39,58,light
12/17/24 01:40,64,light
12/17/24 01:41,61,light
12/17/24 01:42,63,light
12/17/24 01:43,57,light
12/17/24 01:44,64,light
12/17/24 01:45,57,light
12/17/24 01:46,57,light
12/17/24 01:47,67,light
12/17/24 01:48,65,light
12/17/24 01:49,64,light
12/17/24 01:50,62,light
12/17/24 01:51,64,light
12/17/24 01:52,58,light
12/17/24 01:53,59,light
12/17/24 01:54,62,light
12/17/24 01:55,60,light
12/17/24 01:56,60,light
12/17/24 01:57,59,light
12/17/24 01:58,56,light
12/17/24 01:59,57,light
12/17/24 02:00,59,light
12/17/24 02:01,60,light
12/17/24 02:02,61,light
12/17/24 02:03,60,light
12/17/24 02:04,64,light
12/17/24 02:05,59,light
12/17/24 02:06,61,light
12/17/24 02:07,57,light
12/17/24 02:08,58,light
12/17/24 02:09,59,light
12/17/24 02:10,63,light
12/17/24 02:11,60,light
12/17/24 02:12,58,light
12/17/24 02:13,59,light
12/17/24 02:14,67,light
12/17/24 02:15,58,light
12/17/24 02:16,62,light
12/17/24 02:17,55,light
12/17/24 02:18,64,light
12/17/24 02:19,59,light
12/17/24 02:20,65,light
12/17/24 02:21,57,light
12/17/24 02:22,59,light
12/17/24 02:23,60,light
12/17/24 02:24,56,light
12/17/24 02:25,63,light
12/17/24 02:26,62,light
12/17/24 02:27,61,light
12/17/24 02:28,62,light
12/17/24 02:29,62,light
12/17/24 02:30,72,wake
12/17/24 02:31,74,wake
12/17/24 02:32,72,wake
12/17/24 02:33,61,wake
12/17/24 02:34,67,wake
12/17/24 02:35,73,wake
12/17/24 02:36,69,wake
12/17/24 02:37,73,wake
12/17/24 02:38,62,wake
12/17/24 02:39,68,wake
12/17/24 02:40,66,wake
12/17/24 02:41,65,wake
12/17/24 02:42,60,wake
12/17/24 02:43,67,wake
12/17/24 02:44,73,wake
12/17/24 02:45,74,wake
12/17/24 02:46,75,wake
12/17/24 02:47,74,wake
12/17/24 02:48,63,wake
12/17/24 02:49,67,wake
12/17/24 02:50,74,wake
12/17/24 02:51,77,wake
12/17/24 02:52,70,wake
12/17/24 02:53,71,wake
12/17/24 02:54,73,wake
12/17/24 02:55,64,wake
12/17/24 02:56,68,wake
12/17/24 02:57,68,wake
12/17/24 02:58,68,wake
12/17/24 02:59,64,wake
12/17/24 03:00,72,wake
12/17/24 03:01,70,wake
12/17/24 03:02,65,wake
12/17/24 03:03,68,wake
12/17/24 03:04,75,wake
12/17/24 03:05,73,wake
12/17/24 03:06,78,wake
12/17/24 03:07,66,wake
12/17/24 03:08,70,wake
12/17/24 03:09,78,wake
12/17/24 03:10,73,wake
12/17/24 03:11,69,wake
12/17/24 03:12,66,wake
12/17/24 03:13,72,wake
12/17/24 03:14,62,wake
12/17/24 03:15,63,wake
12/17/24 03:16,66,wake
12/17/24 03:17,74,wake
12/17/24 03:18,76,wake
12/17/24 03:19,75,wake
12/17/24 03:20,68,wake
12/17/24 03:21,68,wake
12/17/24 03:22,75,wake
12/17/24 03:23,71,wake
12/17/24 03:24,64,wake
12/17/24 03:25,55,light
12/17/24 03:26,53,light
12/17/24 03:27,56,light
12/17/24 03:28,66,light
12/17/24 03:29,57,light
12/17/24 03:30,56,light
12/17/24 03:31,63,light
12/17/24 03:32,59,light
12/17/24 03:33,63,light
12/17/24 03:34,63,light
12/17/24 03:35,65,light
12/17/24 03:36,58,light
12/17/24 03:37,61,light
12/17/24 03:38,59,light
12/17/24 03:39,55,light
12/17/24 03:40,59,light
12/17/24 03:41,64,light
12/17/24 03:42,63,light
12/17/24 03:43,63,light
12/17/24 03:44,52,light
12/17/24 03:45,60,light
12/17/24 03:46,63,light
12/17/24 03:47,59,light
12/17/24 03:48,59,light
12/17/24 03:49,63,light
12/17/24 03:50,54,light
12/17/24 03:51,57,light
12/17/24 03:52,57,light
12/17/24 03:53,59,light
12/17/24 03:54,62,light
12/17/24 03:55,64,light
12/17/24 03:56,60,light
12/17/24 03:57,59,light
12/17/24 03:58,58,light
12/17/24 03:59,61,light
12/17/24 04:00,60,light
12/17/24 04:01,59,light
12/17/24 04:02,60,light
12/17/24 04:03,60,light
12/17/24 04:04,55,light
12/17/24 04:05,69,light
12/17/24 04:06,59,light
12/17/24 04:07,62,light
12/17/24 04:08,61,light
12/17/24 04:09,58,light
12/17/24 04:10,54,light
12/17/24 04:11,57,light
12/17/24 04:12,57,light
12/17/24 04:13,61,light
12/17/24 04:14,60,light
12/17/24 04:15,56,light
12/17/24 04:16,63,light
12/17/24 04:17,59,light
12/17/24 04:18,52,light
12/17/24 04:19,55,light
12/17/24 04:20,61,light
12/17/24 04:21,58,light
12/17/24 04:22,60,light
12/17/24 04:23,57,light
12/17/24 04:24,67,light
12/17/24 04:25,71,REM
12/17/24 04:26,58,REM
12/17/24 04:27,63,REM
12/17/24 04:28,62,REM
12/17/24 04:29,58,REM
12/17/24 04:30,68,REM
12/17/24 04:31,70,REM
12/17/24 04:32,66,REM
12/17/24 04:33,58,REM
12/17/24 04:34,65,REM
12/17/24 04:35,70,REM
12/17/24 04:36,61,REM
12/17/24 04:37,65,REM
12/17/24 04:38,68,REM
12/17/24 04:39,60,REM
12/17/24 04:40,65,REM
12/17/24 04:41,71,REM
12/17/24 04:42,70,REM
12/17/24 04:43,58,REM
12/17/24 04:44,63,REM
12/17/24 04:45,59,REM
12/17/24 04:46,59,REM
12/17/24 04:47,64,REM
12/17/24 04:48,67,REM
12/17/24 04:49,65,REM
12/17/24 04:50,62,REM
12/17/24 04:51,59,REM
12/17/24 04:52,64,REM
12/17/24 04:53,60,REM
12/17/24 04:54,59,REM
12/17/24 04:55,60,REM
12/17/24 04:56,65,REM
12/17/24 04:57,65,REM
12/17/24 04:58,65,wake
12/17/24 04:59,67,wake
12/17/24 05:00,70,wake
12/17/24 05:01,63,wake
12/17/24 05:02,69,wake
12/17/24 05:03,75,wake
12/17/24 05:04,73,wake
12/17/24 05:05,67,wake
12/17/24 05:06,74,wake
12/17/24 05:07,72,wake
12/17/24 05:08,66,wake
12/17/24 05:09,75,wake
12/17/24 05:10,69,wake
12/17/24 05:11,59,wake
12/17/24 05:12,78,wake
12/17/24 05:13,71,wake
12/17/24 05:14,76,wake
12/17/24 05:15,58,wake
12/17/24 05:16,76,wake
12/17/24 05:17,60,wake
12/17/24 05:18,67,wake
12/17/24 05:19,64,wake
12/17/24 05:20,68,wake
12/17/24 05:21,65,wake
12/17/24 05:22,66,wake
12/17/24 05:23,57,wake
12/17/24 05:24,71,wake
12/17/24 05:25,70,wake
12/17/24 05:26,65,wake
12/17/24 05:27,75,wake
12/17/24 05:28,71,wake
12/17/24 05:29,67,wake
12/17/24 05:30,67,wake
12/17/24 05:31,68,wake
12/17/24 05:32,65,wake
12/17/24 05:33,71,wake
12/17/24 05:34,75,wake
12/17/24 05:35,73,wake
12/17/24 05:36,69,wake
12/17/24 05:37,63,wake
12/17/24 05:38,71,wake
12/17/24 05:39,67,wake
12/17/24 05:40,71,wake
12/17/24 05:41,78,wake
12/17/24 05:42,71,wake
12/17/24 05:43,69,wake
12/17/24 05:44,71,wake
12/17/24 05:45,69,wake
12/17/24 05:46,67,wake
12/17/24 05:47,75,wake
12/17/24 05:48,76,wake
12/17/24 05:49,72,wake
12/17/24 05:50,73,wake
12/17/24 05:51,83,wake
12/17/24 05:52,80,wake
12/17/24 05:53,70,wake
12/17/24 05:54,70,wake
12/17/24 05:55,73,wake
12/17/24 05:56,63,wake
12/17/24 05:57,69,wake
12/17/24 05:58,71,wake
12/17/24 05:59,74,wake
12/17/24 22:15,58,deep
12/17/24 22:16,54,deep
12/17/24 22:17,53,deep
12/17/24 22:18,52,deep
12/17/24 22:19,52,deep
12/17/24 22:20,52,deep
12/17/24 22:21,52,deep
12/17/24 22:22,55,deep
12/17/24 22:23,53,deep
12/17/24 22:24,53,deep
12/17/24 22:25,55,deep
12/17/24 22:26,52,deep
12/17/24 22:27,57,deep
12/17/24 22:28,55,deep
12/17/24 22:29,54,deep
12/17/24 22:30,52,deep
12/17/24 22:31,51,deep
12/17/24 22:32,56,deep
12/17/24 22:33,53,deep
12/17/24 22:34,53,deep
12/17/24 22:35,55,deep
12/17/24 22:36,55,deep
12/17/24 22:37,58,deep
12/17/24 22:38,55,deep
12/17/24 22:39,55,deep
12/17/24 22:40,55,deep
12/17/24 22:41,51,deep
12/17/24 22:42,53,deep
12/17/24 22:43,51,deep
12/17/24 22:44,55,deep
12/17/24 22:45,54,deep
12/17/24 22:46,53,deep
12/17/24 22:47,55,deep
12/17/24 22:48,55,deep
12/17/24 22:49,57,deep
12/17/24 22:50,55,deep
12/17/24 22:51,54,deep
12/17/24 22:52,51,deep
12/17/24 22:53,54,deep
12/17/24 22:54,60,deep
12/17/24 22:55,53,deep
12/17/24 22:56,56,deep
12/17/24 22:57,55,deep
12/17/24 22:58,53,deep
12/17/24 22:59,56,deep
12/17/24 23:00,52,deep
12/17/24 23:01,56,deep
12/17/24 23:02,51,deep
12/17/24 23:03,55,deep
12/17/24 23:04,52,deep
12/17/24 23:05,53,deep
12/17/24 23:06,56,deep
12/17/24 23:07,59,deep
12/17/24 23:08,56,deep
12/17/24 23:09,51,deep
12/17/24 23:10,52,deep
12/17/24 23:11,56,deep
12/17/24 23:12,53,deep
12/17/24 23:13,57,deep
12/17/24 23:14,54,deep
12/17/24 23:15,57,deep
12/17/24 23:16,54,deep
12/17/24 23:17,55,deep
12/17/24 23:18,56,deep
12/17/24 23:19,55,deep
12/17/24 23:20,51,deep
12/17/24 23:21,51,deep
12/17/24 23:22,57,deep
12/17/24 23:23,55,deep
12/17/24 23:24,55,deep
12/17/24 23:25,55,deep
12/17/24 23:26,54,deep
12/17/24 23:27,55,deep
12/17/24 23:28,54,deep
12/17/24 23:29,54,deep
12/17/24 23:30,56,deep
12/17/24 23:31,52,deep
12/17/24 23:32,55,deep
12/17/24 23:33,53,deep
12/17/24 23:34,54,deep
12/17/24 23:35,55,deep
12/17/24 23:36,52,deep
12/17/24 23:37,57,deep
12/17/24 23:38,55,deep
12/17/24 23:39,56,deep
12/17/24 23:40,57,deep
12/17/24 23:41,58,deep
12/17/24 23:42,48,deep
12/17/24 23:43,55,deep
12/17/24 23:44,55,deep
12/17/24 23:45,54,deep
12/17/24 23:46,55,deep
12/17/24 23:47,53,deep
12/17/24 23:48,52,deep
12/17/24 23:49,57,deep
12/17/24 23:50,50,deep
12/17/24 23:51,56,deep
12/17/24 23:52,53,deep
12/17/24 23:53,49,deep
12/17/24 23:54,56,deep
12/17/24 23:55,55,deep
12/17/24 23:56,54,deep
12/17/24 23:57,56,deep
12/17/24 23:58,56,deep
12/17/24 23:59,55,deep
12/18/24 00:00,53,deep
12/18/24 00:01,55,deep
12/18/24 00:02,53,deep
12/18/24 00:03,55,deep
12/18/24 00:04,54,deep
12/18/24 00:05,53,deep
12/18/24 00:06,54,deep
12/18/24 00:07,53,deep
12/18/24 00:08,56,deep
12/18/24 00:09,67,wake
12/18/24 00:10,69,wake
12/18/24 00:11,67,wake
12/18/24 00:12,72,wake
12/18/24 00:13,74,wake
12/18/24 00:14,67,wake
12/18/24 00:15,71,wake
12/18/24 00:16,71,wake
12/18/24 00:17,69,wake
12/18/24 00:18,68,wake
12/18/24 00:19,68,wake
12/18/24 00:20,71,wake
12/18/24 00:21,67,wake
12/18/24 00:22,78,wake
12/18/24 00:23,65,wake
12/18/24 00:24,66,wake
12/18/24 00:25,57,wake
12/18/24 00:26,70,wake
12/18/24 00:27,70,wake
12/18/24 00:28,61,wake
12/18/24 00:29,69,wake
12/18/24 00:30,78,wake
12/18/24 00:31,77,wake
12/18/24 00:32,77,wake
12/18/24 00:33,68,wake
12/18/24 00:34,66,wake
12/18/24 00:35,72,wake
12/18/24 00:36,74,wake
12/18/24 00:37,71,wake
12/18/24 00:38,63,wake
12/18/24 00:39,75,wake
12/18/24 00:40,72,wake
12/18/24 00:41,69,wake
12/18/24 00:42,61,wake
12/18/24 00:43,74,wake
12/18/24 00:44,79,wake
12/18/24 00:45,66,wake
12/18/24 00:46,69,wake
12/18/24 00:47,63,wake
12/18/24 00:48,78,wake
12/18/24 00:49,72,wake
12/18/24 00:50,72,wake
12/18/24 00:51,71,wake
12/18/24 00:52,69,wake
12/18/24 00:53,72,wake
12/18/24 00:54,72,wake
12/18/24 00:55,71,wake
12/18/24 00:56,66,wake
12/18/24 00:57,68,wake
12/18/24 00:58,66,wake
12/18/24 00:59,64,wake
12/18/24 01:00,69,wake
12/18/24 01:01,64,wake
12/18/24 01:02,62,wake
12/18/24 01:03,65,wake
12/18/24 01:04,73,wake
12/18/24 01:05,67,wake
12/18/24 01:06,67,wake
12/18/24 01:07,64,wake
12/18/24 01:08,77,wake
12/18/24 01:09,67,wake
12/18/24 01:10,72,wake
12/18/24 01:11,65,wake
12/18/24 01:12,73,wake
12/18/24 01:13,69,wake
12/18/24 01:14,65,wake
12/18/24 01:15,79,wake
12/18/24 01:16,73,wake
12/18/24 01:17,68,wake
12/18/24 01:18,60,wake
12/18/24 01:19,68,wake
12/18/24 01:20,67,wake
12/18/24 01:21,69,wake
12/18/24 01:22,72,wake
12/18/24 01:23,58,wake
12/18/24 01:24,69,wake
12/18/24 01:25,79,wake
12/18/24 01:26,67,wake
12/18/24 01:27,65,wake
12/18/24 01:28,74,wake
12/18/24 01:29,76,wake
12/18/24 01:30,77,wake
12/18/24 01:31,74,wake
12/18/24 01:32,78,wake
12/18/24 01:33,71,wake
12/18/24 01:34,76,wake
12/18/24 01:35,69,wake
12/18/24 01:36,68,wake
12/18/24 01:37,74,wake
12/18/24 01:38,68,wake
12/18/24 01:39,67,wake
12/18/24 01:40,79,wake
12/18/24 01:41,70,wake
12/18/24 01:42,74,wake
12/18/24 01:43,73,wake
12/18/24 01:44,69,wake
12/18/24 01:45,69,wake
12/18/24 01:46,72,wake
12/18/24 01:47,82,wake
12/18/24 01:48,68,wake
12/18/24 01:49,69,wake
12/18/24 01:50,67,wake
12/18/24 01:51,69,wake
12/18/24 01:52,81,wake
12/18/24 01:53,59,wake
12/18/24 01:54,75,wake
12/18/24 01:55,71,wake
12/18/24 01:56,64,wake
12/18/24 01:57,68,wake
12/18/24 01:58,76,wake
12/18/24 01:59,63,wake
12/18/24 02:00,73,wake
12/18/24 02:01,72,wake
12/18/24 02:02,74,wake
12/18/24 02:03,66,wake
12/18/24 02:04,57,wake
12/18/24 02:05,74,wake
12/18/24 02:06,70,wake
12/18/24 02:07,75,wake
12/18/24 02:08,73,wake
12/18/24 02:09,72,wake
12/18/24 02:10,75,wake
12/18/24 02:11,64,wake
12/18/24 02:12,66,wake
12/18/24 02:13,67,wake
12/18/24 02:14,71,wake
12/18/24 02:15,76,wake
12/18/24 02:16,74,wake
12/18/24 02:17,73,wake
12/18/24 02:18,63,wake
12/18/24 02:19,61,wake
12/18/24 02:20,69,wake
12/18/24 02:21,62,wake
12/18/24 02:22,79,wake
12/18/24 02:23,67,wake
12/18/24 02:24,68,wake
12/18/24 02:25,89,wake
12/18/24 02:26,65,wake
12/18/24 02:27,68,wake
12/18/24 02:28,71,wake
12/18/24 02:29,63,wake
12/18/24 02:30,68,wake
12/18/24 02:31,68,wake
12/18/24 02:32,71,wake
12/18/24 02:33,69,wake
12/18/24 02:34,69,wake
12/18/24 02:35,79,wake
12/18/24 02:36,76,wake
12/18/24 02:37,71,wake
12/18/24 02:38,67,wake
12/18/24 02:39,72,wake
12/18/24 02:40,67,wake
12/18/24 02:41,68,wake
12/18/24 02:42,70,wake
12/18/24 02:43,76,wake
12/18/24 02:44,65,wake
12/18/24 02:45,67,wake
12/18/24 02:46,70,wake
12/18/24 02:47,75,wake
12/18/24 02:48,68,wake
12/18/24 02:49,75,wake
12/18/24 02:50,75,wake
12/18/24 02:51,71,wake
12/18/24 02:52,71,wake
12/18/24 02:53,66,wake
12/18/24 02:54,73,wake
12/18/24 02:55,72,wake
12/18/24 02:56,75,wake
12/18/24 02:57,77,wake
12/18/24 02:58,64,wake
12/18/24 02:59,73,wake
12/18/24 03:00,70,wake
12/18/24 03:01,67,wake
12/18/24 03:02,72,wake
12/18/24 03:03,65,wake
12/18/24 03:04,71,wake
12/18/24 03:05,72,wake
12/18/24 03:06,67,wake
12/18/24 03:07,63,wake
12/18/24 03:08,72,wake
12/18/24 03:09,67,wake
12/18/24 03:10,69,wake
12/18/24 03:11,73,wake
12/18/24 03:12,62,wake
12/18/24 03:13,74,wake
12/18/24 03:14,70,wake
12/18/24 03:15,72,wake
12/18/24 03:16,71,wake
12/18/24 03:17,72,wake
12/18/24 03:18,72,wake
12/18/24 03:19,64,wake
12/18/24 03:20,70,wake
12/18/24 03:21,75,wake
12/18/24 03:22,62,wake
12/18/24 03:23,72,wake
12/18/24 03:24,69,wake
12/18/24 03:25,71,wake
12/18/24 03:26,77,wake
12/18/24 03:27,72,wake
12/18/24 03:28,69,wake
12/18/24 03:29,64,wake
12/18/24 03:30,71,wake
12/18/24 03:31,72,wake
12/18/24 03:32,82,wake
12/18/24 03:33,68,wake
12/18/24 03:34,64,wake
12/18/24 03:35,61,wake
12/18/24 03:36,74,wake
12/18/24 03:37,72,wake
12/18/24 03:38,66,wake
12/18/24 03:39,68,wake
12/18/24 03:40,72,wake
12/18/24 03:41,61,wake
12/18/24 03:42,66,wake
12/18/24 03:43,63,wake
12/18/24 03:44,71,wake
12/18/24 03:45,77,wake
12/18/24 03:46,67,wake
12/18/24 03:47,79,wake
12/18/24 03:48,79,wake
12/18/24 03:49,69,wake
12/18/24 03:50,74,wake
12/18/24 03:51,62,wake
12/18/24 03:52,73,wake
12/18/24 03:53,66,wake
12/18/24 03:54,77,wake
12/18/24 03:55,63,wake
12/18/24 03:56,61,wake
12/18/24 03:57,66,wake
12/18/24 03:58,68,wake
12/18/24 03:59,70,wake
12/18/24 04:00,65,wake
12/18/24 04:01,66,wake
12/18/24 04:02,74,wake
12/18/24 04:03,71,wake
12/18/24 04:04,71,wake
12/18/24 04:05,69,wake
12/18/24 04:06,68,wake
12/18/24 04:07,71,wake
12/18/24 04:08,62,wake
12/18/24 04:09,79,wake
12/18/24 04:10,78,wake
12/18/24 04:11,73,wake
12/18/24 04:12,78,wake
12/18/24 04:13,64,wake
12/18/24 04:14,71,wake
12/18/24 04:15,69,wake
12/18/24 04:16,74,wake
12/18/24 04:17,64,wake
12/18/24 04:18,67,wake
12/18/24 04:19,67,wake
12/18/24 04:20,68,wake
12/18/24 04:21,67,wake
12/18/24 04:22,62,wake
12/18/24 04:23,69,wake
12/18/24 04:24,67,wake
12/18/24 04:25,77,wake
12/18/24 04:26,74,wake
12/18/24 04:27,62,wake
12/18/24 04:28,68,wake
12/18/24 04:29,65,wake
12/18/24 04:30,67,wake
12/18/24 04:31,73,wake
12/18/24 04:32,70,wake
12/18/24 04:33,71,wake
12/18/24 04:34,68,wake
12/18/24 04:35,74,wake
12/18/24 04:36,71,wake
12/18/24 04:37,63,wake
12/18/24 04:38,67,wake
12/18/24 04:39,68,wake
12/18/24 04:40,71,wake
12/18/24 04:41,65,wake
12/18/24 04:42,69,wake
12/18/24 04:43,66,wake
12/18/24 04:44,67,wake
12/18/24 04:45,76,wake
12/18/24 04:46,76,wake
12/18/24 04:47,71,wake
12/18/24 04:48,64,wake
12/18/24 04:49,65,wake
12/18/24 04:50,70,wake
12/18/24 04:51,70,wake
12/18/24 04:52,69,wake
12/18/24 04:53,65,wake
12/18/24 04:54,73,wake
12/18/24 04:55,68,wake
12/18/24 04:56,71,wake
12/18/24 04:57,68,wake
12/18/24 04:58,71,wake
12/18/24 04:59,67,wake
12/18/24 05:00,66,wake
12/18/24 05:01,70,wake
12/18/24 05:02,66,wake
12/18/24 05:03,72,wake
12/18/24 05:04,76,wake
12/18/24 05:05,71,wake
12/18/24 05:06,64,wake
12/18/24 05:07,65,wake
12/18/24 05:08,74,wake
12/18/24 05:09,67,wake
12/18/24 05:10,60,light
12/18/24 05:11,60,light
12/18/24 05:12,55,light
12/18/24 05:13,57,light
12/18/24 05:14,61,light
12/18/24 05:15,64,light
12/18/24 05:16,57,light
12/18/24 05:17,58,light
12/18/24 05:18,62,light
12/18/24 05:19,57,light
12/18/24 05:20,62,light
12/18/24 05:21,58,light
12/18/24 05:22,58,light
12/18/24 05:23,62,light
12/18/24 05:24,62,light
12/18/24 05:25,61,light
12/18/24 05:26,61,light
12/18/24 05:27,62,light
12/18/24 05:28,62,light
12/18/24 05:29,66,light
12/18/24 05:30,65,light
12/18/24 05:31,60,light
12/18/24 05:32,57,light
12/18/24 05:33,59,light
12/18/24 05:34,60,light
12/18/24 05:35,64,light
12/18/24 05:36,58,light
12/18/24 05:37,58,light
12/18/24 05:38,61,light
12/18/24 05:39,63,light
12/18/24 05:40,55,light
12/18/24 05:41,62,light
12/18/24 05:42,61,light
12/18/24 05:43,60,light
12/18/24 21:30,61,light
12/18/24 21:31,63,light
12/18/24 21:32,58,light
12/18/24 21:33,58,light
12/18/24 21:34,59,light
12/18/24 21:35,56,light
12/18/24 21:36,57,light
12/18/24 21:37,61,light
12/18/24 21:38,67,light
12/18/24 21:39,59,light
12/18/24 21:40,52,light
12/18/24 21:41,55,light
12/18/24 21:42,58,light
12/18/24 21:43,61,light
12/18/24 21:44,55,light
12/18/24 21:45,59,light
12/18/24 21:46,56,light
12/18/24 21:47,59,light
12/18/24 21:48,57,light
12/18/24 21:49,59,light
12/18/24 21:50,61,light
12/18/24 21:51,64,light
12/18/24 21:52,57,light
12/18/24 21:53,59,light
12/18/24 21:54,59,light
12/18/24 21:55,54,light
12/18/24 21:56,57,light
12/18/24 21:57,60,light
12/18/24 21:58,54,light
12/18/24 21:59,61,light
12/18/24 22:00,58,light
12/18/24 22:01,60,light
12/18/24 22:02,60,light
12/18/24 22:03,62,light
12/18/24 22:04,54,light
12/18/24 22:05,56,light
12/18/24 22:06,60,light
12/18/24 22:07,59,light
12/18/24 22:08,58,light
12/18/24 22:09,62,light
12/18/24 22:10,56,light
12/18/24 22:11,63,light
12/18/24 22:12,58,light
12/18/24 22:13,58,light
12/18/24 22:14,60,light
12/18/24 22:15,60,light
12/18/24 22:16,58,light
12/18/24 22:17,54,light
12/18/24 22:18,59,light
12/18/24 22:19,57,light
12/18/24 22:20,59,light
12/18/24 22:21,65,light
12/18/24 22:22,63,light
12/18/24 22:23,58,light
12/18/24 22:24,59,light
12/18/24 22:25,61,light
12/18/24 22:26,60,light
12/18/24 22:27,63,light
12/18/24 22:28,61,light
12/18/24 22:29,57,light
12/18/24 22:30,63,light
12/18/24 22:31,55,light
12/18/24 22:32,56,light
12/18/24 22:33,66,light
12/18/24 22:34,58,light
12/18/24 22:35,62,light
12/18/24 22:36,58,light
12/18/24 22:37,60,light
12/18/24 22:38,61,light
12/18/24 22:39,56,light
12/18/24 22:40,57,light
12/18/24 22:41,60,light
12/18/24 22:42,58,light
12/18/24 22:43,59,light
12/18/24 22:44,63,light
12/18/24 22:45,63,light
12/18/24 22:46,55,light
12/18/24 22:47,59,light
12/18/24 22:48,63,light
12/18/24 22:49,56,light
12/18/24 22:50,56,light
12/18/24 22:51,62,light
12/18/24 22:52,62,light
12/18/24 22:53,58,light
12/18/24 22:54,56,light
12/18/24 22:55,57,light
12/18/24 22:56,59,light
12/18/24 22:57,63,light
12/18/24 22:58,58,light
12/18/24 22:59,56,light
12/18/24 23:00,62,light
12/18/24 23:01,58,light
12/18/24 23:02,57,light
12/18/24 23:03,58,light
12/18/24 23:04,62,light
12/18/24 23:05,61,light
12/18/24 23:06,55,light
12/18/24 23:07,58,light
12/18/24 23:08,58,light
12/18/24 23:09,61,light
12/18/24 23:10,65,light
12/18/24 23:11,58,light
12/18/24 23:12,62,light
12/18/24 23:13,55,light
12/18/24 23:14,62,light
12/18/24 23:15,57,light
12/18/24 23:16,57,light
12/18/24 23:17,57,light
12/18/24 23:18,60,light
12/18/24 23:19,65,light
12/18/24 23:20,57,light
12/18/24 23:21,60,light
12/18/24 23:22,62,light
12/18/24 23:23,63,light
12/18/24 23:24,57,light
12/18/24 23:25,54,light
12/18/24 23:26,53,light
12/18/24 23:27,61,light
12/18/24 23:28,58,light
12/18/24 23:29,61,light
12/18/24 23:30,62,light
12/18/24 23:31,67,light
12/18/24 23:32,56,light
12/18/24 23:33,60,light
12/18/24 23:34,59,light
12/18/24 23:35,60,light
12/18/24 23:36,59,light
12/18/24 23:37,56,light
12/18/24 23:38,61,light
12/18/24 23:39,58,light
12/18/24 23:40,59,light
12/18/24 23:41,57,light
12/18/24 23:42,58,light
12/18/24 23:43,57,light
12/18/24 23:44,55,light
12/18/24 23:45,60,light
12/18/24 23:46,58,light
12/18/24 23:47,59,light
12/18/24 23:48,62,light
12/18/24 23:49,56,light
12/18/24 23:50,60,light
12/18/24 23:51,62,light
12/18/24 23:52,53,light
12/18/24 23:53,65,light
12/18/24 23:54,57,light
12/18/24 23:55,59,light
12/18/24 23:56,58,light
12/18/24 23:57,61,light
12/18/24 23:58,64,light
12/18/24 23:59,64,light
12/19/24 00:00,60,light
12/19/24 00:01,59,light
12/19/24 00:02,61,light
12/19/24 00:03,54,light
12/19/24 00:04,60,light
12/19/24 00:05,62,light
12/19/24 00:06,56,light
12/19/24 00:07,62,light
12/19/24 00:08,63,light
12/19/24 00:09,59,light
12/19/24 00:10,59,light
12/19/24 00:11,62,light
12/19/24 00:12,59,light
12/19/24 00:13,62,light
12/19/24 00:14,59,light
12/19/24 00:15,60,light
12/19/24 00:16,60,light
12/19/24 00:17,59,light
12/19/24 00:18,57,light
12/19/24 00:19,62,light
12/19/24 00:20,57,light
12/19/24 00:21,56,light
12/19/24 00:22,59,light
12/19/24 00:23,59,light
12/19/24 00:24,56,light
12/19/24 00:25,61,light
12/19/24 00:26,63,light
12/19/24 00:27,60,light
12/19/24 00:28,55,light
12/19/24 00:29,61,light
12/19/24 00:30,57,light
12/19/24 00:31,58,light
12/19/24 00:32,61,light
12/19/24 00:33,60,light
12/19/24 00:34,58,light
12/19/24 00:35,59,light
12/19/24 00:36,57,light
12/19/24 00:37,57,light
12/19/24 00:38,60,light
12/19/24 00:39,54,light
12/19/24 00:40,60,light
12/19/24 00:41,60,light
12/19/24 00:42,56,deep
12/19/24 00:43,54,deep
12/19/24 00:44,51,deep
12/19/24 00:45,55,deep
12/19/24 00:46,53,deep
12/19/24 00:47,56,deep
12/19/24 00:48,53,deep
12/19/24 00:49,53,deep
12/19/24 00:50,53,deep
12/19/24 00:51,57,deep
12/19/24 00:52,54,deep
12/19/24 00:53,52,deep
12/19/24 00:54,58,deep
12/19/24 00:55,49,deep
12/19/24 00:56,53,deep
12/19/24 00:57,54,deep
12/19/24 00:58,54,deep
12/19/24 00:59,52,deep
12/19/24 01:00,59,deep
12/19/24 01:01,57,deep
12/19/24 01:02,52,deep
12/19/24 01:03,54,deep
12/19/24 01:04,50,deep
12/19/24 01:05,53,deep
12/19/24 01:06,53,deep
12/19/24 01:07,53,deep
12/19/24 01:08,55,deep
12/19/24 01:09,55,deep
12/19/24 01:10,57,deep
12/19/24 01:11,55,deep
12/19/24 01:12,51,deep
12/19/24 01:13,57,deep
12/19/24 01:14,53,deep
12/19/24 01:15,55,deep
12/19/24 01:16,57,deep
12/19/24 01:17,56,deep
12/19/24 01:18,54,deep
12/19/24 01:19,53,deep
12/19/24 01:20,55,deep
12/19/24 01:21,54,deep
12/19/24 01:22,55,deep
12/19/24 01:23,54,deep
12/19/24 01:24,55,deep
12/19/24 01:25,56,deep
12/19/24 01:26,53,deep
12/19/24 01:27,54,deep
12/19/24 01:28,52,deep
12/19/24 01:29,56,deep
12/19/24 01:30,51,deep
12/19/24 01:31,55,deep
12/19/24 01:32,52,deep
12/19/24 01:33,58,deep
12/19/24 01:34,55,deep
12/19/24 01:35,55,deep
12/19/24 01:36,54,deep
12/19/24 01:37,52,deep
12/19/24 01:38,56,deep
12/19/24 01:39,55,deep
12/19/24 01:40,54,deep
12/19/24 01:41,53,deep
12/19/24 01:42,57,deep
12/19/24 01:43,57,deep
12/19/24 01:44,54,deep
12/19/24 01:45,55,deep
12/19/24 01:46,54,deep
12/19/24 01:47,56,deep
12/19/24 01:48,53,deep
12/19/24 01:49,58,deep
12/19/24 01:50,53,deep
12/19/24 01:51,54,deep
12/19/24 01:52,54,deep
12/19/24 01:53,57,deep
12/19/24 01:54,55,deep
12/19/24 01:55,53,deep
12/19/24 01:56,54,deep
12/19/24 01:57,50,deep
12/19/24 01:58,52,deep
12/19/24 01:59,57,deep
12/19/24 02:00,54,deep
12/19/24 02:01,58,deep
12/19/24 02:02,53,deep
12/19/24 02:03,55,deep
12/19/24 02:04,55,deep
12/19/24 02:05,53,deep
12/19/24 02:06,53,deep
12/19/24 02:07,53,deep
12/19/24 02:08,55,deep
12/19/24 02:09,54,deep
12/19/24 02:10,52,deep
12/19/24 02:11,54,deep
12/19/24 02:12,72,REM
12/19/24 02:13,57,REM
12/19/24 02:14,63,REM
12/19/24 02:15,69,REM
12/19/24 02:16,63,REM
12/19/24 02:17,66,REM
12/19/24 02:18,64,REM
12/19/24 02:19,61,REM
12/19/24 02:20,63,REM
12/19/24 02:21,67,REM
12/19/24 02:22,69,REM
12/19/24 02:23,64,REM
12/19/24 02:24,66,REM
12/19/24 02:25,67,REM
12/19/24 02:26,67,REM
12/19/24 02:27,65,REM
12/19/24 02:28,59,REM
12/19/24 02:29,67,REM
12/19/24 02:30,70,REM
12/19/24 02:31,65,REM
12/19/24 02:32,62,REM
12/19/24 02:33,68,REM
12/19/24 02:34,66,REM
12/19/24 02:35,68,REM
12/19/24 02:36,63,REM
12/19/24 02:37,65,REM
12/19/24 02:38,59,REM
12/19/24 02:39,64,REM
12/19/24 02:40,63,REM
12/19/24 02:41,65,REM
12/19/24 02:42,64,REM
12/19/24 02:43,68,REM
12/19/24 02:44,61,REM
12/19/24 02:45,70,REM
12/19/24 02:46,70,REM
12/19/24 02:47,63,REM
12/19/24 02:48,59,REM
12/19/24 02:49,69,REM
12/19/24 02:50,67,REM
12/19/24 02:51,61,REM
12/19/24 02:52,64,REM
12/19/24 02:53,62,REM
12/19/24 02:54,65,REM
12/19/24 02:55,59,REM
12/19/24 02:56,54,REM
12/19/24 02:57,67,REM
12/19/24 02:58,68,REM
12/19/24 02:59,70,REM
12/19/24 03:00,63,REM
12/19/24 03:01,63,REM
12/19/24 03:02,71,REM
12/19/24 03:03,63,REM
12/19/24 03:04,62,REM
12/19/24 03:05,74,REM
12/19/24 03:06,65,REM
12/19/24 03:07,63,REM
12/19/24 03:08,66,REM
12/19/24 03:09,66,REM
12/19/24 03:10,62,REM
12/19/24 03:11,62,REM
12/19/24 03:12,59,REM
12/19/24 03:13,63,REM
12/19/24 03:14,67,REM
12/19/24 03:15,61,light
12/19/24 03:16,65,light
12/19/24 03:17,56,light
12/19/24 03:18,54,light
12/19/24 03:19,61,light
12/19/24 03:20,55,light
12/19/24 03:21,58,light
12/19/24 03:22,61,light
12/19/24 03:23,58,light
12/19/24 03:24,55,light
12/19/24 03:25,62,light
12/19/24 03:26,55,light
12/19/24 03:27,64,light
12/19/24 03:28,62,light
12/19/24 03:29,59,light
12/19/24 03:30,56,light
12/19/24 03:31,55,light
12/19/24 03:32,58,light
12/19/24 03:33,60,light
12/19/24 03:34,58,light
12/19/24 03:35,61,light
12/19/24 03:36,61,light
12/19/24 03:37,57,light
12/19/24 03:38,58,light
12/19/24 03:39,60,light
12/19/24 03:40,57,light
12/19/24 03:41,57,light
12/19/24 03:42,58,light
12/19/24 03:43,61,light
12/19/24 03:44,60,light
12/19/24 03:45,55,light
12/19/24 03:46,62,light
12/19/24 03:47,60,light
12/19/24 03:48,58,light
12/19/24 03:49,58,light
12/19/24 03:50,59,light
12/19/24 03:51,64,light
12/19/24 03:52,58,light
12/19/24 03:53,58,light
12/19/24 03:54,58,light
12/19/24 03:55,57,light
12/19/24 03:56,50,light
12/19/24 03:57,61,light
12/19/24 03:58,59,light
12/19/24 03:59,58,light
12/19/24 04:00,59,light
12/19/24 04:01,60,light
12/19/24 04:02,62,light
12/19/24 04:03,56,light
12/19/24 04:04,60,light
12/19/24 04:05,61,light
12/19/24 04:06,57,light
12/19/24 04:07,57,light
12/19/24 04:08,60,light
12/19/24 04:09,57,light
12/19/24 04:10,56,light
12/19/24 04:11,62,light
12/19/24 04:12,59,light
12/19/24 04:13,59,light
12/19/24 04:14,64,light
12/19/24 04:15,55,light
12/19/24 04:16,56,light
12/19/24 04:17,64,light
12/19/24 04:18,61,light
12/19/24 04:19,57,light
12/19/24 04:20,63,light
12/19/24 04:21,59,light
12/19/24 04:22,60,light
12/19/24 04:23,54,light
12/19/24 04:24,60,light
12/19/24 04:25,62,light
12/19/24 04:26,54,light
12/19/24 04:27,57,light
12/19/24 04:28,59,light
12/19/24 04:29,60,light
12/19/24 04:30,55,light
12/19/24 04:31,61,light
12/19/24 21:45,65,wake
12/19/24 21:46,74,wake
12/19/24 21:47,65,wake
12/19/24 21:48,67,wake
12/19/24 21:49,67,wake
12/19/24 21:50,69,wake
12/19/24 21:51,70,wake
12/19/24 21:52,75,wake
12/19/24 21:53,66,wake
12/19/24 21:54,76,wake
12/19/24 21:55,79,wake
12/19/24 21:56,66,wake
12/19/24 21:57,73,wake
12/19/24 21:58,75,wake
12/19/24 21:59,72,wake
12/19/24 22:00,63,wake
12/19/24 22:01,69,wake
12/19/24 22:02,70,wake
12/19/24 22:03,71,wake
12/19/24 22:04,67,wake
12/19/24 22:05,71,wake
12/19/24 22:06,74,wake
12/19/24 22:07,62,wake
12/19/24 22:08,76,wake
12/19/24 22:09,76,wake
12/19/24 22:10,67,wake
12/19/24 22:11,66,wake
12/19/24 22:12,71,wake
12/19/24 22:13,68,wake
12/19/24 22:14,69,wake
12/19/24 22:15,73,wake
12/19/24 22:16,69,wake
12/19/24 22:17,71,wake
12/19/24 22:18,68,wake
12/19/24 22:19,61,wake
12/19/24 22:20,64,wake
12/19/24 22:21,78,wake
12/19/24 22:22,66,wake
12/19/24 22:23,68,wake
12/19/24 22:24,61,wake
12/19/24 22:25,77,wake
12/19/24 22:26,71,wake
12/19/24 22:27,62,wake
12/19/24 22:28,84,wake
12/19/24 22:29,74,wake
12/19/24 22:30,70,wake
12/19/24 22:31,74,wake
12/19/24 22:32,68,wake
12/19/24 22:33,64,wake
12/19/24 22:34,73,wake
12/19/24 22:35,60,wake
12/19/24 22:36,67,wake
12/19/24 22:37,69,wake
12/19/24 22:38,82,wake
12/19/24 22:39,72,wake
12/19/24 22:40,72,wake
12/19/24 22:41,75,wake
12/19/24 22:42,66,wake
12/19/24 22:43,68,wake
12/19/24 22:44,77,wake
12/19/24 22:45,73,wake
12/19/24 22:46,76,wake
12/19/24 22:47,70,wake
12/19/24 22:48,61,wake
12/19/24 22:49,63,wake
12/19/24 22:50,67,wake
12/19/24 22:51,71,wake
12/19/24 22:52,59,wake
12/19/24 22:53,65,wake
12/19/24 22:54,69,wake
12/19/24 22:55,70,wake
12/19/24 22:56,71,wake
12/19/24 22:57,66,wake
12/19/24 22:58,74,wake
12/19/24 22:59,76,wake
12/19/24 23:00,52,light
12/19/24 23:01,67,light
12/19/24 23:02,60,light
12/19/24 23:03,55,light
12/19/24 23:04,55,light
12/19/24 23:05,59,light
12/19/24 23:06,61,light
12/19/24 23:07,60,light
12/19/24 23:08,50,light
12/19/24 23:09,64,light
12/19/24 23:10,58,light
12/19/24 23:11,58,light
12/19/24 23:12,63,light
12/19/24 23:13,59,light
12/19/24 23:14,58,light
12/19/24 23:15,53,light
12/19/24 23:16,59,light
12/19/24 23:17,57,light
12/19/24 23:18,62,light
12/19/24 23:19,57,light
12/19/24 23:20,65,light
12/19/24 23:21,55,light
12/19/24 23:22,60,light
12/19/24 23:23,60,light
12/19/24 23:24,60,light
12/19/24 23:25,61,light
12/19/24 23:26,58,light
12/19/24 23:27,54,light
12/19/24 23:28,64,light
12/19/24 23:29,56,light
12/19/24 23:30,59,light
12/19/24 23:31,65,light
12/19/24 23:32,64,light
12/19/24 23:33,59,light
12/19/24 23:34,59,light
12/19/24 23:35,59,light
12/19/24 23:36,56,light
12/19/24 23:37,59,light
12/19/24 23:38,60,light
12/19/24 23:39,54,light
12/19/24 23:40,56,light
12/19/24 23:41,61,light
12/19/24 23:42,60,light
12/19/24 23:43,59,light
12/19/24 23:44,68,light
12/19/24 23:45,58,light
12/19/24 23:46,62,light
12/19/24 23:47,62,light
12/19/24 23:48,55,light
12/19/24 23:49,59,light
12/19/24 23:50,62,light
12/19/24 23:51,57,light
12/19/24 23:52,60,light
12/19/24 23:53,63,light
12/19/24 23:54,63,light
12/19/24 23:55,62,light
12/19/24 23:56,57,light
12/19/24 23:57,58,light
12/19/24 23:58,61,light
12/19/24 23:59,57,light
12/20/24 00:00,64,light
12/20/24 00:01,56,light
12/20/24 00:02,66,light
12/20/24 00:03,61,light
12/20/24 00:04,61,light
12/20/24 00:05,59,light
12/20/24 00:06,59,light
12/20/24 00:07,60,light
12/20/24 00:08,61,light
12/20/24 00:09,62,light
12/20/24 00:10,53,light
12/20/24 00:11,59,light
12/20/24 00:12,62,light
12/20/24 00:13,61,light
12/20/24 00:14,62,light
12/20/24 00:15,64,light
12/20/24 00:16,59,light
12/20/24 00:17,62,light
12/20/24 00:18,61,light
12/20/24 00:19,57,light
12/20/24 00:20,64,light
12/20/24 00:21,63,light
12/20/24 00:22,58,light
12/20/24 00:23,62,light
12/20/24 00:24,57,light
12/20/24 00:25,65,light
12/20/24 00:26,61,light
12/20/24 00:27,60,light
12/20/24 00:28,60,light
12/20/24 00:29,60,light
12/20/24 00:30,60,light
12/20/24 00:31,59,light
12/20/24 00:32,62,light
12/20/24 00:33,65,light
12/20/24 00:34,62,light
12/20/24 00:35,58,light
12/20/24 00:36,59,light
12/20/24 00:37,58,light
12/20/24 00:38,58,light
12/20/24 00:39,55,light
12/20/24 00:40,61,light
12/20/24 00:41,63,light
12/20/24 00:42,62,light
12/20/24 00:43,63,light
12/20/24 00:44,64,light
12/20/24 00:45,57,light
12/20/24 00:46,56,light
12/20/24 00:47,64,light
12/20/24 00:48,65,light
12/20/24 00:49,51,light
12/20/24 00:50,60,light
12/20/24 00:51,54,light
12/20/24 00:52,68,light
12/20/24 00:53,62,light
12/20/24 00:54,59,light
12/20/24 00:55,60,light
12/20/24 00:56,60,light
12/20/24 00:57,58,light
12/20/24 00:58,63,light
12/20/24 00:59,54,light
12/20/24 01:00,58,light
12/20/24 01:01,58,light
12/20/24 01:02,59,light
12/20/24 01:03,58,light
12/20/24 01:04,63,light
12/20/24 01:05,60,light
12/20/24 01:06,57,light
12/20/24 01:07,61,light
12/20/24 01:08,58,light
12/20/24 01:09,58,light
12/20/24 01:10,57,light
12/20/24 01:11,59,light
12/20/24 01:12,67,REM
12/20/24 01:13,65,REM
12/20/24 01:14,67,REM
12/20/24 01:15,60,REM
12/20/24 01:16,65,REM
12/20/24 01:17,65,REM
12/20/24 01:18,63,REM
12/20/24 01:19,62,REM
12/20/24 01:20,62,REM
12/20/24 01:21,68,REM
12/20/24 01:22,66,REM
12/20/24 01:23,63,REM
12/20/24 01:24,69,REM
12/20/24 01:25,65,REM
12/20/24 01:26,65,REM
12/20/24 01:27,68,REM
12/20/24 01:28,58,REM
12/20/24 01:29,61,REM
12/20/24 01:30,62,REM
12/20/24 01:31,65,REM
12/20/24 01:32,67,REM
12/20/24 01:33,65,REM
12/20/24 01:34,65,REM
12/20/24 01:35,59,REM
12/20/24 01:36,66,REM
12/20/24 01:37,63,REM
12/20/24 01:38,60,REM
12/20/24 01:39,66,REM
12/20/24 01:40,63,REM
12/20/24 01:41,70,REM
12/20/24 01:42,57,REM
12/20/24 01:43,65,REM
12/20/24 01:44,72,REM
12/20/24 01:45,62,REM
12/20/24 01:46,66,REM
12/20/24 01:47,65,REM
12/20/24 01:48,64,REM
12/20/24 01:49,61,REM
12/20/24 01:50,67,REM
12/20/24 01:51,69,REM
12/20/24 01:52,69,REM
12/20/24 01:53,61,REM
12/20/24 01:54,61,REM
12/20/24 01:55,63,REM
12/20/24 01:56,62,REM
12/20/24 01:57,64,REM
12/20/24 01:58,67,REM
12/20/24 01:59,62,REM
12/20/24 02:00,65,REM
12/20/24 02:01,58,REM
12/20/24 02:02,68,REM
12/20/24 02:03,67,REM
12/20/24 02:04,58,REM
12/20/24 02:05,67,REM
12/20/24 02:06,62,REM
12/20/24 02:07,57,REM
12/20/24 02:08,66,REM
12/20/24 02:09,61,REM
12/20/24 02:10,61,REM
12/20/24 02:11,70,REM
12/20/24 02:12,67,REM
12/20/24 02:13,67,REM
12/20/24 02:14,68,REM
12/20/24 02:15,68,REM
12/20/24 02:16,67,REM
12/20/24 02:17,64,REM
12/20/24 02:18,64,REM
12/20/24 02:19,68,REM
12/20/24 02:20,63,REM
12/20/24 02:21,68,REM
12/20/24 02:22,61,REM
12/20/24 02:23,63,REM
12/20/24 02:24,59,REM
12/20/24 02:25,69,REM
12/20/24 02:26,62,REM
12/20/24 02:27,55,REM
12/20/24 02:28,68,REM
12/20/24 02:29,62,REM
12/20/24 02:30,72,REM
12/20/24 02:31,65,REM
12/20/24 02:32,67,REM
12/20/24 02:33,70,REM
12/20/24 02:34,66,REM
12/20/24 02:35,60,REM
12/20/24 02:36,73,REM
12/20/24 02:37,61,REM
12/20/24 02:38,65,REM
12/20/24 02:39,65,REM
12/20/24 02:40,55,REM
12/20/24 02:41,57,REM
12/20/24 02:42,78,REM
12/20/24 02:43,66,REM
12/20/24 02:44,66,REM
12/20/24 02:45,68,REM
12/20/24 02:46,63,REM
12/20/24 02:47,67,REM
12/20/24 02:48,62,REM
12/20/24 02:49,62,REM
12/20/24 02:50,60,REM
12/20/24 02:51,60,REM
12/20/24 02:52,67,REM
12/20/24 02:53,65,REM
12/20/24 02:54,57,REM
12/20/24 02:55,69,REM
12/20/24 02:56,66,REM
12/20/24 02:57,62,REM
12/20/24 02:58,71,REM
12/20/24 02:59,58,REM
12/20/24 03:00,58,REM
12/20/24 03:01,63,REM
12/20/24 03:02,67,REM
12/20/24 03:03,57,REM
12/20/24 03:04,60,REM
12/20/24 03:05,62,REM
12/20/24 03:06,65,REM
12/20/24 03:07,62,REM
12/20/24 03:08,57,REM
12/20/24 03:09,68,REM
12/20/24 03:10,72,REM
12/20/24 03:11,61,REM
12/20/24 03:12,56,REM
12/20/24 03:13,69,REM
12/20/24 03:14,64,REM
12/20/24 03:15,57,REM
12/20/24 03:16,62,REM
12/20/24 03:17,59,REM
12/20/24 03:18,68,REM
12/20/24 03:19,60,REM
12/20/24 03:20,60,REM
12/20/24 03:21,64,REM
12/20/24 03:22,62,REM
12/20/24 03:23,64,REM
12/20/24 03:24,71,REM
12/20/24 03:25,64,REM
12/20/24 03:26,67,REM
12/20/24 03:27,65,REM
12/20/24 03:28,66,REM
12/20/24 03:29,58,REM
12/20/24 03:30,60,REM
12/20/24 03:31,63,REM
12/20/24 03:32,62,REM
12/20/24 03:33,69,REM
12/20/24 03:34,65,REM
12/20/24 03:35,64,REM
12/20/24 03:36,64,REM
12/20/24 03:37,68,REM
12/20/24 03:38,68,REM
12/20/24 03:39,64,REM
12/20/24 03:40,56,REM
12/20/24 03:41,64,REM
12/20/24 03:42,68,REM
12/20/24 03:43,70,REM
12/20/24 03:44,61,REM
12/20/24 03:45,63,REM
12/20/24 03:46,57,REM
12/20/24 03:47,65,REM
12/20/24 03:48,68,REM
12/20/24 03:49,61,REM
12/20/24 03:50,61,REM
12/20/24 03:51,64,REM
12/20/24 03:52,60,REM
12/20/24 03:53,67,REM
12/20/24 03:54,65,REM
12/20/24 03:55,68,REM
12/20/24 03:56,61,REM
12/20/24 03:57,73,REM
12/20/24 03:58,70,REM
12/20/24 03:59,65,REM
12/20/24 04:00,66,REM
12/20/24 04:01,60,REM
12/20/24 04:02,66,REM
12/20/24 04:03,64,REM
12/20/24 04:04,68,REM
12/20/24 04:05,71,REM
12/20/24 04:06,68,REM
12/20/24 04:07,66,REM
12/20/24 04:08,68,REM
12/20/24 04:09,70,REM
12/20/24 04:10,69,REM
12/20/24 04:11,72,REM
12/20/24 04:12,65,REM
12/20/24 04:13,59,REM
12/20/24 04:14,70,REM
12/20/24 04:15,57,REM
12/20/24 04:16,65,REM
12/20/24 04:17,62,REM
12/20/24 04:18,63,REM
12/20/24 04:19,66,REM
12/20/24 04:20,67,REM
12/20/24 04:21,60,REM
12/20/24 04:22,60,REM
12/20/24 04:23,62,REM
12/20/24 04:24,71,REM
12/20/24 04:25,64,REM
12/20/24 04:26,63,REM
12/20/24 04:27,64,REM
12/20/24 04:28,61,REM
12/20/24 04:29,74,REM
12/20/24 04:30,69,REM
12/20/24 04:31,64,REM
12/20/24 04:32,63,REM
12/20/24 04:33,64,REM
12/20/24 04:34,62,REM
12/20/24 04:35,62,REM
12/20/24 04:36,56,REM
12/20/24 04:37,61,REM
12/20/24 04:38,63,REM
12/20/24 04:39,67,REM
12/20/24 04:40,61,REM
12/20/24 04:41,67,REM
12/20/24 04:42,62,REM
12/20/24 04:43,64,REM
12/20/24 04:44,66,REM
12/20/24 04:45,60,REM
12/20/24 04:46,51,light
12/20/24 04:47,57,light
12/20/24 04:48,53,light
12/20/24 04:49,56,light
12/20/24 04:50,58,light
12/20/24 04:51,57,light
12/20/24 04:52,57,light
12/20/24 04:53,61,light
12/20/24 04:54,61,light
12/20/24 04:55,59,light
12/20/24 04:56,61,light
12/20/24 04:57,60,light
12/20/24 04:58,60,light
12/20/24 04:59,53,light
12/20/24 05:00,63,light
12/20/24 05:01,63,light
12/20/24 05:02,61,light
12/20/24 05:03,57,light
12/20/24 05:04,62,light
12/20/24 05:05,59,light
12/20/24 05:06,63,light
12/20/24 05:07,60,light
12/20/24 05:08,61,light
12/20/24 05:09,62,light
12/20/24 05:10,61,light
12/20/24 05:11,61,light
12/20/24 05:12,55,light
12/20/24 05:13,59,light
12/20/24 05:14,61,light
12/20/24 05:15,57,light
12/20/24 05:16,65,light
12/20/24 05:17,62,light
12/20/24 05:18,55,light
12/20/24 05:19,61,light
12/20/24 05:20,57,light
12/20/24 05:21,62,light
12/20/24 05:22,60,light
12/20/24 05:23,57,light
12/20/24 05:24,60,light
12/20/24 05:25,60,light
12/20/24 05:26,60,light
12/20/24 05:27,58,light
12/20/24 05:28,61,light
12/20/24 05:29,65,light
12/20/24 05:30,67,light
12/20/24 05:31,63,light
12/20/24 05:32,60,light
12/20/24 05:33,57,light
12/20/24 05:34,60,light
12/20/24 05:35,61,light
12/20/24 05:36,56,light
12/20/24 05:37,58,light
12/20/24 05:38,59,light
12/20/24 05:39,60,light
12/20/24 05:40,55,light
12/20/24 05:41,60,light
12/20/24 05:42,59,light
12/20/24 05:43,63,light
12/20/24 05:44,56,light
12/20/24 05:45,58,light
12/20/24 05:46,59,light
12/20/24 05:47,61,light
12/20/24 05:48,54,light
12/20/24 05:49,61,light
12/20/24 05:50,58,light
12/20/24 05:51,59,light
12/20/24 05:52,58,light
12/20/24 05:53,61,light
12/20/24 05:54,63,light
12/20/24 05:55,55,light
12/20/24 05:56,61,light
12/20/24 05:57,60,light
12/20/24 05:58,58,light
12/20/24 05:59,60,light
12/20/24 06:00,63,light
12/20/24 06:01,62,light
12/20/24 06:02,58,light
12/20/24 06:03,59,light
12/20/24 06:04,60,light
12/20/24 06:05,62,light
12/20/24 06:06,49,light
12/20/24 06:07,61,light
12/20/24 06:08,54,light
12/20/24 06:09,59,light
12/20/24 06:10,62,light
12/20/24 06:11,62,light
12/20/24 06:12,59,light
12/20/24 06:13,56,light
12/20/24 06:14,63,light
12/20/24 06:15,60,light
12/20/24 06:16,58,light
12/20/24 06:17,65,light
12/20/24 06:18,61,light
12/20/24 06:19,62,light
12/20/24 06:20,59,light
12/20/24 06:21,63,light
12/20/24 06:22,61,light
12/20/24 06:23,56,light
12/20/24 06:24,54,light
12/20/24 06:25,61,light
12/20/24 06:26,62,light
12/20/24 06:27,67,light
12/20/24 06:28,58,light
12/20/24 06:29,54,light
12/20/24 06:30,60,light
12/20/24 06:31,58,light
12/20/24 06:32,60,light
12/20/24 06:33,64,REM
12/20/24 06:34,65,REM
12/20/24 06:35,66,REM
12/20/24 06:36,66,REM
12/20/24 06:37,68,REM
12/20/24 06:38,64,REM
12/20/24 06:39,69,REM
12/20/24 06:40,62,REM
12/20/24 06:41,62,REM
12/20/24 06:42,66,REM
12/20/24 06:43,70,REM
12/20/24 06:44,68,REM
12/20/24 06:45,60,REM
12/20/24 06:46,63,REM
12/20/24 06:47,66,REM
12/20/24 06:48,65,REM
12/20/24 06:49,59,REM
12/20/24 06:50,65,REM
12/20/24 06:51,73,REM
12/20/24 06:52,66,REM
12/20/24 06:53,60,REM
12/20/24 06:54,62,REM
12/20/24 06:55,60,REM
12/20/24 06:56,59,REM
12/20/24 06:57,62,REM
12/20/24 06:58,66,REM
12/20/24 06:59,69,REM
12/20/24 23:00,58,light
12/20/24 23:01,63,light
12/20/24 23:02,56,light
12/20/24 23:03,59,light
12/20/24 23:04,59,light
12/20/24 23:05,57,light
12/20/24 23:06,56,light
12/20/24 23:07,56,light
12/20/24 23:08,58,light
12/20/24 23:09,62,light
12/20/24 23:10,58,light
12/20/24 23:11,64,light
12/20/24 23:12,54,light
12/20/24 23:13,57,light
12/20/24 23:14,66,light
12/20/24 23:15,64,light
12/20/24 23:16,56,light
12/20/24 23:17,57,light
12/20/24 23:18,59,light
12/20/24 23:19,61,light
12/20/24 23:20,56,light
12/20/24 23:21,56,light
12/20/24 23:22,64,light
12/20/24 23:23,61,light
12/20/24 23:24,68,light
12/20/24 23:25,63,light
12/20/24 23:26,56,light
12/20/24 23:27,59,light
12/20/24 23:28,56,light
12/20/24 23:29,56,light
12/20/24 23:30,59,light
12/20/24 23:31,61,light
12/20/24 23:32,61,light
12/20/24 23:33,54,light
12/20/24 23:34,57,light
12/20/24 23:35,57,light
12/20/24 23:36,64,light
12/20/24 23:37,55,light
12/20/24 23:38,54,light
12/20/24 23:39,55,light
12/20/24 23:40,62,light
12/20/24 23:41,60,light
12/20/24 23:42,64,light
12/20/24 23:43,64,light
12/20/24 23:44,55,light
12/20/24 23:45,54,light
12/20/24 23:46,58,light
12/20/24 23:47,56,light
12/20/24 23:48,59,light
12/20/24 23:49,59,light
12/20/24 23:50,62,light
12/20/24 23:51,60,light
12/20/24 23:52,62,light
12/20/24 23:53,60,light
12/20/24 23:54,63,light
12/20/24 23:55,62,light
12/20/24 23:56,61,light
12/20/24 23:57,57,light
12/20/24 23:58,59,light
12/20/24 23:59,61,light
12/21/24 00:00,64,light
12/21/24 00:01,54,light
12/21/24 00:02,52,light
12/21/24 00:03,53,light
12/21/24 00:04,60,light
12/21/24 00:05,61,light
12/21/24 00:06,59,light
12/21/24 00:07,61,light
12/21/24 00:08,61,light
12/21/24 00:09,64,light
12/21/24 00:10,62,light
12/21/24 00:11,61,light
12/21/24 00:12,62,light
12/21/24 00:13,64,light
12/21/24 00:14,62,light
12/21/24 00:15,59,light
12/21/24 00:16,54,deep
12/21/24 00:17,51,deep
12/21/24 00:18,51,deep
12/21/24 00:19,54,deep
12/21/24 00:20,55,deep
12/21/24 00:21,53,deep
12/21/24 00:22,53,deep
12/21/24 00:23,54,deep
12/21/24 00:24,49,deep
12/21/24 00:25,55,deep
12/21/24 00:26,54,deep
12/21/24 00:27,56,deep
12/21/24 00:28,52,deep
12/21/24 00:29,52,deep
12/21/24 00:30,54,deep
12/21/24 00:31,57,deep
12/21/24 00:32,55,deep
12/21/24 00:33,53,deep
12/21/24 00:34,53,deep
12/21/24 00:35,57,deep
12/21/24 00:36,55,deep
12/21/24 00:37,60,deep
12/21/24 00:38,58,deep
12/21/24 00:39,48,deep
12/21/24 00:40,54,deep
12/21/24 00:41,53,deep
12/21/24 00:42,55,deep
12/21/24 00:43,54,deep
12/21/24 00:44,53,deep
12/21/24 00:45,54,deep
12/21/24 00:46,58,deep
12/21/24 00:47,54,deep
12/21/24 00:48,55,deep
12/21/24 00:49,55,deep
12/21/24 00:50,52,deep
12/21/24 00:51,52,deep
12/21/24 00:52,56,deep
12/21/24 00:53,55,deep
12/21/24 00:54,59,deep
12/21/24 00:55,56,deep
12/21/24 00:56,58,deep
12/21/24 00:57,56,deep
12/21/24 00:58,56,deep
12/21/24 00:59,54,deep
12/21/24 01:00,54,deep
12/21/24 01:01,52,deep
12/21/24 01:02,57,deep
12/21/24 01:03,53,deep
12/21/24 01:04,53,deep
12/21/24 01:05,54,deep
12/21/24 01:06,57,deep
12/21/24 01:07,57,deep
12/21/24 01:08,54,deep
12/21/24 01:09,51,deep
12/21/24 01:10,62,light
12/21/24 01:11,63,light
12/21/24 01:12,60,light
12/21/24 01:13,63,light
12/21/24 01:14,62,light
12/21/24 01:15,55,light
12/21/24 01:16,63,light
12/21/24 01:17,59,light
12/21/24 01:18,64,light
12/21/24 01:19,60,light
12/21/24 01:20,60,light
12/21/24 01:21,63,light
12/21/24 01:22,57,light
12/21/24 01:23,59,light
12/21/24 01:24,58,light
12/21/24 01:25,63,light
12/21/24 01:26,67,light
12/21/24 01:27,58,light
12/21/24 01:28,60,light
12/21/24 01:29,56,light
12/21/24 01:30,63,light
12/21/24 01:31,57,light
12/21/24 01:32,53,light
12/21/24 01:33,59,light
12/21/24 01:34,54,light
12/21/24 01:35,64,light
12/21/24 01:36,60,light
12/21/24 01:37,64,light
12/21/24 01:38,57,light
12/21/24 01:39,62,light
12/21/24 01:40,57,light
12/21/24 01:41,64,light
12/21/24 01:42,59,light
12/21/24 01:43,55,light
12/21/24 01:44,62,light
12/21/24 01:45,59,light
12/21/24 01:46,61,light
12/21/24 01:47,64,light
12/21/24 01:48,60,light
12/21/24 01:49,63,light
12/21/24 01:50,61,light
12/21/24 01:51,59,light
12/21/24 01:52,64,light
12/21/24 01:53,53,light
12/21/24 01:54,65,light
12/21/24 01:55,64,light
12/21/24 01:56,58,light
12/21/24 01:57,61,light
12/21/24 01:58,61,light
12/21/24 01:59,61,light
12/21/24 02:00,54,light
12/21/24 02:01,57,light
12/21/24 02:02,59,light
12/21/24 02:03,62,light
12/21/24 02:04,62,light
12/21/24 02:05,58,light
12/21/24 02:06,60,light
12/21/24 02:07,59,light
12/21/24 02:08,59,light
12/21/24 02:09,62,light
12/21/24 02:10,64,light
12/21/24 02:11,56,light
12/21/24 02:12,61,light
12/21/24 02:13,60,light
12/21/24 02:14,58,light
12/21/24 02:15,58,light
12/21/24 02:16,55,light
12/21/24 02:17,63,light
12/21/24 02:18,54,light
12/21/24 02:19,59,light
12/21/24 02:20,66,light
12/21/24 02:21,59,light
12/21/24 02:22,58,light
12/21/24 02:23,65,light
12/21/24 02:24,67,light
12/21/24 02:25,55,light
12/21/24 02:26,55,light
12/21/24 02:27,60,light
12/21/24 02:28,53,light
12/21/24 02:29,60,light
12/21/24 02:30,59,light
12/21/24 02:31,62,light
12/21/24 02:32,57,light
12/21/24 02:33,62,light
12/21/24 02:34,60,light
12/21/24 02:35,66,light
12/21/24 02:36,64,light
12/21/24 02:37,63,light
12/21/24 02:38,62,light
12/21/24 02:39,56,light
12/21/24 02:40,63,light
12/21/24 02:41,57,light
12/21/24 02:42,60,light
12/21/24 02:43,63,light
12/21/24 02:44,57,light
12/21/24 02:45,52,deep
12/21/24 02:46,54,deep
12/21/24 02:47,56,deep
12/21/24 02:48,56,deep
12/21/24 02:49,56,deep
12/21/24 02:50,55,deep
12/21/24 02:51,56,deep
12/21/24 02:52,51,deep
12/21/24 02:53,55,deep
12/21/24 02:54,54,deep
12/21/24 02:55,54,deep
12/21/24 02:56,56,deep
12/21/24 02:57,53,deep
12/21/24 02:58,53,deep
12/21/24 02:59,51,deep
12/21/24 03:00,55,deep
12/21/24 03:01,54,deep
12/21/24 03:02,54,deep
12/21/24 03:03,55,deep
12/21/24 03:04,56,deep
12/21/24 03:05,53,deep
12/21/24 03:06,54,deep
12/21/24 03:07,55,deep
12/21/24 03:08,55,deep
12/21/24 03:09,56,deep
12/21/24 03:10,56,deep
12/21/24 03:11,50,deep
12/21/24 03:12,58,deep
12/21/24 03:13,55,deep
12/21/24 03:14,56,deep
12/21/24 03:15,55,deep
12/21/24 03:16,54,deep
12/21/24 03:17,59,deep
12/21/24 03:18,56,deep
12/21/24 03:19,55,deep
12/21/24 03:20,53,deep
12/21/24 03:21,60,light
12/21/24 03:22,53,light
12/21/24 03:23,57,light
12/21/24 03:24,59,light
12/21/24 03:25,57,light
12/21/24 03:26,62,light
12/21/24 03:27,60,light
12/21/24 03:28,56,light
12/21/24 03:29,61,light
12/21/24 03:30,60,light
12/21/24 03:31,57,light
12/21/24 03:32,63,light
12/21/24 03:33,56,light
12/21/24 03:34,59,light
12/21/24 03:35,57,light
12/21/24 03:36,58,light
12/21/24 03:37,56,light
12/21/24 03:38,60,light
12/21/24 03:39,56,light
12/21/24 03:40,56,light
12/21/24 03:41,60,light
12/21/24 03:42,63,light
12/21/24 03:43,58,light
12/21/24 03:44,64,light
12/21/24 03:45,60,light
12/21/24 03:46,60,light
12/21/24 03:47,63,light
12/21/24 03:48,58,light
12/21/24 03:49,64,light
12/21/24 03:50,61,light
12/21/24 03:51,55,light
12/21/24 03:52,61,light
12/21/24 03:53,63,light
12/21/24 03:54,60,light
12/21/24 03:55,59,light
12/21/24 03:56,59,light
12/21/24 03:57,56,light
12/21/24 03:58,57,light
12/21/24 03:59,62,light
12/21/24 04:00,60,light
12/21/24 04:01,55,light
12/21/24 04:02,59,light
12/21/24 04:03,62,light
12/21/24 04:04,59,light
12/21/24 04:05,62,light
12/21/24 04:06,59,light
12/21/24 04:07,61,light
12/21/24 04:08,65,light
12/21/24 04:09,61,light
12/21/24 04:10,62,light
12/21/24 04:11,58,light
12/21/24 04:12,62,light
12/21/24 04:13,60,light
12/21/24 04:14,64,light
12/21/24 04:15,58,light
12/21/24 04:16,62,light
12/21/24 04:17,63,light
12/21/24 04:18,57,light
12/21/24 04:19,57,light
12/21/24 04:20,59,light
12/21/24 04:21,58,light
12/21/24 04:22,66,light
12/21/24 04:23,62,light
12/21/24 04:24,58,light
12/21/24 04:25,62,light
12/21/24 04:26,62,light
12/21/24 04:27,65,light
12/21/24 04:28,58,light
12/21/24 04:29,63,light
12/21/24 04:30,59,light
12/21/24 04:31,57,light
12/21/24 04:32,61,light
12/21/24 04:33,64,light
12/21/24 04:34,64,light
12/21/24 04:35,58,light
12/21/24 04:36,61,light
12/21/24 04:37,59,light
12/21/24 04:38,60,light
12/21/24 04:39,68,light
12/21/24 04:40,56,light
12/21/24 04:41,65,light
12/21/24 04:42,66,light
12/21/24 04:43,63,light
12/21/24 04:44,61,light
12/21/24 04:45,60,light
12/21/24 04:46,60,light
12/21/24 04:47,55,light
12/21/24 04:48,60,light
12/21/24 04:49,55,light
12/21/24 04:50,61,light
12/21/24 04:51,58,light
12/21/24 04:52,56,light
12/21/24 04:53,57,light
12/21/24 04:54,63,light
12/21/24 04:55,60,light
12/21/24 04:56,57,light
12/21/24 04:57,59,light
12/21/24 04:58,56,light
12/21/24 04:59,54,light
12/21/24 05:00,66,light
12/21/24 05:01,66,light
12/21/24 05:02,55,light
12/21/24 05:03,63,light
12/21/24 05:04,56,light
12/21/24 05:05,60,light
12/21/24 05:06,60,light
12/21/24 05:07,57,light
12/21/24 05:08,58,light
12/21/24 05:09,63,light
12/21/24 05:10,58,light
12/21/24 05:11,59,light
12/21/24 05:12,61,light
12/21/24 05:13,61,light
12/21/24 05:14,58,light
12/21/24 05:15,54,light
12/21/24 05:16,61,light
12/21/24 05:17,58,light
12/21/24 05:18,58,light
12/21/24 05:19,60,light
12/21/24 05:20,64,light
12/21/24 05:21,63,light
12/21/24 05:22,59,light
12/21/24 05:23,63,light
12/21/24 05:24,58,light
12/21/24 05:25,65,light
12/21/24 05:26,61,light
12/21/24 05:27,64,light
12/21/24 05:28,58,light
12/21/24 05:29,56,light
12/21/24 05:30,60,light
12/21/24 05:31,61,light
12/21/24 05:32,60,light
12/21/24 05:33,61,light
12/21/24 05:34,61,light
12/21/24 05:35,58,light
12/21/24 05:36,57,light
12/21/24 05:37,63,light
12/21/24 05:38,58,light
12/21/24 05:39,60,light
12/21/24 05:40,60,light
12/21/24 05:41,66,light
12/21/24 05:42,65,light
12/21/24 05:43,59,light
12/21/24 05:44,54,light
12/21/24 05:45,61,light
12/21/24 05:46,60,light
12/21/24 05:47,57,light
12/21/24 05:48,58,light
12/21/24 05:49,57,light
12/21/24 05:50,58,light
12/21/24 05:51,63,light
12/21/24 05:52,65,light
12/21/24 05:53,58,light
12/21/24 05:54,59,light
12/21/24 05:55,63,light
12/21/24 05:56,53,deep
12/21/24 05:57,52,deep
12/21/24 05:58,55,deep
12/21/24 05:59,54,deep
12/21/24 06:00,57,deep
12/21/24 06:01,55,deep
12/21/24 06:02,50,deep
12/21/24 06:03,54,deep
12/21/24 06:04,54,deep
12/21/24 06:05,55,deep
12/21/24 06:06,52,deep
12/21/24 06:07,53,deep
12/21/24 06:08,57,deep
12/21/24 06:09,56,deep
12/21/24 06:10,54,deep
12/21/24 06:11,56,deep
12/21/24 06:12,57,deep
12/21/24 06:13,51,deep
12/21/24 06:14,52,deep
12/21/24 06:15,52,deep
12/21/24 06:16,56,deep
12/21/24 06:17,59,deep
12/21/24 06:18,56,deep
12/21/24 06:19,54,deep
12/21/24 06:20,53,deep
12/21/24 06:21,51,deep
12/21/24 06:22,55,deep
12/21/24 06:23,52,deep
12/21/24 06:24,56,deep
12/21/24 06:25,55,deep
12/21/24 06:26,51,deep
12/21/24 06:27,52,deep
12/21/24 06:28,55,deep
12/21/24 06:29,56,deep
12/21/24 06:30,54,deep
12/21/24 06:31,53,deep
12/21/24 06:32,55,deep
12/21/24 06:33,53,deep
12/21/24 06:34,59,deep
12/21/24 06:35,55,deep
12/21/24 06:36,52,deep
12/21/24 06:37,56,deep
12/21/24 06:38,53,deep
12/21/24 06:39,53,deep
12/21/24 06:40,57,deep
12/21/24 06:41,53,deep
12/21/24 06:42,53,deep
12/21/24 06:43,53,deep
12/21/24 06:44,57,deep
12/21/24 06:45,53,deep
12/21/24 06:46,56,deep
12/21/24 06:47,58,deep
12/21/24 06:48,52,deep
12/21/24 06:49,53,deep
12/21/24 06:50,54,deep
12/21/24 06:51,54,deep
12/21/24 06:52,50,deep
12/21/24 06:53,54,deep
12/21/24 06:54,54,deep
12/21/24 06:55,55,deep
12/21/24 06:56,57,deep
12/21/24 06:57,56,deep
12/21/24 06:58,57,deep
12/21/24 06:59,53,deep
12/21/24 07:00,55,deep
12/21/24 07:01,54,deep
12/21/24 07:02,55,deep
12/21/24 07:03,55,deep
12/21/24 07:04,54,deep
12/21/24 07:05,58,deep
12/21/24 07:06,56,deep
12/21/24 07:07,51,deep
12/21/24 07:08,54,deep
12/21/24 07:09,54,deep
12/21/24 07:10,54,deep
12/21/24 07:11,53,deep
12/21/24 07:12,55,deep
12/21/24 07:13,53,deep
12/21/24 07:14,53,deep
12/21/24 07:15,55,deep
12/21/24 07:16,56,deep
12/21/24 07:17,54,deep
12/21/24 07:18,55,deep
12/21/24 07:19,60,deep
12/21/24 07:20,53,deep
12/21/24 07:21,51,deep
12/21/24 07:22,54,deep
12/21/24 07:23,52,deep
12/21/24 07:24,55,deep
12/21/24 07:25,55,deep
12/21/24 07:26,55,deep
12/21/24 07:27,56,deep
12/21/24 07:28,56,deep
12/21/24 07:29,54,deep
12/21/24 07:30,56,deep
12/21/24 07:31,53,deep
12/21/24 07:32,54,deep
12/21/24 07:33,56,deep
12/21/24 07:34,56,deep
12/21/24 07:35,52,deep
12/21/24 07:36,56,deep
12/21/24 07:37,56,deep
12/21/24 07:38,53,deep
12/21/24 07:39,55,deep
12/21/24 07:40,52,deep
12/21/24 22:45,73,wake
12/21/24 22:46,71,wake
12/21/24 22:47,65,wake
12/21/24 22:48,67,wake
12/21/24 22:49,74,wake
12/21/24 22:50,70,wake
12/21/24 22:51,68,wake
12/21/24 22:52,72,wake
12/21/24 22:53,74,wake
12/21/24 22:54,64,wake
12/21/24 22:55,64,wake
12/21/24 22:56,62,wake
12/21/24 22:57,68,wake
12/21/24 22:58,70,wake
12/21/24 22:59,70,wake
12/21/24 23:00,68,wake
12/21/24 23:01,61,wake
12/21/24 23:02,74,wake
12/21/24 23:03,65,wake
12/21/24 23:04,70,wake
12/21/24 23:05,69,wake
12/21/24 23:06,61,wake
12/21/24 23:07,72,wake
12/21/24 23:08,59,wake
12/21/24 23:09,71,wake
12/21/24 23:10,73,wake
12/21/24 23:11,74,wake
12/21/24 23:12,70,wake
12/21/24 23:13,69,wake
12/21/24 23:14,70,wake
12/21/24 23:15,67,wake
12/21/24 23:16,71,wake
12/21/24 23:17,75,wake
12/21/24 23:18,78,wake
12/21/24 23:19,57,wake
12/21/24 23:20,66,wake
12/21/24 23:21,71,wake
12/21/24 23:22,72,wake
12/21/24 23:23,70,wake
12/21/24 23:24,71,wake
12/21/24 23:25,73,wake
12/21/24 23:26,63,wake
12/21/24 23:27,69,wake
12/21/24 23:28,70,wake
12/21/24 23:29,71,wake
12/21/24 23:30,64,wake
12/21/24 23:31,62,wake
12/21/24 23:32,67,wake
12/21/24 23:33,68,wake
12/21/24 23:34,74,wake
12/21/24 23:35,66,wake
12/21/24 23:36,70,wake
12/21/24 23:37,66,wake
12/21/24 23:38,70,wake
12/21/24 23:39,73,wake
12/21/24 23:40,68,wake
12/21/24 23:41,70,wake
12/21/24 23:42,77,wake
12/21/24 23:43,75,wake
12/21/24 23:44,72,wake
12/21/24 23:45,67,wake
12/21/24 23:46,75,wake
12/21/24 23:47,70,wake
12/21/24 23:48,73,wake
12/21/24 23:49,60,wake
12/21/24 23:50,81,wake
12/21/24 23:51,66,wake
12/21/24 23:52,77,wake
12/21/24 23:53,70,wake
12/21/24 23:54,70,wake
12/21/24 23:55,74,wake
12/21/24 23:56,71,wake
12/21/24 23:57,67,wake
12/21/24 23:58,75,wake
12/21/24 23:59,71,wake
12/22/24 00:00,69,wake
12/22/24 00:01,70,wake
12/22/24 00:02,63,wake
12/22/24 00:03,68,wake
12/22/24 00:04,71,wake
12/22/24 00:05,69,wake
12/22/24 00:06,72,wake
12/22/24 00:07,69,wake
12/22/24 00:08,66,wake
12/22/24 00:09,68,wake
12/22/24 00:10,71,wake
12/22/24 00:11,72,wake
12/22/24 00:12,73,wake
12/22/24 00:13,66,wake
12/22/24 00:14,70,wake
12/22/24 00:15,73,wake
12/22/24 00:16,67,wake
12/22/24 00:17,74,wake
12/22/24 00:18,83,wake
12/22/24 00:19,59,light
12/22/24 00:20,62,light
12/22/24 00:21,59,light
12/22/24 00:22,64,light
12/22/24 00:23,60,light
12/22/24 00:24,59,light
12/22/24 00:25,59,light
12/22/24 00:26,55,light
12/22/24 00:27,60,light
12/22/24 00:28,58,light
12/22/24 00:29,57,light
12/22/24 00:30,56,light
12/22/24 00:31,60,light
12/22/24 00:32,62,light
12/22/24 00:33,62,light
12/22/24 00:34,62,light
12/22/24 00:35,58,light
12/22/24 00:36,63,light
12/22/24 00:37,66,light
12/22/24 00:38,56,light
12/22/24 00:39,60,light
12/22/24 00:40,61,light
12/22/24 00:41,59,light
12/22/24 00:42,59,light
12/22/24 00:43,57,light
12/22/24 00:44,58,light
12/22/24 00:45,61,light
12/22/24 00:46,58,light
12/22/24 00:47,57,light
12/22/24 00:48,60,light
12/22/24 00:49,63,light
12/22/24 00:50,62,light
12/22/24 00:51,58,light
12/22/24 00:52,60,light
12/22/24 00:53,58,light
12/22/24 00:54,51,light
12/22/24 00:55,59,light
12/22/24 00:56,62,light
12/22/24 00:57,56,light
12/22/24 00:58,58,light
12/22/24 00:59,55,light
12/22/24 01:00,62,light
12/22/24 01:01,58,light
12/22/24 01:02,56,light
12/22/24 01:03,66,light
12/22/24 01:04,59,light
12/22/24 01:05,61,light
12/22/24 01:06,61,light
12/22/24 01:07,61,light
12/22/24 01:08,57,light
12/22/24 01:09,59,light
12/22/24 01:10,64,light
12/22/24 01:11,54,light
12/22/24 01:12,60,light
12/22/24 01:13,63,light
12/22/24 01:14,55,light
12/22/24 01:15,56,light
12/22/24 01:16,56,light
12/22/24 01:17,61,light
12/22/24 01:18,54,light
12/22/24 01:19,64,light
12/22/24 01:20,56,light
12/22/24 01:21,59,light
12/22/24 01:22,53,light
12/22/24 01:23,56,light
12/22/24 01:24,61,light
12/22/24 01:25,55,light
12/22/24 01:26,64,light
12/22/24 01:27,53,light
12/22/24 01:28,59,light
12/22/24 01:29,55,light
12/22/24 01:30,66,light
12/22/24 01:31,57,light
12/22/24 01:32,64,light
12/22/24 01:33,60,light
12/22/24 01:34,62,light
12/22/24 01:35,60,light
12/22/24 01:36,58,light
12/22/24 01:37,63,light
12/22/24 01:38,56,light
12/22/24 01:39,61,light
12/22/24 01:40,58,light
12/22/24 01:41,58,light
12/22/24 01:42,65,light
12/22/24 01:43,61,light
12/22/24 01:44,61,light
12/22/24 01:45,63,light
12/22/24 01:46,64,light
12/22/24 01:47,53,light
12/22/24 01:48,60,light
12/22/24 01:49,59,light
12/22/24 01:50,58,light
12/22/24 01:51,56,light
12/22/24 01:52,63,light
12/22/24 01:53,63,light
12/22/24 01:54,59,light
12/22/24 01:55,59,light
12/22/24 01:56,55,light
12/22/24 01:57,58,light
12/22/24 01:58,63,light
12/22/24 01:59,55,light
12/22/24 02:00,61,light
12/22/24 02:01,54,light
12/22/24 02:02,60,light
12/22/24 02:03,56,light
12/22/24 02:04,60,light
12/22/24 02:05,62,light
12/22/24 02:06,62,light
12/22/24 02:07,61,light
12/22/24 02:08,61,light
12/22/24 02:09,61,light
12/22/24 02:10,59,light
12/22/24 02:11,54,light
12/22/24 02:12,63,light
12/22/24 02:13,62,light
12/22/24 02:14,60,light
12/22/24 02:15,62,light
12/22/24 02:16,58,light
12/22/24 02:17,57,light
12/22/24 02:18,56,light
12/22/24 02:19,57,light
12/22/24 02:20,57,light
12/22/24 02:21,52,light
12/22/24 02:22,63,light
12/22/24 02:23,61,light
12/22/24 02:24,62,light
12/22/24 02:25,61,light
12/22/24 02:26,59,light
12/22/24 02:27,62,light
12/22/24 02:28,64,light
12/22/24 02:29,57,light
12/22/24 02:30,60,light
12/22/24 02:31,58,light
12/22/24 02:32,58,light
12/22/24 02:33,65,light
12/22/24 02:34,61,light
12/22/24 02:35,59,light
12/22/24 02:36,60,light
12/22/24 02:37,57,light
12/22/24 02:38,55,light
12/22/24 02:39,64,light
12/22/24 02:40,58,light
12/22/24 02:41,60,light
12/22/24 02:42,61,light
12/22/24 02:43,61,light
12/22/24 02:44,54,light
12/22/24 02:45,60,light
12/22/24 02:46,61,light
12/22/24 02:47,58,light
12/22/24 02:48,57,light
12/22/24 02:49,59,light
12/22/24 02:50,59,light
12/22/24 02:51,58,light
12/22/24 02:52,58,light
12/22/24 02:53,58,light
12/22/24 02:54,59,light
12/22/24 02:55,61,light
12/22/24 02:56,59,light
12/22/24 02:57,61,light
12/22/24 02:58,57,light
12/22/24 02:59,55,light
12/22/24 03:00,61,light
12/22/24 03:01,59,light
12/22/24 03:02,58,light
12/22/24 03:03,59,light
12/22/24 03:04,64,light
12/22/24 03:05,59,light
12/22/24 03:06,54,light
12/22/24 03:07,58,light
12/22/24 03:08,59,light
12/22/24 03:09,63,light
12/22/24 03:10,60,light
12/22/24 03:11,60,light
12/22/24 03:12,62,light
12/22/24 03:13,69,light
12/22/24 03:14,64,light
12/22/24 03:15,61,light
12/22/24 03:16,54,light
12/22/24 03:17,60,light
12/22/24 03:18,60,light
12/22/24 03:19,57,light
12/22/24 03:20,62,light
12/22/24 03:21,62,light
12/22/24 03:22,66,light
12/22/24 03:23,60,light
12/22/24 03:24,56,light
12/22/24 03:25,63,light
12/22/24 03:26,64,light
12/22/24 03:27,59,light
12/22/24 03:28,64,light
12/22/24 03:29,57,light
12/22/24 03:30,63,light
12/22/24 03:31,58,light
12/22/24 03:32,60,light
12/22/24 03:33,64,light
12/22/24 03:34,58,light
12/22/24 03:35,62,light
12/22/24 03:36,58,light
12/22/24 03:37,59,light
12/22/24 03:38,62,light
12/22/24 03:39,60,light
12/22/24 03:40,64,REM
12/22/24 03:41,68,REM
12/22/24 03:42,51,REM
12/22/24 03:43,58,REM
12/22/24 03:44,62,REM
12/22/24 03:45,63,REM
12/22/24 03:46,66,REM
12/22/24 03:47,62,REM
12/22/24 03:48,63,REM
12/22/24 03:49,60,REM
12/22/24 03:50,74,REM
12/22/24 03:51,71,REM
12/22/24 03:52,60,REM
12/22/24 03:53,63,REM
12/22/24 03:54,66,REM
12/22/24 03:55,67,REM
12/22/24 03:56,65,REM
12/22/24 03:57,57,REM
12/22/24 03:58,64,REM
12/22/24 03:59,66,REM
12/22/24 04:00,65,REM
12/22/24 04:01,69,REM
12/22/24 04:02,66,REM
12/22/24 04:03,65,REM
12/22/24 04:04,66,REM
12/22/24 04:05,65,REM
12/22/24 04:06,63,REM
12/22/24 04:07,69,REM
12/22/24 04:08,64,REM
12/22/24 04:09,71,REM
12/22/24 04:10,65,REM
12/22/24 04:11,54,REM
12/22/24 04:12,63,REM
12/22/24 04:13,66,REM
12/22/24 04:14,63,REM
12/22/24 04:15,65,REM
12/22/24 04:16,61,REM
12/22/24 04:17,63,REM
12/22/24 04:18,62,REM
12/22/24 04:19,63,REM
12/22/24 04:20,65,REM
12/22/24 04:21,61,REM
12/22/24 04:22,59,REM
12/22/24 04:23,71,REM
12/22/24 04:24,67,REM
12/22/24 04:25,63,REM
12/22/24 04:26,65,REM
12/22/24 04:27,70,REM
12/22/24 04:28,65,REM
12/22/24 04:29,61,REM
12/22/24 04:30,70,REM
12/22/24 04:31,70,REM
12/22/24 04:32,67,REM
12/22/24 04:33,61,REM
12/22/24 04:34,64,REM
12/22/24 04:35,65,REM
12/22/24 04:36,62,REM
12/22/24 04:37,63,REM
12/22/24 04:38,56,REM
12/22/24 04:39,61,REM
12/22/24 04:40,69,REM
12/22/24 04:41,68,REM
12/22/24 04:42,67,REM
12/22/24 04:43,60,REM
12/22/24 04:44,64,REM
12/22/24 04:45,66,REM
12/22/24 04:46,61,REM
12/22/24 04:47,60,REM
12/22/24 04:48,61,REM
12/22/24 04:49,70,REM
12/22/24 04:50,60,REM
12/22/24 04:51,63,REM
12/22/24 04:52,56,REM
12/22/24 04:53,63,REM
12/22/24 04:54,58,REM
12/22/24 04:55,66,REM
12/22/24 04:56,66,REM
12/22/24 04:57,60,REM
12/22/24 04:58,64,REM
12/22/24 04:59,65,REM
12/22/24 05:00,68,REM
12/22/24 05:01,64,REM
12/22/24 05:02,58,REM
12/22/24 05:03,69,REM
12/22/24 05:04,67,REM
12/22/24 05:05,69,REM
12/22/24 05:06,61,REM
12/22/24 05:07,60,REM
12/22/24 05:08,63,REM
12/22/24 05:09,73,REM
12/22/24 05:10,63,REM
12/22/24 05:11,66,REM
12/22/24 05:12,69,REM
12/22/24 05:13,71,REM
12/22/24 05:14,72,REM
12/22/24 05:15,70,REM
12/22/24 05:16,66,REM
12/22/24 05:17,65,REM
12/22/24 05:18,73,REM
12/22/24 05:19,64,REM
12/22/24 05:20,64,REM
12/22/24 05:21,66,REM
12/22/24 05:22,57,REM
12/22/24 05:23,62,REM
12/22/24 05:24,65,REM
12/22/24 05:25,64,REM
12/22/24 05:26,62,REM
12/22/24 05:27,61,REM
12/22/24 05:28,60,REM
12/22/24 05:29,71,REM
12/22/24 05:30,63,REM
12/22/24 05:31,62,light
12/22/24 05:32,65,light
12/22/24 05:33,59,light
12/22/24 05:34,60,light
12/22/24 05:35,66,light
12/22/24 05:36,57,light
12/22/24 05:37,65,light
12/22/24 05:38,60,light
12/22/24 05:39,64,light
12/22/24 05:40,61,light
12/22/24 05:41,62,light
12/22/24 05:42,57,light
12/22/24 05:43,60,light
12/22/24 05:44,58,light
12/22/24 05:45,64,light
12/22/24 05:46,57,light
12/22/24 05:47,61,light
12/22/24 05:48,63,light
12/22/24 05:49,60,light
12/22/24 05:50,52,light
12/22/24 05:51,54,light
12/22/24 05:52,65,light
12/22/24 05:53,59,light
12/22/24 05:54,58,light
12/22/24 05:55,66,light
12/22/24 05:56,64,light
12/22/24 05:57,59,light
12/22/24 05:58,54,light
12/22/24 05:59,63,light
12/22/24 06:00,59,light
12/22/24 06:01,61,light
12/22/24 06:02,67,light
12/22/24 06:03,59,light
12/22/24 06:04,62,light
12/22/24 06:05,63,light
12/22/24 06:06,63,light
12/22/24 06:07,60,light
12/22/24 06:08,61,light
12/22/24 06:09,60,light
12/22/24 06:10,56,light
12/22/24 06:11,60,light
12/22/24 06:12,56,light
12/22/24 06:13,51,light
12/22/24 06:14,60,light
12/22/24 06:15,60,light
12/22/24 06:16,57,light
12/22/24 06:17,55,light
12/22/24 06:18,56,light
12/22/24 06:19,62,light
12/22/24 06:20,55,light
12/22/24 06:21,64,light
12/22/24 06:22,56,light
12/22/24 06:23,63,light
12/22/24 06:24,56,light
12/22/24 06:25,59,light
12/22/24 06:26,58,light
12/22/24 06:27,59,light
12/22/24 06:28,61,light
12/22/24 06:29,62,light
12/22/24 06:30,58,light
12/22/24 06:31,59,light
12/22/24 06:32,63,light
12/22/24 06:33,57,light
12/22/24 06:34,59,light
12/22/24 06:35,61,light
12/22/24 06:36,60,light
12/22/24 06:37,53,light
12/22/24 06:38,66,light
12/22/24 06:39,61,light
12/22/24 06:40,63,light
12/22/24 06:41,55,light
12/22/24 06:42,56,light
12/22/24 06:43,60,light
12/22/24 06:44,53,light
12/22/24 06:45,55,light
12/22/24 06:46,56,light
12/22/24 06:47,55,light
12/22/24 06:48,57,light
12/22/24 06:49,62,light
12/22/24 06:50,59,light
12/22/24 06:51,57,light
12/22/24 06:52,58,light
12/22/24 06:53,60,light
12/22/24 06:54,59,light
12/22/24 06:55,61,light
12/22/24 06:56,58,light
12/22/24 06:57,60,light
12/22/24 06:58,62,light
12/22/24 06:59,62,light
12/22/24 07:00,58,light
12/22/24 07:01,55,light
12/22/24 07:02,63,light
12/22/24 07:03,65,light
12/22/24 07:04,59,light
12/22/24 07:05,60,light
12/22/24 07:06,59,light
12/22/24 07:07,56,light
12/22/24 07:08,61,light
12/22/24 07:09,60,light
12/22/24 07:10,62,light
12/22/24 07:11,59,light
12/22/24 07:12,62,light
12/22/24 22:00,57,deep
12/22/24 22:01,54,deep
12/22/24 22:02,49,deep
12/22/24 22:03,55,deep
12/22/24 22:04,53,deep
12/22/24 22:05,52,deep
12/22/24 22:06,52,deep
12/22/24 22:07,55,deep
12/22/24 22:08,54,deep
12/22/24 22:09,59,deep
12/22/24 22:10,57,deep
12/22/24 22:11,52,deep
12/22/24 22:12,54,deep
12/22/24 22:13,54,deep
12/22/24 22:14,51,deep
12/22/24 22:15,54,deep
12/22/24 22:16,54,deep
12/22/24 22:17,57,deep
12/22/24 22:18,54,deep
12/22/24 22:19,53,deep
12/22/24 22:20,58,deep
12/22/24 22:21,49,deep
12/22/24 22:22,51,deep
12/22/24 22:23,54,deep
12/22/24 22:24,51,deep
12/22/24 22:25,54,deep
12/22/24 22:26,52,deep
12/22/24 22:27,53,deep
12/22/24 22:28,53,deep
12/22/24 22:29,56,deep
12/22/24 22:30,56,deep
12/22/24 22:31,55,deep
12/22/24 22:32,54,deep
12/22/24 22:33,57,deep
12/22/24 22:34,52,deep
12/22/24 22:35,53,deep
12/22/24 22:36,53,deep
12/22/24 22:37,55,deep
12/22/24 22:38,57,deep
12/22/24 22:39,55,deep
12/22/24 22:40,59,deep
12/22/24 22:41,56,deep
12/22/24 22:42,54,deep
12/22/24 22:43,55,deep
12/22/24 22:44,56,deep
12/22/24 22:45,54,deep
12/22/24 22:46,54,deep
12/22/24 22:47,54,deep
12/22/24 22:48,55,deep
12/22/24 22:49,57,deep
12/22/24 22:50,57,deep
12/22/24 22:51,55,deep
12/22/24 22:52,56,deep
12/22/24 22:53,52,deep
12/22/24 22:54,52,deep
12/22/24 22:55,55,deep
12/22/24 22:56,54,deep
12/22/24 22:57,56,deep
12/22/24 22:58,54,deep
12/22/24 22:59,56,deep
12/22/24 23:00,55,deep
12/22/24 23:01,54,deep
12/22/24 23:02,57,deep
12/22/24 23:03,59,deep
12/22/24 23:04,56,deep
12/22/24 23:05,54,deep
12/22/24 23:06,51,deep
12/22/24 23:07,54,deep
12/22/24 23:08,52,deep
12/22/24 23:09,52,deep
12/22/24 23:10,58,deep
12/22/24 23:11,53,deep
12/22/24 23:12,61,deep
12/22/24 23:13,54,deep
12/22/24 23:14,56,deep
12/22/24 23:15,54,deep
12/22/24 23:16,59,deep
12/22/24 23:17,53,deep
12/22/24 23:18,51,deep
12/22/24 23:19,55,deep
12/22/24 23:20,51,deep
12/22/24 23:21,55,deep
12/22/24 23:22,54,deep
12/22/24 23:23,55,deep
12/22/24 23:24,52,deep
12/22/24 23:25,51,deep
12/22/24 23:26,53,deep
12/22/24 23:27,54,deep
12/22/24 23:28,53,deep
12/22/24 23:29,52,deep
12/22/24 23:30,54,deep
12/22/24 23:31,54,deep
12/22/24 23:32,57,deep
12/22/24 23:33,71,wake
12/22/24 23:34,71,wake
12/22/24 23:35,71,wake
12/22/24 23:36,69,wake
12/22/24 23:37,72,wake
12/22/24 23:38,72,wake
12/22/24 23:39,70,wake
12/22/24 23:40,66,wake
12/22/24 23:41,76,wake
12/22/24 23:42,70,wake
12/22/24 23:43,75,wake
12/22/24 23:44,59,wake
12/22/24 23:45,70,wake
12/22/24 23:46,69,wake
12/22/24 23:47,74,wake
12/22/24 23:48,71,wake
12/22/24 23:49,70,wake
12/22/24 23:50,71,wake
12/22/24 23:51,74,wake
12/22/24 23:52,77,wake
12/22/24 23:53,65,wake
12/22/24 23:54,72,wake
12/22/24 23:55,68,wake
12/22/24 23:56,72,wake
12/22/24 23:57,72,wake
12/22/24 23:58,72,wake
12/22/24 23:59,73,wake
12/23/24 00:00,68,wake
12/23/24 00:01,77,wake
12/23/24 00:02,64,wake
12/23/24 00:03,80,wake
12/23/24 00:04,81,wake
12/23/24 00:05,68,wake
12/23/24 00:06,64,wake
12/23/24 00:07,62,wake
12/23/24 00:08,61,wake
12/23/24 00:09,62,wake
12/23/24 00:10,66,wake
12/23/24 00:11,64,wake
12/23/24 00:12,66,wake
12/23/24 00:13,68,wake
12/23/24 00:14,69,wake
12/23/24 00:15,76,wake
12/23/24 00:16,71,wake
12/23/24 00:17,78,wake
12/23/24 00:18,65,wake
12/23/24 00:19,70,wake
12/23/24 00:20,64,wake
12/23/24 00:21,72,wake
12/23/24 00:22,61,wake
12/23/24 00:23,64,wake
12/23/24 00:24,70,wake
12/23/24 00:25,73,wake
12/23/24 00:26,72,wake
12/23/24 00:27,69,wake
12/23/24 00:28,63,wake
12/23/24 00:29,64,wake
12/23/24 00:30,69,wake
12/23/24 00:31,67,wake
12/23/24 00:32,61,wake
12/23/24 00:33,79,wake
12/23/24 00:34,56,wake
12/23/24 00:35,63,wake
12/23/24 00:36,75,wake
12/23/24 00:37,70,wake
12/23/24 00:38,73,wake
12/23/24 00:39,59,light
12/23/24 00:40,64,light
12/23/24 00:41,60,light
12/23/24 00:42,55,light
12/23/24 00:43,63,light
12/23/24 00:44,58,light
12/23/24 00:45,66,light
12/23/24 00:46,61,light
12/23/24 00:47,64,light
12/23/24 00:48,60,light
12/23/24 00:49,58,light
12/23/24 00:50,62,light
12/23/24 00:51,61,light
12/23/24 00:52,63,light
12/23/24 00:53,59,light
12/23/24 00:54,67,light
12/23/24 00:55,61,light
12/23/24 00:56,59,light
12/23/24 00:57,55,light
12/23/24 00:58,63,light
12/23/24 00:59,58,light
12/23/24 01:00,62,light
12/23/24 01:01,60,light
12/23/24 01:02,65,light
12/23/24 01:03,55,light
12/23/24 01:04,63,light
12/23/24 01:05,56,light
12/23/24 01:06,58,light
12/23/24 01:07,58,light
12/23/24 01:08,60,light
12/23/24 01:09,63,light
12/23/24 01:10,55,light
12/23/24 01:11,58,light
12/23/24 01:12,60,light
12/23/24 01:13,62,light
12/23/24 01:14,58,light
12/23/24 01:15,57,light
12/23/24 01:16,54,light
12/23/24 01:17,56,light
12/23/24 01:18,58,light
12/23/24 01:19,62,light
12/23/24 01:20,55,light
12/23/24 01:21,58,light
12/23/24 01:22,59,light
12/23/24 01:23,57,light
12/23/24 01:24,66,light
12/23/24 01:25,63,light
12/23/24 01:26,63,light
12/23/24 01:27,57,light
12/23/24 01:28,56,light
12/23/24 01:29,60,light
12/23/24 01:30,58,light
12/23/24 01:31,63,light
12/23/24 01:32,59,light
12/23/24 01:33,55,light
12/23/24 01:34,58,light
12/23/24 01:35,61,light
12/23/24 01:36,59,light
12/23/24 01:37,61,light
12/23/24 01:38,58,light
12/23/24 01:39,61,light
12/23/24 01:40,56,light
12/23/24 01:41,58,light
12/23/24 01:42,63,light
12/23/24 01:43,62,light
12/23/24 01:44,59,light
12/23/24 01:45,58,light
12/23/24 01:46,59,light
12/23/24 01:47,61,light
12/23/24 01:48,59,light
12/23/24 01:49,54,light
12/23/24 01:50,57,light
12/23/24 01:51,61,light
12/23/24 01:52,53,light
12/23/24 01:53,61,light
12/23/24 01:54,62,light
12/23/24 01:55,61,light
12/23/24 01:56,62,light
12/23/24 01:57,61,light
12/23/24 01:58,61,light
12/23/24 01:59,57,light
12/23/24 02:00,56,light
12/23/24 02:01,61,light
12/23/24 02:02,61,light
12/23/24 02:03,59,light
12/23/24 02:04,59,light
12/23/24 02:05,59,light
12/23/24 02:06,60,light
12/23/24 02:07,62,light
12/23/24 02:08,58,light
12/23/24 02:09,61,light
12/23/24 02:10,62,light
12/23/24 02:11,62,light
12/23/24 02:12,62,light
12/23/24 02:13,53,light
12/23/24 02:14,59,light
12/23/24 02:15,58,light
12/23/24 02:16,54,light
12/23/24 02:17,65,light
12/23/24 02:18,57,light
12/23/24 02:19,57,light
12/23/24 02:20,57,light
12/23/24 02:21,61,light
12/23/24 02:22,55,light
12/23/24 02:23,60,light
12/23/24 02:24,62,light
12/23/24 02:25,58,light
12/23/24 02:26,61,light
12/23/24 02:27,59,light
12/23/24 02:28,57,light
12/23/24 02:29,58,light
12/23/24 02:30,64,light
12/23/24 02:31,57,light
12/23/24 02:32,57,light
12/23/24 02:33,58,light
12/23/24 02:34,61,light
12/23/24 02:35,58,light
12/23/24 02:36,58,light
12/23/24 02:37,61,light
12/23/24 02:38,54,light
12/23/24 02:39,51,light
12/23/24 02:40,63,light
12/23/24 02:41,59,light
12/23/24 02:42,61,light
12/23/24 02:43,59,light
12/23/24 02:44,58,light
12/23/24 02:45,59,light
12/23/24 02:46,61,light
12/23/24 02:47,60,light
12/23/24 02:48,57,light
12/23/24 02:49,53,light
12/23/24 02:50,57,light
12/23/24 02:51,60,light
12/23/24 02:52,62,light
12/23/24 02:53,57,light
12/23/24 02:54,62,light
12/23/24 02:55,59,light
12/23/24 02:56,61,light
12/23/24 02:57,60,light
12/23/24 02:58,63,light
12/23/24 02:59,55,light
12/23/24 03:00,64,light
12/23/24 03:01,58,light
12/23/24 03:02,61,light
12/23/24 03:03,60,light
12/23/24 03:04,55,light
12/23/24 03:05,60,light
12/23/24 03:06,55,light
12/23/24 03:07,55,light
12/23/24 03:08,63,light
12/23/24 03:09,61,light
12/23/24 03:10,66,wake
12/23/24 03:11,67,wake
12/23/24 03:12,72,wake
12/23/24 03:13,74,wake
12/23/24 03:14,67,wake
12/23/24 03:15,73,wake
12/23/24 03:16,66,wake
12/23/24 03:17,71,wake
12/23/24 03:18,67,wake
12/23/24 03:19,69,wake
12/23/24 03:20,77,wake
12/23/24 03:21,61,wake
12/23/24 03:22,59,wake
12/23/24 03:23,68,wake
12/23/24 03:24,62,wake
12/23/24 03:25,69,wake
12/23/24 03:26,66,wake
12/23/24 03:27,74,wake
12/23/24 03:28,71,wake
12/23/24 03:29,67,wake
12/23/24 03:30,72,wake
12/23/24 03:31,80,wake
12/23/24 03:32,73,wake
12/23/24 03:33,78,wake
12/23/24 03:34,69,wake
12/23/24 03:35,69,wake
12/23/24 03:36,67,wake
12/23/24 03:37,65,wake
12/23/24 03:38,60,wake
12/23/24 03:39,78,wake
12/23/24 03:40,74,wake
12/23/24 03:41,71,wake
12/23/24 03:42,73,wake
12/23/24 03:43,73,wake
12/23/24 03:44,74,wake
12/23/24 03:45,66,wake
12/23/24 03:46,74,wake
12/23/24 03:47,77,wake
12/23/24 03:48,74,wake
12/23/24 03:49,70,wake
12/23/24 03:50,68,wake
12/23/24 03:51,70,wake
12/23/24 03:52,69,wake
12/23/24 03:53,79,wake
12/23/24 03:54,71,wake
12/23/24 03:55,67,wake
12/23/24 03:56,70,wake
12/23/24 03:57,68,wake
12/23/24 03:58,70,wake
12/23/24 03:59,69,wake
12/23/24 04:00,64,wake
12/23/24 04:01,74,wake
12/23/24 04:02,65,wake
12/23/24 04:03,59,wake
12/23/24 04:04,81,wake
12/23/24 04:05,71,wake
12/23/24 04:06,75,wake
12/23/24 04:07,64,wake
12/23/24 04:08,74,wake
12/23/24 04:09,68,wake
12/23/24 04:10,58,wake
12/23/24 04:11,71,wake
12/23/24 04:12,66,wake
12/23/24 04:13,65,wake
12/23/24 04:14,66,wake
12/23/24 04:15,67,wake
12/23/24 04:16,71,wake
12/23/24 04:17,65,wake
12/23/24 04:18,63,wake
12/23/24 04:19,77,wake
12/23/24 04:20,66,wake
12/23/24 04:21,65,wake
12/23/24 04:22,71,wake
12/23/24 04:23,69,wake
12/23/24 04:24,76,wake
12/23/24 04:25,68,wake
12/23/24 04:26,69,wake
12/23/24 04:27,63,wake
12/23/24 04:28,75,wake
12/23/24 04:29,69,wake
12/23/24 04:30,69,wake
12/23/24 04:31,67,wake
12/23/24 04:32,73,wake
12/23/24 04:33,78,wake
12/23/24 04:34,70,wake
12/23/24 04:35,70,wake
12/23/24 04:36,77,wake
12/23/24 04:37,66,wake
12/23/24 04:38,75,wake
12/23/24 04:39,71,wake
12/23/24 04:40,64,wake
12/23/24 04:41,71,wake
12/23/24 04:42,67,wake
12/23/24 04:43,75,wake
12/23/24 04:44,72,wake
12/23/24 04:45,68,wake
12/23/24 04:46,70,wake
12/23/24 04:47,70,wake
12/23/24 04:48,77,wake
12/23/24 04:49,66,wake
12/23/24 04:50,70,wake
12/23/24 04:51,65,wake
12/23/24 04:52,70,wake
12/23/24 04:53,77,wake
12/23/24 04:54,67,wake
12/23/24 04:55,75,wake
12/23/24 04:56,64,wake
12/23/24 04:57,69,wake
12/23/24 04:58,63,wake
12/23/24 04:59,68,wake
12/23/24 05:00,66,wake
12/23/24 05:01,76,wake
12/23/24 05:02,72,wake
12/23/24 05:03,61,wake
12/23/24 05:04,79,wake
12/23/24 05:05,69,wake
12/23/24 05:06,71,wake
12/23/24 05:07,76,wake
12/23/24 05:08,63,light
12/23/24 05:09,62,light
12/23/24 05:10,61,light
12/23/24 05:11,59,light
12/23/24 05:12,51,light
12/23/24 05:13,57,light
12/23/24 05:14,63,light
12/23/24 05:15,59,light
12/23/24 05:16,56,light
12/23/24 05:17,56,light
12/23/24 05:18,57,light
12/23/24 05:19,61,light
12/23/24 05:20,58,light
12/23/24 05:21,55,light
12/23/24 05:22,55,light
12/23/24 05:23,56,light
12/23/24 05:24,63,light
12/23/24 05:25,66,light
12/23/24 05:26,57,light
12/23/24 05:27,59,light
12/23/24 05:28,55,light
12/23/24 05:29,57,light
12/23/24 05:30,59,light
12/23/24 05:31,56,light
12/23/24 05:32,62,light
12/23/24 05:33,54,light
12/23/24 05:34,64,light
12/23/24 05:35,57,light
12/23/24 05:36,64,light
12/23/24 05:37,61,light
12/23/24 05:38,60,light
12/23/24 05:39,63,light
12/23/24 05:40,57,light
12/23/24 05:41,58,light
12/23/24 05:42,57,light
12/23/24 05:43,59,light
12/23/24 05:44,57,light
12/23/24 05:45,60,light
12/23/24 05:46,54,light
12/23/24 05:47,56,light
12/23/24 05:48,57,light
12/23/24 05:49,59,light
12/23/24 05:50,59,light
12/23/24 05:51,60,light
12/23/24 05:52,59,light
12/23/24 05:53,63,light
12/23/24 05:54,61,light
12/23/24 05:55,61,light
12/23/24 05:56,60,light
12/23/24 05:57,54,light
12/23/24 05:58,59,light
12/23/24 05:59,59,light
12/23/24 06:00,64,light
12/23/24 06:01,56,light
12/23/24 06:02,56,light
12/23/24 06:03,61,light
12/23/24 06:04,56,light
12/23/24 06:05,58,light
12/23/24 06:06,59,light
12/23/24 06:07,52,light
12/23/24 06:08,53,light
12/23/24 06:09,63,light
12/23/24 06:10,63,light
12/23/24 06:11,61,light
12/23/24 06:12,60,light
12/23/24 06:13,57,light
12/23/24 06:14,65,light
12/23/24 06:15,53,light
12/23/24 06:16,60,light
12/23/24 06:17,57,light
12/23/24 06:18,56,light
12/23/24 06:19,62,light
12/23/24 06:20,61,light
12/23/24 06:21,53,light
12/23/24 06:22,59,light
12/23/24 06:23,66,light
12/23/24 06:24,63,light
12/23/24 06:25,64,light
12/23/24 06:26,62,light
12/23/24 06:27,61,light
12/23/24 06:28,59,REM
12/23/24 06:29,70,REM
12/23/24 06:30,67,REM
12/23/24 06:31,67,REM
12/23/24 06:32,65,REM
12/23/24 06:33,68,REM
12/23/24 06:34,69,REM
12/23/24 06:35,69,REM
12/23/24 22:15,65,light
12/23/24 22:16,60,light
12/23/24 22:17,60,light
12/23/24 22:18,57,light
12/23/24 22:19,59,light
12/23/24 22:20,64,light
12/23/24 22:21,57,light
12/23/24 22:22,60,light
12/23/24 22:23,60,light
12/23/24 22:24,58,light
12/23/24 22:25,54,light
12/23/24 22:26,55,light
12/23/24 22:27,59,light
12/23/24 22:28,57,light
12/23/24 22:29,58,light
12/23/24 22:30,60,light
12/23/24 22:31,61,light
12/23/24 22:32,54,light
12/23/24 22:33,58,light
12/23/24 22:34,62,light
12/23/24 22:35,58,light
12/23/24 22:36,57,light
12/23/24 22:37,59,light
12/23/24 22:38,58,light
12/23/24 22:39,57,light
12/23/24 22:40,57,light
12/23/24 22:41,63,light
12/23/24 22:42,64,light
12/23/24 22:43,62,light
12/23/24 22:44,62,light
12/23/24 22:45,57,light
12/23/24 22:46,59,light
12/23/24 22:47,62,light
12/23/24 22:48,58,light
12/23/24 22:49,52,light
12/23/24 22:50,63,light
12/23/24 22:51,56,light
12/23/24 22:52,62,light
12/23/24 22:53,55,light
12/23/24 22:54,58,light
12/23/24 22:55,61,light
12/23/24 22:56,61,light
12/23/24 22:57,60,light
12/23/24 22:58,62,light
12/23/24 22:59,58,light
12/23/24 23:00,59,light
12/23/24 23:01,55,light
12/23/24 23:02,59,light
12/23/24 23:03,61,light
12/23/24 23:04,58,light
12/23/24 23:05,61,light
12/23/24 23:06,60,light
12/23/24 23:07,60,light
12/23/24 23:08,57,light
12/23/24 23:09,60,light
12/23/24 23:10,61,light
12/23/24 23:11,63,light
12/23/24 23:12,63,light
12/23/24 23:13,58,light
12/23/24 23:14,53,light
12/23/24 23:15,58,light
12/23/24 23:16,61,light
12/23/24 23:17,63,light
12/23/24 23:18,64,light
12/23/24 23:19,61,light
12/23/24 23:20,58,light
12/23/24 23:21,62,light
12/23/24 23:22,64,light
12/23/24 23:23,60,light
12/23/24 23:24,57,light
12/23/24 23:25,55,light
12/23/24 23:26,60,light
12/23/24 23:27,63,light
12/23/24 23:28,67,light
12/23/24 23:29,60,light
12/23/24 23:30,59,light
12/23/24 23:31,62,light
12/23/24 23:32,60,light
12/23/24 23:33,58,light
12/23/24 23:34,59,light
12/23/24 23:35,58,light
12/23/24 23:36,58,light
12/23/24 23:37,57,light
12/23/24 23:38,53,light
12/23/24 23:39,63,light
12/23/24 23:40,63,light
12/23/24 23:41,57,light
12/23/24 23:42,59,light
12/23/24 23:43,63,light
12/23/24 23:44,62,light
12/23/24 23:45,58,light
12/23/24 23:46,62,light
12/23/24 23:47,64,light
12/23/24 23:48,61,light
12/23/24 23:49,60,light
12/23/24 23:50,58,light
12/23/24 23:51,59,light
12/23/24 23:52,63,light
12/23/24 23:53,58,light
12/23/24 23:54,56,light
12/23/24 23:55,58,light
12/23/24 23:56,58,light
12/23/24 23:57,61,light
12/23/24 23:58,66,light
12/23/24 23:59,62,light
12/24/24 00:00,55,light
12/24/24 00:01,64,light
12/24/24 00:02,61,light
12/24/24 00:03,57,light
12/24/24 00:04,57,light
12/24/24 00:05,57,light
12/24/24 00:06,58,light
12/24/24 00:07,62,light
12/24/24 00:08,62,light
12/24/24 00:09,62,light
12/24/24 00:10,61,light
12/24/24 00:11,63,light
12/24/24 00:12,59,light
12/24/24 00:13,61,light
12/24/24 00:14,56,light
12/24/24 00:15,59,light
12/24/24 00:16,57,light
12/24/24 00:17,62,light
12/24/24 00:18,55,light
12/24/24 00:19,59,light
12/24/24 00:20,59,light
12/24/24 00:21,57,light
12/24/24 00:22,64,light
12/24/24 00:23,58,light
12/24/24 00:24,58,light
12/24/24 00:25,64,light
12/24/24 00:26,58,light
12/24/24 00:27,62,light
12/24/24 00:28,58,light
12/24/24 00:29,55,light
12/24/24 00:30,63,light
12/24/24 00:31,56,light
12/24/24 00:32,60,light
12/24/24 00:33,60,light
12/24/24 00:34,63,light
12/24/24 00:35,62,light
12/24/24 00:36,57,light
12/24/24 00:37,57,light
12/24/24 00:38,60,light
12/24/24 00:39,60,light
12/24/24 00:40,61,light
12/24/24 00:41,58,light
12/24/24 00:42,56,light
12/24/24 00:43,58,light
12/24/24 00:44,60,light
12/24/24 00:45,57,light
12/24/24 00:46,65,light
12/24/24 00:47,61,light
12/24/24 00:48,62,light
12/24/24 00:49,59,light
12/24/24 00:50,58,light
12/24/24 00:51,56,light
12/24/24 00:52,59,light
12/24/24 00:53,60,light
12/24/24 00:54,60,light
12/24/24 00:55,59,light
12/24/24 00:56,58,light
12/24/24 00:57,59,light
12/24/24 00:58,60,light
12/24/24 00:59,60,light
12/24/24 01:00,55,light
12/24/24 01:01,63,light
12/24/24 01:02,60,light
12/24/24 01:03,57,light
12/24/24 01:04,54,light
12/24/24 01:05,58,light
12/24/24 01:06,63,light
12/24/24 01:07,58,light
12/24/24 01:08,59,light
12/24/24 01:09,62,light
12/24/24 01:10,58,light
12/24/24 01:11,64,light
12/24/24 01:12,64,light
12/24/24 01:13,62,light
12/24/24 01:14,59,light
12/24/24 01:15,56,light
12/24/24 01:16,63,light
12/24/24 01:17,60,light
12/24/24 01:18,51,light
12/24/24 01:19,58,light
12/24/24 01:20,59,light
12/24/24 01:21,68,light
12/24/24 01:22,60,light
12/24/24 01:23,62,light
12/24/24 01:24,57,light
12/24/24 01:25,61,light
12/24/24 01:26,59,light
12/24/24 01:27,57,light
12/24/24 01:28,58,light
12/24/24 01:29,61,light
12/24/24 01:30,58,light
12/24/24 01:31,61,light
12/24/24 01:32,63,light
12/24/24 01:33,57,light
12/24/24 01:34,57,light
12/24/24 01:35,63,light
12/24/24 01:36,62,light
12/24/24 01:37,58,light
12/24/24 01:38,62,light
12/24/24 01:39,61,light
12/24/24 01:40,59,light
12/24/24 01:41,61,light
12/24/24 01:42,60,light
12/24/24 01:43,64,light
12/24/24 01:44,58,light
12/24/24 01:45,65,light
12/24/24 01:46,58,light
12/24/24 01:47,57,light
12/24/24 01:48,64,light
12/24/24 01:49,56,light
12/24/24 01:50,58,light
12/24/24 01:51,54,light
12/24/24 01:52,62,light
12/24/24 01:53,63,light
12/24/24 01:54,64,light
12/24/24 01:55,56,light
12/24/24 01:56,54,light
12/24/24 01:57,55,light
12/24/24 01:58,65,light
12/24/24 01:59,61,light
12/24/24 02:00,61,light
12/24/24 02:01,64,light
12/24/24 02:02,62,light
12/24/24 02:03,55,light
12/24/24 02:04,58,light
12/24/24 02:05,62,light
12/24/24 02:06,57,light
12/24/24 02:07,63,light
12/24/24 02:08,60,light
12/24/24 02:09,57,light
12/24/24 02:10,61,light
12/24/24 02:11,65,light
12/24/24 02:12,55,light
12/24/24 02:13,66,light
12/24/24 02:14,54,light
12/24/24 02:15,55,light
12/24/24 02:16,55,light
12/24/24 02:17,58,light
12/24/24 02:18,61,light
12/24/24 02:19,62,light
12/24/24 02:20,56,light
12/24/24 02:21,62,light
12/24/24 02:22,58,light
12/24/24 02:23,62,light
12/24/24 02:24,63,light
12/24/24 02:25,61,light
12/24/24 02:26,53,light
12/24/24 02:27,61,light
12/24/24 02:28,64,light
12/24/24 02:29,58,light
12/24/24 02:30,62,light
12/24/24 02:31,53,light
12/24/24 02:32,63,REM
12/24/24 02:33,58,REM
12/24/24 02:34,68,REM
12/24/24 02:35,53,REM
12/24/24 02:36,71,REM
12/24/24 02:37,66,REM
12/24/24 02:38,59,REM
12/24/24 02:39,70,REM
12/24/24 02:40,65,REM
12/24/24 02:41,64,REM
12/24/24 02:42,68,REM
12/24/24 02:43,63,REM
12/24/24 02:44,57,REM
12/24/24 02:45,67,REM
12/24/24 02:46,71,REM
12/24/24 02:47,61,REM
12/24/24 02:48,62,REM
12/24/24 02:49,68,REM
12/24/24 02:50,72,REM
12/24/24 02:51,68,REM
12/24/24 02:52,70,REM
12/24/24 02:53,64,REM
12/24/24 02:54,52,REM
12/24/24 02:55,62,REM
12/24/24 02:56,64,REM
12/24/24 02:57,66,REM
12/24/24 02:58,64,REM
12/24/24 02:59,60,REM
12/24/24 03:00,67,REM
12/24/24 03:01,64,REM
12/24/24 03:02,66,REM
12/24/24 03:03,67,REM
12/24/24 03:04,57,light
12/24/24 03:05,63,light
12/24/24 03:06,63,light
12/24/24 03:07,51,light
12/24/24 03:08,58,light
12/24/24 03:09,62,light
12/24/24 03:10,54,light
12/24/24 03:11,56,light
12/24/24 03:12,58,light
12/24/24 03:13,61,light
12/24/24 03:14,63,light
12/24/24 03:15,53,light
12/24/24 03:16,57,light
12/24/24 03:17,59,light
12/24/24 03:18,58,light
12/24/24 03:19,60,light
12/24/24 03:20,61,light
12/24/24 03:21,59,light
12/24/24 03:22,62,light
12/24/24 03:23,59,light
12/24/24 03:24,60,light
12/24/24 03:25,60,light
12/24/24 03:26,60,light
12/24/24 03:27,64,light
12/24/24 03:28,54,light
12/24/24 03:29,61,light
12/24/24 03:30,62,light
12/24/24 03:31,54,light
12/24/24 03:32,55,light
12/24/24 03:33,54,light
12/24/24 03:34,57,light
12/24/24 03:35,57,light
12/24/24 03:36,61,light
12/24/24 03:37,61,light
12/24/24 03:38,55,light
12/24/24 03:39,60,light
12/24/24 03:40,56,light
12/24/24 03:41,61,light
12/24/24 03:42,60,light
12/24/24 03:43,59,light
12/24/24 03:44,56,light
12/24/24 03:45,58,light
12/24/24 03:46,56,light
12/24/24 03:47,64,light
12/24/24 03:48,56,light
12/24/24 03:49,67,light
12/24/24 03:50,59,light
12/24/24 03:51,63,light
12/24/24 03:52,62,light
12/24/24 03:53,61,light
12/24/24 03:54,64,light
12/24/24 03:55,56,light
12/24/24 03:56,61,light
12/24/24 03:57,61,light
12/24/24 03:58,53,light
12/24/24 03:59,60,light
12/24/24 04:00,59,light
12/24/24 04:01,61,light
12/24/24 04:02,63,light
12/24/24 04:03,57,light
12/24/24 04:04,62,light
12/24/24 04:05,62,light
12/24/24 04:06,61,light
12/24/24 04:07,60,light
12/24/24 04:08,56,light
12/24/24 04:09,57,light
12/24/24 04:10,63,light
12/24/24 04:11,58,light
12/24/24 04:12,62,light
12/24/24 04:13,57,light
12/24/24 04:14,63,light
12/24/24 04:15,63,light
12/24/24 04:16,62,light
12/24/24 04:17,56,light
12/24/24 04:18,55,light
12/24/24 04:19,55,light
12/24/24 04:20,57,light
12/24/24 04:21,63,light
12/24/24 04:22,57,light
12/24/24 04:23,56,light
12/24/24 04:24,53,light
12/24/24 04:25,56,light
12/24/24 04:26,54,light
12/24/24 04:27,59,light
12/24/24 04:28,61,light
12/24/24 04:29,55,light
12/24/24 04:30,61,light
12/24/24 04:31,58,light
12/24/24 04:32,58,light
12/24/24 04:33,64,light
12/24/24 04:34,61,light
12/24/24 04:35,58,light
12/24/24 04:36,54,light
12/24/24 04:37,56,light
12/24/24 04:38,65,light
12/24/24 04:39,60,light
12/24/24 04:40,54,light
12/24/24 04:41,65,light
12/24/24 04:42,57,light
12/24/24 04:43,59,light
12/24/24 04:44,58,light
12/24/24 04:45,60,light
12/24/24 04:46,59,light
12/24/24 04:47,55,light
12/24/24 04:48,59,light
12/24/24 04:49,62,light
12/24/24 04:50,57,light
12/24/24 04:51,61,light
12/24/24 04:52,59,light
12/24/24 04:53,61,light
12/24/24 04:54,56,light
12/24/24 04:55,62,light
12/24/24 04:56,59,light
12/24/24 04:57,54,light
12/24/24 04:58,60,light
12/24/24 04:59,58,light
12/24/24 05:00,54,light
12/24/24 05:01,59,light
12/24/24 05:02,61,light
12/24/24 05:03,56,light
12/24/24 05:04,56,light
12/24/24 05:05,63,light
12/24/24 05:06,60,light
12/24/24 05:07,56,light
12/24/24 05:08,58,light
12/24/24 05:09,61,light
12/24/24 05:10,60,light
12/24/24 05:11,66,light
12/24/24 05:12,58,light
12/24/24 05:13,62,light
12/24/24 05:14,61,light
12/24/24 05:15,62,light
12/24/24 05:16,63,light
12/24/24 05:17,57,light
12/24/24 05:18,61,light
12/24/24 05:19,60,light
12/24/24 05:20,60,light
12/24/24 05:21,54,light
12/24/24 05:22,61,light
12/24/24 05:23,57,light
12/24/24 05:24,56,light
12/24/24 05:25,59,light
12/24/24 05:26,59,light
12/24/24 05:27,62,light
12/24/24 05:28,53,light
12/24/24 05:29,56,light
12/24/24 05:30,62,light
12/24/24 05:31,61,light
12/24/24 05:32,65,light
12/24/24 05:33,61,light
12/24/24 05:34,57,light
12/24/24 05:35,61,light
12/24/24 05:36,61,light
12/24/24 05:37,61,light
12/24/24 05:38,62,light
12/24/24 05:39,62,light
12/24/24 05:40,58,light
12/24/24 05:41,54,light
12/24/24 05:42,54,light
12/24/24 05:43,56,light
12/24/24 05:44,58,light
12/24/24 05:45,55,light
12/24/24 05:46,54,light
12/24/24 05:47,64,light
12/24/24 05:48,69,light
12/24/24 05:49,57,light
12/24/24 05:50,60,light
12/24/24 05:51,58,light
12/24/24 05:52,60,light
12/24/24 05:53,62,light
12/24/24 05:54,66,light
12/24/24 05:55,57,light
12/24/24 05:56,59,light
12/24/24 05:57,60,light
12/24/24 05:58,56,light
12/24/24 05:59,58,light
12/24/24 06:00,54,light
12/24/24 06:01,66,light
12/24/24 06:02,59,light
12/24/24 06:03,53,light
12/24/24 06:04,63,light
12/24/24 06:05,56,light
12/24/24 06:06,58,light
12/24/24 06:07,61,light
12/24/24 06:08,68,light
12/24/24 06:09,59,light
12/24/24 06:10,63,light
12/24/24 06:11,60,light
12/24/24 06:12,61,light
12/24/24 06:13,55,light
12/24/24 06:14,61,light
12/24/24 06:15,61,light
12/24/24 06:16,56,light
12/24/24 06:17,56,light
12/24/24 06:18,63,light
12/24/24 06:19,56,light
12/24/24 06:20,59,light
12/24/24 06:21,57,light
12/24/24 06:22,60,light
12/24/24 06:23,56,light
12/24/24 06:24,56,light
12/24/24 06:25,56,light
12/24/24 06:26,60,light
12/24/24 06:27,57,light
12/24/24 06:28,59,light
12/24/24 06:29,58,light
12/24/24 06:30,59,light
12/24/24 06:31,63,light
12/24/24 06:32,62,light
12/24/24 06:33,64,light
12/24/24 06:34,60,light
12/24/24 06:35,66,light
12/24/24 06:36,59,light
12/24/24 06:37,65,light
12/24/24 06:38,59,light
12/24/24 06:39,59,light
12/24/24 06:40,61,light
12/24/24 06:41,64,light
12/24/24 06:42,58,light
12/24/24 06:43,55,light
12/24/24 06:44,65,light
12/24/24 06:45,55,light
12/24/24 06:46,57,light
12/24/24 06:47,60,light
12/24/24 06:48,61,light
12/24/24 06:49,58,light
12/24/24 06:50,58,light
12/24/24 06:51,58,light
12/24/24 06:52,61,light
12/24/24 06:53,59,light
12/24/24 06:54,63,light
12/24/24 06:55,60,light
12/24/24 06:56,62,light
12/24/24 06:57,58,light
12/24/24 06:58,61,light
12/24/24 06:59,60,light
12/24/24 07:00,61,light
12/24/24 07:01,61,light
12/24/24 07:02,60,light
12/24/24 07:03,63,light
12/24/24 07:04,59,light
12/24/24 07:05,59,light
12/24/24 07:06,59,light
12/24/24 07:07,53,light
12/24/24 07:08,63,light
12/24/24 07:09,66,light
12/24/24 07:10,63,light
12/24/24 07:11,56,light
12/24/24 07:12,61,light
12/24/24 07:13,57,light
12/24/24 07:14,59,light
12/24/24 07:15,57,light
12/24/24 07:16,65,light
12/24/24 07:17,58,light
12/24/24 07:18,60,light
12/24/24 07:19,63,light
12/24/24 07:20,59,light
12/24/24 07:21,64,light
12/24/24 07:22,59,light
12/24/24 07:23,56,light
12/24/24 07:24,56,light
12/24/24 07:25,63,light
12/24/24 07:26,55,light
12/24/24 07:27,57,light
12/24/24 07:28,60,light
12/24/24 07:29,54,light
12/24/24 07:30,59,light
12/24/24 07:31,66,light
12/24/24 07:32,61,light
12/24/24 07:33,59,light
12/24/24 07:34,56,light
12/24/24 07:35,56,light
12/24/24 07:36,55,light
12/24/24 07:37,58,light
12/24/24 07:38,62,light
12/24/24 22:00,57,light
12/24/24 22:01,56,light
12/24/24 22:02,63,light
12/24/24 22:03,60,light
12/24/24 22:04,59,light
12/24/24 22:05,62,light
12/24/24 22:06,61,light
12/24/24 22:07,57,light
12/24/24 22:08,61,light
12/24/24 22:09,61,light
12/24/24 22:10,61,light
12/24/24 22:11,62,light
12/24/24 22:12,62,light
12/24/24 22:13,54,light
12/24/24 22:14,59,light
12/24/24 22:15,63,light
12/24/24 22:16,57,light
12/24/24 22:17,68,light
12/24/24 22:18,63,light
12/24/24 22:19,57,light
12/24/24 22:20,63,light
12/24/24 22:21,60,light
12/24/24 22:22,59,light
12/24/24 22:23,60,light
12/24/24 22:24,62,light
12/24/24 22:25,57,light
12/24/24 22:26,57,light
12/24/24 22:27,64,light
12/24/24 22:28,62,light
12/24/24 22:29,58,light
12/24/24 22:30,62,light
12/24/24 22:31,58,light
12/24/24 22:32,61,light
12/24/24 22:33,59,light
12/24/24 22:34,58,light
12/24/24 22:35,60,light
12/24/24 22:36,55,light
12/24/24 22:37,55,light
12/24/24 22:38,56,light
12/24/24 22:39,57,light
12/24/24 22:40,59,light
12/24/24 22:41,60,light
12/24/24 22:42,59,light
12/24/24 22:43,65,light
12/24/24 22:44,55,light
12/24/24 22:45,61,light
12/24/24 22:46,57,light
12/24/24 22:47,56,light
12/24/24 22:48,62,light
12/24/24 22:49,59,light
12/24/24 22:50,58,light
12/24/24 22:51,65,light
12/24/24 22:52,53,light
12/24/24 22:53,58,light
12/24/24 22:54,56,light
12/24/24 22:55,54,deep
12/24/24 22:56,52,deep
12/24/24 22:57,55,deep
12/24/24 22:58,53,deep
12/24/24 22:59,56,deep
12/24/24 23:00,59,deep
12/24/24 23:01,55,deep
12/24/24 23:02,56,deep
12/24/24 23:03,55,deep
12/24/24 23:04,55,deep
12/24/24 23:05,58,deep
12/24/24 23:06,54,deep
12/24/24 23:07,55,deep
12/24/24 23:08,55,deep
12/24/24 23:09,55,deep
12/24/24 23:10,55,deep
12/24/24 23:11,51,deep
12/24/24 23:12,55,deep
12/24/24 23:13,54,deep
12/24/24 23:14,52,deep
12/24/24 23:15,58,deep
12/24/24 23:16,53,deep
12/24/24 23:17,52,deep
12/24/24 23:18,55,deep
12/24/24 23:19,53,deep
12/24/24 23:20,53,deep
12/24/24 23:21,56,deep
12/24/24 23:22,55,deep
12/24/24 23:23,53,deep
12/24/24 23:24,55,deep
12/24/24 23:25,55,deep
12/24/24 23:26,51,deep
12/24/24 23:27,53,deep
12/24/24 23:28,54,deep
12/24/24 23:29,53,deep
12/24/24 23:30,55,deep
12/24/24 23:31,56,deep
12/24/24 23:32,54,deep
12/24/24 23:33,53,deep
12/24/24 23:34,53,deep
12/24/24 23:35,59,deep
12/24/24 23:36,54,deep
12/24/24 23:37,58,deep
12/24/24 23:38,56,deep
12/24/24 23:39,56,deep
12/24/24 23:40,54,deep
12/24/24 23:41,53,deep
12/24/24 23:42,52,deep
12/24/24 23:43,54,deep
12/24/24 23:44,56,deep
12/24/24 23:45,56,deep
12/24/24 23:46,55,deep
12/24/24 23:47,56,deep
12/24/24 23:48,55,deep
12/24/24 23:49,53,deep
12/24/24 23:50,52,deep
12/24/24 23:51,54,deep
12/24/24 23:52,56,deep
12/24/24 23:53,55,deep
12/24/24 23:54,57,deep
12/24/24 23:55,53,deep
12/24/24 23:56,55,deep
12/24/24 23:57,51,deep
12/24/24 23:58,55,deep
12/24/24 23:59,52,deep
12/25/24 00:00,53,deep
12/25/24 00:01,54,deep
12/25/24 00:02,56,deep
12/25/24 00:03,55,deep
12/25/24 00:04,54,deep
12/25/24 00:05,54,deep
12/25/24 00:06,52,deep
12/25/24 00:07,58,deep
12/25/24 00:08,55,deep
12/25/24 00:09,51,deep
12/25/24 00:10,58,deep
12/25/24 00:11,56,deep
12/25/24 00:12,56,deep
12/25/24 00:13,57,deep
12/25/24 00:14,53,deep
12/25/24 00:15,57,deep
12/25/24 00:16,57,deep
12/25/24 00:17,52,deep
12/25/24 00:18,53,deep
12/25/24 00:19,56,deep
12/25/24 00:20,53,deep
12/25/24 00:21,53,deep
12/25/24 00:22,57,deep
12/25/24 00:23,55,deep
12/25/24 00:24,65,REM
12/25/24 00:25,65,REM
12/25/24 00:26,66,REM
12/25/24 00:27,64,REM
12/25/24 00:28,61,REM
12/25/24 00:29,70,REM
12/25/24 00:30,68,REM
12/25/24 00:31,66,REM
12/25/24 00:32,63,REM
12/25/24 00:33,64,REM
12/25/24 00:34,52,REM
12/25/24 00:35,66,REM
12/25/24 00:36,72,REM
12/25/24 00:37,64,REM
12/25/24 00:38,63,REM
12/25/24 00:39,74,REM
12/25/24 00:40,63,REM
12/25/24 00:41,65,REM
12/25/24 00:42,66,REM
12/25/24 00:43,68,REM
12/25/24 00:44,60,REM
12/25/24 00:45,62,REM
12/25/24 00:46,67,REM
12/25/24 00:47,69,REM
12/25/24 00:48,62,REM
12/25/24 00:49,68,REM
12/25/24 00:50,66,REM
12/25/24 00:51,62,REM
12/25/24 00:52,64,REM
12/25/24 00:53,64,REM
12/25/24 00:54,66,REM
12/25/24 00:55,68,REM
12/25/24 00:56,64,REM
12/25/24 00:57,63,REM
12/25/24 00:58,67,REM
12/25/24 00:59,66,REM
12/25/24 01:00,66,REM
12/25/24 01:01,66,REM
12/25/24 01:02,71,REM
12/25/24 01:03,62,REM
12/25/24 01:04,66,REM
12/25/24 01:05,66,REM
12/25/24 01:06,60,REM
12/25/24 01:07,59,REM
12/25/24 01:08,66,REM
12/25/24 01:09,65,REM
12/25/24 01:10,66,REM
12/25/24 01:11,64,REM
12/25/24 01:12,66,REM
12/25/24 01:13,71,REM
12/25/24 01:14,60,REM
12/25/24 01:15,59,REM
12/25/24 01:16,68,REM
12/25/24 01:17,65,REM
12/25/24 01:18,57,REM
12/25/24 01:19,62,REM
12/25/24 01:20,68,REM
12/25/24 01:21,65,REM
12/25/24 01:22,62,REM
12/25/24 01:23,66,REM
12/25/24 01:24,59,REM
12/25/24 01:25,67,REM
12/25/24 01:26,68,REM
12/25/24 01:27,57,REM
12/25/24 01:28,62,REM
12/25/24 01:29,67,REM
12/25/24 01:30,67,REM
12/25/24 01:31,67,REM
12/25/24 01:32,69,REM
12/25/24 01:33,64,REM
12/25/24 01:34,71,REM
12/25/24 01:35,64,REM
12/25/24 01:36,67,REM
12/25/24 01:37,65,REM
12/25/24 01:38,60,REM
12/25/24 01:39,60,REM
12/25/24 01:40,69,REM
12/25/24 01:41,62,REM
12/25/24 01:42,61,REM
12/25/24 01:43,64,REM
12/25/24 01:44,60,REM
12/25/24 01:45,61,REM
12/25/24 01:46,65,REM
12/25/24 01:47,59,REM
12/25/24 01:48,62,REM
12/25/24 01:49,67,REM
12/25/24 01:50,67,REM
12/25/24 01:51,61,REM
12/25/24 01:52,64,REM
12/25/24 01:53,58,REM
12/25/24 01:54,61,REM
12/25/24 01:55,56,REM
12/25/24 01:56,61,REM
12/25/24 01:57,67,REM
12/25/24 01:58,65,REM
12/25/24 01:59,63,REM
12/25/24 02:00,67,REM
12/25/24 02:01,70,REM
12/25/24 02:02,59,REM
12/25/24 02:03,62,REM
12/25/24 02:04,54,deep
12/25/24 02:05,55,deep
12/25/24 02:06,55,deep
12/25/24 02:07,52,deep
12/25/24 02:08,55,deep
12/25/24 02:09,51,deep
12/25/24 02:10,56,deep
12/25/24 02:11,57,deep
12/25/24 02:12,52,deep
12/25/24 02:13,54,deep
12/25/24 02:14,54,deep
12/25/24 02:15,53,deep
12/25/24 02:16,55,deep
12/25/24 02:17,54,deep
12/25/24 02:18,56,deep
12/25/24 02:19,53,deep
12/25/24 02:20,55,deep
12/25/24 02:21,56,deep
12/25/24 02:22,55,deep
12/25/24 02:23,56,deep
12/25/24 02:24,56,deep
12/25/24 02:25,54,deep
12/25/24 02:26,53,deep
12/25/24 02:27,54,deep
12/25/24 02:28,53,deep
12/25/24 02:29,55,deep
12/25/24 02:30,54,deep
12/25/24 02:31,55,deep
12/25/24 02:32,57,deep
12/25/24 02:33,54,deep
12/25/24 02:34,54,deep
12/25/24 02:35,56,deep
12/25/24 02:36,55,deep
12/25/24 02:37,53,deep
12/25/24 02:38,55,deep
12/25/24 02:39,55,deep
12/25/24 02:40,52,deep
12/25/24 02:41,52,deep
12/25/24 02:42,57,deep
12/25/24 02:43,54,deep
12/25/24 02:44,54,deep
12/25/24 02:45,55,deep
12/25/24 02:46,58,light
12/25/24 02:47,61,light
12/25/24 02:48,58,light
12/25/24 02:49,62,light
12/25/24 02:50,61,light
12/25/24 02:51,62,light
12/25/24 02:52,54,light
12/25/24 02:53,61,light
12/25/24 02:54,58,light
12/25/24 02:55,59,light
12/25/24 02:56,61,light
12/25/24 02:57,59,light
12/25/24 02:58,67,light
12/25/24 02:59,57,light
12/25/24 03:00,64,light
12/25/24 03:01,55,light
12/25/24 03:02,64,light
12/25/24 03:03,57,light
12/25/24 03:04,57,light
12/25/24 03:05,58,light
12/25/24 03:06,61,light
12/25/24 03:07,61,light
12/25/24 03:08,63,light
12/25/24 03:09,64,light
12/25/24 03:10,63,light
12/25/24 03:11,61,light
12/25/24 03:12,56,light
12/25/24 03:13,59,light
12/25/24 03:14,61,light
12/25/24 03:15,57,light
12/25/24 03:16,65,light
12/25/24 03:17,57,light
12/25/24 03:18,54,light
12/25/24 03:19,60,light
12/25/24 03:20,65,light
12/25/24 03:21,60,light
12/25/24 03:22,64,light
12/25/24 03:23,59,light
12/25/24 03:24,59,light
12/25/24 03:25,54,light
12/25/24 03:26,62,light
12/25/24 03:27,63,light
12/25/24 03:28,63,light
12/25/24 03:29,59,light
12/25/24 03:30,58,light
12/25/24 03:31,56,light
12/25/24 03:32,54,light
12/25/24 03:33,57,light
12/25/24 03:34,56,light
12/25/24 03:35,60,light
12/25/24 03:36,56,light
12/25/24 03:37,63,light
12/25/24 03:38,64,light
12/25/24 03:39,60,light
12/25/24 03:40,57,light
12/25/24 03:41,54,light
12/25/24 03:42,64,light
12/25/24 03:43,63,light
12/25/24 03:44,62,light
12/25/24 03:45,55,light
12/25/24 03:46,61,light
12/25/24 03:47,60,light
12/25/24 03:48,58,light
12/25/24 03:49,61,light
12/25/24 03:50,58,light
12/25/24 03:51,54,light
12/25/24 03:52,65,light
12/25/24 03:53,57,light
12/25/24 03:54,50,light
12/25/24 03:55,57,light
12/25/24 03:56,53,light
12/25/24 03:57,55,light
12/25/24 03:58,60,light
12/25/24 03:59,60,light
12/25/24 04:00,63,light
12/25/24 04:01,56,light
12/25/24 04:02,63,light
12/25/24 04:03,64,light
12/25/24 04:04,59,light
12/25/24 04:05,61,light
12/25/24 04:06,63,light
12/25/24 04:07,61,light
12/25/24 04:08,59,light
12/25/24 04:09,60,light
12/25/24 04:10,62,light
12/25/24 04:11,60,light
12/25/24 04:12,62,light
12/25/24 04:13,58,light
12/25/24 04:14,61,light
12/25/24 04:15,54,light
12/25/24 04:16,62,light
12/25/24 04:17,57,light
12/25/24 04:18,60,light
12/25/24 04:19,65,light
12/25/24 04:20,63,light
12/25/24 04:21,60,light
12/25/24 04:22,55,light
12/25/24 04:23,55,light
12/25/24 04:24,64,light
12/25/24 04:25,62,light
12/25/24 04:26,63,light
12/25/24 04:27,57,light
12/25/24 04:28,60,light
12/25/24 04:29,58,light
12/25/24 04:30,64,light
12/25/24 04:31,61,light
12/25/24 04:32,55,light
12/25/24 04:33,61,light
12/25/24 04:34,56,light
12/25/24 04:35,62,light
12/25/24 04:36,53,light
12/25/24 04:37,59,light
12/25/24 04:38,61,light
12/25/24 04:39,56,light
12/25/24 04:40,59,light
12/25/24 04:41,62,light
12/25/24 04:42,63,light
12/25/24 04:43,58,light
12/25/24 04:44,60,light
12/25/24 04:45,59,light
12/25/24 04:46,61,light
12/25/24 04:47,51,light
12/25/24 04:48,57,light
12/25/24 04:49,54,light
12/25/24 04:50,60,light
12/25/24 04:51,55,light
12/25/24 04:52,57,light
12/25/24 04:53,67,light
12/25/24 04:54,61,light
12/25/24 04:55,62,light
12/25/24 04:56,61,light
12/25/24 04:57,59,light
12/25/24 04:58,63,light
12/25/24 04:59,59,light
12/25/24 05:00,57,light
12/25/24 05:01,55,light
12/25/24 05:02,55,light
12/25/24 05:03,59,light
12/25/24 05:04,62,light
12/25/24 05:05,57,light
12/25/24 05:06,60,light
12/25/24 05:07,62,light
12/25/24 05:08,63,light
12/25/24 05:09,63,light
12/25/24 05:10,64,light
12/25/24 05:11,61,light
12/25/24 05:12,61,light
12/25/24 05:13,63,light
12/25/24 05:14,58,light
12/25/24 05:15,58,light
12/25/24 05:16,58,light
12/25/24 05:17,62,light
12/25/24 05:18,63,light
12/25/24 05:19,59,light
12/25/24 05:20,61,light
12/25/24 05:21,60,light
12/25/24 05:22,61,light
12/25/24 05:23,60,light
12/25/24 05:24,61,light
12/25/24 05:25,60,light
12/25/24 05:26,59,light
12/25/24 05:27,62,light
12/25/24 05:28,59,light
12/25/24 05:29,57,light
12/25/24 05:30,58,light
12/25/24 05:31,57,light
12/25/24 05:32,61,light
12/25/24 05:33,62,light
12/25/24 05:34,54,light
12/25/24 05:35,60,light
12/25/24 05:36,60,light
12/25/24 05:37,60,light
12/25/24 05:38,64,light
12/25/24 05:39,58,light
12/25/24 05:40,66,light
12/25/24 05:41,61,light
12/25/24 05:42,57,light
12/25/24 05:43,61,light
12/25/24 05:44,59,light
12/25/24 05:45,63,light
12/25/24 05:46,55,light
12/25/24 05:47,61,light
12/25/24 05:48,65,light
12/25/24 05:49,59,light
12/25/24 05:50,61,light
12/25/24 05:51,56,light
12/25/24 05:52,59,light
12/25/24 05:53,56,light
12/25/24 05:54,67,light
12/25/24 05:55,63,light
12/25/24 05:56,61,light
12/25/24 05:57,54,light
12/25/24 05:58,62,light
12/25/24 05:59,62,light
12/25/24 06:00,59,light
12/25/24 06:01,60,light
12/25/24 06:02,58,light
12/25/24 06:03,58,light
12/25/24 06:04,59,light
12/25/24 06:05,58,light
12/25/24 06:06,59,light
12/25/24 06:07,61,light
12/25/24 06:08,61,light
12/25/24 06:09,58,light
12/25/24 06:10,59,light
12/25/24 06:11,56,light
12/25/24 06:12,58,light
12/25/24 06:13,65,light
12/25/24 06:14,57,light
12/25/24 06:15,61,light
12/25/24 06:16,59,light
12/25/24 06:17,60,light
12/25/24 06:18,60,light
12/25/24 06:19,59,light
12/25/24 06:20,64,light
12/25/24 06:21,58,light
12/25/24 06:22,61,light
12/25/24 06:23,64,light
12/25/24 06:24,62,light
12/25/24 06:25,52,light
12/25/24 06:26,59,light
12/25/24 06:27,54,light
12/25/24 06:28,64,light
12/25/24 06:29,62,light
12/25/24 06:30,59,light
12/25/24 06:31,66,light
12/25/24 06:32,59,light
12/25/24 06:33,58,light
12/25/24 06:34,62,light
12/25/24 06:35,57,light
12/25/24 06:36,55,light
12/25/24 06:37,57,light
12/25/24 06:38,62,light
12/25/24 06:39,60,light
12/25/24 06:40,59,light
12/25/24 06:41,62,light
12/25/24 06:42,59,light
12/25/24 06:43,62,light
12/25/24 06:44,61,light
12/25/24 06:45,58,light
12/25/24 06:46,64,light
12/25/24 06:47,63,light
12/25/24 06:48,60,light
12/25/24 06:49,59,light
12/25/24 06:50,65,light
12/25/24 06:51,59,light
12/25/24 06:52,59,light
12/25/24 06:53,54,light
12/25/24 06:54,59,light
12/25/24 06:55,65,light
12/25/24 06:56,55,light
12/25/24 06:57,58,light
12/25/24 06:58,66,light
12/25/24 06:59,59,light
12/25/24 07:00,63,light
12/25/24 22:15,62,light
12/25/24 22:16,55,light
12/25/24 22:17,64,light
12/25/24 22:18,56,light
12/25/24 22:19,59,light
12/25/24 22:20,60,light
12/25/24 22:21,63,light
12/25/24 22:22,59,light
12/25/24 22:23,62,light
12/25/24 22:24,55,light
12/25/24 22:25,62,light
12/25/24 22:26,62,light
12/25/24 22:27,65,light
12/25/24 22:28,61,light
12/25/24 22:29,58,light
12/25/24 22:30,61,light
12/25/24 22:31,57,light
12/25/24 22:32,65,light
12/25/24 22:33,58,light
12/25/24 22:34,60,light
12/25/24 22:35,55,light
12/25/24 22:36,60,light
12/25/24 22:37,62,light
12/25/24 22:38,64,light
12/25/24 22:39,62,light
12/25/24 22:40,61,light
12/25/24 22:41,60,light
12/25/24 22:42,60,light
12/25/24 22:43,58,light
12/25/24 22:44,66,light
12/25/24 22:45,64,light
12/25/24 22:46,61,light
12/25/24 22:47,61,light
12/25/24 22:48,58,light
12/25/24 22:49,63,light
12/25/24 22:50,61,light
12/25/24 22:51,60,light
12/25/24 22:52,54,light
12/25/24 22:53,57,light
12/25/24 22:54,56,light
12/25/24 22:55,60,light
12/25/24 22:56,56,light
12/25/24 22:57,62,light
12/25/24 22:58,63,light
12/25/24 22:59,58,light
12/25/24 23:00,56,light
12/25/24 23:01,56,light
12/25/24 23:02,59,light
12/25/24 23:03,60,light
12/25/24 23:04,54,light
12/25/24 23:05,61,light
12/25/24 23:06,60,light
12/25/24 23:07,59,light
12/25/24 23:08,52,light
12/25/24 23:09,64,light
12/25/24 23:10,56,light
12/25/24 23:11,56,light
12/25/24 23:12,63,light
12/25/24 23:13,62,light
12/25/24 23:14,65,light
12/25/24 23:15,61,light
12/25/24 23:16,58,light
12/25/24 23:17,60,light
12/25/24 23:18,61,light
12/25/24 23:19,61,light
12/25/24 23:20,58,light
12/25/24 23:21,59,light
12/25/24 23:22,58,light
12/25/24 23:23,60,light
12/25/24 23:24,58,light
12/25/24 23:25,60,light
12/25/24 23:26,66,light
12/25/24 23:27,61,light
12/25/24 23:28,58,light
12/25/24 23:29,61,light
12/25/24 23:30,58,light
12/25/24 23:31,58,light
12/25/24 23:32,56,light
12/25/24 23:33,61,light
12/25/24 23:34,63,light
12/25/24 23:35,58,light
12/25/24 23:36,57,light
12/25/24 23:37,60,light
12/25/24 23:38,59,light
12/25/24 23:39,61,light
12/25/24 23:40,62,light
12/25/24 23:41,58,light
12/25/24 23:42,57,light
12/25/24 23:43,62,light
12/25/24 23:44,61,light
12/25/24 23:45,63,light
12/25/24 23:46,54,light
12/25/24 23:47,61,light
12/25/24 23:48,66,light
12/25/24 23:49,56,light
12/25/24 23:50,57,light
12/25/24 23:51,56,light
12/25/24 23:52,62,light
12/25/24 23:53,56,light
12/25/24 23:54,65,light
12/25/24 23:55,56,light
12/25/24 23:56,54,light
12/25/24 23:57,60,light
12/25/24 23:58,61,light
12/25/24 23:59,59,light
12/26/24 00:00,60,light
12/26/24 00:01,62,light
12/26/24 00:02,58,light
12/26/24 00:03,52,light
12/26/24 00:04,58,light
12/26/24 00:05,63,light
12/26/24 00:06,58,light
12/26/24 00:07,60,light
12/26/24 00:08,62,light
12/26/24 00:09,59,light
12/26/24 00:10,58,light
12/26/24 00:11,58,light
12/26/24 00:12,61,light
12/26/24 00:13,56,light
12/26/24 00:14,59,light
12/26/24 00:15,65,light
12/26/24 00:16,59,light
12/26/24 00:17,60,light
12/26/24 00:18,66,light
12/26/24 00:19,58,light
12/26/24 00:20,60,light
12/26/24 00:21,58,light
12/26/24 00:22,57,light
12/26/24 00:23,61,light
12/26/24 00:24,66,light
12/26/24 00:25,58,light
12/26/24 00:26,61,light
12/26/24 00:27,59,light
12/26/24 00:28,60,light
12/26/24 00:29,59,light
12/26/24 00:30,57,light
12/26/24 00:31,54,light
12/26/24 00:32,62,light
12/26/24 00:33,60,light
12/26/24 00:34,61,light
12/26/24 00:35,63,light
12/26/24 00:36,55,light
12/26/24 00:37,53,light
12/26/24 00:38,64,REM
12/26/24 00:39,71,REM
12/26/24 00:40,63,REM
12/26/24 00:41,64,REM
12/26/24 00:42,69,REM
12/26/24 00:43,64,REM
12/26/24 00:44,59,REM
12/26/24 00:45,65,REM
12/26/24 00:46,61,REM
12/26/24 00:47,66,REM
12/26/24 00:48,62,REM
12/26/24 00:49,62,REM
12/26/24 00:50,68,REM
12/26/24 00:51,59,REM
12/26/24 00:52,65,REM
12/26/24 00:53,65,REM
12/26/24 00:54,60,REM
12/26/24 00:55,62,REM
12/26/24 00:56,62,REM
12/26/24 00:57,73,REM
12/26/24 00:58,57,REM
12/26/24 00:59,61,REM
12/26/24 01:00,66,REM
12/26/24 01:01,61,REM
12/26/24 01:02,68,REM
12/26/24 01:03,63,REM
12/26/24 01:04,69,REM
12/26/24 01:05,61,REM
12/26/24 01:06,64,REM
12/26/24 01:07,73,REM
12/26/24 01:08,62,REM
12/26/24 01:09,63,REM
12/26/24 01:10,67,REM
12/26/24 01:11,66,REM
12/26/24 01:12,66,REM
12/26/24 01:13,67,REM
12/26/24 01:14,65,REM
12/26/24 01:15,65,REM
12/26/24 01:16,64,REM
12/26/24 01:17,61,REM
12/26/24 01:18,69,REM
12/26/24 01:19,63,REM
12/26/24 01:20,68,REM
12/26/24 01:21,69,REM
12/26/24 01:22,64,REM
12/26/24 01:23,65,REM
12/26/24 01:24,64,REM
12/26/24 01:25,62,REM
12/26/24 01:26,71,REM
12/26/24 01:27,63,REM
12/26/24 01:28,57,REM
12/26/24 01:29,65,REM
12/26/24 01:30,63,REM
12/26/24 01:31,74,REM
12/26/24 01:32,66,REM
12/26/24 01:33,70,REM
12/26/24 01:34,67,REM
12/26/24 01:35,64,REM
12/26/24 01:36,69,REM
12/26/24 01:37,62,REM
12/26/24 01:38,64,REM
12/26/24 01:39,72,REM
12/26/24 01:40,72,REM
12/26/24 01:41,64,REM
12/26/24 01:42,73,REM
12/26/24 01:43,68,REM
12/26/24 01:44,72,REM
12/26/24 01:45,63,REM
12/26/24 01:46,64,REM
12/26/24 01:47,68,REM
12/26/24 01:48,64,REM
12/26/24 01:49,71,REM
12/26/24 01:50,60,REM
12/26/24 01:51,66,REM
12/26/24 01:52,64,REM
12/26/24 01:53,65,REM
12/26/24 01:54,62,REM
12/26/24 01:55,62,REM
12/26/24 01:56,65,REM
12/26/24 01:57,58,REM
12/26/24 01:58,67,REM
12/26/24 01:59,71,REM
12/26/24 02:00,68,REM
12/26/24 02:01,72,REM
12/26/24 02:02,66,REM
12/26/24 02:03,65,REM
12/26/24 02:04,68,REM
12/26/24 02:05,65,REM
12/26/24 02:06,66,REM
12/26/24 02:07,57,REM
12/26/24 02:08,63,REM
12/26/24 02:09,70,REM
12/26/24 02:10,69,REM
12/26/24 02:11,60,REM
12/26/24 02:12,65,REM
12/26/24 02:13,61,REM
12/26/24 02:14,63,REM
12/26/24 02:15,65,REM
12/26/24 02:16,65,REM
12/26/24 02:17,65,REM
12/26/24 02:18,67,REM
12/26/24 02:19,58,REM
12/26/24 02:20,66,REM
12/26/24 02:21,59,REM
12/26/24 02:22,63,REM
12/26/24 02:23,65,REM
12/26/24 02:24,61,REM
12/26/24 02:25,69,REM
12/26/24 02:26,70,REM
12/26/24 02:27,64,REM
12/26/24 02:28,59,REM
12/26/24 02:29,60,REM
12/26/24 02:30,70,REM
12/26/24 02:31,69,REM
12/26/24 02:32,64,REM
12/26/24 02:33,65,REM
12/26/24 02:34,63,REM
12/26/24 02:35,65,REM
12/26/24 02:36,57,light
12/26/24 02:37,65,light
12/26/24 02:38,62,light
12/26/24 02:39,58,light
12/26/24 02:40,59,light
12/26/24 02:41,56,light
12/26/24 02:42,60,light
12/26/24 02:43,59,light
12/26/24 02:44,56,light
12/26/24 02:45,58,light
12/26/24 02:46,61,light
12/26/24 02:47,62,light
12/26/24 02:48,58,light
12/26/24 02:49,62,light
12/26/24 02:50,55,light
12/26/24 02:51,59,light
12/26/24 02:52,63,light
12/26/24 02:53,52,light
12/26/24 02:54,60,light
12/26/24 02:55,60,light
12/26/24 02:56,56,light
12/26/24 02:57,60,light
12/26/24 02:58,59,light
12/26/24 02:59,64,light
12/26/24 03:00,62,light
12/26/24 03:01,55,light
12/26/24 03:02,61,light
12/26/24 03:03,56,light
12/26/24 03:04,55,light
12/26/24 03:05,59,light
12/26/24 03:06,55,light
12/26/24 03:07,64,light
12/26/24 03:08,65,light
12/26/24 03:09,56,light
12/26/24 03:10,61,light
12/26/24 03:11,63,light
12/26/24 03:12,58,light
12/26/24 03:13,65,light
12/26/24 03:14,55,light
12/26/24 03:15,61,light
12/26/24 03:16,59,light
12/26/24 03:17,60,light
12/26/24 03:18,66,light
12/26/24 03:19,52,light
12/26/24 03:20,61,light
12/26/24 03:21,58,light
12/26/24 03:22,62,light
12/26/24 03:23,56,light
12/26/24 03:24,59,light
12/26/24 03:25,57,light
12/26/24 03:26,60,light
12/26/24 03:27,60,light
12/26/24 03:28,58,light
12/26/24 03:29,62,light
12/26/24 03:30,65,light
12/26/24 03:31,62,light
12/26/24 03:32,62,light
12/26/24 03:33,61,light
12/26/24 03:34,63,light
12/26/24 03:35,59,light
12/26/24 03:36,59,light
12/26/24 03:37,64,light
12/26/24 03:38,53,light
12/26/24 03:39,57,light
12/26/24 03:40,54,light
12/26/24 03:41,61,light
12/26/24 03:42,58,light
12/26/24 03:43,59,light
12/26/24 03:44,58,light
12/26/24 03:45,65,light
12/26/24 03:46,56,light
12/26/24 03:47,56,light
12/26/24 03:48,61,light
12/26/24 03:49,61,light
12/26/24 03:50,66,light
12/26/24 03:51,60,light
12/26/24 03:52,59,light
12/26/24 03:53,57,light
12/26/24 03:54,55,light
12/26/24 03:55,57,light
12/26/24 03:56,65,light
12/26/24 03:57,64,light
12/26/24 03:58,55,light
12/26/24 03:59,55,light
12/26/24 04:00,60,light
12/26/24 04:01,63,light
12/26/24 04:02,57,light
12/26/24 04:03,57,light
12/26/24 04:04,58,light
12/26/24 04:05,57,light
12/26/24 04:06,58,light
12/26/24 04:07,57,light
12/26/24 04:08,54,light
12/26/24 04:09,69,REM
12/26/24 04:10,68,REM
12/26/24 04:11,61,REM
12/26/24 04:12,59,REM
12/26/24 04:13,72,REM
12/26/24 04:14,70,REM
12/26/24 04:15,61,REM
12/26/24 04:16,66,REM
12/26/24 04:17,62,REM
12/26/24 04:18,68,REM
12/26/24 04:19,64,REM
12/26/24 04:20,63,REM
12/26/24 04:21,56,REM
12/26/24 04:22,54,REM
12/26/24 04:23,59,REM
12/26/24 04:24,70,REM
12/26/24 04:25,62,REM
12/26/24 04:26,67,REM
12/26/24 04:27,60,REM
12/26/24 04:28,58,REM
12/26/24 04:29,61,REM
12/26/24 04:30,61,REM
12/26/24 04:31,70,REM
12/26/24 04:32,59,REM
12/26/24 04:33,71,REM
12/26/24 04:34,60,REM
12/26/24 04:35,63,REM
12/26/24 04:36,69,REM
12/26/24 04:37,66,REM
12/26/24 04:38,64,REM
12/26/24 04:39,68,REM
12/26/24 04:40,73,REM
12/26/24 04:41,68,REM
12/26/24 04:42,61,REM
12/26/24 04:43,68,REM
12/26/24 04:44,64,REM
12/26/24 04:45,59,REM
12/26/24 04:46,70,REM
12/26/24 04:47,66,REM
12/26/24 04:48,70,REM
12/26/24 04:49,58,REM
12/26/24 04:50,64,REM
12/26/24 04:51,70,REM
12/26/24 04:52,61,REM
12/26/24 04:53,56,REM
12/26/24 04:54,65,REM
12/26/24 04:55,64,REM
12/26/24 04:56,57,REM
12/26/24 04:57,64,REM
12/26/24 04:58,68,REM
12/26/24 04:59,58,REM
12/26/24 05:00,64,REM
12/26/24 05:01,67,REM
12/26/24 05:02,72,REM
12/26/24 05:03,65,REM
12/26/24 05:04,61,REM
12/26/24 05:05,61,REM
12/26/24 05:06,62,REM
12/26/24 05:07,67,REM
12/26/24 05:08,58,REM
12/26/24 05:09,65,REM
12/26/24 05:10,66,REM
12/26/24 05:11,65,REM
12/26/24 05:12,66,REM
12/26/24 05:13,65,REM
12/26/24 05:14,62,REM
12/26/24 05:15,59,REM
12/26/24 05:16,67,REM
12/26/24 05:17,65,REM
12/26/24 05:18,59,REM
12/26/24 05:19,68,REM
12/26/24 05:20,70,REM
12/26/24 05:21,66,REM
12/26/24 05:22,63,REM
12/26/24 05:23,65,REM
12/26/24 05:24,65,REM
12/26/24 05:25,62,REM
12/26/24 05:26,69,REM
12/26/24 05:27,58,REM
12/26/24 05:28,61,REM
12/26/24 05:29,62,REM
12/26/24 05:30,67,REM
12/26/24 05:31,61,REM
12/26/24 05:32,62,REM
12/26/24 05:33,65,REM
12/26/24 05:34,66,REM
12/26/24 05:35,68,REM
12/26/24 05:36,69,REM
12/26/24 05:37,68,REM
12/26/24 05:38,67,REM
12/26/24 05:39,68,REM
12/26/24 05:40,62,REM
12/26/24 05:41,62,REM
12/26/24 05:42,63,REM
12/26/24 05:43,66,REM
12/26/24 05:44,66,REM
12/26/24 05:45,67,REM
12/26/24 05:46,67,REM
12/26/24 05:47,61,REM
12/26/24 05:48,60,REM
12/26/24 05:49,67,REM
12/26/24 05:50,61,REM
12/26/24 05:51,69,REM
12/26/24 05:52,60,REM
12/26/24 05:53,59,REM
12/26/24 05:54,74,REM
12/26/24 05:55,64,REM
12/26/24 05:56,61,REM
12/26/24 05:57,66,REM
12/26/24 05:58,61,REM
12/26/24 05:59,65,REM
12/26/24 06:00,60,REM
12/26/24 06:01,59,REM
12/26/24 06:02,64,REM
12/26/24 06:03,61,REM
12/26/24 06:04,72,REM
12/26/24 06:05,62,REM
12/26/24 06:06,60,REM
12/26/24 06:07,64,REM
12/26/24 06:08,62,REM
12/26/24 06:09,65,REM
12/26/24 06:10,70,REM
12/26/24 06:11,67,REM
12/26/24 06:12,67,REM
12/26/24 06:13,69,REM
12/26/24 06:14,63,REM
12/26/24 06:15,62,REM
12/26/24 06:16,67,REM
12/26/24 06:17,57,REM
12/26/24 06:18,68,REM
12/26/24 06:19,63,REM
12/26/24 06:20,62,REM
12/26/24 06:21,66,REM
12/26/24 06:22,66,REM
12/26/24 06:23,60,REM
12/26/24 06:24,67,REM
12/26/24 06:25,58,REM
12/26/24 06:26,69,REM
12/26/24 06:27,72,REM
12/26/24 06:28,64,REM
12/26/24 06:29,64,REM
12/26/24 06:30,68,REM
12/26/24 06:31,64,REM
12/26/24 06:32,65,REM
12/26/24 06:33,64,REM
12/26/24 06:34,64,REM
12/26/24 06:35,59,REM
1/3/25 22:00,71,wake
1/3/25 22:01,79,wake
1/3/25 22:02,71,wake
1/3/25 22:03,73,wake
1/3/25 22:04,69,wake
1/3/25 22:05,62,wake
1/3/25 22:06,66,wake
1/3/25 22:07,70,wake
1/3/25 22:08,75,wake
1/3/25 22:09,69,wake
1/3/25 22:10,74,wake
1/3/25 22:11,77,wake
1/3/25 22:12,70,wake
1/3/25 22:13,69,wake
1/3/25 22:14,71,wake
1/3/25 22:15,73,wake
1/3/25 22:16,63,wake
1/3/25 22:17,69,wake
1/3/25 22:18,65,wake
1/3/25 22:19,71,wake
1/3/25 22:20,67,wake
1/3/25 22:21,71,wake
1/3/25 22:22,60,wake
1/3/25 22:23,70,wake
1/3/25 22:24,68,wake
1/3/25 22:25,74,wake
1/3/25 22:26,79,wake
1/3/25 22:27,65,wake
1/3/25 22:28,68,wake
1/3/25 22:29,68,wake
1/3/25 22:30,70,wake
1/3/25 22:31,69,wake
1/3/25 22:32,75,wake
1/3/25 22:33,70,wake
1/3/25 22:34,71,wake
1/3/25 22:35,70,wake
1/3/25 22:36,76,wake
1/3/25 22:37,62,wake
1/3/25 22:38,74,wake
1/3/25 22:39,70,wake
1/3/25 22:40,72,wake
1/3/25 22:41,62,wake
1/3/25 22:42,66,wake
1/3/25 22:43,69,wake
1/3/25 22:44,63,wake
1/3/25 22:45,74,wake
1/3/25 22:46,75,wake
1/3/25 22:47,59,wake
1/3/25 22:48,65,wake
1/3/25 22:49,69,wake
1/3/25 22:50,68,wake
1/3/25 22:51,73,wake
1/3/25 22:52,63,wake
1/3/25 22:53,83,wake
1/3/25 22:54,72,wake
1/3/25 22:55,69,wake
1/3/25 22:56,74,wake
1/3/25 22:57,67,wake
1/3/25 22:58,73,wake
1/3/25 22:59,74,wake
1/3/25 23:00,63,wake
1/3/25 23:01,71,wake
1/3/25 23:02,66,wake
1/3/25 23:03,61,wake
1/3/25 23:04,62,wake
1/3/25 23:05,71,wake
1/3/25 23:06,70,wake
1/3/25 23:07,77,wake
1/3/25 23:08,75,wake
1/3/25 23:09,69,wake
1/3/25 23:10,75,wake
1/3/25 23:11,64,wake
1/3/25 23:12,67,wake
1/3/25 23:13,67,wake
1/3/25 23:14,69,wake
1/3/25 23:15,62,wake
1/3/25 23:16,61,wake
1/3/25 23:17,73,wake
1/3/25 23:18,68,wake
1/3/25 23:19,74,wake
1/3/25 23:20,64,wake
1/3/25 23:21,67,wake
1/3/25 23:22,77,wake
1/3/25 23:23,66,wake
1/3/25 23:24,79,wake
1/3/25 23:25,60,wake
1/3/25 23:26,68,wake
1/3/25 23:27,57,light
1/3/25 23:28,58,light
1/3/25 23:29,61,light
1/3/25 23:30,59,light
1/3/25 23:31,61,light
1/3/25 23:32,63,light
1/3/25 23:33,56,light
1/3/25 23:34,60,light
1/3/25 23:35,60,light
1/3/25 23:36,62,light
1/3/25 23:37,57,light
1/3/25 23:38,59,light
1/3/25 23:39,62,light
1/3/25 23:40,58,light
1/3/25 23:41,60,light
1/3/25 23:42,55,light
1/3/25 23:43,58,light
1/3/25 23:44,61,light
1/3/25 23:45,56,light
1/3/25 23:46,58,light
1/3/25 23:47,61,light
1/3/25 23:48,57,light
1/3/25 23:49,59,light
1/3/25 23:50,59,light
1/3/25 23:51,60,light
1/3/25 23:52,67,light
1/3/25 23:53,59,light
1/3/25 23:54,60,light
1/3/25 23:55,62,light
1/3/25 23:56,64,light
1/3/25 23:57,62,light
1/3/25 23:58,61,light
1/3/25 23:59,56,light
1/4/25 00:00,55,light
1/4/25 00:01,59,light
1/4/25 00:02,61,light
1/4/25 00:03,62,light
1/4/25 00:04,63,light
1/4/25 00:05,56,light
1/4/25 00:06,56,light
1/4/25 00:07,62,light
1/4/25 00:08,60,light
1/4/25 00:09,62,light
1/4/25 00:10,56,light
1/4/25 00:11,54,light
1/4/25 00:12,61,light
1/4/25 00:13,62,light
1/4/25 00:14,60,light
1/4/25 00:15,60,light
1/4/25 00:16,61,light
1/4/25 00:17,66,light
1/4/25 00:18,62,light
1/4/25 00:19,57,light
1/4/25 00:20,56,light
1/4/25 00:21,63,light
1/4/25 00:22,57,light
1/4/25 00:23,58,light
1/4/25 00:24,60,light
1/4/25 00:25,57,light
1/4/25 00:26,62,light
1/4/25 00:27,57,light
1/4/25 00:28,60,light
1/4/25 00:29,56,light
1/4/25 00:30,59,light
1/4/25 00:31,59,light
1/4/25 00:32,54,light
1/4/25 00:33,58,light
1/4/25 00:34,57,light
1/4/25 00:35,60,light
1/4/25 00:36,61,light
1/4/25 00:37,56,light
1/4/25 00:38,58,light
1/4/25 00:39,64,REM
1/4/25 00:40,63,REM
1/4/25 00:41,63,REM
1/4/25 00:42,63,REM
1/4/25 00:43,62,REM
1/4/25 00:44,60,REM
1/4/25 00:45,70,REM
1/4/25 00:46,62,REM
1/4/25 00:47,70,REM
1/4/25 00:48,61,REM
1/4/25 00:49,72,REM
1/4/25 00:50,61,REM
1/4/25 00:51,64,REM
1/4/25 00:52,65,REM
1/4/25 00:53,62,REM
1/4/25 00:54,67,REM
1/4/25 00:55,69,REM
1/4/25 00:56,68,REM
1/4/25 00:57,68,REM
1/4/25 00:58,65,REM
1/4/25 00:59,73,REM
1/4/25 01:00,68,REM
1/4/25 01:01,65,REM
1/4/25 01:02,64,REM
1/4/25 01:03,66,REM
1/4/25 01:04,68,REM
1/4/25 01:05,66,REM
1/4/25 01:06,57,REM
1/4/25 01:07,57,REM
1/4/25 01:08,60,REM
1/4/25 01:09,62,REM
1/4/25 01:10,68,REM
1/4/25 01:11,70,REM
1/4/25 01:12,65,REM
1/4/25 01:13,69,REM
1/4/25 01:14,59,REM
1/4/25 01:15,63,REM
1/4/25 01:16,59,REM
1/4/25 01:17,67,REM
1/4/25 01:18,66,REM
1/4/25 01:19,67,REM
1/4/25 01:20,63,REM
1/4/25 01:21,65,REM
1/4/25 01:22,64,REM
1/4/25 01:23,64,REM
1/4/25 01:24,70,REM
1/4/25 01:25,63,REM
1/4/25 01:26,64,REM
1/4/25 01:27,64,REM
1/4/25 01:28,67,REM
1/4/25 01:29,57,REM
1/4/25 01:30,64,REM
1/4/25 01:31,65,REM
1/4/25 01:32,68,REM
1/4/25 01:33,64,REM
1/4/25 01:34,69,wake
1/4/25 01:35,71,wake
1/4/25 01:36,73,wake
1/4/25 01:37,66,wake
1/4/25 01:38,62,wake
1/4/25 01:39,69,wake
1/4/25 01:40,68,wake
1/4/25 01:41,79,wake
1/4/25 01:42,75,wake
1/4/25 01:43,75,wake
1/4/25 01:44,78,wake
1/4/25 01:45,68,wake
1/4/25 01:46,64,wake
1/4/25 01:47,61,wake
1/4/25 01:48,70,wake
1/4/25 01:49,73,wake
1/4/25 01:50,65,wake
1/4/25 01:51,69,wake
1/4/25 01:52,80,wake
1/4/25 01:53,72,wake
1/4/25 01:54,64,wake
1/4/25 01:55,62,wake
1/4/25 01:56,72,wake
1/4/25 01:57,73,wake
1/4/25 01:58,70,wake
1/4/25 01:59,73,wake
1/4/25 02:00,64,wake
1/4/25 02:01,64,wake
1/4/25 02:02,68,wake
1/4/25 02:03,80,wake
1/4/25 02:04,77,wake
1/4/25 02:05,73,wake
1/4/25 02:06,70,wake
1/4/25 02:07,68,wake
1/4/25 02:08,77,wake
1/4/25 02:09,69,wake
1/4/25 02:10,69,wake
1/4/25 02:11,68,wake
1/4/25 02:12,63,wake
1/4/25 02:13,71,wake
1/4/25 02:14,62,wake
1/4/25 02:15,67,wake
1/4/25 02:16,64,wake
1/4/25 02:17,71,wake
1/4/25 02:18,65,wake
1/4/25 02:19,62,wake
1/4/25 02:20,69,wake
1/4/25 02:21,70,wake
1/4/25 02:22,71,wake
1/4/25 02:23,72,wake
1/4/25 02:24,82,wake
1/4/25 02:25,76,wake
1/4/25 02:26,73,wake
1/4/25 02:27,69,wake
1/4/25 02:28,70,wake
1/4/25 02:29,73,wake
1/4/25 02:30,76,wake
1/4/25 02:31,67,wake
1/4/25 02:32,74,wake
1/4/25 02:33,70,wake
1/4/25 02:34,73,wake
1/4/25 02:35,78,wake
1/4/25 02:36,68,wake
1/4/25 02:37,63,wake
1/4/25 02:38,84,wake
1/4/25 02:39,61,wake
1/4/25 02:40,69,wake
1/4/25 02:41,64,wake
1/4/25 02:42,73,wake
1/4/25 02:43,72,wake
1/4/25 02:44,75,wake
1/4/25 02:45,61,wake
1/4/25 02:46,65,wake
1/4/25 02:47,65,wake
1/4/25 02:48,70,wake
1/4/25 02:49,69,REM
1/4/25 02:50,62,REM
1/4/25 02:51,58,REM
1/4/25 02:52,66,REM
1/4/25 02:53,68,REM
1/4/25 02:54,60,REM
1/4/25 02:55,65,REM
1/4/25 02:56,67,REM
1/4/25 02:57,69,REM
1/4/25 02:58,61,REM
1/4/25 02:59,59,REM
1/4/25 03:00,63,REM
1/4/25 03:01,67,REM
1/4/25 03:02,67,REM
1/4/25 03:03,60,REM
1/4/25 03:04,69,REM
1/4/25 03:05,59,REM
1/4/25 03:06,65,REM
1/4/25 03:07,66,REM
1/4/25 03:08,63,REM
1/4/25 03:09,64,REM
1/4/25 03:10,62,REM
1/4/25 03:11,63,REM
1/4/25 03:12,68,REM
1/4/25 03:13,69,REM
1/4/25 03:14,63,REM
1/4/25 03:15,56,REM
1/4/25 03:16,62,REM
1/4/25 03:17,70,REM
1/4/25 03:18,63,REM
1/4/25 03:19,65,REM
1/4/25 03:20,65,REM
1/4/25 03:21,60,REM
1/4/25 03:22,68,REM
1/4/25 03:23,70,REM
1/4/25 03:24,60,REM
1/4/25 03:25,65,REM
1/4/25 03:26,65,REM
1/4/25 03:27,62,REM
1/4/25 03:28,66,REM
1/4/25 03:29,66,REM
1/4/25 03:30,65,REM
1/4/25 03:31,70,REM
1/4/25 03:32,64,REM
1/4/25 03:33,66,REM
1/4/25 03:34,67,REM
1/4/25 03:35,67,REM
1/4/25 03:36,60,REM
1/4/25 03:37,70,REM
1/4/25 03:38,59,REM
1/4/25 03:39,65,REM
1/4/25 03:40,64,REM
1/4/25 03:41,69,REM
1/4/25 03:42,69,REM
1/4/25 03:43,67,REM
1/4/25 03:44,58,REM
1/4/25 03:45,61,REM
1/4/25 03:46,68,REM
1/4/25 03:47,70,REM
1/4/25 03:48,65,REM
1/4/25 03:49,66,REM
1/4/25 03:50,65,REM
1/4/25 03:51,69,REM
1/4/25 03:52,70,REM
1/4/25 03:53,60,REM
1/4/25 03:54,58,REM
1/4/25 03:55,60,REM
1/4/25 03:56,69,REM
1/4/25 03:57,60,REM
1/4/25 03:58,66,REM
1/4/25 03:59,69,REM
1/4/25 04:00,65,REM
1/4/25 04:01,59,REM
1/4/25 04:02,67,REM
1/4/25 04:03,65,REM
1/4/25 04:04,65,REM
1/4/25 04:05,65,REM
1/4/25 04:06,69,REM
1/4/25 04:07,63,REM
1/4/25 04:08,68,REM
1/4/25 04:09,71,REM
1/4/25 04:10,66,REM
1/4/25 04:11,61,REM
1/4/25 04:12,57,REM
1/4/25 04:13,67,REM
1/4/25 04:14,68,REM
1/4/25 04:15,57,REM
1/4/25 04:16,63,REM
1/4/25 04:17,65,REM
1/4/25 04:18,65,REM
1/4/25 04:19,67,REM
1/4/25 04:20,62,REM
1/4/25 04:21,65,REM
1/4/25 04:22,68,REM
1/4/25 04:23,68,REM
1/4/25 04:24,64,REM
1/4/25 04:25,66,REM
1/4/25 04:26,63,REM
1/4/25 04:27,69,REM
1/4/25 04:28,70,REM
1/4/25 04:29,69,REM
1/4/25 04:30,66,REM
1/4/25 04:31,63,REM
1/4/25 04:32,60,REM
1/4/25 04:33,67,REM
1/4/25 04:34,60,REM
1/4/25 04:35,68,REM
1/4/25 04:36,62,REM
1/4/25 04:37,50,REM
1/4/25 04:38,57,REM
1/4/25 04:39,65,REM
1/4/25 04:40,64,REM
1/4/25 04:41,56,REM
1/4/25 04:42,63,REM
1/4/25 04:43,66,REM
1/4/25 04:44,65,REM
1/4/25 04:45,70,REM
1/4/25 04:46,66,REM
1/4/25 04:47,65,REM
1/4/25 04:48,61,REM
1/4/25 04:49,68,REM
1/4/25 04:50,61,REM
1/4/25 04:51,69,REM
1/4/25 04:52,62,REM
1/4/25 04:53,64,REM
1/4/25 04:54,65,REM
1/4/25 04:55,67,REM
1/4/25 04:56,61,REM
1/4/25 04:57,64,REM
1/4/25 04:58,63,REM
1/4/25 22:15,55,light
1/4/25 22:16,58,light
1/4/25 22:17,52,light
1/4/25 22:18,61,light
1/4/25 22:19,56,light
1/4/25 22:20,60,light
1/4/25 22:21,63,light
1/4/25 22:22,63,light
1/4/25 22:23,59,light
1/4/25 22:24,61,light
1/4/25 22:25,62,light
1/4/25 22:26,60,light
1/4/25 22:27,62,light
1/4/25 22:28,59,light
1/4/25 22:29,61,light
1/4/25 22:30,61,light
1/4/25 22:31,58,light
1/4/25 22:32,56,light
1/4/25 22:33,57,light
1/4/25 22:34,58,light
1/4/25 22:35,61,light
1/4/25 22:36,57,light
1/4/25 22:37,62,light
1/4/25 22:38,56,light
1/4/25 22:39,58,light
1/4/25 22:40,57,light
1/4/25 22:41,56,light
1/4/25 22:42,60,light
1/4/25 22:43,59,light
1/4/25 22:44,61,light
1/4/25 22:45,60,light
1/4/25 22:46,64,light
1/4/25 22:47,62,light
1/4/25 22:48,58,light
1/4/25 22:49,66,light
1/4/25 22:50,60,light
1/4/25 22:51,60,light
1/4/25 22:52,58,light
1/4/25 22:53,61,light
1/4/25 22:54,64,light
1/4/25 22:55,59,light
1/4/25 22:56,64,light
1/4/25 22:57,55,light
1/4/25 22:58,59,light
1/4/25 22:59,58,light
1/4/25 23:00,63,light
1/4/25 23:01,61,light
1/4/25 23:02,62,light
1/4/25 23:03,61,light
1/4/25 23:04,61,light
1/4/25 23:05,58,light
1/4/25 23:06,61,light
1/4/25 23:07,63,light
1/4/25 23:08,58,light
1/4/25 23:09,59,light
1/4/25 23:10,58,light
1/4/25 23:11,62,light
1/4/25 23:12,57,light
1/4/25 23:13,63,light
1/4/25 23:14,56,light
1/4/25 23:15,58,light
1/4/25 23:16,63,light
1/4/25 23:17,57,light
1/4/25 23:18,60,light
1/4/25 23:19,62,light
1/4/25 23:20,58,light
1/4/25 23:21,59,light
1/4/25 23:22,55,light
1/4/25 23:23,65,light
1/4/25 23:24,58,light
1/4/25 23:25,62,light
1/4/25 23:26,55,light
1/4/25 23:27,56,light
1/4/25 23:28,63,light
1/4/25 23:29,59,light
1/4/25 23:30,56,light
1/4/25 23:31,61,light
1/4/25 23:32,61,light
1/4/25 23:33,60,light
1/4/25 23:34,62,light
1/4/25 23:35,56,light
1/4/25 23:36,62,light
1/4/25 23:37,56,deep
1/4/25 23:38,52,deep
1/4/25 23:39,56,deep
1/4/25 23:40,54,deep
1/4/25 23:41,56,deep
1/4/25 23:42,50,deep
1/4/25 23:43,56,deep
1/4/25 23:44,57,deep
1/4/25 23:45,55,deep
1/4/25 23:46,53,deep
1/4/25 23:47,55,deep
1/4/25 23:48,53,deep
1/4/25 23:49,59,deep
1/4/25 23:50,54,deep
1/4/25 23:51,57,deep
1/4/25 23:52,56,deep
1/4/25 23:53,52,deep
1/4/25 23:54,54,deep
1/4/25 23:55,53,deep
1/4/25 23:56,52,deep
1/4/25 23:57,52,deep
1/4/25 23:58,56,deep
1/4/25 23:59,52,deep
1/5/25 00:00,53,deep
1/5/25 00:01,53,deep
1/5/25 00:02,57,deep
1/5/25 00:03,52,deep
1/5/25 00:04,55,deep
1/5/25 00:05,53,deep
1/5/25 00:06,54,deep
1/5/25 00:07,56,deep
1/5/25 00:08,56,deep
1/5/25 00:09,54,deep
1/5/25 00:10,52,deep
1/5/25 00:11,53,deep
1/5/25 00:12,55,deep
1/5/25 00:13,57,deep
1/5/25 00:14,57,deep
1/5/25 00:15,55,deep
1/5/25 00:16,52,deep
1/5/25 00:17,56,deep
1/5/25 00:18,55,deep
1/5/25 00:19,53,deep
1/5/25 00:20,55,deep
1/5/25 00:21,54,deep
1/5/25 00:22,56,deep
1/5/25 00:23,57,deep
1/5/25 00:24,58,deep
1/5/25 00:25,55,deep
1/5/25 00:26,55,deep
1/5/25 00:27,55,deep
1/5/25 00:28,57,deep
1/5/25 00:29,55,deep
1/5/25 00:30,53,deep
1/5/25 00:31,57,deep
1/5/25 00:32,55,deep
1/5/25 00:33,50,deep
1/5/25 00:34,54,deep
1/5/25 00:35,57,deep
1/5/25 00:36,55,deep
1/5/25 00:37,56,deep
1/5/25 00:38,60,deep
1/5/25 00:39,52,deep
1/5/25 00:40,54,deep
1/5/25 00:41,53,deep
1/5/25 00:42,58,deep
1/5/25 00:43,54,deep
1/5/25 00:44,56,deep
1/5/25 00:45,55,deep
1/5/25 00:46,52,deep
1/5/25 00:47,57,deep
1/5/25 00:48,57,deep
1/5/25 00:49,53,deep
1/5/25 00:50,52,deep
1/5/25 00:51,54,deep
1/5/25 00:52,54,deep
1/5/25 00:53,57,deep
1/5/25 00:54,55,deep
1/5/25 00:55,56,deep
1/5/25 00:56,52,deep
1/5/25 00:57,52,deep
1/5/25 00:58,57,deep
1/5/25 00:59,57,deep
1/5/25 01:00,58,deep
1/5/25 01:01,53,deep
1/5/25 01:02,51,deep
1/5/25 01:03,58,deep
1/5/25 01:04,50,deep
1/5/25 01:05,56,deep
1/5/25 01:06,54,deep
1/5/25 01:07,55,deep
1/5/25 01:08,58,deep
1/5/25 01:09,54,deep
1/5/25 01:10,53,deep
1/5/25 01:11,52,deep
1/5/25 01:12,54,deep
1/5/25 01:13,51,deep
1/5/25 01:14,53,deep
1/5/25 01:15,54,deep
1/5/25 01:16,52,deep
1/5/25 01:17,53,deep
1/5/25 01:18,57,deep
1/5/25 01:19,55,deep
1/5/25 01:20,57,deep
1/5/25 01:21,58,deep
1/5/25 01:22,54,deep
1/5/25 01:23,56,deep
1/5/25 01:24,54,deep
1/5/25 01:25,51,deep
1/5/25 01:26,57,deep
1/5/25 01:27,53,deep
1/5/25 01:28,55,deep
1/5/25 01:29,57,deep
1/5/25 01:30,56,deep
1/5/25 01:31,57,deep
1/5/25 01:32,69,REM
1/5/25 01:33,60,REM
1/5/25 01:34,63,REM
1/5/25 01:35,61,REM
1/5/25 01:36,63,REM
1/5/25 01:37,62,REM
1/5/25 01:38,66,REM
1/5/25 01:39,60,REM
1/5/25 01:40,63,REM
1/5/25 01:41,64,REM
1/5/25 01:42,58,REM
1/5/25 01:43,57,REM
1/5/25 01:44,61,REM
1/5/25 01:45,64,REM
1/5/25 01:46,58,REM
1/5/25 01:47,67,REM
1/5/25 01:48,64,REM
1/5/25 01:49,67,REM
1/5/25 01:50,64,REM
1/5/25 01:51,70,REM
1/5/25 01:52,61,REM
1/5/25 01:53,65,REM
1/5/25 01:54,64,REM
1/5/25 01:55,64,REM
1/5/25 01:56,63,REM
1/5/25 01:57,65,REM
1/5/25 01:58,60,REM
1/5/25 01:59,67,REM
1/5/25 02:00,65,REM
1/5/25 02:01,65,REM
1/5/25 02:02,68,REM
1/5/25 02:03,64,REM
1/5/25 02:04,71,REM
1/5/25 02:05,62,REM
1/5/25 02:06,64,REM
1/5/25 02:07,60,REM
1/5/25 02:08,66,REM
1/5/25 02:09,65,REM
1/5/25 02:10,70,REM
1/5/25 02:11,67,REM
1/5/25 02:12,62,REM
1/5/25 02:13,69,REM
1/5/25 02:14,62,REM
1/5/25 02:15,65,REM
1/5/25 02:16,64,REM
1/5/25 02:17,75,REM
1/5/25 02:18,61,REM
1/5/25 02:19,75,REM
1/5/25 02:20,65,REM
1/5/25 02:21,63,REM
1/5/25 02:22,71,REM
1/5/25 02:23,69,REM
1/5/25 02:24,68,REM
1/5/25 02:25,65,REM
1/5/25 02:26,61,REM
1/5/25 02:27,70,REM
1/5/25 02:28,61,REM
1/5/25 02:29,64,REM
1/5/25 02:30,70,REM
1/5/25 02:31,72,REM
1/5/25 02:32,69,REM
1/5/25 02:33,65,REM
1/5/25 02:34,65,REM
1/5/25 02:35,67,REM
1/5/25 02:36,55,REM
1/5/25 02:37,63,REM
1/5/25 02:38,67,REM
1/5/25 02:39,63,REM
1/5/25 02:40,65,REM
1/5/25 02:41,63,REM
1/5/25 02:42,66,REM
1/5/25 02:43,70,REM
1/5/25 02:44,68,REM
1/5/25 02:45,59,light
1/5/25 02:46,59,light
1/5/25 02:47,63,light
1/5/25 02:48,59,light
1/5/25 02:49,65,light
1/5/25 02:50,55,light
1/5/25 02:51,60,light
1/5/25 02:52,59,light
1/5/25 02:53,58,light
1/5/25 02:54,61,light
1/5/25 02:55,59,light
1/5/25 02:56,57,light
1/5/25 02:57,60,light
1/5/25 02:58,58,light
1/5/25 02:59,57,light
1/5/25 03:00,60,light
1/5/25 03:01,54,light
1/5/25 03:02,61,light
1/5/25 03:03,57,light
1/5/25 03:04,58,light
1/5/25 03:05,55,light
1/5/25 03:06,55,light
1/5/25 03:07,60,light
1/5/25 03:08,59,light
1/5/25 03:09,62,light
1/5/25 03:10,54,light
1/5/25 03:11,59,light
1/5/25 03:12,56,light
1/5/25 03:13,57,light
1/5/25 03:14,58,light
1/5/25 03:15,61,light
1/5/25 03:16,60,light
1/5/25 03:17,58,light
1/5/25 03:18,59,light
1/5/25 03:19,63,light
1/5/25 03:20,60,light
1/5/25 03:21,57,light
1/5/25 03:22,58,light
1/5/25 03:23,57,light
1/5/25 03:24,63,light
1/5/25 03:25,55,light
1/5/25 03:26,65,light
1/5/25 03:27,60,light
1/5/25 03:28,64,light
1/5/25 03:29,63,light
1/5/25 03:30,63,light
1/5/25 03:31,63,light
1/5/25 03:32,63,light
1/5/25 03:33,60,light
1/5/25 03:34,56,light
1/5/25 03:35,56,light
1/5/25 03:36,56,light
1/5/25 03:37,61,light
1/5/25 03:38,62,light
1/5/25 03:39,62,light
1/5/25 03:40,65,light
1/5/25 03:41,58,light
1/5/25 03:42,63,light
1/5/25 03:43,56,light
1/5/25 03:44,57,light
1/5/25 03:45,59,light
1/5/25 03:46,59,light
1/5/25 03:47,57,light
1/5/25 03:48,57,light
1/5/25 03:49,60,light
1/5/25 03:50,58,light
1/5/25 03:51,56,light
1/5/25 03:52,62,light
1/5/25 03:53,58,light
1/5/25 03:54,61,light
1/5/25 03:55,59,light
1/5/25 03:56,66,light
1/5/25 03:57,59,light
1/5/25 03:58,59,light
1/5/25 03:59,61,light
1/5/25 04:00,56,light
1/5/25 04:01,59,light
1/5/25 04:02,59,light
1/5/25 04:03,62,light
1/5/25 04:04,60,light
1/5/25 04:05,61,light
1/5/25 04:06,56,light
1/5/25 04:07,59,light
1/5/25 04:08,63,light
1/5/25 04:09,60,light
1/5/25 04:10,62,light
1/5/25 04:11,62,light
1/5/25 04:12,63,light
1/5/25 04:13,64,light
1/5/25 04:14,54,light
1/5/25 04:15,55,light
1/5/25 04:16,57,light
1/5/25 04:17,64,light
1/5/25 04:18,62,light
1/5/25 04:19,57,light
1/5/25 04:20,58,light
1/5/25 04:21,61,light
1/5/25 04:22,55,light
1/5/25 04:23,61,light
1/5/25 04:24,59,light
1/5/25 04:25,63,light
1/5/25 04:26,58,light
1/5/25 04:27,57,light
1/5/25 04:28,65,light
1/5/25 04:29,60,light
1/5/25 04:30,59,light
1/5/25 04:31,57,light
1/5/25 04:32,62,light
1/5/25 04:33,61,light
1/5/25 04:34,59,light
1/5/25 04:35,60,light
1/5/25 04:36,60,light
1/5/25 04:37,61,light
1/5/25 04:38,61,light
1/5/25 04:39,62,light
1/5/25 04:40,61,light
1/5/25 04:41,65,light
1/5/25 04:42,59,light
1/5/25 04:43,57,light
1/5/25 04:44,62,light
1/5/25 04:45,57,light
1/5/25 04:46,57,light
1/5/25 04:47,56,light
1/5/25 04:48,61,light
1/5/25 04:49,57,light
1/5/25 04:50,59,light
1/5/25 04:51,60,light
1/5/25 04:52,56,light
1/5/25 04:53,57,light
1/5/25 04:54,54,light
1/5/25 04:55,62,light
1/5/25 04:56,59,light
1/5/25 04:57,62,light
1/5/25 04:58,62,light
1/5/25 04:59,57,light
1/5/25 05:00,59,light
1/5/25 05:01,61,light
1/5/25 05:02,59,light
1/5/25 05:03,60,light
1/5/25 05:04,57,light
1/5/25 05:05,63,light
1/5/25 05:06,54,light
1/5/25 05:07,61,light
1/5/25 05:08,60,light
1/5/25 05:09,65,light
1/5/25 05:10,58,light
1/5/25 05:11,61,light
1/5/25 05:12,57,light
1/5/25 05:13,61,light
1/5/25 05:14,61,light
1/5/25 05:15,61,light
1/5/25 05:16,53,light
1/5/25 05:17,60,light
1/5/25 05:18,59,light
1/5/25 05:19,60,light
1/5/25 05:20,56,light
1/5/25 05:21,59,light
1/5/25 05:22,58,light
1/5/25 05:23,52,light
1/5/25 05:24,61,light
1/5/25 05:25,61,light
1/5/25 05:26,56,light
1/5/25 05:27,56,light
1/5/25 05:28,57,light
1/5/25 05:29,62,light
1/5/25 05:30,60,light
1/5/25 05:31,54,light
1/5/25 05:32,56,light
1/5/25 05:33,62,light
1/5/25 05:34,58,light
1/5/25 05:35,59,light
1/5/25 05:36,61,light
1/5/25 05:37,61,light
1/5/25 05:38,66,light
1/5/25 05:39,62,light
1/5/25 05:40,62,light
1/5/25 05:41,63,light
1/5/25 05:42,65,light
1/5/25 05:43,61,light
1/5/25 05:44,61,light
1/5/25 05:45,59,light
1/5/25 05:46,58,light
1/5/25 05:47,61,light
1/5/25 05:48,63,light
1/5/25 05:49,59,light
1/5/25 05:50,59,light
1/5/25 05:51,65,light
1/5/25 05:52,63,light
1/5/25 05:53,59,light
1/5/25 05:54,57,light
1/5/25 05:55,62,light
1/5/25 05:56,60,light
1/5/25 05:57,61,light
1/5/25 05:58,60,light
1/5/25 05:59,57,light
1/5/25 06:00,61,light
1/5/25 06:01,60,light
1/5/25 06:02,53,light
1/5/25 06:03,62,light
1/5/25 06:04,60,light
1/5/25 06:05,56,light
1/5/25 06:06,61,light
1/5/25 06:07,58,light
1/5/25 06:08,61,light
1/5/25 06:09,60,light
1/5/25 06:10,56,light
1/5/25 06:11,56,light
1/5/25 06:12,57,light
1/5/25 06:13,63,light
1/5/25 06:14,61,light
1/5/25 06:15,53,light
1/5/25 06:16,57,light
1/5/25 06:17,56,light
1/5/25 06:18,56,light
1/5/25 06:19,64,light
1/5/25 06:20,64,light
1/5/25 06:21,56,light
1/5/25 06:22,59,light
1/5/25 06:23,62,light
1/5/25 06:24,58,light
1/5/25 06:25,62,light
1/5/25 06:26,52,light
1/5/25 06:27,61,light
1/5/25 06:28,62,light
1/5/25 06:29,57,light
1/5/25 06:30,59,light
1/5/25 06:31,54,light
1/5/25 06:32,55,light
1/5/25 06:33,53,light
1/5/25 06:34,61,light
1/5/25 06:35,53,light
1/5/25 06:36,61,light
1/5/25 06:37,61,light
1/5/25 06:38,63,light
1/5/25 06:39,62,light
1/5/25 06:40,58,light
1/5/25 06:41,62,light
1/5/25 06:42,57,light
1/5/25 06:43,54,light
1/5/25 06:44,60,light
1/5/25 06:45,60,light
1/5/25 06:46,57,light
1/5/25 06:47,58,light
1/5/25 06:48,59,light
1/5/25 06:49,54,light
1/5/25 06:50,60,light
1/5/25 06:51,57,light
1/5/25 06:52,57,light
1/5/25 06:53,56,light
1/5/25 06:54,56,light
1/5/25 06:55,63,light
1/5/25 06:56,59,light
1/5/25 06:57,57,light
1/5/25 06:58,58,light
1/5/25 06:59,58,light
1/5/25 07:00,60,light
1/5/25 07:01,59,light
1/5/25 07:02,62,light
1/5/25 07:03,59,light
1/5/25 07:04,60,light
1/5/25 07:05,55,light
1/5/25 07:06,59,light
1/5/25 07:07,57,light
1/5/25 07:08,54,light
1/5/25 07:09,58,light
1/5/25 07:10,56,light
1/5/25 07:11,59,light
1/5/25 07:12,57,light
1/5/25 07:13,64,light
1/5/25 07:14,63,light
1/5/25 07:15,55,light
1/5/25 07:16,66,light
1/5/25 07:17,64,light
1/5/25 07:18,64,light
1/5/25 07:19,61,light
1/5/25 07:20,60,light
1/5/25 07:21,57,light
1/5/25 07:22,59,light
1/5/25 07:23,57,light
1/5/25 07:24,61,light
1/5/25 07:25,59,light
1/5/25 07:26,60,light
1/5/25 07:27,60,light
1/5/25 07:28,60,light
1/5/25 07:29,57,light
1/5/25 07:30,55,light
1/5/25 07:31,59,light
1/5/25 07:32,63,light
1/5/25 07:33,57,light
1/5/25 07:34,56,light
1/5/25 07:35,61,light
1/5/25 23:00,58,wake
1/5/25 23:01,66,wake
1/5/25 23:02,63,wake
1/5/25 23:03,69,wake
1/5/25 23:04,72,wake
1/5/25 23:05,70,wake
1/5/25 23:06,76,wake
1/5/25 23:07,68,wake
1/5/25 23:08,66,wake
1/5/25 23:09,77,wake
1/5/25 23:10,73,wake
1/5/25 23:11,77,wake
1/5/25 23:12,71,wake
1/5/25 23:13,74,wake
1/5/25 23:14,73,wake
1/5/25 23:15,72,wake
1/5/25 23:16,74,wake
1/5/25 23:17,66,wake
1/5/25 23:18,69,wake
1/5/25 23:19,72,wake
1/5/25 23:20,66,wake
1/5/25 23:21,61,wake
1/5/25 23:22,67,wake
1/5/25 23:23,70,wake
1/5/25 23:24,79,wake
1/5/25 23:25,69,wake
1/5/25 23:26,74,wake
1/5/25 23:27,74,wake
1/5/25 23:28,69,wake
1/5/25 23:29,75,wake
1/5/25 23:30,68,wake
1/5/25 23:31,76,wake
1/5/25 23:32,65,wake
1/5/25 23:33,76,wake
1/5/25 23:34,71,wake
1/5/25 23:35,69,wake
1/5/25 23:36,66,wake
1/5/25 23:37,73,wake
1/5/25 23:38,70,wake
1/5/25 23:39,68,wake
1/5/25 23:40,64,wake
1/5/25 23:41,72,wake
1/5/25 23:42,70,wake
1/5/25 23:43,72,wake
1/5/25 23:44,75,wake
1/5/25 23:45,78,wake
1/5/25 23:46,64,wake
1/5/25 23:47,76,wake
1/5/25 23:48,77,wake
1/5/25 23:49,63,wake
1/5/25 23:50,68,wake
1/5/25 23:51,68,wake
1/5/25 23:52,66,wake
1/5/25 23:53,64,wake
1/5/25 23:54,69,wake
1/5/25 23:55,60,wake
1/5/25 23:56,66,wake
1/5/25 23:57,64,wake
1/5/25 23:58,75,wake
1/5/25 23:59,71,wake
1/6/25 00:00,66,wake
1/6/25 00:01,75,wake
1/6/25 00:02,66,wake
1/6/25 00:03,75,wake
1/6/25 00:04,78,wake
1/6/25 00:05,62,wake
1/6/25 00:06,66,wake
1/6/25 00:07,53,deep
1/6/25 00:08,54,deep
1/6/25 00:09,56,deep
1/6/25 00:10,54,deep
1/6/25 00:11,53,deep
1/6/25 00:12,58,deep
1/6/25 00:13,57,deep
1/6/25 00:14,53,deep
1/6/25 00:15,54,deep
1/6/25 00:16,58,deep
1/6/25 00:17,52,deep
1/6/25 00:18,56,deep
1/6/25 00:19,53,deep
1/6/25 00:20,52,deep
1/6/25 00:21,52,deep
1/6/25 00:22,54,deep
1/6/25 00:23,55,deep
1/6/25 00:24,55,deep
1/6/25 00:25,56,deep
1/6/25 00:26,56,deep
1/6/25 00:27,57,deep
1/6/25 00:28,56,deep
1/6/25 00:29,54,deep
1/6/25 00:30,57,deep
1/6/25 00:31,55,deep
1/6/25 00:32,53,deep
1/6/25 00:33,59,deep
1/6/25 00:34,55,deep
1/6/25 00:35,57,deep
1/6/25 00:36,53,deep
1/6/25 00:37,56,deep
1/6/25 00:38,54,deep
1/6/25 00:39,55,deep
1/6/25 00:40,55,deep
1/6/25 00:41,52,deep
1/6/25 00:42,55,deep
1/6/25 00:43,57,deep
1/6/25 00:44,55,deep
1/6/25 00:45,56,deep
1/6/25 00:46,57,deep
1/6/25 00:47,61,deep
1/6/25 00:48,55,deep
1/6/25 00:49,52,deep
1/6/25 00:50,51,deep
1/6/25 00:51,56,deep
1/6/25 00:52,54,deep
1/6/25 00:53,53,deep
1/6/25 00:54,57,deep
1/6/25 00:55,59,deep
1/6/25 00:56,53,deep
1/6/25 00:57,54,deep
1/6/25 00:58,53,deep
1/6/25 00:59,56,deep
1/6/25 01:00,52,deep
1/6/25 01:01,57,deep
1/6/25 01:02,55,deep
1/6/25 01:03,55,deep
1/6/25 01:04,56,deep
1/6/25 01:05,55,deep
1/6/25 01:06,51,deep
1/6/25 01:07,54,deep
1/6/25 01:08,53,deep
1/6/25 01:09,51,deep
1/6/25 01:10,55,deep
1/6/25 01:11,53,deep
1/6/25 01:12,53,deep
1/6/25 01:13,55,deep
1/6/25 01:14,53,deep
1/6/25 01:15,57,deep
1/6/25 01:16,56,deep
1/6/25 01:17,55,deep
1/6/25 01:18,54,deep
1/6/25 01:19,52,deep
1/6/25 01:20,53,deep
1/6/25 01:21,52,deep
1/6/25 01:22,52,deep
1/6/25 01:23,53,deep
1/6/25 01:24,52,deep
1/6/25 01:25,53,deep
1/6/25 01:26,53,deep
1/6/25 01:27,55,deep
1/6/25 01:28,56,deep
1/6/25 01:29,57,deep
1/6/25 01:30,55,deep
1/6/25 01:31,54,deep
1/6/25 01:32,60,deep
1/6/25 01:33,56,deep
1/6/25 01:34,50,deep
1/6/25 01:35,53,deep
1/6/25 01:36,52,deep
1/6/25 01:37,55,deep
1/6/25 01:38,52,deep
1/6/25 01:39,53,deep
1/6/25 01:40,55,deep
1/6/25 01:41,54,deep
1/6/25 01:42,52,deep
1/6/25 01:43,55,deep
1/6/25 01:44,55,deep
1/6/25 01:45,57,deep
1/6/25 01:46,54,deep
1/6/25 01:47,54,deep
1/6/25 01:48,56,deep
1/6/25 01:49,52,deep
1/6/25 01:50,55,deep
1/6/25 01:51,52,deep
1/6/25 01:52,59,deep
1/6/25 01:53,51,deep
1/6/25 01:54,56,deep
1/6/25 01:55,55,deep
1/6/25 01:56,57,deep
1/6/25 01:57,57,deep
1/6/25 01:58,58,deep
1/6/25 01:59,54,deep
1/6/25 02:00,55,deep
1/6/25 02:01,51,deep
1/6/25 02:02,52,deep
1/6/25 02:03,53,deep
1/6/25 02:04,57,deep
1/6/25 02:05,50,deep
1/6/25 02:06,57,deep
1/6/25 02:07,55,deep
1/6/25 02:08,55,deep
1/6/25 02:09,55,deep
1/6/25 02:10,56,deep
1/6/25 02:11,56,deep
1/6/25 02:12,57,deep
1/6/25 02:13,59,deep
1/6/25 02:14,53,deep
1/6/25 02:15,57,deep
1/6/25 02:16,57,deep
1/6/25 02:17,53,deep
1/6/25 02:18,51,deep
1/6/25 02:19,55,deep
1/6/25 02:20,54,deep
1/6/25 02:21,58,deep
1/6/25 02:22,57,deep
1/6/25 02:23,55,light
1/6/25 02:24,60,light
1/6/25 02:25,62,light
1/6/25 02:26,60,light
1/6/25 02:27,62,light
1/6/25 02:28,59,light
1/6/25 02:29,49,light
1/6/25 02:30,54,light
1/6/25 02:31,66,light
1/6/25 02:32,56,light
1/6/25 02:33,60,light
1/6/25 02:34,63,light
1/6/25 02:35,51,light
1/6/25 02:36,57,light
1/6/25 02:37,59,light
1/6/25 02:38,62,light
1/6/25 02:39,65,light
1/6/25 02:40,60,light
1/6/25 02:41,59,light
1/6/25 02:42,57,light
1/6/25 02:43,64,light
1/6/25 02:44,59,light
1/6/25 02:45,59,light
1/6/25 02:46,64,light
1/6/25 02:47,58,light
1/6/25 02:48,53,light
1/6/25 02:49,62,light
1/6/25 02:50,60,light
1/6/25 02:51,59,light
1/6/25 02:52,63,light
1/6/25 02:53,60,light
1/6/25 02:54,61,light
1/6/25 02:55,60,light
1/6/25 02:56,58,light
1/6/25 02:57,59,light
1/6/25 02:58,57,light
1/6/25 02:59,55,light
1/6/25 03:00,60,light
1/6/25 03:01,60,light
1/6/25 03:02,55,light
1/6/25 03:03,59,light
1/6/25 03:04,63,light
1/6/25 03:05,57,light
1/6/25 03:06,57,light
1/6/25 03:07,57,light
1/6/25 03:08,56,light
1/6/25 03:09,64,light
1/6/25 03:10,62,light
1/6/25 03:11,57,light
1/6/25 03:12,59,light
1/6/25 03:13,64,light
1/6/25 03:14,61,light
1/6/25 03:15,55,light
1/6/25 03:16,59,light
1/6/25 03:17,64,light
1/6/25 03:18,61,light
1/6/25 03:19,62,light
1/6/25 03:20,62,light
1/6/25 03:21,59,light
1/6/25 03:22,64,light
1/6/25 03:23,61,light
1/6/25 03:24,58,light
1/6/25 03:25,63,light
1/6/25 03:26,62,light
1/6/25 03:27,59,light
1/6/25 03:28,63,light
1/6/25 03:29,57,light
1/6/25 03:30,56,light
1/6/25 03:31,64,light
1/6/25 03:32,57,light
1/6/25 03:33,63,light
1/6/25 03:34,64,light
1/6/25 03:35,52,light
1/6/25 03:36,63,light
1/6/25 03:37,64,light
1/6/25 03:38,59,light
1/6/25 03:39,64,light
1/6/25 03:40,57,light
1/6/25 03:41,61,light
1/6/25 03:42,58,light
1/6/25 03:43,55,light
1/6/25 03:44,58,light
1/6/25 03:45,60,light
1/6/25 03:46,59,light
1/6/25 03:47,61,light
1/6/25 03:48,60,light
1/6/25 03:49,58,light
1/6/25 03:50,63,light
1/6/25 03:51,58,light
1/6/25 03:52,61,light
1/6/25 03:53,59,light
1/6/25 03:54,63,light
1/6/25 03:55,61,light
1/6/25 03:56,58,light
1/6/25 03:57,60,light
1/6/25 03:58,59,light
1/6/25 03:59,63,light
1/6/25 04:00,57,light
1/6/25 04:01,64,light
1/6/25 04:02,57,light
1/6/25 04:03,58,light
1/6/25 04:04,59,light
1/6/25 04:05,56,light
1/6/25 04:06,52,light
1/6/25 04:07,60,light
1/6/25 04:08,60,light
1/6/25 04:09,61,light
1/6/25 04:10,58,light
1/6/25 04:11,61,light
1/6/25 04:12,57,light
1/6/25 04:13,57,light
1/6/25 04:14,68,light
1/6/25 04:15,67,light
1/6/25 04:16,59,light
1/6/25 04:17,63,light
1/6/25 04:18,57,light
1/6/25 04:19,56,light
1/6/25 04:20,65,light
1/6/25 04:21,62,light
1/6/25 04:22,63,light
1/6/25 04:23,64,light
1/6/25 04:24,64,light
1/6/25 04:25,59,light
1/6/25 04:26,56,light
1/6/25 04:27,57,light
1/6/25 04:28,57,light
1/6/25 04:29,63,light
1/6/25 04:30,58,light
1/6/25 04:31,59,light
1/6/25 04:32,58,light
1/6/25 04:33,57,light
1/6/25 04:34,58,light
1/6/25 04:35,58,light
1/6/25 04:36,60,light
1/6/25 04:37,56,light
1/6/25 04:38,60,light
1/6/25 04:39,59,light
1/6/25 04:40,62,light
1/6/25 04:41,53,light
1/6/25 04:42,64,light
1/6/25 04:43,63,light
1/6/25 04:44,65,light
1/6/25 04:45,55,light
1/6/25 04:46,58,light
1/6/25 04:47,58,light
1/6/25 04:48,57,light
1/6/25 04:49,61,light
1/6/25 04:50,63,light
1/6/25 04:51,56,light
1/6/25 04:52,60,light
1/6/25 04:53,55,light
1/6/25 04:54,56,light
1/6/25 04:55,61,light
1/6/25 04:56,63,light
1/6/25 04:57,61,light
1/6/25 04:58,61,light
1/6/25 04:59,59,light
1/6/25 05:00,61,light
1/6/25 05:01,61,light
1/6/25 05:02,57,light
1/6/25 05:03,58,light
1/6/25 05:04,69,light
1/6/25 05:05,61,light
1/6/25 05:06,61,light
1/6/25 05:07,58,light
1/6/25 05:08,61,light
1/6/25 05:09,56,light
1/6/25 05:10,61,light
1/6/25 05:11,60,light
1/6/25 05:12,65,light
1/6/25 05:13,60,light
1/6/25 05:14,57,light
1/6/25 05:15,63,light
1/6/25 05:16,59,light
1/6/25 05:17,58,light
1/6/25 05:18,58,light
1/6/25 05:19,59,light
1/6/25 05:20,57,light
1/6/25 05:21,60,light
1/6/25 05:22,63,light
1/6/25 05:23,58,light
1/6/25 05:24,58,light
1/6/25 05:25,61,light
1/6/25 05:26,58,light
1/6/25 05:27,61,light
1/6/25 05:28,66,light
1/6/25 05:29,55,light
1/6/25 05:30,63,light
1/6/25 05:31,58,light
1/6/25 05:32,57,light
1/6/25 05:33,59,light
1/6/25 05:34,65,light
1/6/25 05:35,58,light
1/6/25 05:36,61,light
1/6/25 05:37,59,light
1/6/25 05:38,54,light
1/6/25 05:39,58,light
1/6/25 05:40,63,light
1/6/25 05:41,64,light
1/6/25 05:42,65,REM
1/6/25 05:43,67,REM
1/6/25 05:44,63,REM
1/6/25 05:45,72,REM
1/6/25 05:46,70,REM
1/6/25 05:47,64,REM
1/6/25 05:48,63,REM
1/6/25 05:49,63,REM
1/6/25 05:50,68,REM
1/6/25 05:51,62,REM
1/6/25 05:52,63,REM
1/6/25 05:53,69,REM
1/6/25 05:54,63,REM
1/6/25 05:55,64,REM
1/6/25 05:56,56,REM
1/6/25 05:57,73,REM
1/6/25 05:58,68,REM
1/6/25 05:59,66,REM
1/6/25 06:00,64,REM
1/6/25 06:01,71,REM
1/6/25 06:02,69,REM
1/6/25 06:03,69,REM
1/6/25 06:04,65,REM
1/6/25 06:05,64,REM
1/6/25 06:06,69,REM
1/6/25 06:07,61,REM
1/6/25 06:08,69,REM
1/6/25 06:09,66,REM
1/6/25 06:10,66,REM
1/6/25 06:11,70,REM
1/6/25 06:12,66,REM
1/6/25 06:13,62,REM
1/6/25 06:14,67,REM
1/6/25 06:15,65,REM
1/6/25 06:16,75,REM
1/6/25 06:17,65,REM
1/6/25 06:18,60,REM
1/6/25 06:19,71,REM
1/6/25 06:20,65,REM
1/6/25 06:21,63,REM
1/6/25 06:22,62,REM
1/6/25 06:23,66,REM
1/6/25 06:24,63,REM
1/6/25 06:25,65,REM
1/6/25 06:26,68,REM
1/6/25 06:27,69,REM
1/6/25 06:28,67,REM
1/6/25 06:29,69,REM
1/6/25 06:30,67,REM
1/6/25 06:31,60,REM
1/6/25 06:32,66,REM
1/6/25 06:33,64,REM
1/6/25 06:34,62,REM
1/6/25 06:35,66,REM
1/6/25 06:36,69,REM
1/6/25 06:37,64,REM
1/6/25 06:38,75,REM
1/6/25 06:39,65,REM
1/6/25 06:40,71,REM
1/6/25 06:41,70,REM
1/6/25 06:42,63,REM
1/6/25 06:43,62,REM
1/6/25 06:44,65,REM
1/6/25 06:45,61,REM
1/6/25 06:46,67,REM
1/6/25 06:47,61,REM
1/6/25 06:48,68,REM
1/6/25 06:49,60,REM
1/6/25 06:50,61,REM
1/6/25 06:51,73,REM
1/6/25 06:52,64,REM
1/6/25 06:53,65,REM
1/6/25 06:54,62,REM
1/6/25 06:55,59,REM
1/6/25 06:56,62,REM
1/6/25 06:57,68,REM
1/6/25 06:58,63,REM
1/6/25 06:59,63,REM
1/6/25 07:00,66,REM
1/6/25 07:01,56,REM
1/6/25 07:02,68,REM
1/6/25 07:03,67,REM
1/6/25 07:04,67,REM
1/6/25 23:00,59,light
1/6/25 23:01,61,light
1/6/25 23:02,57,light
1/6/25 23:03,63,light
1/6/25 23:04,57,light
1/6/25 23:05,61,light
1/6/25 23:06,56,light
1/6/25 23:07,57,light
1/6/25 23:08,56,light
1/6/25 23:09,60,light
1/6/25 23:10,65,light
1/6/25 23:11,59,light
1/6/25 23:12,61,light
1/6/25 23:13,56,light
1/6/25 23:14,53,light
1/6/25 23:15,65,light
1/6/25 23:16,61,light
1/6/25 23:17,60,light
1/6/25 23:18,63,light
1/6/25 23:19,59,light
1/6/25 23:20,60,light
1/6/25 23:21,61,light
1/6/25 23:22,61,light
1/6/25 23:23,59,light
1/6/25 23:24,64,light
1/6/25 23:25,58,light
1/6/25 23:26,58,light
1/6/25 23:27,60,light
1/6/25 23:28,53,light
1/6/25 23:29,55,light
1/6/25 23:30,58,light
1/6/25 23:31,60,light
1/6/25 23:32,57,light
1/6/25 23:33,63,light
1/6/25 23:34,55,light
1/6/25 23:35,60,light
1/6/25 23:36,57,light
1/6/25 23:37,62,light
1/6/25 23:38,62,light
1/6/25 23:39,62,light
1/6/25 23:40,59,light
1/6/25 23:41,61,light
1/6/25 23:42,55,light
1/6/25 23:43,56,light
1/6/25 23:44,58,light
1/6/25 23:45,59,light
1/6/25 23:46,59,light
1/6/25 23:47,58,light
1/6/25 23:48,56,light
1/6/25 23:49,58,light
1/6/25 23:50,55,light
1/6/25 23:51,55,light
1/6/25 23:52,63,light
1/6/25 23:53,60,light
1/6/25 23:54,64,light
1/6/25 23:55,59,light
1/6/25 23:56,57,light
1/6/25 23:57,63,light
1/6/25 23:58,62,light
1/6/25 23:59,56,light
1/7/25 00:00,64,light
1/7/25 00:01,62,light
1/7/25 00:02,52,light
1/7/25 00:03,58,light
1/7/25 00:04,62,light
1/7/25 00:05,59,light
1/7/25 00:06,60,light
1/7/25 00:07,60,light
1/7/25 00:08,65,REM
1/7/25 00:09,66,REM
1/7/25 00:10,62,REM
1/7/25 00:11,73,REM
1/7/25 00:12,71,REM
1/7/25 00:13,63,REM
1/7/25 00:14,62,REM
1/7/25 00:15,67,REM
1/7/25 00:16,60,REM
1/7/25 00:17,63,REM
1/7/25 00:18,64,REM
1/7/25 00:19,70,REM
1/7/25 00:20,72,REM
1/7/25 00:21,66,REM
1/7/25 00:22,61,REM
1/7/25 00:23,63,REM
1/7/25 00:24,60,REM
1/7/25 00:25,61,REM
1/7/25 00:26,61,REM
1/7/25 00:27,65,REM
1/7/25 00:28,67,REM
1/7/25 00:29,62,REM
1/7/25 00:30,60,REM
1/7/25 00:31,63,REM
1/7/25 00:32,70,REM
1/7/25 00:33,64,REM
1/7/25 00:34,69,REM
1/7/25 00:35,62,REM
1/7/25 00:36,63,REM
1/7/25 00:37,62,REM
1/7/25 00:38,62,REM
1/7/25 00:39,65,REM
1/7/25 00:40,60,REM
1/7/25 00:41,70,REM
1/7/25 00:42,68,REM
1/7/25 00:43,64,REM
1/7/25 00:44,63,REM
1/7/25 00:45,61,REM
1/7/25 00:46,58,REM
1/7/25 00:47,67,REM
1/7/25 00:48,66,REM
1/7/25 00:49,70,REM
1/7/25 00:50,65,REM
1/7/25 00:51,63,REM
1/7/25 00:52,69,REM
1/7/25 00:53,64,REM
1/7/25 00:54,63,REM
1/7/25 00:55,60,REM
1/7/25 00:56,63,REM
1/7/25 00:57,60,REM
1/7/25 00:58,63,REM
1/7/25 00:59,65,REM
1/7/25 01:00,61,REM
1/7/25 01:01,62,REM
1/7/25 01:02,67,REM
1/7/25 01:03,67,REM
1/7/25 01:04,61,REM
1/7/25 01:05,54,REM
1/7/25 01:06,64,REM
1/7/25 01:07,66,REM
1/7/25 01:08,61,REM
1/7/25 01:09,57,REM
1/7/25 01:10,64,REM
1/7/25 01:11,67,REM
1/7/25 01:12,67,REM
1/7/25 01:13,60,REM
1/7/25 01:14,67,REM
1/7/25 01:15,62,REM
1/7/25 01:16,60,REM
1/7/25 01:17,62,REM
1/7/25 01:18,63,REM
1/7/25 01:19,61,REM
1/7/25 01:20,64,REM
1/7/25 01:21,68,REM
1/7/25 01:22,61,REM
1/7/25 01:23,68,REM
1/7/25 01:24,64,REM
1/7/25 01:25,72,REM
1/7/25 01:26,65,REM
1/7/25 01:27,69,REM
1/7/25 01:28,70,REM
1/7/25 01:29,67,REM
1/7/25 01:30,66,REM
1/7/25 01:31,73,REM
1/7/25 01:32,65,REM
1/7/25 01:33,70,REM
1/7/25 01:34,64,REM
1/7/25 01:35,63,REM
1/7/25 01:36,59,REM
1/7/25 01:37,62,REM
1/7/25 01:38,73,REM
1/7/25 01:39,68,REM
1/7/25 01:40,68,REM
1/7/25 01:41,66,REM
1/7/25 01:42,65,REM
1/7/25 01:43,63,REM
1/7/25 01:44,71,REM
1/7/25 01:45,61,REM
1/7/25 01:46,64,REM
1/7/25 01:47,66,REM
1/7/25 01:48,68,REM
1/7/25 01:49,60,REM
1/7/25 01:50,66,REM
1/7/25 01:51,67,REM
1/7/25 01:52,69,REM
1/7/25 01:53,58,REM
1/7/25 01:54,55,deep
1/7/25 01:55,51,deep
1/7/25 01:56,53,deep
1/7/25 01:57,57,deep
1/7/25 01:58,52,deep
1/7/25 01:59,53,deep
1/7/25 02:00,55,deep
1/7/25 02:01,55,deep
1/7/25 02:02,52,deep
1/7/25 02:03,54,deep
1/7/25 02:04,56,deep
1/7/25 02:05,54,deep
1/7/25 02:06,54,deep
1/7/25 02:07,54,deep
1/7/25 02:08,54,deep
1/7/25 02:09,58,deep
1/7/25 02:10,56,deep
1/7/25 02:11,53,deep
1/7/25 02:12,57,deep
1/7/25 02:13,57,deep
1/7/25 02:14,52,deep
1/7/25 02:15,56,deep
1/7/25 02:16,56,deep
1/7/25 02:17,54,deep
1/7/25 02:18,52,deep
1/7/25 02:19,57,deep
1/7/25 02:20,57,deep
1/7/25 02:21,51,deep
1/7/25 02:22,52,deep
1/7/25 02:23,59,deep
1/7/25 02:24,52,deep
1/7/25 02:25,56,deep
1/7/25 02:26,54,deep
1/7/25 02:27,54,deep
1/7/25 02:28,54,deep
1/7/25 02:29,54,deep
1/7/25 02:30,51,deep
1/7/25 02:31,57,deep
1/7/25 02:32,57,deep
1/7/25 02:33,54,deep
1/7/25 02:34,57,deep
1/7/25 02:35,55,deep
1/7/25 02:36,58,deep
1/7/25 02:37,53,deep
1/7/25 02:38,54,deep
1/7/25 02:39,52,deep
1/7/25 02:40,54,deep
1/7/25 02:41,54,deep
1/7/25 02:42,54,deep
1/7/25 02:43,54,deep
1/7/25 02:44,54,deep
1/7/25 02:45,56,deep
1/7/25 02:46,51,deep
1/7/25 02:47,55,deep
1/7/25 02:48,53,deep
1/7/25 02:49,55,deep
1/7/25 02:50,55,deep
1/7/25 02:51,56,deep
1/7/25 02:52,51,deep
1/7/25 02:53,52,deep
1/7/25 02:54,50,deep
1/7/25 02:55,55,deep
1/7/25 02:56,53,deep
1/7/25 02:57,56,deep
1/7/25 02:58,56,deep
1/7/25 02:59,55,deep
1/7/25 03:00,58,deep
1/7/25 03:01,54,deep
1/7/25 03:02,53,deep
1/7/25 03:03,54,deep
1/7/25 03:04,56,deep
1/7/25 03:05,57,deep
1/7/25 03:06,54,deep
1/7/25 03:07,57,deep
1/7/25 03:08,57,deep
1/7/25 03:09,56,deep
1/7/25 03:10,54,deep
1/7/25 03:11,55,deep
1/7/25 03:12,53,deep
1/7/25 03:13,60,deep
1/7/25 03:14,54,deep
1/7/25 03:15,55,deep
1/7/25 03:16,54,deep
1/7/25 03:17,53,deep
1/7/25 03:18,53,deep
1/7/25 03:19,52,deep
1/7/25 03:20,55,deep
1/7/25 03:21,55,deep
1/7/25 03:22,54,deep
1/7/25 03:23,57,deep
1/7/25 03:24,55,deep
1/7/25 03:25,54,deep
1/7/25 03:26,52,deep
1/7/25 03:27,54,deep
1/7/25 03:28,55,deep
1/7/25 03:29,59,deep
1/7/25 03:30,55,deep
1/7/25 03:31,56,deep
1/7/25 03:32,57,deep
1/7/25 03:33,55,deep
1/7/25 03:34,53,deep
1/7/25 03:35,53,deep
1/7/25 03:36,53,deep
1/7/25 03:37,54,deep
1/7/25 03:38,55,deep
1/7/25 03:39,56,deep
1/7/25 03:40,56,deep
1/7/25 03:41,54,deep
1/7/25 03:42,53,deep
1/7/25 03:43,55,deep
1/7/25 03:44,53,deep
1/7/25 03:45,55,deep
1/7/25 03:46,53,deep
1/7/25 03:47,52,deep
1/7/25 03:48,56,deep
1/7/25 03:49,51,deep
1/7/25 03:50,57,deep
1/7/25 03:51,55,light
1/7/25 03:52,60,light
1/7/25 03:53,55,light
1/7/25 03:54,58,light
1/7/25 03:55,63,light
1/7/25 03:56,67,light
1/7/25 03:57,61,light
1/7/25 03:58,64,light
1/7/25 03:59,61,light
1/7/25 04:00,57,light
1/7/25 04:01,65,light
1/7/25 04:02,62,light
1/7/25 04:03,62,light
1/7/25 04:04,56,light
1/7/25 04:05,59,light
1/7/25 04:06,58,light
1/7/25 04:07,58,light
1/7/25 04:08,55,light
1/7/25 04:09,61,light
1/7/25 04:10,59,light
1/7/25 04:11,64,light
1/7/25 04:12,64,light
1/7/25 04:13,61,light
1/7/25 04:14,60,light
1/7/25 04:15,57,light
1/7/25 04:16,59,light
1/7/25 04:17,57,light
1/7/25 04:18,55,light
1/7/25 04:19,57,light
1/7/25 04:20,63,light
1/7/25 04:21,60,light
1/7/25 04:22,62,light
1/7/25 04:23,57,light
1/7/25 04:24,59,light
1/7/25 04:25,61,light
1/7/25 04:26,56,light
1/7/25 04:27,61,light
1/7/25 04:28,56,light
1/7/25 04:29,63,light
1/7/25 04:30,62,light
1/7/25 04:31,56,light
1/7/25 04:32,62,light
1/7/25 04:33,57,light
1/7/25 04:34,62,light
1/7/25 04:35,51,light
1/7/25 04:36,62,light
1/7/25 04:37,62,light
1/7/25 04:38,57,light
1/7/25 04:39,57,light
1/7/25 04:40,57,light
1/7/25 04:41,60,light
1/7/25 04:42,62,light
1/7/25 04:43,58,light
1/7/25 04:44,53,light
1/7/25 04:45,62,light
1/7/25 04:46,68,light
1/7/25 04:47,59,light
1/7/25 04:48,58,light
1/7/25 04:49,56,light
1/7/25 04:50,58,light
1/7/25 04:51,65,light
1/7/25 04:52,62,light
1/7/25 04:53,58,light
1/7/25 04:54,62,light
1/7/25 04:55,60,light
1/7/25 04:56,66,light
1/7/25 04:57,63,light
1/7/25 04:58,67,light
1/7/25 04:59,62,light
1/7/25 05:00,60,light
1/7/25 05:01,63,light
1/7/25 05:02,60,light
1/7/25 05:03,59,light
1/7/25 05:04,64,light
1/7/25 05:05,56,light
1/7/25 05:06,57,light
1/7/25 05:07,61,light
1/7/25 05:08,62,light
1/7/25 05:09,59,light
1/7/25 05:10,62,light
1/7/25 05:11,64,light
1/7/25 05:12,59,light
1/7/25 05:13,64,light
1/7/25 05:14,63,light
1/7/25 05:15,54,light
1/7/25 05:16,62,light
1/7/25 05:17,65,light
1/7/25 05:18,61,light
1/7/25 05:19,62,light
1/7/25 05:20,58,light
1/7/25 05:21,58,light
1/7/25 05:22,66,light
1/7/25 05:23,59,light
1/7/25 05:24,60,light
1/7/25 05:25,60,light
1/7/25 05:26,56,light
1/7/25 05:27,59,light
1/7/25 05:28,62,light
1/7/25 05:29,57,light
1/7/25 05:30,60,light
1/7/25 05:31,64,light
1/7/25 05:32,56,light
1/7/25 05:33,58,light
1/7/25 05:34,63,light
1/7/25 05:35,58,light
1/7/25 05:36,54,light
1/7/25 05:37,56,light
1/7/25 05:38,57,light
1/7/25 05:39,55,light
1/7/25 05:40,60,light
1/7/25 05:41,59,light
1/7/25 05:42,60,light
1/7/25 05:43,59,light
1/7/25 05:44,56,light
1/7/25 05:45,65,light
1/7/25 05:46,58,light
1/7/25 05:47,64,light
1/7/25 05:48,64,light
1/7/25 05:49,66,light
1/7/25 05:50,61,light
1/7/25 05:51,63,light
1/7/25 05:52,59,light
1/7/25 05:53,56,light
1/7/25 05:54,58,light
1/7/25 05:55,62,light
1/7/25 05:56,61,light
1/7/25 05:57,63,light
1/7/25 05:58,55,light
1/7/25 05:59,54,light
1/7/25 06:00,60,light
1/7/25 06:01,58,light
1/7/25 06:02,57,light
1/7/25 06:03,62,light
1/7/25 06:04,57,light
1/7/25 06:05,60,light
1/7/25 06:06,61,light
1/7/25 06:07,61,light
1/7/25 06:08,56,light
1/7/25 06:09,65,light
1/7/25 06:10,63,light
1/7/25 06:11,58,light
1/7/25 06:12,62,light
1/7/25 06:13,62,light
1/7/25 06:14,61,light
1/7/25 06:15,61,light
1/7/25 06:16,58,light
1/7/25 06:17,63,light
1/7/25 06:18,55,light
1/7/25 06:19,61,light
1/7/25 06:20,58,light
1/7/25 06:21,61,light
1/7/25 06:22,59,light
1/7/25 06:23,61,light
1/7/25 06:24,61,light
1/7/25 06:25,57,light
1/7/25 06:26,56,light
1/7/25 06:27,61,light
1/7/25 06:28,60,light
1/7/25 06:29,57,light
1/7/25 06:30,59,light
1/7/25 06:31,56,light
1/7/25 06:32,65,light
1/7/25 06:33,57,light
1/7/25 06:34,62,light
1/7/25 06:35,53,deep
1/7/25 06:36,53,deep
1/7/25 06:37,56,deep
1/7/25 06:38,57,deep
1/7/25 06:39,52,deep
1/7/25 06:40,55,deep
1/7/25 06:41,54,deep
1/7/25 06:42,56,deep
1/7/25 06:43,57,deep
1/7/25 06:44,52,deep
1/7/25 06:45,49,deep
1/7/25 06:46,57,deep
1/7/25 06:47,55,deep
1/7/25 06:48,52,deep
1/7/25 06:49,59,deep
1/7/25 06:50,51,deep
1/7/25 06:51,62,deep