dateTime,bpm,spo2_value,level
1/6/25 00:38,73,88.3,light
1/6/25 00:39,81,89.5,light
1/6/25 00:40,72,88.7,light
1/6/25 00:41,77,91.2,light
1/6/25 00:42,76,88.9,light
1/6/25 00:43,73,88.2,light
1/6/25 00:44,73,90.1,light
1/6/25 00:45,72,88.1,deep
1/6/25 00:46,77,90.6,deep
1/6/25 00:47,78,89.4,deep
1/6/25 00:48,74,90.9,deep
1/6/25 00:49,66,92,deep
1/6/25 00:50,76,87.5,deep
1/6/25 00:51,73,89.6,deep
1/6/25 00:52,69,91,deep
1/6/25 00:53,74,89.3,deep
1/6/25 00:54,72,91.2,deep
1/6/25 00:55,69,91,deep
1/6/25 00:56,73,87.4,deep
1/6/25 00:57,79,88.8,deep
1/6/25 00:58,74,88.4,deep
1/6/25 00:59,74,88.9,deep
1/6/25 01:00,75,89.5,deep
1/6/25 01:01,74,88.5,deep
1/6/25 01:02,72,90.4,deep
1/6/25 01:03,74,91.8,deep
1/6/25 01:04,74,89.8,deep
1/6/25 01:05,65,91.8,deep
1/6/25 01:06,76,88,deep
1/6/25 01:07,74,90.8,deep
1/6/25 01:08,76,91.6,deep
1/6/25 01:09,73,91.3,deep
1/6/25 01:10,72,88.6,deep
1/6/25 01:11,70,91.4,deep
1/6/25 01:12,74,92.1,deep
1/6/25 01:13,74,88.7,deep
1/6/25 01:14,79,90.6,deep
1/6/25 01:15,64,90.4,deep
1/6/25 01:16,69,89.6,deep
1/6/25 01:17,68,90.8,deep
1/6/25 01:18,63,90.4,deep
1/6/25 01:19,61,90.9,deep
1/6/25 01:20,69,88.4,deep
1/6/25 01:21,67,91.4,deep
1/6/25 01:22,68,90.8,deep
1/6/25 01:23,66,91.8,deep
1/6/25 01:24,62,90.5,deep
1/6/25 01:25,66,92.7,deep
1/6/25 01:26,67,90.6,deep
1/6/25 01:27,59,92.9,deep
1/6/25 01:28,67,90,deep
1/6/25 01:29,68,91.1,deep
1/6/25 01:30,68,91.3,deep
1/6/25 01:31,67,90.4,deep
1/6/25 01:32,64,91.8,deep
1/6/25 01:33,65,90.4,deep
1/6/25 01:34,61,92.1,deep
1/6/25 01:35,69,89.6,deep
1/6/25 01:36,68,90.9,deep
1/6/25 01:37,64,93.6,deep
1/6/25 01:38,67,88.6,deep
1/6/25 01:39,67,92,deep
1/6/25 01:40,62,91.3,deep
1/6/25 01:41,72,89,deep
1/6/25 01:42,63,92.1,deep
1/6/25 01:43,59,93.1,deep
1/6/25 01:44,67,90.7,deep
1/6/25 01:45,67,90.3,light
1/6/25 01:46,64,90.6,light
1/6/25 01:47,66,90.8,light
1/6/25 01:48,63,90.8,light
1/6/25 01:49,60,90.2,light
1/6/25 01:50,68,91.1,light
1/6/25 01:51,66,90.3,light
1/6/25 01:52,64,91.1,light
1/6/25 01:53,71,92.4,light
1/6/25 01:54,65,91.9,light
1/6/25 01:55,67,91,light
1/6/25 01:56,63,89.8,light
1/6/25 01:57,59,92.9,light
1/6/25 01:58,67,92.8,light
1/6/25 01:59,67,90,light
1/6/25 02:00,71,86.2,light
1/6/25 02:01,62,91.3,light
1/6/25 02:02,60,92.5,light
1/6/25 02:03,64,92.2,light
1/6/25 02:04,67,92.7,light
1/6/25 02:05,59,91.8,light
1/6/25 02:06,66,90.6,light
1/6/25 02:07,64,91.4,light
1/6/25 02:08,64,88.7,light
1/6/25 02:09,63,91,light
1/6/25 02:10,69,90.5,light
1/6/25 02:11,61,90.8,light
1/6/25 02:12,68,91.3,light
1/6/25 02:13,67,90.7,light
1/6/25 02:14,64,89.9,light
1/6/25 02:15,70,90.6,light
1/6/25 02:16,60,89.9,light
1/6/25 02:17,68,90.9,light
1/6/25 02:18,62,90.2,light
1/6/25 02:19,64,91.7,light
1/6/25 02:20,66,89.4,light
1/6/25 02:21,69,90.9,light
1/6/25 02:22,63,91.3,light
1/6/25 02:23,67,91.3,light
1/6/25 02:24,64,92.1,light
1/6/25 02:25,63,91.8,light
1/6/25 02:26,61,91.5,light
1/6/25 02:27,64,89,light
1/6/25 02:28,62,91.6,light
1/6/25 02:29,62,92.2,light
1/6/25 02:30,64,90.2,light
1/6/25 02:31,65,92.2,light
1/6/25 02:32,64,91.9,light
1/6/25 02:33,66,90.3,light
1/6/25 02:34,71,88.7,light
1/6/25 02:35,63,90,light
1/6/25 02:36,63,92.1,light
1/6/25 02:37,63,90.3,light
1/6/25 02:38,57,92.3,light
1/6/25 02:39,64,90.8,light
1/6/25 02:40,71,87.8,light
1/6/25 02:41,66,91.5,light
1/6/25 02:42,64,90.7,light
1/6/25 02:43,67,92.1,light
1/6/25 02:44,64,91.9,light
1/6/25 02:45,69,92.6,REM
1/6/25 02:46,65,89.4,REM
1/6/25 02:47,70,87.6,REM
1/6/25 02:48,66,91,REM
1/6/25 02:49,67,91.1,REM
1/6/25 02:50,65,90.7,REM
1/6/25 02:51,68,92.6,REM
1/6/25 02:52,71,88.9,REM
1/6/25 02:53,67,91.5,REM
1/6/25 02:54,65,91.3,REM
1/6/25 02:55,68,90.4,REM
1/6/25 02:56,64,91.5,REM
1/6/25 02:57,70,89.5,REM
1/6/25 02:58,64,92.2,REM
1/6/25 02:59,65,92.2,REM
1/6/25 03:00,68,88.5,REM
1/6/25 03:01,59,91.6,REM
1/6/25 03:02,66,90.9,REM
1/6/25 03:03,66,91.9,REM
1/6/25 03:04,64,91.1,REM
1/6/25 03:05,65,91.4,light
1/6/25 03:06,63,93.8,light
1/6/25 03:07,63,90.4,light
1/6/25 03:08,64,91.4,light
1/6/25 03:09,63,91.2,light
1/6/25 03:10,67,91.9,light
1/6/25 03:11,63,92,light
1/6/25 03:12,68,91.6,light
1/6/25 03:13,63,92.4,light
1/6/25 03:14,62,92.3,light
1/6/25 03:15,57,93.1,light
1/6/25 03:16,54,93.7,light
1/6/25 03:17,57,93,light
1/6/25 03:18,55,91.5,light
1/6/25 03:19,54,93.5,light
1/6/25 03:20,54,93.2,light
1/6/25 03:21,61,91.9,light
1/6/25 03:22,60,92.4,light
1/6/25 03:23,54,94.2,light
1/6/25 03:24,55,92.7,light
1/6/25 03:25,62,90.3,light
1/6/25 03:26,57,93.5,light
1/6/25 03:27,56,93.6,light
1/6/25 03:28,58,92.7,light
1/6/25 03:29,58,92.8,light
1/6/25 03:30,57,92.5,light
1/6/25 03:31,55,93.1,light
1/6/25 03:32,52,93.6,light
1/6/25 03:33,57,92.7,light
1/6/25 03:34,52,93.1,light
1/6/25 03:35,56,93,light
1/6/25 03:36,56,94.2,light
1/6/25 03:37,55,93.1,light
1/6/25 03:38,59,93.6,light
1/6/25 03:39,57,93.4,light
1/6/25 03:40,59,92.7,light
1/6/25 03:41,52,93.8,light
1/6/25 03:42,60,90.5,light
1/6/25 03:43,60,92,light
1/6/25 03:44,57,93.2,light
1/6/25 03:45,63,92,light
1/6/25 03:46,60,91.1,light
1/6/25 03:47,57,91.4,light
1/6/25 03:48,62,90.3,light
1/6/25 03:49,58,93.6,light
1/6/25 03:50,55,92.6,light
1/6/25 03:51,60,92.1,light
1/6/25 03:52,62,92.4,light
1/6/25 03:53,53,94.4,light
1/6/25 03:54,56,93.5,light
1/6/25 03:55,56,90.6,light
1/6/25 03:56,54,93.7,light
1/6/25 03:57,57,92.8,light
1/6/25 03:58,55,93.5,light
1/6/25 03:59,59,92.9,light
1/6/25 04:00,59,91.6,light
1/6/25 04:01,58,91.6,light
1/6/25 04:02,58,92.4,light
1/6/25 04:03,62,93.7,light
1/6/25 04:04,64,91.3,light
1/6/25 04:05,59,93.2,light
1/6/25 04:06,56,91.6,light
1/6/25 04:07,58,93.7,light
1/6/25 04:08,58,92.5,light
1/6/25 04:09,60,92.5,light
1/6/25 04:10,55,91.8,light
1/6/25 04:11,60,90.9,light
1/6/25 04:12,58,92.4,light
1/6/25 04:13,57,93.3,light
1/6/25 04:14,57,93.6,light
1/6/25 04:15,62,90.4,light
1/6/25 04:16,66,91.8,light
1/6/25 04:17,58,93.9,light
1/6/25 04:18,55,93.6,light
1/6/25 04:19,57,92.3,light
1/6/25 04:20,58,92.5,light
1/6/25 04:21,58,92.6,light
1/6/25 04:22,58,93.6,light
1/6/25 04:23,57,93.1,light
1/6/25 04:24,62,89.7,light
1/6/25 04:25,57,92.8,light
1/6/25 04:26,60,92.6,light
1/6/25 04:27,53,94.4,light
1/6/25 04:28,56,92.3,light
1/6/25 04:29,58,91.6,light
1/6/25 04:30,57,92.4,light
1/6/25 04:31,61,91,light
1/6/25 04:32,58,92.5,light
1/6/25 04:33,61,90,light
1/6/25 04:34,59,93.3,light
1/6/25 04:35,55,90.9,wake
1/6/25 04:36,57,93.7,wake
1/6/25 04:37,57,93.4,wake
1/6/25 04:38,61,91.4,wake
1/6/25 04:39,57,93.3,wake
1/6/25 04:40,57,92.6,wake
1/6/25 04:41,56,92.8,wake
1/6/25 04:42,58,94,wake
1/6/25 04:43,59,92.7,wake
1/6/25 04:44,60,91.4,wake
1/6/25 04:45,57,93.2,light
1/6/25 04:46,51,93.9,light
1/6/25 04:47,58,92.6,light
1/6/25 04:48,58,91.4,light
1/6/25 04:49,58,93.5,light
1/6/25 04:50,58,93.7,light
1/6/25 04:51,58,92.9,light
1/6/25 04:52,51,94.5,light
1/6/25 04:53,58,93.1,light
1/6/25 04:54,55,91.2,light
1/6/25 04:55,61,89.9,light
1/6/25 04:56,58,92.4,light
1/6/25 04:57,55,92.3,light
1/6/25 04:58,54,93.8,light
1/6/25 04:59,55,92.1,light
1/6/25 05:00,56,94.2,light
1/6/25 05:01,58,91.1,light
1/6/25 05:02,54,93.8,light
1/6/25 05:03,58,92.2,light
1/6/25 05:04,61,89.7,light
1/6/25 05:05,61,91.6,light
1/6/25 05:06,56,92,light
1/6/25 05:07,57,92.8,light
1/6/25 05:08,56,92,light
1/6/25 05:09,54,92.7,light
1/6/25 05:10,56,92.6,light
1/6/25 05:11,52,94,light
1/6/25 05:12,52,93.4,light
1/6/25 05:13,58,93.9,light
1/6/25 05:14,58,93,light
1/6/25 05:15,54,94.2,light
1/6/25 05:16,54,93.4,light
1/6/25 05:17,52,93.4,light
1/6/25 05:18,50,93.6,light
1/6/25 05:19,50,93.6,light
1/6/25 05:20,49,93.5,light
1/6/25 05:21,52,93.1,light
1/6/25 05:22,50,94.3,light
1/6/25 05:23,49,92.9,light
1/6/25 05:24,52,94.2,light
1/6/25 05:25,53,94.3,light
1/6/25 05:26,50,93.6,light
1/6/25 05:27,51,95.3,light
1/6/25 05:28,54,93.8,light
1/6/25 05:29,53,93.6,light
1/6/25 05:30,50,93.7,light
1/6/25 05:31,55,93.7,light
1/6/25 05:32,53,93.6,light
1/6/25 05:33,55,93.3,light
1/6/25 05:34,51,93,light
1/6/25 05:35,50,93.9,light
1/6/25 05:36,51,94.4,light
1/6/25 05:37,49,93.8,light
1/6/25 05:38,53,93.3,light
1/6/25 05:39,50,93.6,light
1/6/25 05:40,52,92.9,light
1/6/25 05:41,56,93.5,light
1/6/25 05:42,51,94.5,light
1/6/25 05:43,51,93.7,light
1/6/25 05:44,51,94.7,light
1/6/25 05:45,51,94.2,light
1/6/25 05:46,51,93.8,light
1/6/25 05:47,53,94.6,light
1/6/25 05:48,53,94.2,light
1/6/25 05:49,51,94.5,light
1/6/25 05:50,52,94.6,light
1/6/25 05:51,51,93.7,light
1/6/25 05:52,54,94.2,light
1/6/25 22:00,76,89.4,light
1/6/25 22:01,75,91.5,light
1/6/25 22:02,70,88.6,light
1/6/25 22:03,72,92.7,light
1/6/25 22:04,75,89.8,light
1/6/25 22:05,73,88.1,light
1/6/25 22:06,73,89.7,light
1/6/25 22:07,68,92.2,light
1/6/25 22:08,75,87.9,light
1/6/25 22:09,73,92.4,light
1/6/25 22:10,82,90.3,light
1/6/25 22:11,79,87.8,light
1/6/25 22:12,74,88.7,light
1/6/25 22:13,66,90.6,light
1/6/25 22:14,83,91.2,light
1/6/25 22:15,77,87.7,light
1/6/25 22:16,71,91.8,light
1/6/25 22:17,77,91.2,light
1/6/25 22:18,77,92,light
1/6/25 22:19,71,89.6,light
1/6/25 22:20,70,91.4,light
1/6/25 22:21,76,89.1,light
1/6/25 22:22,78,91,light
1/6/25 22:23,75,89.6,light
1/6/25 22:24,75,92.2,light
1/6/25 22:25,79,89.9,light
1/6/25 22:26,73,88.2,light
1/6/25 22:27,62,92.5,light
1/6/25 22:28,76,89.8,light
1/6/25 22:29,78,88.7,light
1/6/25 22:30,75,88.6,light
1/6/25 22:31,68,90.1,light
1/6/25 22:32,71,87.4,light
1/6/25 22:33,73,88.9,light
1/6/25 22:34,68,91.2,light
1/6/25 22:35,71,88.9,light
1/6/25 22:36,79,83.8,light
1/6/25 22:37,70,87.2,light
1/6/25 22:38,72,90.9,light
1/6/25 22:39,76,89.3,light
1/6/25 22:40,67,89.3,light
1/6/25 22:41,79,89,light
1/6/25 22:42,71,89.7,light
1/6/25 22:43,69,92,light
1/6/25 22:44,79,88.5,light
1/6/25 22:45,77,90.5,light
1/6/25 22:46,69,91,light
1/6/25 22:47,72,88.9,light
1/6/25 22:48,75,90.8,light
1/6/25 22:49,72,88.1,light
1/6/25 22:50,79,90.9,light
1/6/25 22:51,77,87.8,light
1/6/25 22:52,61,90.4,light
1/6/25 22:53,70,88.9,light
1/6/25 22:54,71,89.3,light
1/6/25 22:55,72,85.7,light
1/6/25 22:56,75,89.7,light
1/6/25 22:57,78,86.8,light
1/6/25 22:58,71,89.8,light
1/6/25 22:59,69,91.3,light
1/6/25 23:00,72,91,light
1/6/25 23:01,65,89.7,light
1/6/25 23:02,76,89.8,light
1/6/25 23:03,73,89.4,light
1/6/25 23:04,72,88.6,light
1/6/25 23:05,74,87.9,light
1/6/25 23:06,70,89.6,light
1/6/25 23:07,72,91.5,light
1/6/25 23:08,71,89.1,light
1/6/25 23:09,66,92.3,light
1/6/25 23:10,73,91.2,light
1/6/25 23:11,84,86.3,light
1/6/25 23:12,74,88.2,light
1/6/25 23:13,70,88.7,light
1/6/25 23:14,74,91.5,light
1/6/25 23:15,69,91,light
1/6/25 23:16,71,91.4,light
1/6/25 23:17,72,89.3,light
1/6/25 23:18,71,91.5,light
1/6/25 23:19,72,90.2,light
1/6/25 23:20,76,89.4,light
1/6/25 23:21,72,91.3,light
1/6/25 23:22,72,88.7,light
1/6/25 23:23,66,93,light
1/6/25 23:24,68,89.5,light
1/6/25 23:25,74,88.9,light
1/6/25 23:26,78,89.7,light
1/6/25 23:27,73,88.4,light
1/6/25 23:28,73,90.1,light
1/6/25 23:29,68,90.9,light
1/6/25 23:30,70,90,deep
1/6/25 23:31,74,88.2,deep
1/6/25 23:32,78,88,deep
1/6/25 23:33,74,89.5,deep
1/6/25 23:34,73,90.6,deep
1/6/25 23:35,75,92.3,deep
1/6/25 23:36,69,89.2,deep
1/6/25 23:37,70,89.2,deep
1/6/25 23:38,73,90.2,deep
1/6/25 23:39,69,91.4,deep
1/6/25 23:40,76,87.7,deep
1/6/25 23:41,77,88.4,deep
1/6/25 23:42,72,89.5,deep
1/6/25 23:43,77,93.5,deep
1/6/25 23:44,79,90.9,deep
1/6/25 23:45,75,90,deep
1/6/25 23:46,77,85.5,deep
1/6/25 23:47,73,87.5,deep
1/6/25 23:48,77,87.7,deep
1/6/25 23:49,73,90,deep
1/6/25 23:50,71,89.3,deep
1/6/25 23:51,76,88.5,deep
1/6/25 23:52,74,90,deep
1/6/25 23:53,77,87.2,deep
1/6/25 23:54,71,88.3,deep
1/6/25 23:55,75,89.4,deep
1/6/25 23:56,77,92.3,deep
1/6/25 23:57,72,90.8,deep
1/6/25 23:58,77,90.1,deep
1/6/25 23:59,80,88.9,deep
12/4/24 00:14,71,89.2,light
12/4/24 00:15,61,88.7,light
12/4/24 00:16,63,88.5,light
12/4/24 00:17,69,92,light
12/4/24 00:18,62,91,light
12/4/24 00:19,61,90.2,light
12/4/24 00:20,73,88.3,light
12/4/24 00:21,65,92.1,light
12/4/24 00:22,61,90,light
12/4/24 00:23,67,93.2,light
12/4/24 00:24,66,94,light
12/4/24 00:25,62,90.1,light
12/4/24 00:26,64,92,light
12/4/24 00:27,63,91.7,light
12/4/24 00:28,68,90,light
12/4/24 00:29,67,90,light
12/4/24 00:30,56,92.4,light
12/4/24 00:31,72,88.3,light
12/4/24 00:32,63,92.5,light
12/4/24 02:15,70,89.3,light
12/4/24 02:16,72,91.6,light
12/4/24 02:17,71,91.1,light
12/4/24 02:18,76,90.2,light
12/4/24 02:19,73,91.4,light
12/4/24 02:20,72,88.7,light
12/4/24 02:21,71,90.1,light
12/4/24 02:22,67,90.2,light
12/4/24 02:23,71,90.2,light
12/4/24 02:24,68,92.4,light
12/4/24 02:25,73,91.2,light
12/4/24 02:26,70,90.3,light
12/4/24 02:27,80,91.5,light
12/4/24 02:28,65,92.5,light
12/4/24 02:29,56,94.1,light
12/4/24 02:30,73,91.8,light
12/4/24 02:31,68,92,light
12/4/24 02:32,72,91.4,light
12/4/24 02:33,65,91.5,light
12/4/24 02:34,81,89.6,light
12/4/24 02:35,70,91.3,light
12/4/24 02:36,68,92.1,light
12/4/24 02:37,81,90.4,light
12/4/24 02:38,76,89.7,light
12/4/24 02:39,78,89.6,light
12/4/24 02:40,71,89.4,light
12/4/24 02:41,72,91.9,light
12/4/24 02:42,69,92.6,light
12/4/24 02:43,68,92.6,light
12/4/24 02:44,73,88.4,light
12/4/24 02:45,70,89.5,light
12/4/24 02:46,83,89.6,light
12/4/24 02:47,76,89.1,light
12/4/24 02:48,81,92.8,light
12/4/24 02:49,60,91.7,light
12/4/24 02:50,81,90.5,light
12/4/24 02:51,60,90.6,light
12/4/24 02:52,65,92.2,light
12/4/24 02:53,63,93.8,light
12/4/24 02:54,73,90.1,light
12/4/24 02:55,71,89.6,light
12/4/24 02:56,75,89.9,light
12/4/24 02:57,71,89.5,light
12/4/24 02:58,78,90,light
12/4/24 02:59,67,90.5,light
12/4/24 03:00,78,88.7,light
12/4/24 03:01,71,90,light
12/4/24 03:02,83,90.1,light
12/4/24 03:03,76,89.6,light
12/4/24 03:04,70,92.2,light
12/4/24 03:05,71,90.6,light
12/4/24 03:06,66,92.1,light
12/4/24 03:07,73,91.2,light
12/4/24 03:08,70,90.2,light
12/4/24 03:09,75,90.3,light
12/4/24 03:10,65,90.2,light
12/4/24 03:11,70,91,light
12/4/24 03:12,66,90.8,light
12/4/24 03:13,66,90.4,light
12/4/24 03:14,75,92,light
12/4/24 03:15,69,89.6,deep
12/4/24 03:16,55,94,deep
12/4/24 03:17,72,92.5,deep
12/4/24 03:18,70,89.7,deep
12/4/24 03:19,59,94.1,deep
12/4/24 03:20,68,90.1,deep
12/4/24 03:21,63,92.4,deep
12/4/24 03:22,64,91.2,deep
12/4/24 03:23,67,89,deep
12/4/24 03:24,66,90.4,deep
12/4/24 03:25,62,91,deep
12/4/24 03:26,62,92.1,deep
12/4/24 03:27,62,90.6,deep
12/4/24 03:28,69,90.9,deep
12/4/24 03:29,57,93,deep
12/4/24 03:30,64,91.8,deep
12/4/24 03:31,71,89.9,deep
12/4/24 03:32,67,90.8,deep
12/4/24 03:33,69,92.3,deep
12/4/24 03:34,64,90.8,deep
12/4/24 03:35,60,89.8,deep
12/4/24 03:36,65,90.7,deep
12/4/24 03:37,62,91.9,deep
12/4/24 03:38,73,89.8,deep
12/4/24 03:39,64,90.6,deep
12/4/24 03:40,67,89.7,deep
12/4/24 03:41,71,89.8,deep
12/4/24 03:42,60,91.5,deep
12/4/24 03:43,55,91.6,deep
12/4/24 03:44,66,91,deep
12/4/24 03:45,67,89.9,deep
12/4/24 03:46,63,91,deep
12/4/24 03:47,60,93.3,deep
12/4/24 03:48,66,91.4,deep
12/4/24 03:49,64,89.3,deep
12/4/24 03:50,66,91.6,deep
12/4/24 03:51,60,92.8,deep
12/4/24 03:52,66,89.5,deep
12/4/24 03:53,68,89.9,deep
12/4/24 03:54,58,92.7,deep
12/4/24 03:55,70,89.9,deep
12/4/24 03:56,66,92.7,deep
12/4/24 03:57,68,91,deep
12/4/24 03:58,59,93.2,deep
12/4/24 03:59,67,93,deep
12/4/24 04:00,58,91.7,deep
12/4/24 04:01,61,92.1,deep
12/4/24 04:02,66,90.7,deep
12/4/24 04:03,63,88.5,deep
12/4/24 04:04,65,91.8,deep
12/4/24 04:05,72,90.9,deep
12/4/24 04:06,65,89.3,deep
12/4/24 04:07,67,90.7,deep
12/4/24 04:08,64,90.5,deep
12/4/24 04:09,64,92.2,deep
12/4/24 04:10,61,89.3,deep
12/4/24 04:11,66,91.3,deep
12/4/24 04:12,75,86.5,deep
12/4/24 04:13,65,91.7,deep
12/4/24 04:14,63,91.4,deep
12/4/24 04:15,60,90.6,light
12/4/24 04:16,60,92.9,light
12/4/24 04:17,58,90.1,light
12/4/24 04:18,56,92.5,light
12/4/24 04:19,60,92.6,light
12/4/24 04:20,57,92.6,light
12/4/24 04:21,59,93.7,light
12/4/24 04:22,54,93.7,light
12/4/24 04:23,55,92.3,light
12/4/24 04:24,57,93.6,light
12/4/24 04:25,53,94.6,light
12/4/24 04:26,55,94.7,light
12/4/24 04:27,53,94.1,light
12/4/24 04:28,52,94.1,light
12/4/24 04:29,64,90.6,light
12/4/24 04:30,55,92.3,light
12/4/24 04:31,55,93.5,light
12/4/24 04:32,57,92.5,light
12/4/24 04:33,53,93.4,light
12/4/24 04:34,55,92.2,light
12/4/24 04:35,62,91.1,light
12/4/24 04:36,58,91.8,light
12/4/24 04:37,59,92.1,light
12/4/24 04:38,61,90,light
12/4/24 04:39,57,92.1,light
12/4/24 04:40,56,93.5,light
12/4/24 04:41,52,94,light
12/4/24 04:42,55,94.7,light
12/4/24 04:43,56,91.8,light
12/4/24 04:44,54,94.3,light
12/4/24 04:45,53,94.2,light
12/4/24 04:46,52,94.5,light
12/4/24 04:47,51,93.6,light
12/4/24 04:48,49,93.7,light
12/4/24 04:49,47,94.3,light
12/4/24 04:50,52,93.6,light
12/4/24 04:51,50,92.8,light
12/4/24 04:52,51,94.9,light
12/4/24 04:53,51,94.6,light
12/4/24 04:54,50,93.7,light
12/4/24 04:55,53,94.2,light
12/4/24 04:56,48,94.7,light
12/4/24 04:57,49,94.9,light
12/4/24 04:58,53,94.1,light
12/4/24 04:59,50,93.6,light
12/4/24 05:00,49,95,light
12/4/24 05:01,49,94.1,light
12/4/24 05:02,51,93.9,light
12/4/24 05:03,49,94.2,light
12/4/24 05:04,49,94.8,light
12/4/24 05:05,51,94,light
12/4/24 05:06,50,94.7,light
12/4/24 05:07,47,93.9,light
12/4/24 05:08,50,94.4,light
12/4/24 05:09,52,93.3,light
12/4/24 05:10,51,94.7,light
12/4/24 05:11,53,93.5,light
12/4/24 05:12,48,94.3,light
12/4/24 05:13,52,93,light
12/4/24 05:14,48,94,light
12/4/24 05:15,65,91.4,REM
12/4/24 05:16,67,90.4,REM
12/4/24 05:17,72,89.8,REM
12/4/24 05:18,77,90.4,REM
12/4/24 05:19,73,90.8,REM
12/4/24 05:20,71,90.2,REM
12/4/24 05:21,66,92.8,REM
12/4/24 05:22,75,91.7,REM
12/4/24 05:23,76,90,REM
12/4/24 05:24,73,88,REM
12/4/24 05:25,66,90.6,REM
12/4/24 05:26,76,86.7,REM
12/4/24 05:27,78,89.7,REM
12/4/24 05:28,79,92.1,REM
12/4/24 05:29,69,92.1,REM
12/4/24 05:30,74,90.1,REM
12/4/24 19:45,82,90.2,light
12/4/24 19:46,79,88.3,light
12/4/24 19:47,71,89,light
12/4/24 19:48,64,92.9,light
12/4/24 19:49,83,93.6,light
12/4/24 19:50,68,89.1,light
12/4/24 19:51,74,91.6,light
12/4/24 19:52,64,91.6,light
12/4/24 19:53,70,93.1,light
12/4/24 19:54,64,90.5,light
12/4/24 19:55,66,92.3,light
12/4/24 19:56,67,90.8,light
12/4/24 19:57,74,91.9,light
12/4/24 19:58,71,93.5,light
12/4/24 19:59,85,90.3,light
12/4/24 20:00,77,88.3,light
12/4/24 20:01,77,92.1,light
12/4/24 20:02,74,90.8,light
12/4/24 20:03,73,90.6,light
12/4/24 20:04,77,92.4,light
12/4/24 20:05,60,89.8,light
12/4/24 20:06,68,90.3,light
12/4/24 20:07,65,91.9,light
12/4/24 20:08,62,90.3,light
12/4/24 20:09,68,90.8,light
12/4/24 20:10,66,92.7,light
12/4/24 20:11,77,90.6,light
12/4/24 20:12,72,88.2,light
12/4/24 20:13,61,91.7,light
12/4/24 20:14,73,91.9,light
12/4/24 20:15,66,91.4,light
12/6/24 20:59,74,91,light
12/6/24 21:00,66,90.5,light
12/6/24 21:01,66,91.2,light
12/6/24 21:02,74,91.5,light
12/6/24 21:03,70,91.7,light
12/6/24 21:04,64,90.6,light
12/6/24 21:05,73,89.6,light
12/6/24 21:06,65,91.3,light
12/6/24 21:07,85,92,light
12/6/24 21:08,61,89.9,light
12/6/24 21:09,72,90.5,light
12/6/24 21:10,66,91.3,light
12/6/24 21:11,76,88.7,light
12/6/24 21:12,69,92.7,light
12/6/24 21:13,77,91.5,light
12/6/24 21:14,75,92.3,light
12/6/24 21:15,60,92.6,light
12/6/24 21:16,62,91.2,light
12/6/24 21:17,63,91.9,light
12/6/24 21:18,64,91.6,light
12/6/24 21:19,64,90.1,light
12/6/24 21:20,67,89.6,light
12/6/24 21:21,65,91.6,light
12/6/24 21:22,62,91.3,light
12/6/24 21:23,61,90.8,light
12/6/24 21:24,61,91.1,light
12/6/24 21:25,66,93.3,light
12/6/24 21:26,64,88.6,light
12/6/24 21:27,73,91,light
12/6/24 21:28,64,92.2,light
12/6/24 21:29,65,92.4,light
12/6/24 21:30,57,91.3,light
12/6/24 21:31,59,92.2,light
12/6/24 21:32,60,90.8,light
12/6/24 21:33,62,91.6,light
12/6/24 21:34,59,91.5,light
12/6/24 21:35,60,91.7,light
12/6/24 21:36,67,90.1,light
12/6/24 21:37,61,90.8,light
12/6/24 21:38,64,92.8,light
12/6/24 21:39,67,92.2,light
12/6/24 21:40,68,91.3,light
12/6/24 21:41,66,89.5,light
12/6/24 21:42,66,91.6,light
12/6/24 21:43,68,91.7,light
12/6/24 21:44,66,88.7,light
12/6/24 21:45,69,91.6,deep
12/6/24 21:46,56,91.5,deep
12/6/24 21:47,64,89.4,deep
12/6/24 21:48,65,89.9,deep
12/6/24 21:49,64,88.6,deep
12/6/24 21:50,65,90.7,deep
12/6/24 21:51,63,90,deep
12/6/24 21:52,68,92.6,deep
12/6/24 21:53,62,90.8,deep
12/6/24 21:54,64,90.3,deep
12/6/24 21:55,70,87.6,deep
12/6/24 21:56,70,89.4,deep
12/6/24 21:57,65,92.8,deep
12/6/24 21:58,62,93.1,deep
12/6/24 21:59,58,92.2,deep
12/6/24 22:00,64,91.1,deep
12/6/24 22:01,67,92,deep
12/6/24 22:02,62,90,deep
12/6/24 22:03,65,91.6,deep
12/6/24 22:04,63,94,deep
12/6/24 22:05,58,93.2,deep
12/6/24 22:06,65,92.1,deep
12/6/24 22:07,66,92.8,deep
12/6/24 22:08,65,92.3,deep
12/6/24 22:09,71,89.6,deep
12/6/24 22:10,63,89.8,deep
12/6/24 22:11,63,91,deep
12/6/24 22:12,73,88.5,deep
12/6/24 22:13,60,90.9,deep
12/6/24 22:14,62,90.2,deep
12/6/24 22:15,58,92.1,deep
12/6/24 22:16,60,89.4,deep
12/6/24 22:17,59,91.9,deep
12/6/24 22:18,53,94.3,deep
12/6/24 22:19,61,92,deep
12/6/24 22:20,58,92.9,deep
12/6/24 22:21,54,93.7,deep
12/6/24 22:22,54,94.1,deep
12/6/24 22:23,57,94.2,deep
12/6/24 22:24,63,90.3,deep
12/6/24 22:25,57,93.9,deep
12/6/24 22:26,63,89.5,deep
12/6/24 22:27,59,91,deep
12/6/24 22:28,53,93.9,deep
12/6/24 22:29,61,91.2,deep
12/6/24 22:30,54,93.2,deep
12/6/24 22:31,55,92.2,deep
12/6/24 22:32,57,92.9,deep
12/6/24 22:33,56,91.6,deep
12/6/24 22:34,59,93.4,deep
12/6/24 22:35,58,93.5,deep
12/6/24 22:36,56,93.6,deep
12/6/24 22:37,62,90.1,deep
12/6/24 22:38,55,91.8,deep
12/6/24 22:39,53,93.9,deep
12/6/24 22:40,58,92.3,deep
12/6/24 22:41,56,92.2,deep
12/6/24 22:42,57,93.2,deep
12/6/24 22:43,59,93.1,deep
12/6/24 22:44,56,91.7,deep
12/6/24 22:45,53,93.2,light
12/6/24 22:46,50,93.1,light
12/6/24 22:47,49,93.4,light
12/6/24 22:48,51,94.6,light
12/6/24 22:49,49,94.1,light
12/6/24 22:50,50,94.6,light
12/6/24 22:51,47,92.8,light
12/6/24 22:52,48,94.2,light
12/6/24 22:53,52,94.2,light
12/6/24 22:54,47,94.8,light
12/6/24 22:55,49,93.7,light
12/6/24 22:56,50,93.7,light
12/6/24 22:57,52,95.1,light
12/6/24 22:58,49,93.9,light
12/6/24 22:59,51,94.1,light
12/6/24 23:00,49,94.3,light
12/6/24 23:01,45,92.8,light
12/6/24 23:02,50,94,light
12/6/24 23:03,49,93.1,light
12/6/24 23:04,50,93.9,light
12/6/24 23:05,48,93.8,light
12/6/24 23:06,48,93.6,light
12/6/24 23:07,52,94.4,light
12/6/24 23:08,49,94.1,light
12/6/24 23:09,46,93.3,light
12/6/24 23:10,50,93.2,light
12/6/24 23:11,51,94.6,light
12/6/24 23:12,51,94,light
12/6/24 23:13,48,93,light
12/6/24 23:14,50,93.7,light
12/6/24 23:15,74,89.8,light
12/6/24 23:16,76,88.1,light
12/6/24 23:17,74,89,light
12/6/24 23:18,75,91.4,light
12/6/24 23:19,68,94.2,light
12/6/24 23:20,60,91.6,light
12/6/24 23:21,77,88,light
12/6/24 23:22,67,90.9,light
12/6/24 23:23,71,90.2,light
12/6/24 23:24,76,91.2,light
12/6/24 23:25,72,91.2,light
12/6/24 23:26,75,92,light
12/6/24 23:27,84,90,light
12/6/24 23:28,74,90,light
12/6/24 23:29,68,88.9,light
12/6/24 23:30,64,90,light
12/6/24 23:31,75,88,light
12/6/24 23:32,72,88.7,light
12/6/24 23:33,65,89.8,light
12/6/24 23:34,77,88.4,light
12/6/24 23:35,75,91.6,light
12/6/24 23:36,71,87.1,light
12/6/24 23:37,82,89.7,light
12/6/24 23:38,77,91.3,light
12/6/24 23:39,67,90.8,light
12/6/24 23:40,77,92,light
12/6/24 23:41,73,89.1,light
12/6/24 23:42,81,92.6,light
12/6/24 23:43,76,87.6,light
12/6/24 23:44,74,92,light
12/6/24 23:45,74,88.7,REM
12/6/24 23:46,66,92.9,REM
12/6/24 23:47,69,90.6,REM
12/6/24 23:48,73,91.7,REM
12/6/24 23:49,65,92.7,REM
12/6/24 23:50,74,89.1,REM
12/6/24 23:51,68,92.4,REM
12/6/24 23:52,70,90,REM
12/6/24 23:53,75,87.8,REM
12/6/24 23:54,69,91.8,REM
12/6/24 23:55,74,88.5,REM
12/6/24 23:56,72,89,REM
12/6/24 23:57,66,90.1,REM
12/6/24 23:58,76,90.6,REM
12/6/24 23:59,76,88.5,REM
12/7/24 00:00,76,88.2,REM
12/7/24 00:01,81,88.4,REM
12/7/24 00:02,69,90.3,REM
12/7/24 00:03,62,91.8,REM
12/7/24 00:04,68,92.3,REM
12/7/24 00:05,76,91.3,light
12/7/24 00:06,71,89.9,light
12/7/24 00:07,64,91.1,light
12/7/24 00:08,63,91,light
12/7/24 00:09,79,90.7,light
12/7/24 00:10,75,91.7,light
12/7/24 00:11,69,91,light
12/7/24 00:12,81,90.8,light
12/7/24 00:13,85,88.1,light
12/7/24 00:14,77,91.3,light
12/7/24 00:15,68,91.5,light
12/7/24 00:16,67,90,light
12/7/24 00:17,68,92.5,light
12/7/24 00:18,72,88.1,light
12/7/24 00:19,61,88.5,light
12/7/24 00:20,63,92.2,light
12/7/24 00:21,64,91.7,light
12/7/24 00:22,67,89.7,light
12/7/24 00:23,71,90.5,light
12/7/24 00:24,66,92.6,light
12/7/24 00:25,67,91.5,light
12/7/24 00:26,67,94.1,light
12/7/24 00:27,65,90.2,light
12/7/24 00:28,63,88.5,light
12/7/24 00:29,65,89.5,light
12/7/24 00:30,62,88.4,light
12/7/24 00:31,62,93.8,light
12/7/24 00:32,66,91.2,light
12/7/24 00:33,63,93.5,light
12/7/24 00:34,72,89.5,light
12/7/24 00:35,65,90.1,light
12/7/24 00:36,70,87.4,light
12/7/24 00:37,60,90.7,light
12/7/24 00:38,60,92.2,light
12/7/24 00:39,64,90.9,light
12/7/24 00:40,68,89.3,light
12/7/24 00:41,63,92,light
12/7/24 00:42,64,92.2,light
12/7/24 00:43,68,90.6,light
12/7/24 00:44,63,90.4,light
12/7/24 00:45,61,89.1,light
12/7/24 00:46,67,92,light
12/7/24 00:47,59,92.1,light
12/7/24 00:48,63,88,light
12/7/24 00:49,65,89.4,light
12/7/24 00:50,67,91.9,light
12/7/24 00:51,68,90.8,light
12/7/24 00:52,68,89.8,light
12/7/24 00:53,63,91.3,light
12/7/24 00:54,68,90.2,light
12/7/24 00:55,67,90.4,light
12/7/24 00:56,67,90.9,light
12/7/24 00:57,62,93.2,light
12/7/24 00:58,67,93.2,light
12/7/24 00:59,64,88.8,light
12/7/24 01:00,65,91.1,light
12/7/24 01:01,65,89.5,light
12/7/24 01:02,73,88.4,light
12/7/24 01:03,61,89,light
12/7/24 01:04,69,90.2,light
12/7/24 01:05,70,88.2,light
12/7/24 01:06,68,92.4,light
12/7/24 01:07,62,90.2,light
12/7/24 01:08,71,87.1,light
12/7/24 01:09,63,91.2,light
12/7/24 01:10,67,91,light
12/7/24 01:11,65,90.9,light
12/7/24 01:12,63,91.9,light
12/7/24 01:13,67,92.7,light
12/7/24 01:14,72,89.6,light
12/7/24 01:15,57,92.7,light
12/7/24 01:16,62,90.9,light
12/7/24 01:17,56,93,light
12/7/24 01:18,57,91.2,light
12/7/24 01:19,53,94.4,light
12/7/24 01:20,55,92.8,light
12/7/24 01:21,56,91.6,light
12/7/24 01:22,56,94.5,light
12/7/24 01:23,54,93,light
12/7/24 01:24,54,94.2,light
12/7/24 01:25,56,91.6,light
12/7/24 01:26,60,91.9,light
12/7/24 01:27,52,95.4,light
12/7/24 01:28,50,94.5,light
12/7/24 01:29,51,93.9,light
12/7/24 01:30,54,94.7,light
12/7/24 01:31,58,92,light
12/7/24 01:32,55,92.9,light
12/7/24 01:33,55,92.6,light
12/7/24 01:34,55,91.4,light
12/7/24 01:35,51,95.2,wake
12/7/24 01:36,59,93.6,wake
12/7/24 01:37,60,90.2,wake
12/7/24 01:38,55,93.4,wake
12/7/24 01:39,57,91.4,wake
12/7/24 01:40,57,92.9,wake
12/7/24 01:41,53,94,wake
12/7/24 01:42,55,94,wake
12/7/24 01:43,62,91.6,wake
12/7/24 01:44,56,91.1,wake
12/7/24 01:45,50,94.7,light
12/7/24 01:46,48,93.7,light
12/7/24 01:47,49,93.7,light
12/7/24 01:48,51,94,light
12/7/24 01:49,48,93.6,light
12/7/24 01:50,53,95.3,light
12/7/24 01:51,46,94.6,light
12/7/24 01:52,48,93.2,light
12/7/24 01:53,47,93.5,light
12/7/24 01:54,52,93.1,light
12/7/24 01:55,49,94.7,light
12/7/24 01:56,49,94,light
12/7/24 01:57,50,93.3,light
12/7/24 01:58,52,95.1,light
12/7/24 01:59,50,94.4,light
12/7/24 02:00,52,94.1,light
12/7/24 02:01,49,94.1,light
12/7/24 02:02,48,93,light
12/7/24 02:03,50,94.4,light
12/7/24 02:04,48,93.7,light
12/7/24 02:05,51,94.6,light
12/7/24 02:06,49,94.4,light
12/7/24 02:07,49,94,light
12/7/24 02:08,45,93.9,light
12/7/24 02:09,49,95.2,light
12/7/24 02:10,49,93.1,light
12/7/24 02:11,52,93.6,light
12/7/24 02:12,51,94.8,light
12/7/24 02:13,50,95,light
12/7/24 02:14,46,93.9,light
12/7/24 02:15,69,90.4,light
12/7/24 02:16,77,89,light
12/7/24 02:17,71,87.8,light
12/7/24 02:18,66,93.6,light
12/7/24 02:19,77,89.8,light
12/7/24 02:20,63,91.8,light
12/7/24 02:21,71,90.7,light
12/7/24 02:22,74,92.2,light
12/7/24 02:23,72,89.4,light
12/7/24 02:24,65,90.8,light
12/7/24 02:25,67,92.2,light
12/7/24 02:26,68,89,light
12/7/24 02:27,75,92.2,light
12/7/24 02:28,72,92.6,light
12/7/24 02:29,70,90.4,light
12/7/24 02:30,74,88.6,light
12/7/24 02:31,68,92.2,light
12/7/24 02:32,75,89.7,light
12/7/24 02:33,74,90.2,light
12/7/24 02:34,70,90.3,light
12/7/24 02:35,71,89,light
12/7/24 02:36,70,90.5,light
12/7/24 02:37,76,87.8,light
12/7/24 02:38,73,86.7,light
12/7/24 02:39,70,90.5,light
12/7/24 02:40,67,92.5,light
12/7/24 02:41,74,89.2,light
12/7/24 02:42,74,89.1,light
12/7/24 02:43,69,92,light
12/7/24 02:44,69,91.2,light
12/7/24 02:45,71,89.2,light
12/7/24 02:46,66,91.6,light
12/7/24 02:47,72,90,light
12/7/24 02:48,63,89.7,light
12/7/24 02:49,65,91.1,light
12/7/24 02:50,69,91.4,light
12/7/24 02:51,68,90.6,light
12/7/24 02:52,74,91.4,light
12/7/24 02:53,73,90.7,light
12/7/24 02:54,78,89.6,light
12/7/24 02:55,72,90.2,light
12/7/24 02:56,73,89.4,light
12/7/24 21:45,70,90.1,light
12/7/24 21:46,71,90.7,light
12/7/24 21:47,63,90.5,light
12/7/24 21:48,72,90,light
12/7/24 21:49,73,88.8,light
12/7/24 21:50,84,88.8,light
12/7/24 21:51,74,90.9,light
12/7/24 21:52,68,90.5,light
12/7/24 21:53,63,91.8,light
12/7/24 21:54,66,91,light
12/7/24 21:55,69,92.9,light
12/7/24 21:56,69,91.9,light
12/7/24 21:57,70,90.4,light
12/7/24 21:58,69,89.5,light
12/7/24 21:59,70,89.3,light
12/7/24 22:00,69,91.1,light
12/7/24 22:01,72,90.1,light
12/7/24 22:02,67,92,light
12/7/24 22:03,65,91.4,light
12/7/24 22:04,70,88.5,light
12/7/24 22:05,74,90.9,light
12/7/24 22:06,66,90.6,light
12/7/24 22:07,69,90.4,light
12/7/24 22:08,71,88.3,light
12/7/24 22:09,71,89.5,light
12/7/24 22:10,75,89.2,light
12/7/24 22:11,76,91.7,light
12/7/24 22:12,73,89.6,light
12/7/24 22:13,78,90.8,light
12/7/24 22:14,70,87.3,light
12/7/24 22:15,76,91.1,light
12/7/24 22:16,68,92,light
12/7/24 22:17,73,87.8,light
12/7/24 22:18,75,88.7,light
12/7/24 22:19,72,89,light
12/7/24 22:20,67,91,light
12/7/24 22:21,63,90.4,light
12/7/24 22:22,74,89.6,light
12/7/24 22:23,70,91,light
12/7/24 22:24,70,89.2,light
12/7/24 22:25,79,90.4,light
12/7/24 22:26,67,91.4,light
12/7/24 22:27,75,85.6,light
12/7/24 22:28,68,90.2,light
12/7/24 22:29,71,91.5,light
12/7/24 22:30,66,90.1,light
12/7/24 22:31,68,89.9,light
12/7/24 22:32,74,91.6,light
12/7/24 22:33,78,90.2,light
12/7/24 22:34,74,92.2,light
12/7/24 22:35,73,89.3,light
12/7/24 22:36,84,91.8,light
12/7/24 22:37,74,88.7,light
12/7/24 22:38,67,88.1,light
12/7/24 22:39,63,92,light
12/7/24 22:40,73,90.9,light
12/7/24 22:41,64,92,light
12/7/24 22:42,66,91,light
12/7/24 22:43,73,92.2,light
12/7/24 22:44,77,91.3,light
12/7/24 22:45,63,92.2,light
12/7/24 22:46,60,91.3,light
12/7/24 22:47,64,89.6,light
12/7/24 22:48,63,91.3,light
12/7/24 22:49,65,91.6,light
12/7/24 22:50,60,93.6,light
12/7/24 22:51,61,91.5,light
12/7/24 22:52,69,89.9,light
12/7/24 22:53,68,91.8,light
12/7/24 22:54,69,92.7,light
12/7/24 22:55,57,94,light
12/7/24 22:56,61,91.1,light
12/7/24 22:57,68,91,light
12/7/24 22:58,67,89.5,light
12/7/24 22:59,66,90.5,light
12/7/24 23:00,63,91.7,light
12/7/24 23:01,62,89.4,light
12/7/24 23:02,65,93.7,light
12/7/24 23:03,63,90.8,light
12/7/24 23:04,67,91.3,light
12/7/24 23:05,65,91.6,light
12/7/24 23:06,61,92.6,light
12/7/24 23:07,67,91.5,light
12/7/24 23:08,70,88.4,light
12/7/24 23:09,70,90.6,light
12/7/24 23:10,67,92.6,light
12/7/24 23:11,67,90.1,light
12/7/24 23:12,60,92.2,light
12/7/24 23:13,62,91.5,light
12/7/24 23:14,64,91.3,light
12/7/24 23:15,67,90.4,deep
12/7/24 23:16,62,90.9,deep
12/7/24 23:17,63,91.7,deep
12/7/24 23:18,67,90.7,deep
12/7/24 23:19,65,90,deep
12/7/24 23:20,66,90,deep
12/7/24 23:21,61,91.5,deep
12/7/24 23:22,63,91.8,deep
12/7/24 23:23,63,91.1,deep
12/7/24 23:24,64,93.4,deep
12/7/24 23:25,63,89.2,deep
12/7/24 23:26,62,91.7,deep
12/7/24 23:27,65,89,deep
12/7/24 23:28,73,89.8,deep
12/7/24 23:29,67,91.5,deep
12/7/24 23:30,57,92.3,deep
12/7/24 23:31,66,88.9,deep
12/7/24 23:32,62,91.1,deep
12/7/24 23:33,61,91.2,deep
12/7/24 23:34,67,92.3,deep
12/7/24 23:35,65,89.5,deep
12/7/24 23:36,74,92.2,deep
12/7/24 23:37,64,88.2,deep
12/7/24 23:38,64,89.6,deep
12/7/24 23:39,69,91.4,deep
12/7/24 23:40,65,91.6,deep
12/7/24 23:41,60,93,deep
12/7/24 23:42,61,91.4,deep
12/7/24 23:43,63,91.1,deep
12/7/24 23:44,67,91.7,deep
12/7/24 23:45,60,88.4,deep
12/7/24 23:46,59,91.6,deep
12/7/24 23:47,58,91.4,deep
12/7/24 23:48,60,92.3,deep
12/7/24 23:49,58,93.7,deep
12/7/24 23:50,54,95.3,deep
12/7/24 23:51,56,93,deep
12/7/24 23:52,55,93.3,deep
12/7/24 23:53,60,91.3,deep
12/7/24 23:54,54,93.7,deep
12/7/24 23:55,54,93.2,deep
12/7/24 23:56,57,91.4,deep
12/7/24 23:57,62,89.6,deep
12/7/24 23:58,59,93.2,deep
12/7/24 23:59,60,90.7,deep
12/8/24 00:00,53,93.5,deep
12/8/24 00:01,59,90.7,deep
12/8/24 00:02,53,93.4,deep
12/8/24 00:03,59,92.2,deep
12/8/24 00:04,52,92.9,deep
12/8/24 00:05,55,94.9,deep
12/8/24 00:06,50,93.1,deep
12/8/24 00:07,54,94.8,deep
12/8/24 00:08,52,93.9,deep
12/8/24 00:09,58,92,deep
12/8/24 00:10,57,92.3,deep
12/8/24 00:11,55,92.5,deep
12/8/24 00:12,57,92.7,deep
12/8/24 00:13,54,93.3,deep
12/8/24 00:14,57,93,deep
12/8/24 00:15,49,93.8,light
12/8/24 00:16,54,93.1,light
12/8/24 00:17,53,93.7,light
12/8/24 00:18,51,95,light
12/8/24 00:19,50,94.2,light
12/8/24 00:20,50,94,light
12/8/24 00:21,52,93.7,light
12/8/24 00:22,50,93.8,light
12/8/24 00:23,50,94.2,light
12/8/24 00:24,48,93.8,light
12/8/24 00:25,48,94.3,light
12/8/24 00:26,49,94.2,light
12/8/24 00:27,44,93.2,light
12/8/24 00:28,49,94.4,light
12/8/24 00:29,49,93.3,light
12/8/24 00:30,51,93.3,light
12/8/24 00:31,52,94,light
12/8/24 00:32,55,92.7,light
12/8/24 00:33,51,94.4,light
12/8/24 00:34,50,92.5,light
12/8/24 00:35,48,94.6,light
12/8/24 00:36,47,94.3,light
12/8/24 00:37,51,93.5,light
12/8/24 00:38,49,93.8,light
12/8/24 00:39,50,94.1,light
12/8/24 00:40,50,91.6,light
12/8/24 00:41,50,93.1,light
12/8/24 00:42,50,94.8,light
12/8/24 00:43,50,93.6,light
12/8/24 00:44,51,93.9,light
12/8/24 00:45,65,91.1,light
12/8/24 00:46,74,91.1,light
12/8/24 00:47,65,90.7,light
12/8/24 00:48,75,89.5,light
12/8/24 00:49,73,90.3,light
12/8/24 00:50,71,91.3,light
12/8/24 00:51,71,91.7,light
12/8/24 00:52,72,89.5,light
12/8/24 00:53,77,89.3,light
12/8/24 00:54,77,89.8,light
12/8/24 00:55,76,92,light
12/8/24 00:56,65,92.1,light
12/8/24 00:57,74,89.3,light
12/8/24 00:58,60,89.3,light
12/8/24 00:59,61,92.5,light
12/8/24 01:00,77,91.8,light
12/8/24 01:01,64,89.9,light
12/8/24 01:02,71,89.3,light
12/8/24 01:03,79,91.3,light
12/8/24 01:04,74,90.6,light
12/8/24 01:05,73,87,light
12/8/24 01:06,71,88.3,light
12/8/24 01:07,72,90.9,light
12/8/24 01:08,68,91.5,light
12/8/24 01:09,69,92,light
12/8/24 01:10,72,91.2,light
12/8/24 01:11,73,90.4,light
12/8/24 01:12,71,90.6,light
12/8/24 01:13,60,90.5,light
12/8/24 01:14,79,90.2,light
12/8/24 01:15,76,90.5,REM
12/8/24 01:16,70,92.6,REM
12/8/24 01:17,76,88.8,REM
12/8/24 01:18,70,91.1,REM
12/8/24 01:19,73,89.8,REM
12/8/24 01:20,62,92.1,REM
12/8/24 01:21,73,89.8,REM
12/8/24 01:22,70,91.8,REM
12/8/24 01:23,73,88.9,REM
12/8/24 01:24,80,90.2,REM
12/8/24 01:25,71,90.7,REM
12/8/24 01:26,69,90.4,REM
12/8/24 01:27,69,91.6,REM
12/8/24 01:28,64,92.4,REM
12/8/24 01:29,74,89.9,REM
12/8/24 01:30,74,91.1,REM
12/8/24 01:31,72,89,REM
12/8/24 01:32,76,88.4,REM
12/8/24 01:33,76,91,REM
12/8/24 01:34,72,89.2,REM
12/8/24 01:35,74,87.5,light
12/8/24 01:36,82,88.9,light
12/8/24 01:37,67,92.8,light
12/8/24 01:38,75,91.6,light
12/8/24 01:39,72,88.3,light
12/8/24 01:40,77,87.8,light
12/8/24 01:41,68,90.7,light
12/8/24 01:42,73,91.6,light
12/8/24 01:43,68,91,light
12/8/24 01:44,63,91,light
12/8/24 01:45,70,89.1,light
12/8/24 01:46,63,90.9,light
12/8/24 01:47,61,92.2,light
12/8/24 01:48,62,91.3,light
12/8/24 01:49,72,89.7,light
12/8/24 01:50,70,91,light
12/8/24 01:51,64,91.3,light
12/8/24 01:52,68,92.3,light
12/8/24 01:53,60,90.4,light
12/8/24 01:54,67,91.5,light
12/8/24 01:55,63,92.3,light
12/8/24 01:56,66,93.1,light
12/8/24 01:57,59,91.5,light
12/8/24 01:58,62,91,light
12/8/24 01:59,65,89.6,light
12/8/24 02:00,65,90,light
12/8/24 02:01,59,92.5,light
12/8/24 02:02,61,88.8,light
12/8/24 02:03,66,91.7,light
12/8/24 02:04,66,91.9,light
12/8/24 02:05,67,91.1,light
12/8/24 02:06,65,90.2,light
12/8/24 02:07,60,90.9,light
12/8/24 02:08,63,93.7,light
12/8/24 02:09,67,90.6,light
12/8/24 02:10,60,90.3,light
12/8/24 02:11,60,88.4,light
12/8/24 02:12,63,92.5,light
12/8/24 02:13,66,89.7,light
12/8/24 02:14,57,92.6,light
12/8/24 02:15,64,93.7,light
12/8/24 02:16,67,91.6,light
12/8/24 02:17,67,91.6,light
12/8/24 02:18,60,90.8,light
12/8/24 02:19,66,91.6,light
12/8/24 02:20,68,91.3,light
12/8/24 02:21,67,91.8,light
12/8/24 02:22,63,88.3,light
12/8/24 02:23,55,92.8,light
12/8/24 02:24,65,91.7,light
12/8/24 02:25,71,93.8,light
12/8/24 02:26,68,91.2,light
12/8/24 02:27,68,91.5,light
12/8/24 02:28,65,91.7,light
12/8/24 02:29,68,91.7,light
12/8/24 02:30,66,89.7,light
12/8/24 02:31,58,93.2,light
12/8/24 02:32,68,90.1,light
12/8/24 02:33,61,91.7,light
12/8/24 02:34,65,90.2,light
12/8/24 02:35,67,90.9,light
12/8/24 02:36,62,90.6,light
12/8/24 02:37,61,90.9,light
12/8/24 02:38,66,91.1,light
12/8/24 02:39,60,91.6,light
12/8/24 02:40,64,91.1,light
12/8/24 02:41,69,92.2,light
12/8/24 02:42,71,89.2,light
12/8/24 02:43,57,92.9,light
12/8/24 02:44,64,90.2,light
12/8/24 02:45,60,93.3,light
12/8/24 02:46,55,92.9,light
12/8/24 02:47,59,91.9,light
12/8/24 02:48,59,94.1,light
12/8/24 02:49,55,93,light
12/8/24 02:50,58,91.9,light
12/8/24 02:51,58,92.4,light
12/8/24 02:52,59,91.5,light
12/8/24 02:53,52,93.2,light
12/8/24 02:54,60,92.7,light
12/8/24 02:55,59,91.7,light
12/8/24 02:56,53,93.1,light
12/8/24 02:57,56,93.1,light
12/8/24 02:58,59,94,light
12/8/24 02:59,53,94.8,light
12/8/24 03:00,54,95.6,light
12/8/24 03:01,57,94.7,light
12/8/24 03:02,55,91.7,light
12/8/24 03:03,57,92.2,light
12/8/24 03:04,59,91.1,light
12/8/24 03:05,57,91.5,wake
12/8/24 03:06,56,93.5,wake
12/8/24 03:07,59,92.7,wake
12/8/24 03:08,56,93.8,wake
12/8/24 03:09,54,93.4,wake
12/8/24 03:10,60,90.5,wake
12/8/24 03:11,49,94.4,wake
12/8/24 03:12,57,93.5,wake
12/8/24 03:13,55,91,wake
12/8/24 03:14,54,93.8,wake
12/8/24 03:15,50,94.3,light
12/8/24 03:16,50,94.5,light
12/8/24 03:17,48,94.7,light
12/8/24 03:18,47,93.9,light
12/8/24 03:19,47,93.1,light
12/8/24 03:20,53,92.7,light
12/8/24 03:21,53,93.9,light
12/8/24 03:22,50,93.8,light
12/8/24 03:23,47,93.4,light
12/8/24 03:24,49,94.6,light
12/8/24 03:25,45,93.2,light
12/8/24 03:26,50,93.5,light
12/8/24 03:27,48,94.8,light
12/8/24 03:28,47,93.5,light
12/8/24 03:29,51,94.2,light
12/8/24 03:30,49,94,light
12/8/24 03:31,51,94.2,light
12/8/24 03:32,52,94.6,light
12/8/24 03:33,49,94.2,light
12/8/24 03:34,49,93,light
12/8/24 03:35,52,93.1,light
12/8/24 03:36,48,94.2,light
12/8/24 03:37,52,93.4,light
12/8/24 03:38,45,94.7,light
12/8/24 03:39,49,94.2,light
12/8/24 03:40,50,92.8,light
12/8/24 03:41,47,95.3,light
12/8/24 03:42,50,93.7,light
12/8/24 03:43,50,93.9,light
12/8/24 03:44,48,94.3,light
12/8/24 03:45,68,91.1,light
12/8/24 03:46,67,92.4,light
12/8/24 03:47,64,90,light
12/8/24 03:48,80,91.7,light
12/8/24 03:49,70,91,light
12/8/24 03:50,65,90.3,light
12/8/24 03:51,71,90.4,light
12/8/24 03:52,73,91.8,light
12/8/24 03:53,67,91.8,light
12/8/24 03:54,70,90.2,light
12/8/24 03:55,78,90.9,light
12/8/24 03:56,66,92,light
12/8/24 03:57,69,90.6,light
12/8/24 03:58,61,91.4,light
12/8/24 03:59,81,91.3,light
12/8/24 04:00,75,90.2,light
12/8/24 04:01,71,88.9,light
12/8/24 04:02,68,91.5,light
12/8/24 04:03,68,90.7,light
12/8/24 04:04,70,90.9,light
12/8/24 04:05,74,92.1,light
12/8/24 04:06,66,92,light
12/8/24 04:07,69,90.2,light
12/8/24 04:08,76,90.5,light
12/8/24 04:09,80,86.1,light
12/8/24 04:10,74,89.9,light
12/8/24 04:11,68,92.3,light
12/8/24 04:12,71,90.6,light
12/8/24 04:13,74,90.2,light
12/8/24 04:14,70,93.2,light
12/8/24 04:15,75,87.4,light
12/8/24 04:16,68,89.4,light
12/8/24 04:17,80,90.7,light
12/8/24 04:18,71,91.3,light
12/8/24 04:19,68,92.3,light
12/8/24 04:20,74,89.1,light
12/8/24 04:21,67,90.2,light
12/8/24 04:22,72,88.5,light
12/8/24 04:23,79,90.5,light
12/8/24 04:24,65,90,light
12/8/24 04:25,77,91.7,light
12/8/24 04:26,65,91.2,light
12/8/24 04:27,76,88.9,light
12/8/24 04:28,67,90.4,light
12/8/24 04:29,77,87.7,light
12/8/24 04:30,69,90.2,light
12/8/24 04:31,70,89.2,light
12/8/24 04:32,67,91.7,light
12/8/24 04:33,59,92.4,light
12/8/24 04:34,66,90.2,light
12/8/24 04:35,63,89.7,light
12/8/24 04:36,61,90.9,light
12/8/24 04:37,73,86.9,light
12/8/24 04:38,79,89.5,light
12/8/24 04:39,80,91.7,light
12/8/24 04:40,66,91,light
12/8/24 04:41,71,90.2,light
12/8/24 04:42,77,90.1,light
12/8/24 04:43,65,89.5,light
12/8/24 04:44,78,92.6,light
12/8/24 04:45,69,90.7,deep
12/8/24 04:46,57,92.5,deep
12/8/24 04:47,55,91.9,deep
12/8/24 04:48,63,92.6,deep
12/8/24 04:49,68,89.4,deep
12/8/24 04:50,58,93.7,deep
12/8/24 04:51,56,92.2,deep
12/8/24 04:52,65,90.6,deep
12/8/24 04:53,67,90.4,deep
12/8/24 04:54,62,93.4,deep
12/8/24 04:55,62,89.3,deep
12/8/24 04:56,67,90.6,deep
12/8/24 04:57,61,89.7,deep
12/8/24 04:58,61,89,deep
12/8/24 04:59,66,92.8,deep
12/8/24 05:00,66,91.2,deep
12/8/24 05:01,64,89.8,deep
12/8/24 05:02,70,91.2,deep
12/8/24 05:03,67,90.7,deep
12/8/24 05:04,63,90.4,deep
12/8/24 05:05,59,93,deep
12/8/24 05:06,68,90.7,deep
12/8/24 05:07,69,90,deep
12/8/24 05:08,64,92,deep
12/8/24 05:09,66,91,deep
12/8/24 05:10,67,92.1,deep
12/8/24 05:11,71,89.4,deep
12/8/24 05:12,68,92.4,deep
12/8/24 05:13,66,91.2,deep
12/8/24 05:14,68,92.5,deep
12/8/24 05:15,69,92.4,deep
12/8/24 05:16,66,92.7,deep
12/8/24 05:17,68,91.3,deep
12/8/24 05:18,62,91.7,deep
12/8/24 05:19,69,90.9,deep
12/8/24 05:20,62,90.1,deep
12/8/24 05:21,60,93.6,deep
12/8/24 05:22,64,90.3,deep
12/8/24 05:23,59,93.3,deep
12/8/24 05:24,62,92.1,deep
12/8/24 05:25,66,91.4,deep
12/8/24 05:26,66,91,deep
12/8/24 05:27,67,91,deep
12/8/24 05:28,67,90.4,deep
12/8/24 05:29,66,91.3,deep
12/8/24 05:30,61,89.8,deep
12/8/24 05:31,68,92.1,deep
12/8/24 05:32,64,90.9,deep
12/8/24 05:33,65,90,deep
12/8/24 05:34,65,89.7,deep
12/8/24 05:35,71,89.8,deep
12/8/24 05:36,60,91.1,deep
12/8/24 05:37,63,90.6,deep
12/8/24 05:38,67,91.8,deep
12/8/24 05:39,65,91.6,deep
12/8/24 05:40,63,91.3,deep
12/8/24 05:41,57,91.7,deep
12/8/24 05:42,63,90.3,deep
12/8/24 05:43,66,89.5,deep
12/8/24 05:44,67,91,deep
12/8/24 05:45,56,93,light
12/8/24 05:46,57,91.4,light
12/8/24 05:47,53,93.6,light
12/8/24 05:48,58,92.5,light
12/8/24 05:49,57,93,light
12/8/24 05:50,57,91.2,light
12/8/24 05:51,56,94.5,light
12/8/24 05:52,57,93.2,light
12/8/24 05:53,58,92,light
12/8/24 05:54,57,91.5,light
12/8/24 05:55,51,94.2,light
12/8/24 05:56,57,92.9,light
12/8/24 05:57,55,91.6,light
12/8/24 05:58,54,93.2,light
12/8/24 05:59,61,90.1,light
12/8/24 06:00,54,94,light
12/8/24 06:01,54,94.1,light
12/8/24 06:02,50,95.5,light
12/8/24 06:03,61,88.6,light
12/8/24 06:04,59,91.9,light
12/8/24 06:05,56,92,light
12/8/24 06:06,58,92.9,light
12/8/24 06:07,50,94.4,light
12/8/24 06:08,58,92.3,light
12/8/24 06:09,54,95.1,light
12/8/24 06:10,62,89.9,light
12/8/24 06:11,58,91.9,light
12/8/24 06:12,57,91.3,light
12/8/24 06:13,54,93.9,light
12/8/24 06:14,54,93.8,light
12/8/24 06:15,51,94.6,light
12/8/24 06:16,48,95.3,light
12/8/24 06:17,48,95,light
12/8/24 06:18,52,93.1,light
12/8/24 06:19,50,94,light
12/8/24 06:20,47,94.5,light
12/8/24 06:21,51,94.5,light
12/8/24 06:22,49,95.6,light
12/8/24 06:23,46,93.8,light
12/8/24 06:24,49,94.1,light
12/8/24 06:25,47,95.6,light
12/8/24 06:26,50,94.3,light
12/8/24 06:27,48,93.6,light
12/8/24 06:28,50,93.3,light
12/8/24 06:29,51,94.1,light
12/8/24 06:30,54,94.7,light
12/8/24 06:31,53,94.7,light
12/8/24 06:32,50,93.4,light
12/8/24 06:33,49,94.1,light
12/8/24 06:34,48,93.7,light
12/8/24 06:35,46,93.9,light
12/8/24 06:36,45,94.6,light
12/8/24 06:37,48,94,light
12/8/24 06:38,53,94.5,light
12/8/24 06:39,53,94.5,light
12/8/24 20:00,66,90.5,light
12/8/24 20:01,65,91.4,light
12/8/24 20:02,69,91.1,light
12/8/24 20:03,67,90,light
12/8/24 20:04,75,90,light
12/8/24 20:05,84,91,light
12/8/24 20:06,77,89.4,light
12/8/24 20:07,67,93.1,light
12/8/24 20:08,67,89.7,light
12/8/24 20:09,76,88.8,light
12/8/24 20:10,66,90.5,light
12/8/24 20:11,67,92.2,light
12/8/24 20:12,73,90.3,light
12/8/24 20:13,69,90.1,light
12/8/24 20:14,72,87.2,light
12/8/24 20:15,70,88.2,light
12/8/24 20:16,71,87.4,light
12/8/24 20:17,76,91.3,light
12/8/24 20:18,75,88.4,light
12/8/24 20:19,76,91,light
12/8/24 20:20,75,90.8,light
12/8/24 20:21,75,91.8,light
12/8/24 20:22,71,88.9,light
12/8/24 20:23,64,91.7,light
12/8/24 20:24,71,90.2,light
12/8/24 20:25,73,90.2,light
12/8/24 20:26,72,90,light
12/8/24 20:27,74,91.3,light
12/8/24 20:28,82,91.1,light
12/8/24 20:29,69,91.2,light
12/8/24 20:30,69,90.6,light
12/8/24 20:31,78,89.1,light
12/8/24 20:32,72,90.1,light
12/8/24 20:33,74,90.3,light
12/8/24 20:34,69,91.1,light
12/8/24 20:35,68,89.6,light
12/8/24 20:36,65,90.8,light
12/8/24 20:37,72,89.2,light
12/8/24 20:38,67,91.2,light
12/8/24 20:39,66,94.2,light
12/8/24 20:40,75,90.6,light
12/8/24 20:41,68,92.7,light
12/8/24 20:42,65,90.4,light
12/8/24 20:43,65,91.2,light
12/8/24 20:44,76,91.8,light
12/8/24 20:45,71,87.6,light
12/8/24 20:46,70,89.6,light
12/8/24 20:47,72,90.9,light
12/8/24 20:48,72,89.9,light
12/8/24 20:49,69,90.5,light
12/8/24 20:50,70,89.2,light
12/8/24 20:51,75,90.5,light
12/8/24 20:52,76,87.6,light
12/8/24 20:53,67,91.3,light
12/8/24 20:54,78,91.1,light
12/8/24 20:55,82,89.5,light
12/8/24 20:56,70,87.7,light
12/8/24 20:57,70,89.2,light
12/8/24 20:58,67,91.1,light
12/8/24 20:59,68,89.9,light
12/8/24 21:00,66,91.2,light
12/8/24 21:01,74,90.3,light
12/8/24 21:02,67,92.6,light
12/8/24 21:03,63,91,light
12/8/24 21:04,63,91.3,light
12/8/24 21:05,62,90.5,light
12/8/24 21:06,69,90.6,light
12/8/24 21:07,64,92,light
12/8/24 21:08,66,90.9,light
12/8/24 21:09,64,92.2,light
12/8/24 21:10,73,89.9,light
12/8/24 21:11,62,89.8,light
12/8/24 21:12,62,90.4,light
12/8/24 21:13,63,94.1,light
12/8/24 21:14,66,91.1,light
12/8/24 21:15,70,87.6,light
12/8/24 21:16,66,89.8,light
12/8/24 21:17,67,90.3,light
12/8/24 21:18,67,90.1,light
12/8/24 21:19,58,91.5,light
12/8/24 21:20,64,93,light
12/8/24 21:21,63,92,light
12/8/24 21:22,64,91,light
12/8/24 21:23,61,90.5,light
12/8/24 21:24,68,91,light
12/8/24 21:25,65,93.3,light
12/8/24 21:26,65,90.2,light
12/8/24 21:27,64,89.3,light
12/8/24 21:28,62,92,light
12/8/24 21:29,57,93.4,light
12/8/24 21:30,66,92.9,deep
12/8/24 21:31,65,90.8,deep
12/8/24 21:32,67,90.8,deep
12/8/24 21:33,65,93.6,deep
12/8/24 21:34,60,91.9,deep
12/8/24 21:35,61,91.1,deep
12/8/24 21:36,70,90.8,deep
12/8/24 21:37,66,90.7,deep
12/8/24 21:38,68,91.6,deep
12/8/24 21:39,68,91.5,deep
12/8/24 21:40,61,92.2,deep
12/8/24 21:41,63,90,deep
12/8/24 21:42,67,91.6,deep
12/8/24 21:43,61,89.8,deep
12/8/24 21:44,63,93.5,deep
12/8/24 21:45,62,90.7,deep
12/8/24 21:46,62,89.2,deep
12/8/24 21:47,64,94.5,deep
12/8/24 21:48,63,90.6,deep
12/8/24 21:49,63,91.3,deep
12/8/24 21:50,66,89.2,deep
12/8/24 21:51,68,91.1,deep
12/8/24 21:52,68,93.2,deep
12/8/24 21:53,65,92,deep
12/8/24 21:54,71,87.4,deep
12/8/24 21:55,67,90.3,deep
12/8/24 21:56,68,92.3,deep
12/8/24 21:57,64,92,deep
12/8/24 21:58,63,90.6,deep
12/8/24 21:59,66,91.7,deep
12/8/24 22:00,59,91.4,deep
12/8/24 22:01,57,91.3,deep
12/8/24 22:02,55,90.3,deep
12/8/24 22:03,53,94.6,deep
12/8/24 22:04,52,93.9,deep
12/8/24 22:05,57,92.5,deep
12/8/24 22:06,59,89.7,deep
12/8/24 22:07,50,94,deep
12/8/24 22:08,55,93,deep
12/8/24 22:09,54,92.5,deep
12/8/24 22:10,58,92.5,deep
12/8/24 22:11,54,94,deep
12/8/24 22:12,53,93.7,deep
12/8/24 22:13,55,93.7,deep
12/8/24 22:14,54,94.7,deep
12/8/24 22:15,57,95.5,deep
12/8/24 22:16,56,91.4,deep
12/8/24 22:17,58,92.9,deep
12/8/24 22:18,56,93.8,deep
12/8/24 22:19,60,90.4,deep
12/8/24 22:20,55,94,deep
12/8/24 22:21,58,92.8,deep
12/8/24 22:22,57,90.9,deep
12/8/24 22:23,56,91.3,deep
12/8/24 22:24,59,92,deep
12/8/24 22:25,54,93.9,deep
12/8/24 22:26,60,92.7,deep
12/8/24 22:27,54,93.9,deep
12/8/24 22:28,52,94.8,deep
12/8/24 22:29,52,94.1,deep
12/8/24 22:30,50,94,light
12/8/24 22:31,48,93.8,light
12/8/24 22:32,50,94.7,light
12/8/24 22:33,47,94.1,light
12/8/24 22:34,50,93.5,light
12/8/24 22:35,50,94.2,light
12/8/24 22:36,49,93.7,light
12/8/24 22:37,51,93.6,light
12/8/24 22:38,51,94.8,light
12/8/24 22:39,50,93.9,light
12/8/24 22:40,51,95.5,light
12/8/24 22:41,52,94.5,light
12/8/24 22:42,48,93.5,light
12/8/24 22:43,52,93.4,light
12/8/24 22:44,48,93.1,light
12/8/24 22:45,51,94.4,light
12/8/24 22:46,51,93.4,light
12/8/24 22:47,49,92.4,light
12/8/24 22:48,49,92.8,light
12/8/24 22:49,49,93.2,light
12/8/24 22:50,48,94.2,light
12/8/24 22:51,48,93.9,light
12/8/24 22:52,50,94.7,light
12/8/24 22:53,51,93.4,light
12/8/24 22:54,49,93.8,light
12/8/24 22:55,47,95.2,light
12/8/24 22:56,47,93.8,light
12/8/24 22:57,49,94.2,light
12/8/24 22:58,48,93.5,light
12/8/24 22:59,52,93.8,light
12/8/24 23:00,68,91.8,light
12/8/24 23:01,74,91,light
12/8/24 23:02,68,91.3,light
12/8/24 23:03,70,89.6,light
12/8/24 23:04,72,90.2,light
12/8/24 23:05,74,88.9,light
12/8/24 23:06,74,89.7,light
12/8/24 23:07,69,91.6,light
12/8/24 23:08,72,91.5,light
12/8/24 23:09,70,88.6,light
12/8/24 23:10,64,91,light
12/8/24 23:11,73,88.5,light
12/8/24 23:12,78,89.3,light
12/8/24 23:13,79,91.5,light
12/8/24 23:14,73,89.2,light
12/8/24 23:15,73,89.9,light
12/8/24 23:16,58,91.4,light
12/8/24 23:17,85,89.2,light
12/8/24 23:18,79,87.7,light
12/8/24 23:19,75,90.4,light
12/8/24 23:20,72,90.6,light
12/8/24 23:21,60,91.6,light
12/8/24 23:22,72,90.6,light
12/8/24 23:23,72,90.5,light
12/8/24 23:24,64,89.4,light
12/8/24 23:25,74,88.8,light
12/8/24 23:26,78,86.6,light
12/8/24 23:27,73,89.3,light
12/8/24 23:28,73,88.7,light
12/8/24 23:29,74,89.9,light
12/8/24 23:30,70,93.7,REM
12/8/24 23:31,75,91.2,REM
12/8/24 23:32,79,92.3,REM
12/8/24 23:33,72,91.2,REM
12/8/24 23:34,68,91.1,REM
12/8/24 23:35,65,91.2,REM
12/8/24 23:36,74,91.3,REM
12/8/24 23:37,75,90.4,REM
12/8/24 23:38,73,89.6,REM
12/8/24 23:39,70,92.1,REM
12/8/24 23:40,73,90.7,REM
12/8/24 23:41,69,89.5,REM
12/8/24 23:42,68,91,REM
12/8/24 23:43,67,91.3,REM
12/8/24 23:44,67,90.7,REM
12/8/24 23:45,74,89.4,REM
12/8/24 23:46,70,89.4,REM
12/8/24 23:47,68,89.1,REM
12/8/24 23:48,65,88.8,REM
12/8/24 23:49,75,89,REM
12/8/24 23:50,77,89.4,light
12/8/24 23:51,66,89.6,light
12/8/24 23:52,71,88.5,light
12/8/24 23:53,67,90.9,light
12/8/24 23:54,71,91.5,light
12/8/24 23:55,75,91.4,light
12/8/24 23:56,80,91.5,light
12/8/24 23:57,69,90,light
12/8/24 23:58,75,89.7,light
12/8/24 23:59,75,91.9,light
12/9/24 00:00,64,89.1,light
12/9/24 00:01,69,90.6,light
12/9/24 00:02,63,91.5,light
12/9/24 00:03,66,89.2,light
12/9/24 00:04,62,91.7,light
12/9/24 00:05,67,93.1,light
12/9/24 00:06,66,92.7,light
12/9/24 00:07,69,91,light
12/9/24 00:08,72,91.2,light
12/9/24 00:09,68,89.1,light
12/9/24 00:10,67,91.5,light
12/9/24 00:11,63,90.8,light
12/9/24 00:12,55,92.4,light
12/9/24 00:13,70,90.2,light
12/9/24 00:14,72,90.6,light
12/9/24 00:15,66,89.5,light
12/9/24 00:16,60,90,light
12/9/24 00:17,70,89.6,light
12/9/24 00:18,69,89.1,light
12/9/24 00:19,56,92.6,light
12/9/24 00:20,65,92.2,light
12/9/24 00:21,65,92.9,light
12/9/24 00:22,58,92.6,light
12/9/24 00:23,60,93.5,light
12/9/24 00:24,69,91.2,light
12/9/24 00:25,65,89.7,light
12/9/24 00:26,61,91.1,light
12/9/24 00:27,62,91,light
12/9/24 00:28,60,91.8,light
12/9/24 00:29,65,91.5,light
12/9/24 00:30,68,91.4,light
12/9/24 00:31,69,92.4,light
12/9/24 00:32,62,90.7,light
12/9/24 00:33,63,91.8,light
12/9/24 00:34,67,91.5,light
12/9/24 00:35,68,91.3,light
12/9/24 00:36,66,91.1,light
12/9/24 00:37,70,88.1,light
12/9/24 00:38,72,89.6,light
12/9/24 00:39,58,92.3,light
12/9/24 00:40,71,88.9,light
12/9/24 00:41,70,88,light
12/9/24 00:42,60,90.5,light
12/9/24 00:43,66,90.6,light
12/9/24 00:44,67,89.6,light
12/9/24 00:45,60,89.6,light
12/9/24 00:46,64,88.7,light
12/9/24 00:47,65,91.6,light
12/9/24 00:48,60,92.4,light
12/9/24 00:49,63,91.2,light
12/9/24 00:50,70,89.4,light
12/9/24 00:51,71,87.9,light
12/9/24 00:52,60,88.6,light
12/9/24 00:53,54,94,light
12/9/24 00:54,69,91.9,light
12/9/24 00:55,72,88.8,light
12/9/24 00:56,68,92.5,light
12/9/24 00:57,63,90.4,light
12/9/24 00:58,60,92.5,light
12/9/24 00:59,67,90.3,light
12/9/24 01:00,60,88,light
12/9/24 01:01,55,93.1,light
12/9/24 01:02,57,91.7,light
12/9/24 01:03,55,91.1,light
12/9/24 01:04,59,92.9,light
12/9/24 01:05,50,93.4,light
12/9/24 01:06,58,91.2,light
12/9/24 01:07,55,93.7,light
12/9/24 01:08,62,91,light
12/9/24 01:09,57,91.2,light
12/9/24 01:10,59,92.1,light
12/9/24 01:11,54,95.5,light
12/9/24 01:12,56,92.6,light
12/9/24 01:13,58,91.9,light
12/9/24 01:14,55,93,light
12/9/24 01:15,56,92.1,light
12/9/24 01:16,57,92,light
12/9/24 01:17,51,93.5,light
12/9/24 01:18,55,93.3,light
12/9/24 01:19,59,92.7,light
12/9/24 01:20,55,93.8,wake
12/9/24 01:21,64,91.6,wake
12/9/24 01:22,57,93.9,wake
12/9/24 01:23,51,94.5,wake
12/9/24 01:24,58,92.3,wake
12/9/24 01:25,53,93.9,wake
12/9/24 01:26,58,94.1,wake
12/9/24 01:27,55,93.7,wake
12/9/24 01:28,55,93.9,wake
12/9/24 01:29,60,90,wake
12/9/24 01:30,46,92.7,light
12/9/24 01:31,49,93.4,light
12/9/24 01:32,48,94.1,light
12/9/24 01:33,52,93.5,light
12/9/24 01:34,49,94,light
12/9/24 01:35,48,93.7,light
12/9/24 01:36,50,92.8,light
12/9/24 01:37,48,94.3,light
12/9/24 01:38,48,94,light
12/9/24 01:39,51,94.9,light
12/9/24 01:40,44,94.1,light
12/9/24 01:41,48,94.5,light
12/9/24 01:42,48,93.4,light
12/9/24 01:43,53,94.2,light
12/9/24 01:44,50,94.6,light
12/9/24 01:45,49,94.4,light
12/9/24 01:46,49,93.8,light
12/9/24 01:47,50,94.2,light
12/9/24 01:48,50,94.4,light
12/9/24 01:49,50,94.8,light
12/9/24 01:50,53,93.6,light
12/9/24 01:51,49,93.2,light
12/9/24 01:52,50,93.4,light
12/9/24 01:53,50,94.1,light
12/9/24 01:54,51,94,light
12/9/24 01:55,48,94.4,light
12/9/24 01:56,49,94.6,light
12/9/24 01:57,46,92.7,light
12/9/24 01:58,51,93.7,light
12/9/24 01:59,46,94.1,light
12/9/24 02:00,74,91.7,light
12/9/24 02:01,80,89.9,light
12/9/24 02:02,81,92,light
12/9/24 02:03,70,90.8,light
12/9/24 02:04,70,90.6,light
12/9/24 02:05,71,89.8,light
12/9/24 02:06,76,90,light
12/9/24 02:07,71,90.5,light
12/9/24 02:08,70,89.7,light
12/9/24 02:09,77,91.7,light
12/9/24 02:10,72,91.3,light
12/9/24 02:11,71,91.8,light
12/9/24 02:12,67,90,light
12/9/24 02:13,77,88.4,light
12/9/24 02:14,73,90.7,light
12/9/24 02:15,71,89.9,light
12/9/24 02:16,62,91.5,light
12/9/24 02:17,76,88.3,light
12/9/24 02:18,66,89.5,light
12/9/24 02:19,74,90.3,light
12/9/24 02:20,68,90.3,light
12/9/24 02:21,66,92.1,light
12/9/24 02:22,76,89.1,light
12/9/24 02:23,72,88.7,light
12/9/24 02:24,72,86.6,light
12/9/24 02:25,81,91.9,light
12/9/24 02:26,81,91,light
12/9/24 02:27,70,87.8,light
12/9/24 02:28,65,88.8,light
12/9/24 02:29,79,89.1,light
12/9/24 02:30,65,92.3,light
12/9/24 02:31,74,89.2,light
12/9/24 02:32,70,89.7,light
12/9/24 02:33,72,91.5,light
12/9/24 02:34,78,88.5,light
12/9/24 02:35,68,90.4,light
12/9/24 02:36,68,91.5,light
12/9/24 02:37,75,89.6,light
12/9/24 02:38,80,88.7,light
12/9/24 02:39,84,91.1,light
12/9/24 02:40,64,91.8,light
12/9/24 02:41,69,92.2,light
12/9/24 02:42,66,91,light
12/9/24 02:43,76,87.4,light
12/9/24 02:44,72,90,light
12/9/24 02:45,76,88.2,light
12/9/24 02:46,70,87,light
12/9/24 02:47,75,89.6,light
12/9/24 02:48,71,90.2,light
12/9/24 02:49,72,92.4,light
12/9/24 02:50,69,89.8,light
12/9/24 02:51,78,91,light
12/9/24 02:52,65,89.3,light
12/9/24 02:53,71,91.9,light
12/9/24 02:54,80,88.9,light
12/9/24 02:55,78,89.5,light
12/9/24 02:56,67,90.8,light
12/9/24 02:57,68,92.1,light
12/9/24 02:58,74,87.8,light
12/9/24 02:59,75,89.7,light
12/9/24 03:00,69,90.4,deep
12/9/24 03:01,59,94.5,deep
12/9/24 03:02,70,88.4,deep
12/9/24 03:03,61,88.1,deep
12/9/24 03:04,70,92.5,deep
12/9/24 03:05,58,92.9,deep
12/9/24 03:06,60,90.3,deep
12/9/24 03:07,71,90,deep
12/9/24 03:08,72,88.8,deep
12/9/24 03:09,65,88.9,deep
12/9/24 03:10,63,91,deep
12/9/24 03:11,64,91,deep
12/9/24 03:12,66,91.6,deep
12/9/24 03:13,67,90,deep
12/9/24 03:14,63,90.3,deep
12/9/24 03:15,57,92.2,deep
12/9/24 03:16,62,90,deep
12/9/24 03:17,58,93.5,deep
12/9/24 03:18,68,92.2,deep
12/9/24 03:19,66,90.6,deep
12/9/24 03:20,64,91.8,deep
12/9/24 03:21,63,89.7,deep
12/9/24 03:22,72,89.3,deep
12/9/24 03:23,69,93,deep
12/9/24 03:24,65,92,deep
12/9/24 03:25,62,91.5,deep
12/9/24 03:26,70,89.5,deep
12/9/24 03:27,65,91.1,deep
12/9/24 03:28,62,89.4,deep
12/9/24 03:29,62,90.8,deep
12/9/24 03:30,67,91.7,deep
12/9/24 03:31,68,91.2,deep
12/9/24 03:32,67,91.2,deep
12/9/24 03:33,67,90.4,deep
12/9/24 03:34,63,90.1,deep
12/9/24 19:45,67,89.8,light
12/9/24 19:46,70,90.9,light
12/9/24 19:47,75,91.8,light
12/9/24 19:48,67,90.3,light
12/9/24 19:49,72,88.7,light
12/9/24 19:50,72,90.1,light
12/9/24 19:51,76,88.7,light
12/9/24 19:52,72,86.7,light
12/9/24 19:53,64,91.2,light
12/9/24 19:54,82,90.5,light
12/9/24 19:55,76,89.5,light
12/9/24 19:56,74,90.2,light
12/9/24 19:57,69,92.5,light
12/9/24 19:58,70,89.5,light
12/9/24 19:59,64,90.9,light
12/9/24 20:00,70,90,light
12/9/24 20:01,72,89.5,light
12/9/24 20:02,71,89.5,light
12/9/24 20:03,80,92.6,light
12/9/24 20:04,75,90.2,light
12/9/24 20:05,76,89.6,light
12/9/24 20:06,74,92.1,light
12/9/24 20:07,72,91.6,light
12/9/24 20:08,74,90.9,light
12/9/24 20:09,62,90.5,light
12/9/24 20:10,70,94.1,light
12/9/24 20:11,65,89.3,light
12/9/24 20:12,66,89.1,light
12/9/24 20:13,77,90.6,light
12/9/24 20:14,66,90.8,light
12/9/24 20:15,65,88.2,light
12/9/24 20:16,73,89.8,light
12/9/24 20:17,71,90.1,light
12/9/24 20:18,74,89.7,light
12/9/24 20:19,80,90.5,light
12/9/24 20:20,74,89.3,light
12/9/24 20:21,64,91,light
12/9/24 20:22,76,92,light
12/9/24 20:23,70,91.4,light
12/9/24 20:24,72,89.7,light
12/9/24 20:25,63,91.9,light
12/9/24 20:26,74,91.3,light
12/9/24 20:27,65,90.1,light
12/9/24 20:28,74,90.5,light
12/9/24 20:29,68,91.4,light
12/9/24 20:30,75,91,light
12/9/24 20:31,65,90.1,light
12/9/24 20:32,64,91.2,light
12/9/24 20:33,69,90.3,light
12/9/24 20:34,73,90.5,light
12/9/24 20:35,66,90.2,light
12/9/24 20:36,73,89.2,light
12/9/24 20:37,76,90.2,light
12/9/24 20:38,65,90.1,light
12/9/24 20:39,73,87.6,light
12/9/24 20:40,74,91.6,light
12/9/24 20:41,71,89,light
12/9/24 20:42,71,87.9,light
12/9/24 20:43,64,89.9,light
12/9/24 20:44,74,89.9,light
12/9/24 20:45,65,93.1,light
12/9/24 20:46,65,91,light
12/9/24 20:47,73,90.9,light
12/9/24 20:48,64,90.7,light
12/9/24 20:49,66,91.4,light
12/9/24 20:50,70,89.7,light
12/9/24 20:51,64,91.9,light
12/9/24 20:52,62,89.8,light
12/9/24 20:53,66,91.3,light
12/9/24 20:54,62,91.4,light
12/9/24 20:55,69,91.7,light
12/9/24 20:56,67,89.6,light
12/9/24 20:57,61,90.6,light
12/9/24 20:58,60,91.9,light
12/9/24 20:59,65,91.5,light
12/9/24 21:00,66,93.3,light
12/9/24 21:01,60,90.6,light
12/9/24 21:02,68,88.8,light
12/9/24 21:03,67,90.6,light
12/9/24 21:04,66,88,light
12/9/24 21:05,68,92,light
12/9/24 21:06,61,91.2,light
12/9/24 21:07,61,91.7,light
12/9/24 21:08,63,91.9,light
12/9/24 21:09,62,92.4,light
12/9/24 21:10,67,88.1,light
12/9/24 21:11,68,88.7,light
12/9/24 21:12,62,90.3,light
12/9/24 21:13,61,90.8,light
12/9/24 21:14,68,91.4,light
12/9/24 21:15,61,91.3,deep
12/9/24 21:16,63,91.4,deep
12/9/24 21:17,60,89.3,deep
12/9/24 21:18,62,90.2,deep
12/9/24 21:19,58,92.2,deep
12/9/24 21:20,70,89.8,deep
12/9/24 21:21,69,90.6,deep
12/9/24 21:22,61,91.5,deep
12/9/24 21:23,66,89.8,deep
12/9/24 21:24,59,92.1,deep
12/9/24 21:25,67,91.8,deep
12/9/24 21:26,61,91.4,deep
12/9/24 21:27,69,90.8,deep
12/9/24 21:28,67,90.8,deep
12/9/24 21:29,63,90.6,deep
12/9/24 21:30,63,90.8,deep
12/9/24 21:31,65,90.6,deep
12/9/24 21:32,61,90.8,deep
12/9/24 21:33,69,91.6,deep
12/9/24 21:34,66,91.5,deep
12/9/24 21:35,68,89.6,deep
12/9/24 21:36,55,94.1,deep
12/9/24 21:37,65,90.5,deep
12/9/24 21:38,65,91.8,deep
12/9/24 21:39,64,89.9,deep
12/9/24 21:40,65,93,deep
12/9/24 21:41,63,91.8,deep
12/9/24 21:42,74,90.6,deep
12/9/24 21:43,65,91,deep
12/9/24 21:44,65,89,deep
12/9/24 21:45,59,94,deep
12/9/24 21:46,55,93.3,deep
12/9/24 21:47,53,93.8,deep
12/9/24 21:48,59,92.9,deep
12/9/24 21:49,55,91.3,deep
12/9/24 21:50,61,88.9,deep
12/9/24 21:51,60,91.2,deep
12/9/24 21:52,50,93.4,deep
12/9/24 21:53,57,92.1,deep
12/9/24 21:54,60,91.1,deep
12/9/24 21:55,51,93.2,deep
12/9/24 21:56,58,92.4,deep
12/9/24 21:57,58,91.5,deep
12/9/24 21:58,56,93.4,deep
12/9/24 21:59,56,92.4,deep
12/9/24 22:00,60,91.8,deep
12/9/24 22:01,52,92.8,deep
12/9/24 22:02,59,93,deep
12/9/24 22:03,58,93.8,deep
12/9/24 22:04,60,91.3,deep
12/9/24 22:05,54,94.4,deep
12/9/24 22:06,61,90.9,deep
12/9/24 22:07,52,94.3,deep
12/9/24 22:08,56,93.9,deep
12/9/24 22:09,53,95.6,deep
12/9/24 22:10,59,92.8,deep
12/9/24 22:11,54,93.3,deep
12/9/24 22:12,60,91.9,deep
12/9/24 22:13,51,93.1,deep
12/9/24 22:14,55,91.9,deep
12/9/24 22:15,53,93.6,light
12/9/24 22:16,48,95.4,light
12/9/24 22:17,52,95,light
12/9/24 22:18,51,94.9,light
12/9/24 22:19,47,94.6,light
12/9/24 22:20,50,93.4,light
12/9/24 22:21,53,94.2,light
12/9/24 22:22,49,95.3,light
12/9/24 22:23,48,94.3,light
12/9/24 22:24,50,94.7,light
12/9/24 22:25,49,92.9,light
12/9/24 22:26,47,94.5,light
12/9/24 22:27,49,93.3,light
12/9/24 22:28,49,93.8,light
12/9/24 22:29,49,95,light
12/9/24 22:30,45,94.2,light
12/9/24 22:31,50,94.6,light
12/9/24 22:32,46,93.9,light
12/9/24 22:33,51,92.7,light
12/9/24 22:34,52,93.3,light
12/9/24 22:35,46,94.5,light
12/9/24 22:36,52,94.2,light
12/9/24 22:37,49,95.2,light
12/9/24 22:38,52,94.1,light
12/9/24 22:39,51,93.4,light
12/9/24 22:40,47,94,light
12/9/24 22:41,48,94.7,light
12/9/24 22:42,53,92.8,light
12/9/24 22:43,47,94.2,light
12/9/24 22:44,50,93.1,light
12/9/24 22:45,68,91.4,light
12/9/24 22:46,67,92.1,light
12/9/24 22:47,71,90.8,light
12/9/24 22:48,82,92,light
12/9/24 22:49,75,90.4,light
12/9/24 22:50,66,91.8,light
12/9/24 22:51,72,90.8,light
12/9/24 22:52,62,90,light
12/9/24 22:53,60,91,light
12/9/24 22:54,72,86.3,light
12/9/24 22:55,75,90.6,light
12/9/24 22:56,79,85.9,light
12/9/24 22:57,73,91.3,light
12/9/24 22:58,72,92.5,light
12/9/24 22:59,70,90.7,light
12/9/24 23:00,74,91,light
12/9/24 23:01,65,92.6,light
12/9/24 23:02,68,90.7,light
12/9/24 23:03,66,89.7,light
12/9/24 23:04,69,91.1,light
12/9/24 23:05,68,90.3,light
12/9/24 23:06,68,91.3,light
12/9/24 23:07,68,91.5,light
12/9/24 23:08,73,89.3,light
12/9/24 23:09,78,88.9,light
12/9/24 23:10,73,86.8,light
12/9/24 23:11,69,91,light
12/9/24 23:12,74,89.3,light
12/9/24 23:13,72,89.5,light
12/9/24 23:14,72,91.1,light
12/9/24 23:15,71,92.9,REM
12/9/24 23:16,80,89.5,REM
12/9/24 23:17,72,90.6,REM
12/9/24 23:18,69,91.5,REM
12/9/24 23:19,68,92.6,REM
12/9/24 23:20,76,88.6,REM
12/9/24 23:21,66,90.1,REM
12/9/24 23:22,78,88.8,REM
12/9/24 23:23,62,88.5,REM
12/9/24 23:24,78,89.9,REM
12/9/24 23:25,75,88.4,REM
12/9/24 23:26,69,91.5,REM
12/9/24 23:27,68,88.3,REM
12/9/24 23:28,78,89.9,REM
12/9/24 23:29,80,89.6,REM
12/9/24 23:30,68,90.5,REM
12/9/24 23:31,74,91.5,REM
12/9/24 23:32,76,88.8,REM
12/9/24 23:33,75,90.5,REM
12/9/24 23:34,72,89.1,REM
12/9/24 23:35,70,92.5,light
12/9/24 23:36,73,89.8,light
12/9/24 23:37,61,92,light
12/9/24 23:38,78,90.9,light
12/9/24 23:39,63,92.6,light
12/9/24 23:40,67,91.4,light
12/9/24 23:41,70,88,light
12/9/24 23:42,67,91.7,light
12/9/24 23:43,66,91.5,light
12/9/24 23:44,79,85.4,light
12/9/24 23:45,72,87.5,light
12/9/24 23:46,71,91.1,light
12/9/24 23:47,68,92.9,light
12/9/24 23:48,74,89.9,light
12/9/24 23:49,63,92.2,light
12/9/24 23:50,63,91.3,light
12/9/24 23:51,65,91.2,light
12/9/24 23:52,70,89.8,light
12/9/24 23:53,67,91.3,light
12/9/24 23:54,71,90.6,light
12/9/24 23:55,65,90.7,light
12/9/24 23:56,59,93.6,light
12/9/24 23:57,62,90,light
12/9/24 23:58,69,93.2,light
12/9/24 23:59,63,90.9,light
12/10/24 00:00,65,91.1,light
12/10/24 00:01,65,90.4,light
12/10/24 00:02,72,90.6,light
12/10/24 00:03,68,90.7,light
12/10/24 00:04,67,90.6,light
12/10/24 00:05,65,91.9,light
12/10/24 00:06,61,92.6,light
12/10/24 00:07,65,89.9,light
12/10/24 00:08,73,91.2,light
12/10/24 00:09,67,92.7,light
12/10/24 00:10,62,89.1,light
12/10/24 00:11,63,90.2,light
12/10/24 00:12,70,91.8,light
12/10/24 00:13,62,91.6,light
12/10/24 00:14,64,93.3,light
12/10/24 00:15,60,91,light
12/10/24 00:16,63,90.6,light
12/10/24 00:17,66,92.8,light
12/10/24 00:18,63,90.2,light
12/10/24 00:19,65,90.9,light
12/10/24 00:20,60,91.9,light
12/10/24 00:21,62,92,light
12/10/24 00:22,73,88.8,light
12/10/24 00:23,64,91.5,light
12/10/24 00:24,66,90.9,light
12/10/24 00:25,61,89.2,light
12/10/24 00:26,65,90.6,light
12/10/24 00:27,63,89.2,light
12/10/24 00:28,69,90.4,light
12/10/24 00:29,69,89.8,light
12/10/24 00:30,69,92.1,light
12/10/24 00:31,65,91.6,light
12/10/24 00:32,73,92.3,light
12/10/24 00:33,68,90.1,light
12/10/24 00:34,59,92.6,light
12/10/24 00:35,71,88.3,light
12/10/24 00:36,64,90.4,light
12/10/24 00:37,69,90.7,light
12/10/24 00:38,60,93.6,light
12/10/24 00:39,64,91.6,light
12/10/24 00:40,67,91,light
12/10/24 00:41,65,92.5,light
12/10/24 00:42,64,92,light
12/10/24 00:43,55,92.4,light
12/10/24 00:44,62,92,light
12/10/24 00:45,54,93.8,light
12/10/24 00:46,51,96.1,light
12/10/24 00:47,54,94.9,light
12/10/24 00:48,62,90.7,light
12/10/24 00:49,60,92.1,light
12/10/24 00:50,54,94.4,light
12/10/24 00:51,55,92.8,light
12/10/24 00:52,55,93,light
12/10/24 00:53,59,91.8,light
12/10/24 00:54,58,92.1,light
12/10/24 00:55,54,95.2,light
12/10/24 00:56,55,92.7,light
12/10/24 00:57,60,90.4,light
12/10/24 00:58,61,91,light
12/10/24 00:59,54,93.6,light
12/10/24 01:00,56,93.3,light
12/10/24 01:01,57,92,light
12/10/24 01:02,56,92.5,light
12/10/24 01:03,60,90.4,light
12/10/24 01:04,56,94.5,light
12/10/24 01:05,62,92,wake
12/10/24 01:06,60,91.9,wake
12/10/24 01:07,54,94.5,wake
12/10/24 01:08,57,92.1,wake
12/10/24 01:09,54,95.1,wake
12/10/24 01:10,55,92.4,wake
12/10/24 01:11,59,94.1,wake
12/10/24 01:12,57,92.2,wake
12/10/24 01:13,63,92.1,wake
12/10/24 01:14,53,94.1,wake
12/10/24 01:15,49,94.2,light
12/10/24 01:16,48,92.8,light
12/10/24 01:17,49,93.3,light
12/10/24 01:18,50,95.1,light
12/10/24 01:19,48,93.1,light
12/10/24 01:20,51,94.6,light
12/10/24 01:21,53,95.8,light
12/10/24 01:22,45,94.4,light
12/10/24 01:23,52,95.5,light
12/10/24 01:24,55,93.1,light
12/10/24 01:25,50,94.2,light
12/10/24 01:26,48,94.3,light
12/10/24 01:27,48,93.9,light
12/10/24 01:28,49,93.9,light
12/10/24 01:29,50,93.6,light
12/10/24 01:30,49,94.3,light
12/10/24 01:31,49,95.5,light
12/10/24 01:32,48,95,light
12/10/24 01:33,49,94.1,light
12/10/24 01:34,49,94.4,light
12/10/24 01:35,49,93.9,light
12/10/24 01:36,47,95,light
12/10/24 01:37,49,92.9,light
12/10/24 01:38,49,95.4,light
12/10/24 01:39,50,93.6,light
12/10/24 01:40,52,93.7,light
12/10/24 01:41,49,93.1,light
12/10/24 01:42,47,94.1,light
12/10/24 01:43,50,93.5,light
12/10/24 01:44,48,94.8,light
12/10/24 01:45,68,92,light
12/10/24 01:46,70,89,light
12/10/24 01:47,69,90.1,light
12/10/24 01:48,66,90.4,light
12/10/24 01:49,69,90.1,light
12/10/24 01:50,74,89.6,light
12/10/24 01:51,72,88.7,light
12/10/24 01:52,67,92.6,light
12/10/24 01:53,67,90.6,light
12/10/24 01:54,72,90.9,light
12/10/24 01:55,67,91.9,light
12/10/24 01:56,67,89,light
12/10/24 01:57,69,92.1,light
12/10/24 01:58,67,89.2,light
12/10/24 01:59,72,88.7,light
12/10/24 02:00,70,91,light
12/10/24 02:01,79,90.2,light
12/10/24 02:02,66,90.8,light
12/10/24 02:03,77,87.3,light
12/10/24 02:04,73,91.4,light
12/10/24 02:05,79,90.7,light
12/10/24 02:06,78,88.7,light
12/10/24 02:07,69,90,light
12/10/24 02:08,64,92.4,light
12/10/24 02:09,71,90.5,light
12/10/24 02:10,62,89.6,light
12/10/24 02:11,75,88.9,light
12/10/24 02:12,72,92.9,light
12/10/24 02:13,69,92.4,light
12/10/24 02:14,69,91.2,light
12/10/24 02:15,66,91.2,light
12/10/24 02:16,71,86.7,light
12/10/24 02:17,67,92.8,light
12/10/24 02:18,71,89.3,light
12/10/24 02:19,73,88.8,light
12/10/24 02:20,75,91.1,light
12/10/24 02:21,74,89.1,light
12/10/24 02:22,70,87.3,light
12/10/24 02:23,74,90.6,light
12/10/24 02:24,72,87.7,light
12/10/24 02:25,72,89.9,light
12/10/24 02:26,66,91.6,light
12/10/24 02:27,65,90.9,light
12/10/24 02:28,73,89.6,light
12/10/24 02:29,74,92.3,light
12/10/24 02:30,68,93.1,light
12/10/24 02:31,77,88.6,light
12/10/24 02:32,83,89.1,light
12/10/24 02:33,80,89.2,light
12/10/24 02:34,70,90,light
12/10/24 02:35,69,91.1,light
12/10/24 02:36,75,92.6,light
12/10/24 02:37,75,89.7,light
12/10/24 02:38,66,90,light
12/10/24 02:39,70,89.1,light
12/10/24 02:40,75,90.6,light
12/10/24 02:41,67,90.9,light
12/10/24 02:42,68,91.6,light
12/10/24 02:43,69,90.9,light
12/10/24 02:44,70,91.1,light
12/10/24 02:45,58,92.4,deep
12/10/24 02:46,67,89.7,deep
12/10/24 02:47,62,90.8,deep
12/10/24 02:48,65,93.9,deep
12/10/24 02:49,65,92.7,deep
12/10/24 02:50,60,89.8,deep
12/10/24 02:51,57,94.1,deep
12/10/24 02:52,65,91.4,deep
12/10/24 02:53,63,90.6,deep
12/10/24 02:54,66,90.9,deep
12/10/24 02:55,68,91.3,deep
12/10/24 02:56,56,93.5,deep
12/10/24 02:57,64,91.4,deep
12/10/24 02:58,69,91.6,deep
12/10/24 02:59,70,91.8,deep
12/10/24 03:00,57,92.1,deep
12/10/24 03:01,69,91.6,deep
12/10/24 03:02,60,91.7,deep
12/10/24 03:03,67,91.4,deep
12/10/24 03:04,62,91.8,deep
12/10/24 03:05,67,90.4,deep
12/10/24 03:06,63,92.4,deep
12/10/24 03:07,59,92,deep
12/10/24 03:08,62,91.7,deep
12/10/24 03:09,67,91.5,deep
12/10/24 03:10,63,90.4,deep
12/10/24 03:11,60,93.1,deep
12/10/24 03:12,59,94,deep
12/10/24 03:13,61,90.1,deep
12/10/24 03:14,61,92.2,deep
12/10/24 03:15,67,91.1,deep
12/10/24 03:16,63,90.4,deep
12/10/24 03:17,63,91.6,deep
12/10/24 03:18,64,92.2,deep
12/10/24 03:19,67,91.4,deep
12/10/24 03:20,67,90.8,deep
12/10/24 03:21,62,92.8,deep
12/10/24 03:22,63,92.8,deep
12/10/24 03:23,67,90.4,deep
12/10/24 03:24,62,91.3,deep
12/10/24 03:25,62,89.3,deep
12/10/24 03:26,67,92.2,deep
12/10/24 03:27,62,92.8,deep
12/10/24 03:28,65,91.7,deep
12/10/24 03:29,58,91.6,deep
12/10/24 03:30,67,93.1,deep
12/10/24 03:31,64,93.6,deep
12/10/24 03:32,66,90.7,deep
12/10/24 03:33,69,91.7,deep
12/10/24 03:34,63,92.2,deep
12/10/24 03:35,58,93.2,deep
12/10/24 03:36,63,91.3,deep
12/10/24 03:37,69,93.4,deep
12/10/24 03:38,65,89.3,deep
12/10/24 03:39,60,89.3,deep
12/10/24 03:40,64,91.2,deep
12/10/24 03:41,66,93.3,deep
12/10/24 03:42,64,92.6,deep
12/10/24 03:43,64,89.4,deep
12/10/24 03:44,62,94.6,deep
12/10/24 03:45,55,93,light
12/10/24 03:46,57,91.5,light
12/10/24 03:47,58,92.4,light
12/10/24 03:48,56,93.4,light
12/10/24 03:49,55,93.6,light
12/10/24 03:50,59,92.4,light
12/10/24 03:51,55,93,light
12/10/24 03:52,57,92.4,light
12/10/24 03:53,58,92.4,light
12/10/24 03:54,53,94.5,light
12/10/24 03:55,57,93.8,light
12/10/24 03:56,48,93.2,light
12/10/24 03:57,56,92.3,light
12/10/24 03:58,58,92,light
12/10/24 03:59,58,91.6,light
12/10/24 04:00,59,91.5,light
12/10/24 04:01,58,92.5,light
12/10/24 04:02,55,91.5,light
12/10/24 04:03,52,93.2,light
12/10/24 04:04,57,92.3,light
12/10/24 04:05,58,91.6,light
12/10/24 04:06,51,94.4,light
12/10/24 04:07,58,92.1,light
12/10/24 04:08,57,91.4,light
12/10/24 04:09,55,94.6,light
12/10/24 04:10,58,90.6,light
12/10/24 04:11,56,93.3,light
12/10/24 04:12,55,92.8,light
12/10/24 04:13,53,93.7,light
12/10/24 04:14,58,91.7,light
12/10/24 04:15,47,95.2,light
12/10/24 04:16,48,95.5,light
12/10/24 04:17,50,93.8,light
12/10/24 04:18,49,93.7,light
12/10/24 04:19,53,94.8,light
12/10/24 04:20,51,93.8,light
12/10/24 04:21,51,94.4,light
12/10/24 04:22,51,94.4,light
12/10/24 04:23,49,94,light
12/10/24 04:24,48,94.1,light
12/10/24 04:25,47,94.3,light
12/10/24 04:26,47,93.2,light
12/10/24 04:27,52,93.5,light
12/10/24 04:28,48,94.2,light
12/10/24 04:29,51,93.7,light
12/10/24 04:30,47,95.9,light
12/10/24 04:31,49,94.1,light
12/10/24 04:32,52,92.8,light
12/10/24 04:33,50,92,light
12/10/24 04:34,50,94.6,light
12/10/24 04:35,48,94.1,light
12/10/24 04:36,48,95,light
12/10/24 04:37,49,93.5,light
12/10/24 04:38,47,93.9,light
12/10/24 04:39,49,94.2,light
12/10/24 04:40,51,93.9,light
12/10/24 04:41,47,93.8,light
12/10/24 04:42,51,94.5,light
12/10/24 04:43,51,93.4,light
12/10/24 04:44,49,94.4,light
12/10/24 04:45,72,92.7,REM
12/10/24 04:46,69,93.2,REM
12/10/24 04:47,70,87.3,REM
12/10/24 04:48,76,89.3,REM
12/10/24 04:49,75,90.4,REM
12/10/24 04:50,73,91.9,REM
12/10/24 04:51,75,90.3,REM
12/10/24 04:52,73,91.9,REM
12/10/24 04:53,65,90.4,REM
12/10/24 04:54,77,90.5,REM
12/10/24 04:55,67,91.6,REM
12/10/24 04:56,71,92,REM
12/10/24 04:57,76,91.4,REM
12/10/24 04:58,64,92,REM
12/10/24 04:59,75,91.3,REM
12/10/24 19:30,66,91.5,light
12/10/24 19:31,68,91.5,light
12/10/24 19:32,71,89.8,light
12/10/24 19:33,60,92,light
12/10/24 19:34,71,91.2,light
12/10/24 19:35,68,89.2,light
12/10/24 19:36,66,92.8,light
12/10/24 19:37,72,87.8,light
12/10/24 19:38,70,89.4,light
12/10/24 19:39,73,88.7,light
12/10/24 19:40,68,90.3,light
12/10/24 19:41,71,91.6,light
12/10/24 19:42,84,90.2,light
12/10/24 19:43,75,91,light
12/10/24 19:44,67,92,light
12/10/24 19:45,78,87.1,light
12/10/24 19:46,79,89.2,light
12/10/24 19:47,74,91.1,light
12/10/24 19:48,68,92,light
12/10/24 19:49,77,87.4,light
12/10/24 19:50,69,92.4,light
12/10/24 19:51,78,90.9,light
12/10/24 19:52,70,88.6,light
12/10/24 19:53,70,90.6,light
12/10/24 19:54,74,89.7,light
12/10/24 19:55,79,90.7,light
12/10/24 19:56,83,87.3,light
12/10/24 19:57,72,89.5,light
12/10/24 19:58,69,92.6,light
12/10/24 19:59,67,91.8,light
12/10/24 20:00,64,92.1,light
12/10/24 20:01,66,90.9,light
12/10/24 20:02,73,90.8,light
12/10/24 20:03,77,89.8,light
12/10/24 20:04,67,90.1,light
12/10/24 20:05,75,89.6,light
12/10/24 20:06,67,92.9,light
12/10/24 20:07,68,92.6,light
12/10/24 20:08,66,90,light
12/10/24 20:09,78,89.4,light
12/10/24 20:10,80,88.6,light
12/10/24 20:11,68,91.4,light
12/10/24 20:12,67,92.4,light
12/10/24 20:13,75,93,light
12/10/24 20:14,80,87.9,light
12/10/24 20:15,80,91.3,light
12/10/24 20:16,70,90,light
12/10/24 20:17,71,89.4,light
12/10/24 20:18,65,90.1,light
12/10/24 20:19,70,92.7,light
12/10/24 20:20,72,87.6,light
12/10/24 20:21,65,90.6,light
12/10/24 20:22,69,91.6,light
12/10/24 20:23,73,90.7,light
12/10/24 20:24,64,92.7,light
12/10/24 20:25,74,88.7,light
12/10/24 20:26,77,90.9,light
12/10/24 20:27,74,89.9,light
12/10/24 20:28,69,91.2,light
12/10/24 20:29,77,89.3,light
12/10/24 20:30,70,90.2,light
12/10/24 20:31,66,91,light
12/10/24 20:32,65,90.8,light
12/10/24 20:33,62,90.6,light
12/10/24 20:34,63,91.6,light
12/10/24 20:35,69,89.6,light
12/10/24 20:36,72,89.7,light
12/10/24 20:37,63,90.3,light
12/10/24 20:38,64,91.1,light
12/10/24 20:39,62,91.1,light
12/10/24 20:40,63,92.2,light
12/10/24 20:41,59,93.1,light
12/10/24 20:42,66,91.6,light
12/10/24 20:43,59,92.7,light
12/10/24 20:44,62,91,light
12/10/24 20:45,64,90.9,light
12/10/24 20:46,59,90.9,light
12/10/24 20:47,61,92.1,light
12/10/24 20:48,60,91.5,light
12/10/24 20:49,69,92.6,light
12/10/24 20:50,70,89.2,light
12/10/24 20:51,61,92.7,light
12/10/24 20:52,76,89.7,light
12/10/24 20:53,61,90.5,light
12/10/24 20:54,63,93.1,light
12/10/24 20:55,66,91.6,light
12/10/24 20:56,67,93.2,light
12/10/24 20:57,63,91.4,light
12/10/24 20:58,69,92.2,light
12/10/24 20:59,69,92.4,light
12/10/24 21:00,64,90.9,deep
12/10/24 21:01,64,91.6,deep
12/10/24 21:02,62,91.4,deep
12/10/24 21:03,60,92.2,deep
12/10/24 21:04,61,89.9,deep
12/10/24 21:05,67,91.9,deep
12/10/24 21:06,65,92.3,deep
12/10/24 21:07,64,90.4,deep
12/10/24 21:08,62,90.1,deep
12/10/24 21:09,62,89.2,deep
12/10/24 21:10,64,93.7,deep
12/10/24 21:11,64,90.3,deep
12/10/24 21:12,64,92.9,deep
12/10/24 21:13,63,91,deep
12/10/24 21:14,62,92.5,deep
12/10/24 21:15,65,91.9,deep
12/10/24 21:16,67,93.7,deep
12/10/24 21:17,62,92.9,deep
12/10/24 21:18,55,92.7,deep
12/10/24 21:19,59,92.8,deep
12/10/24 21:20,69,92,deep
12/10/24 21:21,68,94.4,deep
12/10/24 21:22,67,91.3,deep
12/10/24 21:23,67,89.6,deep
12/10/24 21:24,69,91.5,deep
12/10/24 21:25,63,90.4,deep
12/10/24 21:26,65,91.5,deep
12/10/24 21:27,61,92.6,deep
12/10/24 21:28,64,91.8,deep
12/10/24 21:29,72,89.1,deep
12/10/24 21:30,54,93.9,deep
12/10/24 21:31,53,93.3,deep
12/10/24 21:32,56,93.6,deep
12/10/24 21:33,55,93.2,deep
12/10/24 21:34,57,91.5,deep
12/10/24 21:35,59,94.8,deep
12/10/24 21:36,55,92.3,deep
12/10/24 21:37,63,91.6,deep
12/10/24 21:38,60,90.8,deep
12/10/24 21:39,54,94.3,deep
12/10/24 21:40,56,92.6,deep
12/10/24 21:41,58,91.2,deep
12/10/24 21:42,54,94.8,deep
12/10/24 21:43,50,93.4,deep
12/10/24 21:44,62,92.3,deep
12/10/24 21:45,53,93.8,deep
12/10/24 21:46,59,92.6,deep
12/10/24 21:47,59,92.9,deep
12/10/24 21:48,54,94.1,deep
12/10/24 21:49,62,92.1,deep
12/10/24 21:50,57,91.9,deep
12/10/24 21:51,57,93.4,deep
12/10/24 21:52,52,93.3,deep
12/10/24 21:53,50,93.4,deep
12/10/24 21:54,56,93,deep
12/10/24 21:55,60,92.5,deep
12/10/24 21:56,51,94.2,deep
12/10/24 21:57,57,93.8,deep
12/10/24 21:58,57,91.7,deep
12/10/24 21:59,60,89.8,deep
12/10/24 22:00,52,94.6,light
12/10/24 22:01,50,94.1,light
12/10/24 22:02,49,94.6,light
12/10/24 22:03,48,93.3,light
12/10/24 22:04,47,93.7,light
12/10/24 22:05,48,95.2,light
12/10/24 22:06,47,93.9,light
12/10/24 22:07,49,95,light
12/10/24 22:08,49,94.5,light
12/10/24 22:09,49,93.8,light
12/10/24 22:10,50,95,light
12/10/24 22:11,49,94.2,light
12/10/24 22:12,51,94,light
12/10/24 22:13,50,93.9,light
12/10/24 22:14,49,94.3,light
12/10/24 22:15,47,93.2,light
12/10/24 22:16,49,94.6,light
12/10/24 22:17,52,94.3,light
12/10/24 22:18,51,93.6,light
12/10/24 22:19,51,93.1,light
12/10/24 22:20,51,93.8,light
12/10/24 22:21,52,94.2,light
12/10/24 22:22,51,94.1,light
12/10/24 22:23,50,94.1,light
12/10/24 22:24,49,94.5,light
12/10/24 22:25,51,93.2,light
12/10/24 22:26,45,94,light
12/10/24 22:27,52,94.2,light
12/10/24 22:28,51,94.3,light
12/10/24 22:29,53,94.6,light
12/10/24 22:30,66,91,light
12/10/24 22:31,77,90.1,light
12/10/24 22:32,75,88.9,light
12/10/24 22:33,68,91.7,light
12/10/24 22:34,71,88.7,light
12/10/24 22:35,70,90.9,light
12/10/24 22:36,70,91.8,light
12/10/24 22:37,65,91.8,light
12/10/24 22:38,77,91.9,light
12/10/24 22:39,67,90.7,light
12/10/24 22:40,66,89.8,light
12/10/24 22:41,77,89.8,light
12/10/24 22:42,64,90.5,light
12/10/24 22:43,70,89.3,light
12/10/24 22:44,67,88.5,light
12/10/24 22:45,80,90.3,light
12/10/24 22:46,77,90,light
12/10/24 22:47,67,92.2,light
12/10/24 22:48,67,91.9,light
12/10/24 22:49,75,89.7,light
12/10/24 22:50,74,91.4,light
12/10/24 22:51,70,91.3,light
12/10/24 22:52,69,90.6,light
12/10/24 22:53,70,90.3,light
12/10/24 22:54,76,92.3,light
12/10/24 22:55,79,90.5,light
12/10/24 22:56,81,88.8,light
12/10/24 22:57,68,89.9,light
12/10/24 22:58,72,87.8,light
12/10/24 22:59,78,86.9,light
12/10/24 23:00,67,90.6,REM
12/10/24 23:01,68,91,REM
12/10/24 23:02,75,88.5,REM
12/10/24 23:03,69,90.4,REM
12/10/24 23:04,64,90.1,REM
12/10/24 23:05,67,89.3,REM
12/10/24 23:06,76,89.7,REM
12/10/24 23:07,73,91,REM
12/10/24 23:08,64,90.6,REM
12/10/24 23:09,68,92.6,REM
12/10/24 23:10,81,90.2,REM
12/10/24 23:11,71,91.3,REM
12/10/24 23:12,70,90,REM
12/10/24 23:13,72,91,REM
12/10/24 23:14,73,87.9,REM
12/10/24 23:15,70,91.3,REM
12/10/24 23:16,78,90,REM
12/10/24 23:17,69,92.5,REM
12/10/24 23:18,76,89.6,REM
12/10/24 23:19,81,92.6,REM
12/10/24 23:20,73,90.8,light
12/10/24 23:21,66,90.1,light
12/10/24 23:22,72,91.7,light
12/10/24 23:23,69,89.9,light
12/10/24 23:24,76,88.3,light
12/10/24 23:25,73,91.9,light
12/10/24 23:26,71,90.5,light
12/10/24 23:27,66,91.3,light
12/10/24 23:28,62,90.6,light
12/10/24 23:29,67,92.2,light
12/10/24 23:30,67,90.9,light
12/10/24 23:31,69,91.4,light
12/10/24 23:32,63,89.8,light
12/10/24 23:33,61,91.1,light
12/10/24 23:34,65,91.4,light
12/10/24 23:35,67,91.8,light
12/10/24 23:36,68,91.6,light
12/10/24 23:37,65,90.8,light
12/10/24 23:38,73,90.4,light
12/10/24 23:39,70,91.5,light
12/10/24 23:40,60,89.4,light
12/10/24 23:41,59,92.4,light
12/10/24 23:42,60,91.5,light
12/10/24 23:43,69,90.1,light
12/10/24 23:44,58,93.3,light
12/10/24 23:45,66,91.9,light
12/10/24 23:46,64,92.4,light
12/10/24 23:47,60,93.8,light
12/10/24 23:48,65,91.6,light
12/10/24 23:49,64,90.9,light
12/10/24 23:50,68,92.3,light
12/10/24 23:51,58,92,light
12/10/24 23:52,61,91.8,light
12/10/24 23:53,61,92.4,light
12/10/24 23:54,67,92.2,light
12/10/24 23:55,64,92.9,light
12/10/24 23:56,69,90.9,light
12/10/24 23:57,63,92.1,light
12/10/24 23:58,65,91.3,light
12/10/24 23:59,70,90.4,light
12/11/24 00:00,57,92.7,light
12/11/24 00:01,65,91.8,light
12/11/24 00:02,64,91.2,light
12/11/24 00:03,61,89.5,light
12/11/24 00:04,64,91.4,light
12/11/24 00:05,66,91.6,light
12/11/24 00:06,62,91.1,light
12/11/24 00:07,65,91.7,light
12/11/24 00:08,60,91.1,light
12/11/24 00:09,64,90.9,light
12/11/24 00:10,68,92.9,light
12/11/24 00:11,68,93.9,light
12/11/24 00:12,69,92.3,light
12/11/24 00:13,64,90.5,light
12/11/24 00:14,63,91.5,light
12/11/24 00:15,67,91.4,light
12/11/24 00:16,69,92,light
12/11/24 00:17,65,91.4,light
12/11/24 00:18,71,90.9,light
12/11/24 00:19,67,93.3,light
12/11/24 00:20,62,89,light
12/11/24 00:21,63,90.6,light
12/11/24 00:22,64,92.4,light
12/11/24 00:23,58,92.5,light
12/11/24 00:24,62,91.9,light
12/11/24 00:25,69,91,light
12/11/24 00:26,70,92.3,light
12/11/24 00:27,66,92.6,light
12/11/24 00:28,66,91.6,light
12/11/24 00:29,63,93.2,light
12/11/24 00:30,55,92.8,light
12/11/24 00:31,58,92.6,light
12/11/24 00:32,55,93.8,light
12/11/24 00:33,62,89.5,light
12/11/24 00:34,58,92.7,light
12/11/24 00:35,58,92.8,light
12/11/24 00:36,53,93.8,light
12/11/24 00:37,50,93.5,light
12/11/24 00:38,58,92.4,light
12/11/24 00:39,55,91.1,light
12/11/24 00:40,59,93.9,light
12/11/24 00:41,54,95.1,light
12/11/24 00:42,55,92.6,light
12/11/24 00:43,60,90.8,light
12/11/24 00:44,58,91.2,light
12/11/24 00:45,53,93.5,light
12/11/24 00:46,57,93.8,light
12/11/24 00:47,62,91.2,light
12/11/24 00:48,57,92,light
12/11/24 00:49,56,92.5,light
12/11/24 00:50,59,92,wake
12/11/24 00:51,58,91.1,wake
12/11/24 00:52,61,90.8,wake
12/11/24 00:53,59,91.6,wake
12/11/24 00:54,59,92.9,wake
12/11/24 00:55,61,92.3,wake
12/11/24 00:56,56,91.9,wake
12/11/24 00:57,55,92.7,wake
12/11/24 00:58,52,94,wake
12/11/24 00:59,56,91.8,wake
12/11/24 01:00,47,92.4,light
12/11/24 01:01,50,93.3,light
12/11/24 01:02,48,93.5,light
12/11/24 01:03,51,94.1,light
12/11/24 01:04,51,94.2,light
12/11/24 01:05,49,94.9,light
12/11/24 01:06,51,93.3,light
12/11/24 01:07,50,93.4,light
12/11/24 01:08,46,93.5,light
12/11/24 01:09,48,93.9,light
12/11/24 01:10,48,94.2,light
12/11/24 01:11,50,94.3,light
12/11/24 01:12,49,92.7,light
12/11/24 01:13,48,94.8,light
12/11/24 01:14,51,94.3,light
12/11/24 01:15,51,94.6,light
12/11/24 01:16,48,92.3,light
12/11/24 01:17,48,94.6,light
12/11/24 01:18,52,93.3,light
12/11/24 01:19,55,92.1,light
12/11/24 01:20,48,95,light
12/11/24 01:21,51,94.5,light
12/11/24 01:22,49,93.5,light
12/11/24 01:23,51,94.6,light
12/11/24 01:24,48,94.3,light
12/11/24 01:25,47,93.7,light
12/11/24 01:26,47,94.3,light
12/11/24 01:27,48,93.7,light
12/11/24 01:28,49,94.3,light
12/11/24 01:29,51,94.3,light
12/11/24 01:30,67,91.8,light
12/11/24 01:31,68,93.5,light
12/11/24 01:32,82,91.4,light
12/11/24 01:33,72,91.5,light
12/11/24 01:34,73,89.2,light
12/11/24 01:35,75,87.7,light
12/11/24 01:36,69,91,light
12/11/24 01:37,71,89.3,light
12/11/24 01:38,70,90.9,light
12/11/24 01:39,71,89.7,light
12/11/24 01:40,76,92,light
12/11/24 01:41,75,87.4,light
12/11/24 01:42,60,90.9,light
12/11/24 01:43,76,90.6,light
12/11/24 01:44,70,88.5,light
12/11/24 01:45,73,91.4,light
12/11/24 01:46,69,92.2,light
12/11/24 01:47,71,89.4,light
12/11/24 01:48,78,94,light
12/11/24 01:49,73,88.3,light
12/11/24 01:50,78,88,light
12/11/24 01:51,71,89.3,light
12/11/24 01:52,71,90.3,light
12/11/24 01:53,72,87.6,light
12/11/24 01:54,65,91.9,light
12/11/24 01:55,58,94.7,light
12/11/24 01:56,68,89.5,light
12/11/24 01:57,77,90.3,light
12/11/24 01:58,79,91.4,light
12/11/24 01:59,61,92.1,light
12/11/24 02:00,78,93.2,light
12/11/24 02:01,69,90.6,light
12/11/24 02:02,64,93.6,light
12/11/24 02:03,77,89.9,light
12/11/24 02:04,69,90.6,light
12/11/24 02:05,85,92.8,light
12/11/24 02:06,68,90.8,light
12/11/24 02:07,70,91.6,light
12/11/24 02:08,67,90.6,light
12/11/24 02:09,72,88.1,light
12/11/24 02:10,75,88.1,light
12/11/24 02:11,63,92,light
12/11/24 02:12,75,88.4,light
12/11/24 02:13,69,90.9,light
12/11/24 02:14,67,90.4,light
12/11/24 02:15,64,90.1,light
12/11/24 02:16,76,88.9,light
12/11/24 02:17,73,90.3,light
12/11/24 02:18,69,87.6,light
12/11/24 02:19,75,91.3,light
12/11/24 02:20,74,88.1,light
12/11/24 02:21,76,88.2,light
12/11/24 02:22,80,87.8,light
12/11/24 02:23,73,90.4,light
12/11/24 02:24,81,92.2,light
12/11/24 02:25,79,89.8,light
12/11/24 02:26,75,90.7,light
12/11/24 02:27,63,91.8,light
12/11/24 02:28,72,91.1,light
12/11/24 20:15,66,90.6,light
12/11/24 20:16,79,90.2,light
12/11/24 20:17,70,91,light
12/11/24 20:18,73,90.4,light
12/11/24 20:19,71,89.9,light
12/11/24 20:20,69,92.5,light
12/11/24 20:21,76,88.8,light
12/11/24 20:22,75,87.8,light
12/11/24 20:23,61,91.6,light
12/11/24 20:24,74,89.9,light
12/11/24 20:25,82,89.7,light
12/11/24 20:26,72,88,light
12/11/24 20:27,69,91.4,light
12/11/24 20:28,70,92.7,light
12/11/24 20:29,69,89.6,light
12/11/24 20:30,66,91,light
12/11/24 20:31,71,90.1,light
12/11/24 20:32,71,89.3,light
12/11/24 20:33,75,90.2,light
12/11/24 20:34,69,90.7,light
12/11/24 20:35,82,90.2,light
12/11/24 20:36,67,90.9,light
12/11/24 20:37,72,89.2,light
12/11/24 20:38,68,91.1,light
12/11/24 20:39,69,91.8,light
12/11/24 20:40,70,87.7,light
12/11/24 20:41,73,91,light
12/11/24 20:42,76,88.9,light
12/11/24 20:43,69,91.9,light
12/11/24 20:44,64,90.4,light
12/11/24 20:45,78,91.1,light
12/11/24 20:46,67,91.1,light
12/11/24 20:47,70,88.6,light
12/11/24 20:48,72,89.3,light
12/11/24 20:49,71,91.8,light
12/11/24 20:50,64,91.3,light
12/11/24 20:51,76,89.3,light
12/11/24 20:52,57,93.5,light
12/11/24 20:53,76,91.3,light
12/11/24 20:54,77,88.7,light
12/11/24 20:55,76,89.7,light
12/11/24 20:56,70,87.4,light
12/11/24 20:57,72,91.3,light
12/11/24 20:58,68,91.2,light
12/11/24 20:59,72,91,light
12/11/24 21:00,75,87.1,light
12/11/24 21:01,66,90.9,light
12/11/24 21:02,71,90.3,light
12/11/24 21:03,69,88.7,light
12/11/24 21:04,77,91,light
12/11/24 21:05,67,90.8,light
12/11/24 21:06,75,87.4,light
12/11/24 21:07,71,89.2,light
12/11/24 21:08,71,90.7,light
12/11/24 21:09,75,88.6,light
12/11/24 21:10,70,89.9,light
12/11/24 21:11,72,89.4,light
12/11/24 21:12,77,87,light
12/11/24 21:13,68,91.9,light
12/11/24 21:14,73,91.2,light
12/11/24 21:15,68,92.6,light
12/11/24 21:16,66,91.2,light
12/11/24 21:17,70,90.7,light
12/11/24 21:18,64,89.3,light
12/11/24 21:19,67,91.5,light
12/11/24 21:20,69,90.8,light
12/11/24 21:21,58,92.4,light
12/11/24 21:22,63,89.9,light
12/11/24 21:23,66,92.5,light
12/11/24 21:24,68,89.2,light
12/11/24 21:25,65,91.5,light
12/11/24 21:26,70,88.6,light
12/11/24 21:27,62,93.7,light
12/11/24 21:28,60,92,light
12/11/24 21:29,68,91.2,light
12/11/24 21:30,64,90,light
12/11/24 21:31,61,92.3,light
12/11/24 21:32,71,85.1,light
12/11/24 21:33,67,91.7,light
12/11/24 21:34,67,91.8,light
12/11/24 21:35,71,90.7,light
12/11/24 21:36,63,92.2,light
12/11/24 21:37,70,89.2,light
12/11/24 21:38,66,91.9,light
12/11/24 21:39,62,90.4,light
12/11/24 21:40,64,90.2,light
12/11/24 21:41,65,90,light
12/11/24 21:42,69,90.9,light
12/11/24 21:43,59,93.5,light
12/11/24 21:44,58,94,light
12/11/24 21:45,61,90.9,deep
12/11/24 21:46,64,90.4,deep
12/11/24 21:47,67,92.8,deep
12/11/24 21:48,63,91.7,deep
12/11/24 21:49,66,91.2,deep
12/11/24 21:50,71,88.3,deep
12/11/24 21:51,58,93.8,deep
12/11/24 21:52,64,91.3,deep
12/11/24 21:53,74,90,deep
12/11/24 21:54,62,91.9,deep
12/11/24 21:55,61,91.2,deep
12/11/24 21:56,67,93,deep
12/11/24 21:57,62,92.4,deep
12/11/24 21:58,69,90.5,deep
12/11/24 21:59,74,90.1,deep
12/11/24 22:00,65,90.5,deep
12/11/24 22:01,75,92.8,deep
12/11/24 22:02,63,90.3,deep
12/11/24 22:03,64,91.1,deep
12/11/24 22:04,61,91.6,deep
12/11/24 22:05,63,91.8,deep
12/11/24 22:06,64,92,deep
12/11/24 22:07,66,92.2,deep
12/11/24 22:08,60,92,deep
12/11/24 22:09,62,90.7,deep
12/11/24 22:10,63,90.5,deep
12/11/24 22:11,68,91.2,deep
12/11/24 22:12,65,90.5,deep
12/11/24 22:13,65,90.4,deep
12/11/24 22:14,65,90.7,deep
12/11/24 22:15,51,95.5,deep
12/11/24 22:16,61,93.1,deep
12/11/24 22:17,54,93.8,deep
12/11/24 22:18,59,90.6,deep
12/11/24 22:19,56,92,deep
12/11/24 22:20,55,93.3,deep
12/11/24 22:21,60,89.3,deep
12/11/24 22:22,53,94.4,deep
12/11/24 22:23,53,94.4,deep
12/11/24 22:24,57,92.5,deep
12/11/24 22:25,57,92.5,deep
12/11/24 22:26,59,91.7,deep
12/11/24 22:27,59,93.1,deep
12/11/24 22:28,56,92.8,deep
12/11/24 22:29,57,92.1,deep
12/11/24 22:30,56,91.8,deep
12/11/24 22:31,61,89.8,deep
12/11/24 22:32,54,94.3,deep
12/11/24 22:33,57,92.3,deep
12/11/24 22:34,59,92.3,deep
12/11/24 22:35,60,89.3,deep
12/11/24 22:36,54,93.2,deep
12/11/24 22:37,54,93.2,deep
12/11/24 22:38,53,94.5,deep
12/11/24 22:39,55,92.7,deep
12/11/24 22:40,57,92.2,deep
12/11/24 22:41,55,93.5,deep
12/11/24 22:42,59,93.4,deep
12/11/24 22:43,56,93.5,deep
12/11/24 22:44,58,92.3,deep
12/11/24 22:45,50,93,light
12/11/24 22:46,46,95.2,light
12/11/24 22:47,47,94.4,light
12/11/24 22:48,52,94.4,light
12/11/24 22:49,48,94.5,light
12/11/24 22:50,51,95.9,light
12/11/24 22:51,50,93.9,light
12/11/24 22:52,48,95,light
12/11/24 22:53,51,93.4,light
12/11/24 22:54,49,94.6,light
12/11/24 22:55,50,95.2,light
12/11/24 22:56,49,94,light
12/11/24 22:57,44,92.7,light
12/11/24 22:58,51,94.4,light
12/11/24 22:59,51,93.8,light
12/11/24 23:00,49,94.6,light
12/11/24 23:01,51,93.7,light
12/11/24 23:02,48,95.7,light
12/11/24 23:03,48,94.1,light
12/11/24 23:04,50,94.6,light
12/11/24 23:05,48,93.3,light
12/11/24 23:06,49,93.2,light
12/11/24 23:07,48,93.1,light
12/11/24 23:08,47,93.1,light
12/11/24 23:09,50,94.5,light
12/11/24 23:10,50,93.6,light
12/11/24 23:11,50,93.1,light
12/11/24 23:12,49,93.5,light
12/11/24 23:13,48,94.5,light
12/11/24 23:14,47,94.5,light
12/11/24 23:15,66,92.4,light
12/11/24 23:16,68,90.9,light
12/11/24 23:17,77,93,light
12/11/24 23:18,73,91.6,light
12/11/24 23:19,73,88.2,light
12/11/24 23:20,65,92.2,light
12/11/24 23:21,72,90,light
12/11/24 23:22,73,89.8,light
12/11/24 23:23,79,90,light
12/11/24 23:24,71,89,light
12/11/24 23:25,70,91.5,light
12/11/24 23:26,68,90.5,light
12/11/24 23:27,72,89.2,light
12/11/24 23:28,71,91.1,light
12/11/24 23:29,77,93.3,light
12/11/24 23:30,76,89.3,light
12/11/24 23:31,67,89.7,light
12/11/24 23:32,71,91.7,light
12/11/24 23:33,84,90.3,light
12/11/24 23:34,64,91.8,light
12/11/24 23:35,71,90.1,light
12/11/24 23:36,75,90.9,light
12/11/24 23:37,70,90.5,light
12/11/24 23:38,70,89.2,light
12/11/24 23:39,69,92,light
12/11/24 23:40,66,91.8,light
12/11/24 23:41,71,89.4,light
12/11/24 23:42,77,89.7,light
12/11/24 23:43,65,90.3,light
12/11/24 23:44,73,90.7,light
12/11/24 23:45,77,90.7,REM
12/11/24 23:46,71,89.9,REM
12/11/24 23:47,69,89.8,REM
12/11/24 23:48,75,87,REM
12/11/24 23:49,67,90.9,REM
12/11/24 23:50,74,90.4,REM
12/11/24 23:51,71,91,REM
12/11/24 23:52,72,91.7,REM
12/11/24 23:53,80,89.5,REM
12/11/24 23:54,77,87.6,REM
12/11/24 23:55,79,89.2,REM
12/11/24 23:56,67,93.8,REM
12/11/24 23:57,66,93.2,REM
12/11/24 23:58,74,90.6,REM
12/11/24 23:59,73,89.4,REM
12/12/24 00:00,62,91.1,REM
12/12/24 00:01,73,92.6,REM
12/12/24 00:02,82,90.3,REM
12/12/24 00:03,81,89.4,REM
12/12/24 00:04,68,92.8,REM
12/12/24 00:05,75,87.1,light
12/12/24 00:06,67,90,light
12/12/24 00:07,71,88.8,light
12/12/24 00:08,67,92.4,light
12/12/24 00:09,66,90.5,light
12/12/24 00:10,76,87.3,light
12/12/24 00:11,73,89,light
12/12/24 00:12,74,89.3,light
12/12/24 00:13,75,89.9,light
12/12/24 00:14,72,90.2,light
12/12/24 00:15,60,92.4,light
12/12/24 00:16,65,90.8,light
12/12/24 00:17,64,90.5,light
12/12/24 00:18,64,91.3,light
12/12/24 00:19,61,91.5,light
12/12/24 00:20,58,92,light
12/12/24 00:21,62,89.2,light
12/12/24 00:22,67,90.6,light
12/12/24 00:23,64,92.2,light
12/12/24 00:24,72,89.9,light
12/12/24 00:25,64,92.7,light
12/12/24 00:26,65,91.8,light
12/12/24 00:27,65,90.6,light
12/12/24 00:28,60,93,light
12/12/24 00:29,64,90.2,light
12/12/24 00:30,60,89.2,light
12/12/24 00:31,64,91.6,light
12/12/24 00:32,57,91.8,light
12/12/24 00:33,64,91.1,light
12/12/24 00:34,65,89.9,light
12/12/24 00:35,65,91.2,light
12/12/24 00:36,59,92.9,light
12/12/24 00:37,66,92,light
12/12/24 00:38,67,89.8,light
12/12/24 00:39,61,89.6,light
12/12/24 00:40,68,91.7,light
12/12/24 00:41,65,90.7,light
12/12/24 00:42,64,90.5,light
12/12/24 00:43,67,91.1,light
12/12/24 00:44,71,89.7,light
12/12/24 00:45,64,91.6,light
12/12/24 00:46,63,91.8,light
12/12/24 00:47,73,91.5,light
12/12/24 00:48,64,90.9,light
12/12/24 00:49,66,92.4,light
12/12/24 00:50,64,91.9,light
12/12/24 00:51,58,93.3,light
12/12/24 00:52,63,89.9,light
12/12/24 00:53,69,91.1,light
12/12/24 00:54,61,93.5,light
12/12/24 00:55,70,87.9,light
12/12/24 00:56,68,93.3,light
12/12/24 00:57,60,93.3,light
12/12/24 00:58,60,92.1,light
12/12/24 00:59,60,89.6,light
12/12/24 01:00,63,90.9,light
12/12/24 01:01,60,92.2,light
12/12/24 01:02,69,89.6,light
12/12/24 01:03,60,92,light
12/12/24 01:04,61,91.3,light
12/12/24 01:05,71,89.1,light
12/12/24 01:06,63,89.9,light
12/12/24 01:07,66,93,light
12/12/24 01:08,66,92.1,light
12/12/24 01:09,59,92.4,light
12/12/24 01:10,68,91.2,light
12/12/24 01:11,67,90.9,light
12/12/24 01:12,67,89,light
12/12/24 01:13,62,92.7,light
12/12/24 01:14,66,91.5,light
12/12/24 01:15,56,93.4,light
12/12/24 01:16,57,92.1,light
12/12/24 01:17,54,94.1,light
12/12/24 01:18,56,92.8,light
12/12/24 01:19,59,93.4,light
12/12/24 01:20,51,95.3,light
12/12/24 01:21,55,92.2,light
12/12/24 01:22,58,92.2,light
12/12/24 01:23,53,93.8,light
12/12/24 01:24,58,92,light
12/12/24 01:25,58,94.9,light
12/12/24 01:26,56,91,light
12/12/24 01:27,57,94.9,light
12/12/24 01:28,61,92,light
12/12/24 01:29,54,93.9,light
12/12/24 01:30,52,93.4,light
12/12/24 01:31,55,92.5,light
12/12/24 01:32,54,93.6,light
12/12/24 01:33,58,93.7,light
12/12/24 01:34,55,93.1,light
12/12/24 01:35,58,94,wake
12/12/24 01:36,57,92.2,wake
12/12/24 01:37,54,94.1,wake
12/12/24 01:38,54,93.9,wake
12/12/24 01:39,52,93.7,wake
12/12/24 01:40,60,90,wake
12/12/24 01:41,58,93.1,wake
12/12/24 01:42,55,92.8,wake
12/12/24 01:43,58,92.5,wake
12/12/24 01:44,53,94.4,wake
12/12/24 01:45,48,93.7,light
12/12/24 01:46,48,94,light
12/12/24 01:47,50,94.6,light
12/12/24 01:48,48,94.7,light
12/12/24 01:49,47,95.1,light
12/12/24 01:50,50,93.2,light
12/12/24 01:51,51,93.3,light
12/12/24 01:52,49,93.2,light
12/12/24 01:53,52,93.5,light
12/12/24 01:54,51,93.8,light
12/12/24 01:55,52,94.3,light
12/12/24 01:56,51,94.8,light
12/12/24 01:57,50,93.7,light
12/12/24 01:58,47,94.4,light
12/12/24 01:59,49,94.9,light
12/12/24 02:00,48,93.7,light
12/12/24 02:01,48,93.8,light
12/12/24 02:02,48,94,light
12/12/24 02:03,47,92.8,light
12/12/24 02:04,51,94.4,light
12/12/24 02:05,47,93.2,light
12/12/24 02:06,51,94.6,light
12/12/24 02:07,52,93.7,light
12/12/24 02:08,48,93.6,light
12/12/24 02:09,48,93.3,light
12/12/24 02:10,50,94.4,light
12/12/24 02:11,49,94.4,light
12/12/24 02:12,48,93.7,light
12/12/24 02:13,50,95.3,light
12/12/24 02:14,48,94,light
12/12/24 02:15,82,90,light
12/12/24 02:16,74,90.1,light
12/12/24 02:17,75,89,light
12/12/24 02:18,71,88.5,light
12/12/24 02:19,81,89.4,light
12/12/24 02:20,68,92,light
12/12/24 02:21,75,87.2,light
12/12/24 02:22,65,89.4,light
12/12/24 02:23,83,89.1,light
12/12/24 02:24,76,87.3,light
12/12/24 02:25,67,89.5,light
12/12/24 02:26,74,91.2,light
12/12/24 02:27,77,89.3,light
12/12/24 02:28,67,90.2,light
12/12/24 02:29,69,91.4,light
12/12/24 02:30,67,91.3,light
12/12/24 02:31,74,91.7,light
12/12/24 02:32,72,87.3,light
12/12/24 02:33,72,88.6,light
12/12/24 02:34,67,90.5,light
12/12/24 02:35,70,90.6,light
12/12/24 02:36,68,94.7,light
12/12/24 02:37,74,90.9,light
12/12/24 02:38,66,90.9,light
12/12/24 02:39,68,89.7,light
12/12/24 02:40,76,88,light
12/12/24 02:41,69,92.3,light
12/12/24 02:42,80,88.8,light
12/12/24 02:43,72,89.5,light
12/12/24 02:44,62,93.2,light
12/12/24 02:45,65,89.1,light
12/12/24 02:46,69,91.5,light
12/12/24 02:47,75,88.6,light
12/12/24 02:48,75,92.5,light
12/12/24 02:49,69,90.1,light
12/12/24 02:50,78,91,light
12/12/24 02:51,73,87.3,light
12/12/24 02:52,70,92.3,light
12/12/24 02:53,77,91.4,light
12/12/24 02:54,67,90.5,light
12/12/24 02:55,74,90.6,light
12/12/24 02:56,75,91.4,light
12/12/24 02:57,75,90.2,light
12/12/24 02:58,71,89.4,light
12/12/24 02:59,76,89.9,light
12/12/24 03:00,81,90.2,light
12/12/24 03:01,71,90.1,light
12/12/24 03:02,72,90.7,light
12/12/24 03:03,76,88.5,light
12/12/24 03:04,70,89,light
12/12/24 03:05,70,89.4,light
12/12/24 03:06,66,91.8,light
12/12/24 03:07,63,89.4,light
12/12/24 03:08,66,91.4,light
12/12/24 03:09,76,91.2,light
12/12/24 03:10,66,91.3,light
12/12/24 03:11,74,90.1,light
12/12/24 03:12,79,89.5,light
12/12/24 03:13,72,90.1,light
12/12/24 03:14,67,90.7,light
12/12/24 03:15,64,91,deep
12/12/24 03:16,66,90.7,deep
12/12/24 03:17,66,91,deep
12/12/24 03:18,65,90.8,deep
12/12/24 03:19,67,89.8,deep
12/12/24 03:20,68,89.4,deep
12/12/24 03:21,63,91.3,deep
12/12/24 03:22,70,90.9,deep
12/12/24 03:23,66,93.1,deep
12/12/24 03:24,56,93.5,deep
12/12/24 03:25,64,92.3,deep
12/12/24 03:26,64,91.5,deep
12/12/24 03:27,69,91.3,deep
12/12/24 03:28,62,90.3,deep
12/12/24 03:29,65,90.1,deep
12/12/24 03:30,59,92.7,deep
12/12/24 03:31,61,90.2,deep
12/12/24 03:32,68,91.1,deep
12/12/24 03:33,60,88.2,deep
12/12/24 03:34,68,91.8,deep
12/12/24 03:35,69,90,deep
12/12/24 03:36,69,89.5,deep
12/12/24 03:37,71,91.1,deep
12/12/24 03:38,68,92.4,deep
12/12/24 03:39,66,91.1,deep
12/12/24 03:40,67,90.3,deep
12/12/24 03:41,65,92.1,deep
12/12/24 03:42,63,90.3,deep
12/12/24 03:43,68,91,deep
12/12/24 03:44,66,92.8,deep
12/12/24 03:45,68,91.7,deep
12/12/24 03:46,64,91.1,deep
12/12/24 03:47,64,90.9,deep
12/12/24 03:48,65,91.3,deep
12/12/24 03:49,64,91.5,deep
12/12/24 03:50,76,88.3,deep
12/12/24 03:51,72,91.8,deep
12/12/24 03:52,65,90.7,deep
12/12/24 03:53,64,91,deep
12/12/24 03:54,66,92.2,deep
12/12/24 03:55,63,91,deep
12/12/24 03:56,63,92.3,deep
12/12/24 03:57,65,91.1,deep
12/12/24 03:58,63,91.3,deep
12/12/24 03:59,65,91.5,deep
12/12/24 04:00,66,91.6,deep
12/12/24 04:01,52,94.4,deep
12/12/24 04:02,57,93.4,deep
12/12/24 04:03,61,92.4,deep
12/12/24 04:04,66,90.2,deep
12/12/24 04:05,61,92.9,deep
12/12/24 04:06,74,87.4,deep
12/12/24 04:07,68,90.4,deep
12/12/24 04:08,72,89.8,deep
12/12/24 04:09,68,89.8,deep
12/12/24 04:10,58,92.8,deep
12/12/24 04:11,60,92.1,deep
12/12/24 04:12,62,90.3,deep
12/12/24 04:13,60,91.8,deep
12/12/24 04:14,69,92.2,deep
12/12/24 04:15,56,90.8,light
12/12/24 04:16,57,92.7,light
12/12/24 04:17,61,91.6,light
12/12/24 04:18,62,90.1,light
12/12/24 04:19,56,91.4,light
12/12/24 04:20,52,93.5,light
12/12/24 04:21,53,93.9,light
12/12/24 04:22,60,90.3,light
12/12/24 04:23,57,93,light
12/12/24 04:24,54,94.3,light
12/12/24 04:25,59,92.8,light
12/12/24 04:26,53,94.9,light
12/12/24 04:27,51,94.5,light
12/12/24 04:28,50,94.2,light
12/12/24 04:29,52,93.1,light
12/12/24 04:30,60,92.6,light
12/12/24 04:31,56,93.6,light
12/12/24 04:32,56,92.2,light
12/12/24 04:33,57,91.8,light
12/12/24 04:34,53,94.5,light
12/12/24 04:35,55,90.9,light
12/12/24 04:36,55,92.9,light
12/12/24 04:37,54,95,light
12/12/24 04:38,55,92.2,light
12/12/24 04:39,56,92.7,light
12/12/24 04:40,56,92.6,light
12/12/24 04:41,58,93.4,light
12/12/24 04:42,55,92.6,light
12/12/24 04:43,61,90.8,light
12/12/24 04:44,53,92.9,light
12/12/24 04:45,48,94.1,light
12/12/24 04:46,50,94,light
12/12/24 04:47,51,92.6,light
12/12/24 04:48,47,93.3,light
12/12/24 04:49,49,93.6,light
12/12/24 04:50,51,93.6,light
12/12/24 04:51,46,94,light
12/12/24 04:52,49,93.9,light
12/12/24 04:53,47,94,light
12/12/24 04:54,48,95.6,light
12/12/24 04:55,50,93.7,light
12/12/24 04:56,49,93.4,light
12/12/24 04:57,47,95.1,light
12/12/24 04:58,52,95,light
12/12/24 04:59,49,93.2,light
12/12/24 05:00,51,94.8,light
12/12/24 05:01,53,92.7,light
12/12/24 05:02,48,96,light
12/12/24 05:03,51,95.2,light
12/12/24 05:04,50,94.4,light
12/12/24 05:05,47,94.6,light
12/12/24 05:06,52,94.3,light
12/12/24 05:07,50,93.5,light
12/12/24 05:08,48,94.8,light
12/12/24 05:09,46,94.9,light
12/12/24 05:10,47,93.5,light
12/12/24 05:11,49,94,light
12/12/24 05:12,47,93.1,light
12/12/24 05:13,51,94,light
12/12/24 05:14,49,93.8,light
12/12/24 05:15,64,92.7,REM
12/12/24 05:16,68,93.1,REM
12/12/24 05:17,66,89.9,REM
12/12/24 05:18,65,92.1,REM
12/12/24 05:19,60,92.3,REM
12/12/24 05:20,72,87.4,REM
12/12/24 05:21,67,92.4,REM
12/12/24 05:22,81,87.8,REM
12/12/24 05:23,76,89.2,REM
12/12/24 05:24,80,88.6,REM
12/12/24 05:25,75,87.6,REM
12/12/24 05:26,69,92.5,REM
12/12/24 05:27,73,88.6,REM
12/12/24 05:28,70,89.4,REM
12/12/24 05:29,73,90,REM
12/12/24 05:30,76,91.1,REM
12/12/24 05:31,74,88.5,REM
12/12/24 05:32,72,90.7,REM
12/12/24 05:33,72,89.7,REM
12/12/24 05:34,73,88.5,REM
12/12/24 05:35,77,91.5,light
12/12/24 05:36,69,93.7,light
12/12/24 05:37,70,90.3,light
12/12/24 20:15,76,90.3,light
12/12/24 20:16,72,89.6,light
12/12/24 20:17,66,90.4,light
12/12/24 20:18,63,89.9,light
12/12/24 20:19,73,92,light
12/12/24 20:20,65,92.2,light
12/12/24 20:21,69,91.9,light
12/12/24 20:22,80,89.4,light
12/12/24 20:23,67,93.6,light
12/12/24 20:24,77,89,light
12/12/24 20:25,66,90.7,light
12/12/24 20:26,76,92.7,light
12/12/24 20:27,74,89.9,light
12/12/24 20:28,74,92.6,light
12/12/24 20:29,68,91.7,light
12/12/24 20:30,75,89.2,light
12/12/24 20:31,73,89.7,light
12/12/24 20:32,81,88.9,light
12/12/24 20:33,68,92,light
12/12/24 20:34,78,91.8,light
12/12/24 20:35,67,91.8,light
12/12/24 20:36,70,90.4,light
12/12/24 20:37,68,90,light
12/12/24 20:38,69,92.5,light
12/12/24 20:39,71,91.3,light
12/12/24 20:40,79,90.4,light
12/12/24 20:41,74,89.5,light
12/12/24 20:42,78,90.1,light
12/12/24 20:43,72,88.6,light
12/12/24 20:44,78,87.8,light
12/12/24 20:45,73,89.6,light
12/12/24 20:46,68,90.2,light
12/12/24 20:47,77,89.2,light
12/12/24 20:48,79,89.3,light
12/12/24 20:49,75,89.9,light
12/12/24 20:50,76,89.8,light
12/12/24 20:51,78,85.4,light
12/12/24 20:52,70,90.5,light
12/12/24 20:53,68,91.4,light
12/12/24 20:54,73,91.4,light
12/12/24 20:55,80,89.7,light
12/12/24 20:56,73,91.6,light
12/12/24 20:57,75,89.8,light
12/12/24 20:58,72,90.5,light
12/12/24 20:59,73,88.6,light
12/12/24 21:00,69,92.6,light
12/12/24 21:01,74,91.9,light
12/12/24 21:02,76,92.8,light
12/12/24 21:03,64,90.5,light
12/12/24 21:04,64,91.8,light
12/12/24 21:05,63,89.5,light
12/12/24 21:06,79,87.2,light
12/12/24 21:07,67,91.9,light
12/12/24 21:08,73,89.8,light
12/12/24 21:09,80,88.1,light
12/12/24 21:10,73,90.3,light
12/12/24 21:11,74,91.4,light
12/12/24 21:12,67,91.3,light
12/12/24 21:13,73,91.8,light
12/12/24 21:14,67,90.4,light
12/12/24 21:15,57,93.5,light
12/12/24 21:16,65,90.7,light
12/12/24 21:17,66,92.7,light
12/12/24 21:18,62,89.7,light
12/12/24 21:19,62,91.5,light
12/12/24 21:20,64,91.5,light
12/12/24 21:21,62,91.8,light
12/12/24 21:22,67,90.8,light
12/12/24 21:23,66,91.7,light
12/12/24 21:24,71,89.7,light
12/12/24 21:25,63,90.6,light
12/12/24 21:26,65,92.9,light
12/12/24 21:27,65,91.3,light
12/12/24 21:28,63,89.4,light
12/12/24 21:29,57,91.9,light
12/12/24 21:30,66,92.9,light
12/12/24 21:31,74,88.6,light
12/12/24 21:32,68,91.8,light
12/12/24 21:33,72,89,light
12/12/24 21:34,68,89.5,light
12/12/24 21:35,64,91.8,light
12/12/24 21:36,67,90.8,light
12/12/24 21:37,69,93.1,light
12/12/24 21:38,58,93.5,light
12/12/24 21:39,66,92.7,light
12/12/24 21:40,64,92.5,light
12/12/24 21:41,70,91,light
12/12/24 21:42,66,89.6,light
12/12/24 21:43,55,92.3,light
12/12/24 21:44,66,92,light
12/12/24 21:45,56,92.2,deep
12/12/24 21:46,70,90,deep
12/12/24 21:47,61,92.1,deep
12/12/24 21:48,60,92.5,deep
12/12/24 21:49,61,90.1,deep
12/12/24 21:50,61,92,deep
12/12/24 21:51,64,91.9,deep
12/12/24 21:52,61,90,deep
12/12/24 21:53,63,90.7,deep
12/12/24 21:54,58,92.6,deep
12/12/24 21:55,63,92.9,deep
12/12/24 21:56,70,89.4,deep
12/12/24 21:57,63,91.7,deep
12/12/24 21:58,67,92.6,deep
12/12/24 21:59,59,94.2,deep
12/12/24 22:00,67,91.5,deep
12/12/24 22:01,69,88.7,deep
12/12/24 22:02,70,91.4,deep
12/12/24 22:03,65,91.5,deep
12/12/24 22:04,67,90.2,deep
12/12/24 22:05,59,93.1,deep
12/12/24 22:06,63,93.4,deep
12/12/24 22:07,61,91.5,deep
12/12/24 22:08,66,89.3,deep
12/12/24 22:09,62,92.9,deep
12/12/24 22:10,67,91.2,deep
12/12/24 22:11,74,91.1,deep
12/12/24 22:12,67,91.3,deep
12/12/24 22:13,70,90.7,deep
12/12/24 22:14,60,92,deep
12/12/24 22:15,56,93.2,deep
12/12/24 22:16,57,92.6,deep
12/12/24 22:17,57,91.8,deep
12/12/24 22:18,62,91.4,deep
12/12/24 22:19,54,94.6,deep
12/12/24 22:20,57,91.8,deep
12/12/24 22:21,49,93.2,deep
12/12/24 22:22,58,93.7,deep
12/12/24 22:23,58,94,deep
12/12/24 22:24,56,92.5,deep
12/12/24 22:25,58,93,deep
12/12/24 22:26,55,92.8,deep
12/12/24 22:27,53,92.5,deep
12/12/24 22:28,54,94.1,deep
12/12/24 22:29,54,95,deep
12/12/24 22:30,53,93.2,deep
12/12/24 22:31,53,93.1,deep
12/12/24 22:32,54,93.5,deep
12/12/24 22:33,55,92.1,deep
12/12/24 22:34,57,93.1,deep
12/12/24 22:35,53,94.9,deep
12/12/24 22:36,54,94.9,deep
12/12/24 22:37,55,93.1,deep
12/12/24 22:38,58,91.1,deep
12/12/24 22:39,53,92.9,deep
12/12/24 22:40,55,93.2,deep
12/12/24 22:41,59,91.1,deep
12/12/24 22:42,54,94.4,deep
12/12/24 22:43,53,94.2,deep
12/12/24 22:44,56,92.1,deep
12/12/24 22:45,48,92.2,light
12/12/24 22:46,44,94.1,light
12/12/24 22:47,50,94.4,light
12/12/24 22:48,51,93.6,light
12/12/24 22:49,49,93.2,light
12/12/24 22:50,52,94.2,light
12/12/24 22:51,51,93,light
12/12/24 22:52,48,94.4,light
12/12/24 22:53,54,94.7,light
12/12/24 22:54,50,92.6,light
12/12/24 22:55,50,93.6,light
12/12/24 22:56,48,94,light
12/12/24 22:57,46,94,light
12/12/24 22:58,47,93.4,light
12/12/24 22:59,51,93.1,light
12/12/24 23:00,53,93.7,light
12/12/24 23:01,50,94.5,light
12/12/24 23:02,50,94.4,light
12/12/24 23:03,51,94.4,light
12/12/24 23:04,52,94.9,light
12/12/24 23:05,47,93.3,light
12/12/24 23:06,53,93.7,light
12/12/24 23:07,49,93.9,light
12/12/24 23:08,52,92,light
12/12/24 23:09,47,94.2,light
12/12/24 23:10,52,94,light
12/12/24 23:11,47,93.2,light
12/12/24 23:12,52,94.6,light
12/12/24 23:13,51,94.6,light
12/12/24 23:14,46,94.3,light
12/12/24 23:15,78,87.4,light
12/12/24 23:16,67,90,light
12/12/24 23:17,77,90.5,light
12/12/24 23:18,72,89.2,light
12/12/24 23:19,65,90.9,light
12/12/24 23:20,66,89.9,light
12/12/24 23:21,91,90.3,light
12/12/24 23:22,83,92.3,light
12/12/24 23:23,70,90.5,light
12/12/24 23:24,74,91.5,light
12/12/24 23:25,78,91.3,light
12/12/24 23:26,65,90.8,light
12/12/24 23:27,75,89.7,light
12/12/24 23:28,76,92.2,light
12/12/24 23:29,73,91.1,light
12/12/24 23:30,78,91.4,light
12/12/24 23:31,72,90.2,light
12/12/24 23:32,77,89.4,light
12/12/24 23:33,73,89.6,light
12/12/24 23:34,64,92.9,light
12/12/24 23:35,76,90,light
12/12/24 23:36,78,91.9,light
12/12/24 23:37,71,92.1,light
12/12/24 23:38,65,92.3,light
12/12/24 23:39,76,91.2,light
12/12/24 23:40,73,92.5,light
12/12/24 23:41,73,88.7,light
12/12/24 23:42,72,89.4,light
12/12/24 23:43,77,88.1,light
12/12/24 23:44,73,87.8,light
12/12/24 23:45,69,91.1,REM
12/12/24 23:46,63,91.5,REM
12/12/24 23:47,69,91.8,REM
12/12/24 23:48,76,89,REM
12/12/24 23:49,70,89.4,REM
12/12/24 23:50,76,91.3,REM
12/12/24 23:51,64,89.4,REM
12/12/24 23:52,66,91.2,REM
12/12/24 23:53,66,92.8,REM
12/12/24 23:54,72,89.6,REM
12/12/24 23:55,80,89.4,REM
12/12/24 23:56,83,91.9,REM
12/12/24 23:57,77,87.9,REM
12/12/24 23:58,62,90.2,REM
12/12/24 23:59,68,90.3,REM
12/13/24 00:00,56,93.1,REM
12/13/24 00:01,72,87.6,REM
12/13/24 00:02,80,91.9,REM
12/13/24 00:03,76,90,REM
12/13/24 00:04,63,92.5,REM
12/13/24 00:05,78,91.9,light
12/13/24 00:06,78,88.8,light
12/13/24 00:07,79,90,light
12/13/24 00:08,77,89.7,light
12/13/24 00:09,69,91.1,light
12/13/24 00:10,62,90.5,light
12/13/24 00:11,77,91.7,light
12/13/24 00:12,75,89.7,light
12/13/24 00:13,62,90.8,light
12/13/24 00:14,67,92.5,light
12/13/24 00:15,61,92.2,light
12/13/24 00:16,67,91.5,light
12/13/24 00:17,64,90.7,light
12/13/24 00:18,63,93,light
12/13/24 00:19,63,89.9,light
12/13/24 00:20,60,92.5,light
12/13/24 00:21,68,92,light
12/13/24 00:22,62,89.7,light
12/13/24 00:23,69,91.3,light
12/13/24 00:24,59,91.3,light
12/13/24 00:25,63,90.8,light
12/13/24 00:26,72,90.4,light
12/13/24 00:27,65,90,light
12/13/24 00:28,63,88.4,light
12/13/24 00:29,62,91,light
12/13/24 00:30,61,91.5,light
12/13/24 00:31,66,90.7,light
12/13/24 00:32,68,91.2,light
12/13/24 00:33,66,91,light
12/13/24 00:34,64,90,light
12/13/24 00:35,67,93.5,light
12/13/24 00:36,59,92.8,light
12/13/24 00:37,66,90.7,light
12/13/24 00:38,66,90.2,light
12/13/24 00:39,66,90.7,light
12/13/24 00:40,62,90.8,light
12/13/24 00:41,61,91.2,light
12/13/24 00:42,59,93.5,light
12/13/24 00:43,70,88.8,light
12/13/24 00:44,64,91.4,light
12/13/24 00:45,63,92.2,light
12/13/24 00:46,62,90.4,light
12/13/24 00:47,61,90.4,light
12/13/24 00:48,62,89.4,light
12/13/24 00:49,69,93.2,light
12/13/24 00:50,67,91.8,light
12/13/24 00:51,68,90.5,light
12/13/24 00:52,68,90.5,light
12/13/24 00:53,73,88.5,light
12/13/24 00:54,65,91.4,light
12/13/24 00:55,63,90.8,light
12/13/24 00:56,66,90.1,light
12/13/24 00:57,67,90.3,light
12/13/24 00:58,64,92.1,light
12/13/24 00:59,61,90.7,light
12/13/24 01:00,65,89.7,light
12/13/24 01:01,67,91.3,light
12/13/24 01:02,66,90.4,light
12/13/24 01:03,57,93.1,light
12/13/24 01:04,58,93.9,light
12/13/24 01:05,67,88.9,light
12/13/24 01:06,63,90.4,light
12/13/24 01:07,73,90.2,light
12/13/24 01:08,70,89.9,light
12/13/24 01:09,59,93.6,light
12/13/24 01:10,69,91.2,light
12/13/24 01:11,71,90.3,light
12/13/24 01:12,63,91.7,light
12/13/24 01:13,64,90.4,light
12/13/24 01:14,62,91.8,light
12/13/24 01:15,53,94.3,light
12/13/24 01:16,61,91.3,light
12/13/24 01:17,49,92.7,light
12/13/24 01:18,54,93.5,light
12/13/24 01:19,55,92.7,light
12/13/24 01:20,57,92.4,light
12/13/24 01:21,53,94.5,light
12/13/24 01:22,61,92.1,light
12/13/24 01:23,51,94.2,light
12/13/24 01:24,51,94.5,light
12/13/24 01:25,57,93,light
12/13/24 01:26,53,93.6,light
12/13/24 01:27,57,92.5,light
12/13/24 01:28,54,93.2,light
12/13/24 01:29,59,93.8,light
12/13/24 01:30,54,93.1,light
12/13/24 01:31,61,88.7,light
12/13/24 01:32,58,94.4,light
12/13/24 01:33,54,93.9,light
12/13/24 01:34,58,93.3,light
12/13/24 01:35,57,93.2,wake
12/13/24 01:36,59,93.4,wake
12/13/24 01:37,58,93,wake
12/13/24 01:38,58,93,wake
12/13/24 01:39,57,90.4,wake
12/13/24 01:40,59,91.6,wake
12/13/24 01:41,60,88,wake
12/13/24 01:42,57,91.8,wake
12/13/24 01:43,58,92,wake
12/13/24 01:44,59,92.4,wake
12/13/24 01:45,53,93.3,light
12/13/24 01:46,52,93.8,light
12/13/24 01:47,52,93.6,light
12/13/24 01:48,49,94.2,light
12/13/24 01:49,47,94.5,light
12/13/24 01:50,51,94.1,light
12/13/24 01:51,51,94.4,light
12/13/24 01:52,49,94.1,light
12/13/24 01:53,47,94.8,light
12/13/24 01:54,53,95.3,light
12/13/24 01:55,50,92.3,light
12/13/24 01:56,47,94.8,light
12/13/24 01:57,49,93.1,light
12/13/24 01:58,47,94.1,light
12/13/24 01:59,51,94.2,light
12/13/24 02:00,53,94.4,light
12/13/24 02:01,49,94,light
12/13/24 02:02,49,94,light
12/13/24 02:03,49,94.2,light
12/13/24 02:04,49,93.8,light
12/13/24 02:05,48,92.7,light
12/13/24 02:06,52,94,light
12/13/24 02:07,50,93.5,light
12/13/24 02:08,50,93.4,light
12/13/24 02:09,49,93.3,light
12/13/24 02:10,47,92.6,light
12/13/24 02:11,51,93.7,light
12/13/24 02:12,52,94,light
12/13/24 02:13,46,94.5,light
12/13/24 02:14,51,93.6,light
12/13/24 02:15,76,92.4,light
12/13/24 02:16,78,90.9,light
12/13/24 02:17,78,88.3,light
12/13/24 02:18,85,89.3,light
12/13/24 02:19,74,93,light
12/13/24 02:20,76,91.1,light
12/13/24 02:21,72,89.2,light
12/13/24 02:22,67,92.3,light
12/13/24 02:23,75,88.1,light
12/13/24 02:24,76,89.2,light
12/13/24 02:25,73,86.5,light
12/13/24 02:26,63,91.9,light
12/13/24 02:27,64,89.8,light
12/13/24 02:28,75,89.9,light
12/13/24 02:29,70,87.7,light
12/13/24 02:30,73,90.3,light
12/13/24 02:31,74,89.9,light
12/13/24 02:32,71,87.8,light
12/13/24 02:33,70,89.3,light
12/13/24 02:34,71,90.2,light
12/13/24 02:35,74,90.7,light
12/13/24 02:36,74,92.4,light
12/13/24 02:37,68,92.7,light
12/13/24 02:38,71,89,light
12/13/24 02:39,66,90.4,light
12/13/24 02:40,74,87.9,light
12/13/24 02:41,69,90,light
12/13/24 02:42,75,91.3,light
12/13/24 02:43,70,87.6,light
12/13/24 02:44,77,89.8,light
12/13/24 02:45,78,89.5,light
12/13/24 02:46,74,88.9,light
12/13/24 02:47,70,88,light
12/13/24 02:48,67,88.9,light
12/13/24 02:49,76,88.1,light
12/13/24 02:50,71,89.9,light
12/13/24 02:51,72,90.9,light
12/13/24 02:52,70,92.4,light
12/13/24 02:53,65,91.6,light
12/13/24 02:54,77,90.9,light
12/13/24 02:55,71,92.4,light
12/13/24 02:56,62,91.6,light
12/13/24 02:57,71,91.5,light
12/13/24 02:58,65,90.7,light
12/13/24 02:59,74,91.1,light
12/13/24 03:00,74,90.3,light
12/13/24 03:01,79,89.6,light
12/13/24 03:02,64,93.1,light
12/13/24 03:03,79,88.2,light
12/13/24 03:04,74,88.7,light
12/13/24 03:05,65,92.6,light
12/13/24 03:06,81,91.5,light
12/13/24 03:07,71,90,light
12/13/24 03:08,66,91.6,light
12/13/24 03:09,77,90.8,light
12/13/24 03:10,66,91.6,light
12/13/24 03:11,77,90.4,light
12/13/24 03:12,71,88.7,light
12/13/24 03:13,70,91.9,light
12/13/24 03:14,65,91,light
12/13/24 03:15,60,90,deep
12/13/24 03:16,65,91.4,deep
12/13/24 03:17,58,92.8,deep
12/13/24 03:18,67,91.7,deep
12/13/24 03:19,62,92.4,deep
12/13/24 03:20,63,90.7,deep
12/13/24 03:21,67,91.1,deep
12/13/24 03:22,64,90.2,deep
12/13/24 03:23,69,91.5,deep
12/13/24 03:24,56,91.7,deep
12/13/24 03:25,68,90.5,deep
12/13/24 03:26,65,92.4,deep
12/13/24 03:27,62,91.4,deep
12/13/24 03:28,68,92.9,deep
12/13/24 03:29,67,92.6,deep
12/13/24 21:00,70,88.9,light
12/13/24 21:01,77,93.7,light
12/13/24 21:02,73,90.7,light
12/13/24 21:03,76,88.5,light
12/13/24 21:04,68,90.5,light
12/13/24 21:05,65,88.9,light
12/13/24 21:06,74,90.2,light
12/13/24 21:07,75,91.6,light
12/13/24 21:08,72,90,light
12/13/24 21:09,74,91.2,light
12/13/24 21:10,67,91.7,light
12/13/24 21:11,76,91.8,light
12/13/24 21:12,77,88.5,light
12/13/24 21:13,77,91.3,light
12/13/24 21:14,72,92.8,light
12/13/24 21:15,77,93.8,light
12/13/24 21:16,66,92.9,light
12/13/24 21:17,74,90.3,light
12/13/24 21:18,75,88.6,light
12/13/24 21:19,74,88.8,light
12/13/24 21:20,67,91,light
12/13/24 21:21,73,92.8,light
12/13/24 21:22,70,89.2,light
12/13/24 21:23,62,91.4,light
12/13/24 21:24,66,92.3,light
12/13/24 21:25,77,85.1,light
12/13/24 21:26,70,88.4,light
12/13/24 21:27,77,92.9,light
12/13/24 21:28,77,91.6,light
12/13/24 21:29,74,91.6,light
12/13/24 21:30,68,90.1,light
12/13/24 21:31,76,92.2,light
12/13/24 21:32,73,88.8,light
12/13/24 21:33,72,90.1,light
12/13/24 21:34,67,92,light
12/13/24 21:35,69,92.2,light
12/13/24 21:36,67,91.8,light
12/13/24 21:37,76,89.7,light
12/13/24 21:38,79,87.2,light
12/13/24 21:39,76,90.1,light
12/13/24 21:40,72,86.7,light
12/13/24 21:41,70,90.9,light
12/13/24 21:42,74,88.5,light
12/13/24 21:43,69,91,light
12/13/24 21:44,71,89.2,light
12/13/24 21:45,67,91.9,light
12/13/24 21:46,75,88.8,light
12/13/24 21:47,75,90.4,light
12/13/24 21:48,76,90.3,light
12/13/24 21:49,74,90.1,light
12/13/24 21:50,74,90.6,light
12/13/24 21:51,66,89.8,light
12/13/24 21:52,66,89.8,light
12/13/24 21:53,73,92.2,light
12/13/24 21:54,77,87.7,light
12/13/24 21:55,70,93.2,light
12/13/24 21:56,72,89.8,light
12/13/24 21:57,72,88.7,light
12/13/24 21:58,62,92.2,light
12/13/24 21:59,73,89.2,light
12/13/24 22:00,62,91.6,light
12/13/24 22:01,67,92.7,light
12/13/24 22:02,64,92.1,light
12/13/24 22:03,64,91.7,light
12/13/24 22:04,64,92,light
12/13/24 22:05,63,91.2,light
12/13/24 22:06,59,93.2,light
12/13/24 22:07,68,89.9,light
12/13/24 22:08,62,93,light
12/13/24 22:09,63,91,light
12/13/24 22:10,65,91.4,light
12/13/24 22:11,60,90.8,light
12/13/24 22:12,63,91.9,light
12/13/24 22:13,72,91.6,light
12/13/24 22:14,66,90,light
12/13/24 22:15,61,91.1,light
12/13/24 22:16,56,92.7,light
12/13/24 22:17,69,91.7,light
12/13/24 22:18,60,90.9,light
12/13/24 22:19,62,90.7,light
12/13/24 22:20,63,92.3,light
12/13/24 22:21,61,91.8,light
12/13/24 22:22,64,91.5,light
12/13/24 22:23,62,92.7,light
12/13/24 22:24,67,89.6,light
12/13/24 22:25,65,92.2,light
12/13/24 22:26,70,90.6,light
12/13/24 22:27,70,87.8,light
12/13/24 22:28,61,92.6,light
12/13/24 22:29,63,91.9,light
12/13/24 22:30,73,91.1,deep
12/13/24 22:31,60,90.8,deep
12/13/24 22:32,68,92.1,deep
12/13/24 22:33,67,90.3,deep
12/13/24 22:34,61,89.6,deep
12/13/24 22:35,61,91.2,deep
12/13/24 22:36,72,91,deep
12/13/24 22:37,72,91.5,deep
12/13/24 22:38,66,91.4,deep
12/13/24 22:39,59,92.6,deep
12/13/24 22:40,70,91.5,deep
12/13/24 22:41,59,92.2,deep
12/13/24 22:42,67,90.5,deep
12/13/24 22:43,58,94,deep
12/13/24 22:44,65,90.9,deep
12/13/24 22:45,68,92.3,deep
12/13/24 22:46,53,95,deep
12/13/24 22:47,62,91.5,deep
12/13/24 22:48,65,91.5,deep
12/13/24 22:49,63,93.4,deep
12/13/24 22:50,62,89.6,deep
12/13/24 22:51,64,89.6,deep
12/13/24 22:52,69,92.2,deep
12/13/24 22:53,70,89.4,deep
12/13/24 22:54,67,92.2,deep
12/13/24 22:55,71,89.9,deep
12/13/24 22:56,62,92.2,deep
12/13/24 22:57,67,90.1,deep
12/13/24 22:58,60,91.9,deep
12/13/24 22:59,76,89.2,deep
12/13/24 23:00,57,93.1,deep
12/13/24 23:01,59,94.6,deep
12/13/24 23:02,51,93.4,deep
12/13/24 23:03,59,92.2,deep
12/13/24 23:04,57,92.4,deep
12/13/24 23:05,58,92.8,deep
12/13/24 23:06,57,90.4,deep
12/13/24 23:07,56,92.5,deep
12/13/24 23:08,56,92.3,deep
12/13/24 23:09,56,92.3,deep
12/13/24 23:10,61,91.6,deep
12/13/24 23:11,55,92.8,deep
12/13/24 23:12,63,91.6,deep
12/13/24 23:13,57,91.5,deep
12/13/24 23:14,61,90.9,deep
12/13/24 23:15,60,90.8,deep
12/13/24 23:16,52,94.4,deep
12/13/24 23:17,52,93.3,deep
12/13/24 23:18,54,94.1,deep
12/13/24 23:19,52,95.1,deep
12/13/24 23:20,55,90.1,deep
12/13/24 23:21,57,92.3,deep
12/13/24 23:22,58,90.7,deep
12/13/24 23:23,57,92.5,deep
12/13/24 23:24,57,93.3,deep
12/13/24 23:25,60,90.6,deep
12/13/24 23:26,59,93.3,deep
12/13/24 23:27,62,92.8,deep
12/13/24 23:28,57,92.9,deep
12/13/24 23:29,49,93.6,deep
12/13/24 23:30,50,94.4,light
12/13/24 23:31,54,95.2,light
12/13/24 23:32,52,93.1,light
12/13/24 23:33,52,94.8,light
12/13/24 23:34,50,93.1,light
12/13/24 23:35,51,92.9,light
12/13/24 23:36,52,93.1,light
12/13/24 23:37,49,94,light
12/13/24 23:38,48,94.9,light
12/13/24 23:39,50,92.6,light
12/13/24 23:40,51,94.7,light
12/13/24 23:41,44,93.9,light
12/13/24 23:42,49,93.2,light
12/13/24 23:43,46,94.4,light
12/13/24 23:44,49,93.7,light
12/13/24 23:45,53,95.6,light
12/13/24 23:46,48,94.3,light
12/13/24 23:47,49,94,light
12/13/24 23:48,51,94.5,light
12/13/24 23:49,51,94.9,light
12/13/24 23:50,51,95,light
12/13/24 23:51,50,94.6,light
12/13/24 23:52,51,95,light
12/13/24 23:53,51,94.8,light
12/13/24 23:54,48,94.6,light
12/13/24 23:55,46,93.7,light
12/13/24 23:56,48,94.9,light
12/13/24 23:57,52,93.7,light
12/13/24 23:58,54,94.2,light
12/13/24 23:59,49,93.7,light
12/14/24 00:00,79,91,light
12/14/24 00:01,70,91.9,light
12/14/24 00:02,73,89.4,light
12/14/24 00:03,68,89.5,light
12/14/24 00:04,77,91.5,light
12/14/24 00:05,68,92.4,light
12/14/24 00:06,67,93.1,light
12/14/24 00:07,72,91.3,light
12/14/24 00:08,76,91.4,light
12/14/24 00:09,72,88.9,light
12/14/24 00:10,69,92.1,light
12/14/24 00:11,67,93.8,light
12/14/24 00:12,63,90.5,light
12/14/24 00:13,69,89.7,light
12/14/24 00:14,71,90.2,light
12/14/24 00:15,74,91.4,light
12/14/24 00:16,66,91.5,light
12/14/24 00:17,75,92.7,light
12/14/24 00:18,69,90.2,light
12/14/24 00:19,69,89.4,light
12/14/24 00:20,78,92.1,light
12/14/24 00:21,59,91.2,light
12/14/24 00:22,65,91.6,light
12/14/24 00:23,72,92.1,light
12/14/24 00:24,71,90.3,light
12/14/24 00:25,63,90.4,light
12/14/24 00:26,69,92.7,light
12/14/24 00:27,76,90.3,light
12/14/24 00:28,66,90.9,light
12/14/24 00:29,77,92.5,light
12/14/24 00:30,68,90.7,REM
12/14/24 00:31,62,90.5,REM
12/14/24 00:32,76,88.6,REM
12/14/24 00:33,73,91.8,REM
12/14/24 00:34,64,91.7,REM
12/14/24 00:35,69,90.6,REM
12/14/24 00:36,80,87.8,REM
12/14/24 00:37,75,92.1,REM
12/14/24 00:38,77,89.3,REM
12/14/24 00:39,66,89,REM
12/14/24 00:40,78,90.1,REM
12/14/24 00:41,64,92.4,REM
12/14/24 00:42,65,92.1,REM
12/14/24 00:43,76,90.1,REM
12/14/24 00:44,65,90.7,REM
12/14/24 00:45,79,89.2,REM
12/14/24 00:46,65,92.7,REM
12/14/24 00:47,67,88.9,REM
12/14/24 00:48,77,88.6,REM
12/14/24 00:49,68,91.1,REM
12/14/24 00:50,75,87,light
12/14/24 00:51,66,90.9,light
12/14/24 00:52,70,88.2,light
12/14/24 00:53,75,90.7,light
12/14/24 00:54,67,90.5,light
12/14/24 00:55,77,89.4,light
12/14/24 00:56,70,89,light
12/14/24 00:57,72,91,light
12/14/24 00:58,66,91.1,light
12/14/24 00:59,68,92.3,light
12/14/24 01:00,61,92.6,light
12/14/24 01:01,62,90.9,light
12/14/24 01:02,71,89,light
12/14/24 01:03,69,90.7,light
12/14/24 01:04,66,94.4,light
12/14/24 01:05,62,90.5,light
12/14/24 01:06,61,91,light
12/14/24 01:07,61,91.5,light
12/14/24 01:08,63,91.9,light
12/14/24 01:09,66,91.3,light
12/14/24 01:10,67,93.3,light
12/14/24 01:11,65,91.5,light
12/14/24 01:12,67,91,light
12/14/24 01:13,68,92.3,light
12/14/24 01:14,63,90.1,light
12/14/24 01:15,69,91.8,light
12/14/24 01:16,61,90.8,light
12/14/24 01:17,67,92.7,light
12/14/24 01:18,65,92.8,light
12/14/24 01:19,65,91,light
12/14/24 01:20,63,90.2,light
12/14/24 01:21,69,89,light
12/14/24 01:22,62,91.5,light
12/14/24 01:23,70,86.8,light
12/14/24 01:24,70,89.9,light
12/14/24 01:25,66,90.5,light
12/14/24 01:26,63,91.9,light
12/14/24 01:27,61,91.2,light
12/14/24 01:28,57,92,light
12/14/24 01:29,67,92.2,light
12/14/24 01:30,60,89.9,light
12/14/24 01:31,61,91.9,light
12/14/24 01:32,67,93.7,light
12/14/24 01:33,63,92.4,light
12/14/24 01:34,65,90.7,light
12/14/24 01:35,66,90,light
12/14/24 01:36,71,91.4,light
12/14/24 01:37,65,89.7,light
12/14/24 01:38,62,91.2,light
12/14/24 01:39,64,92.1,light
12/14/24 01:40,62,90,light
12/14/24 01:41,72,88.4,light
12/14/24 01:42,66,89.6,light
12/14/24 01:43,67,93.1,light
12/14/24 01:44,70,92.5,light
12/14/24 01:45,61,93.2,light
12/14/24 01:46,59,94.1,light
12/14/24 01:47,64,90.4,light
12/14/24 01:48,59,90.9,light
12/14/24 01:49,63,93.2,light
12/14/24 01:50,56,93.3,light
12/14/24 01:51,59,93.3,light
12/14/24 01:52,69,90,light
12/14/24 01:53,66,91.3,light
12/14/24 01:54,72,90.2,light
12/14/24 01:55,64,91.1,light
12/14/24 01:56,64,90.2,light
12/14/24 01:57,65,88.9,light
12/14/24 01:58,79,88.9,light
12/14/24 01:59,69,87.8,light
12/14/24 02:00,54,93.7,light
12/14/24 02:01,58,91.9,light
12/14/24 02:02,57,91.4,light
12/14/24 02:03,59,92.9,light
12/14/24 02:04,62,90.8,light
12/14/24 02:05,58,92.3,light
12/14/24 02:06,55,93.8,light
12/14/24 02:07,62,90.8,light
12/14/24 02:08,53,94.3,light
12/14/24 02:09,56,91.5,light
12/14/24 02:10,59,92.7,light
12/14/24 02:11,54,93.9,light
12/14/24 02:12,56,92.6,light
12/14/24 02:13,54,93.1,light
12/14/24 02:14,56,91.5,light
12/14/24 02:15,54,93.8,light
12/14/24 02:16,57,93.7,light
12/14/24 02:17,56,91.2,light
12/14/24 02:18,60,93.2,light
12/14/24 02:19,58,91.9,light
12/14/24 02:20,59,92.6,wake
12/14/24 02:21,57,93.4,wake
12/14/24 02:22,55,92.2,wake
12/14/24 02:23,58,92.3,wake
12/14/24 02:24,57,93.8,wake
12/14/24 02:25,49,94.8,wake
12/14/24 02:26,57,93.1,wake
12/14/24 02:27,59,92.4,wake
12/14/24 02:28,54,93.9,wake
12/14/24 02:29,59,91.5,wake
12/14/24 02:30,50,93.8,light
12/14/24 02:31,49,94,light
12/14/24 02:32,51,94,light
12/14/24 02:33,49,94.2,light
12/14/24 02:34,50,94.8,light
12/14/24 02:35,49,92.9,light
12/14/24 02:36,51,93.6,light
12/14/24 02:37,52,94.8,light
12/14/24 02:38,49,95.7,light
12/14/24 02:39,51,93.2,light
12/14/24 02:40,49,93.6,light
12/14/24 02:41,49,93.1,light
12/14/24 02:42,49,92.6,light
12/14/24 02:43,46,94.2,light
12/14/24 02:44,51,94.4,light
12/14/24 02:45,50,93.8,light
12/14/24 02:46,50,93.8,light
12/14/24 02:47,53,93.9,light
12/14/24 02:48,53,93.6,light
12/14/24 02:49,52,94,light
12/14/24 02:50,49,95,light
12/14/24 02:51,49,93.4,light
12/14/24 02:52,47,93.8,light
12/14/24 02:53,50,93.9,light
12/14/24 02:54,50,93.6,light
12/14/24 02:55,51,94,light
12/14/24 02:56,47,92.3,light
12/14/24 02:57,49,94.4,light
12/14/24 02:58,46,93.3,light
12/14/24 02:59,48,93.4,light
12/14/24 03:00,76,89.7,light
12/14/24 03:01,66,89.5,light
12/14/24 03:02,80,92,light
12/14/24 03:03,77,88.8,light
12/14/24 03:04,74,93.9,light
12/14/24 03:05,78,90.9,light
12/14/24 03:06,71,89.1,light
12/14/24 03:07,68,90.8,light
12/14/24 03:08,71,90.2,light
12/14/24 03:09,63,93.2,light
12/14/24 03:10,77,91.4,light
12/14/24 03:11,70,91.3,light
12/14/24 03:12,68,90.8,light
12/14/24 03:13,68,90.5,light
12/14/24 03:14,72,91,light
12/14/24 03:15,72,92,light
12/14/24 03:16,71,89.8,light
12/14/24 03:17,71,89,light
12/14/24 03:18,74,88.5,light
12/14/24 03:19,66,89.2,light
12/14/24 03:20,73,89.3,light
12/14/24 03:21,70,89.6,light
12/14/24 03:22,62,91.2,light
12/14/24 03:23,66,91.8,light
12/14/24 03:24,68,90.6,light
12/14/24 03:25,80,92.7,light
12/14/24 03:26,74,88.3,light
12/14/24 03:27,73,91,light
12/14/24 03:28,69,89.7,light
12/14/24 03:29,69,90.2,light
12/14/24 03:30,66,91.5,light
12/14/24 03:31,70,91.6,light
12/14/24 03:32,78,89.6,light
12/14/24 03:33,65,91.3,light
12/14/24 03:34,69,92.7,light
12/14/24 03:35,76,88.2,light
12/14/24 03:36,76,91.2,light
12/14/24 03:37,68,90.4,light
12/14/24 03:38,77,90.4,light
12/14/24 03:39,69,91.8,light
12/14/24 03:40,66,89.8,light
12/14/24 03:41,79,88.9,light
12/14/24 03:42,72,91,light
12/14/24 03:43,71,89.6,light
12/14/24 03:44,72,88.9,light
12/14/24 03:45,67,91.4,light
12/14/24 03:46,69,89.9,light
12/14/24 03:47,79,88.2,light
12/14/24 03:48,81,86.4,light
12/14/24 03:49,66,91.6,light
12/14/24 03:50,70,90,light
12/14/24 03:51,72,90.8,light
12/14/24 03:52,73,91.8,light
12/14/24 03:53,67,90.9,light
12/14/24 03:54,75,89.9,light
12/14/24 03:55,75,90.5,light
12/14/24 03:56,76,89.1,light
12/14/24 03:57,75,87.8,light
12/14/24 03:58,72,88.3,light
12/14/24 03:59,76,89.9,light
12/14/24 04:00,67,92.4,deep
12/14/24 04:01,59,93.9,deep
12/14/24 04:02,59,92.2,deep
12/14/24 04:03,66,91.4,deep
12/14/24 04:04,70,92.8,deep
12/14/24 04:05,66,91.8,deep
12/14/24 04:06,67,91.4,deep
12/14/24 04:07,60,91.5,deep
12/14/24 04:08,65,91.9,deep
12/14/24 04:09,69,89.7,deep
12/14/24 04:10,66,92.1,deep
12/14/24 04:11,65,91.7,deep
12/14/24 04:12,67,92.5,deep
12/14/24 04:13,65,91.8,deep
12/14/24 04:14,69,92.4,deep
12/14/24 04:15,65,90.1,deep
12/14/24 04:16,64,90.5,deep
12/14/24 04:17,60,91.4,deep
12/14/24 04:18,69,90.3,deep
12/14/24 04:19,61,92.2,deep
12/14/24 04:20,65,89.5,deep
12/14/24 04:21,68,91,deep
12/14/24 04:22,72,89.2,deep
12/14/24 04:23,65,90.3,deep
12/14/24 04:24,70,87.9,deep
12/14/24 04:25,65,91.3,deep
12/14/24 04:26,62,91.1,deep
12/14/24 04:27,76,92.9,deep
12/14/24 04:28,60,94.2,deep
12/14/24 04:29,76,88.4,deep
12/14/24 04:30,71,87.1,deep
12/14/24 04:31,62,89.8,deep
12/14/24 04:32,67,91.1,deep
12/14/24 04:33,59,93.5,deep
12/14/24 04:34,67,90.6,deep
12/14/24 04:35,66,91.9,deep
12/14/24 04:36,68,90.2,deep
12/14/24 04:37,63,90.6,deep
12/14/24 04:38,65,91.4,deep
12/14/24 04:39,66,91.2,deep
12/14/24 04:40,63,91.2,deep
12/14/24 04:41,70,88.4,deep
12/14/24 04:42,65,92.7,deep
12/14/24 04:43,66,92.7,deep
12/14/24 04:44,61,92.7,deep
12/14/24 04:45,58,91.9,deep
12/14/24 04:46,59,92.6,deep
12/14/24 04:47,67,90.6,deep
12/14/24 04:48,61,90,deep
12/14/24 04:49,67,91.5,deep
12/14/24 04:50,71,86.8,deep
12/14/24 04:51,68,92.2,deep
12/14/24 04:52,66,89.8,deep
12/14/24 04:53,67,90.8,deep
12/14/24 04:54,69,88.5,deep
12/14/24 04:55,66,93.4,deep
12/14/24 04:56,67,92,deep
12/14/24 04:57,62,91.3,deep
12/14/24 04:58,61,90.4,deep
12/14/24 04:59,62,89.9,deep
12/14/24 05:00,56,92.3,light
12/14/24 05:01,55,92.8,light
12/14/24 05:02,60,90.9,light
12/14/24 05:03,48,94.4,light
12/14/24 05:04,56,94.2,light
12/14/24 05:05,59,91.5,light
12/14/24 05:06,59,92.7,light
12/14/24 05:07,54,95.2,light
12/14/24 05:08,62,90.8,light
12/14/24 05:09,52,93.9,light
12/14/24 05:10,55,92.9,light
12/14/24 05:11,56,93.1,light
12/14/24 05:12,56,93.4,light
12/14/24 05:13,61,91.3,light
12/14/24 05:14,57,91.8,light
12/14/24 05:15,57,93,light
12/14/24 05:16,59,91.6,light
12/14/24 05:17,55,92.8,light
12/14/24 05:18,56,92.6,light
12/14/24 05:19,62,91.3,light
12/14/24 05:20,58,92.4,light
12/14/24 05:21,53,94.7,light
12/14/24 05:22,54,94.4,light
12/14/24 05:23,59,93.1,light
12/14/24 05:24,53,93.7,light
12/14/24 05:25,55,91,light
12/14/24 05:26,57,92.1,light
12/14/24 05:27,57,92.9,light
12/14/24 05:28,61,91.2,light
12/14/24 05:29,49,93.7,light
12/14/24 05:30,50,94.2,light
12/14/24 05:31,49,93.8,light
12/14/24 05:32,52,94,light
12/14/24 05:33,49,92.6,light
12/14/24 05:34,49,94.5,light
12/14/24 05:35,49,94.4,light
12/14/24 05:36,48,95.5,light
12/14/24 05:37,48,93.5,light
12/14/24 05:38,49,93.6,light
12/14/24 05:39,53,94.1,light
12/14/24 05:40,49,94,light
12/14/24 05:41,48,95.1,light
12/14/24 05:42,49,93.7,light
12/14/24 05:43,50,93.9,light
12/14/24 05:44,53,93.6,light
12/14/24 22:15,79,91.6,light
12/14/24 22:16,86,90.6,light
12/14/24 22:17,68,90,light
12/14/24 22:18,77,91.3,light
12/14/24 22:19,70,91.7,light
12/14/24 22:20,68,90.8,light
12/14/24 22:21,64,89.9,light
12/14/24 22:22,82,90.6,light
12/14/24 22:23,77,91.6,light
12/14/24 22:24,70,89,light
12/14/24 22:25,75,90.8,light
12/14/24 22:26,62,90.1,light
12/14/24 22:27,71,88.3,light
12/14/24 22:28,68,91.4,light
12/14/24 22:29,79,88.8,light
12/14/24 22:30,79,90.6,light
12/14/24 22:31,76,87.6,light
12/14/24 22:32,76,88.7,light
12/14/24 22:33,68,92.4,light
12/14/24 22:34,75,91,light
12/14/24 22:35,65,91.7,light
12/14/24 22:36,64,90.7,light
12/14/24 22:37,71,90,light
12/14/24 22:38,74,89.7,light
12/14/24 22:39,74,93.5,light
12/14/24 22:40,65,91.6,light
12/14/24 22:41,64,90.3,light
12/14/24 22:42,69,91.1,light
12/14/24 22:43,67,89.2,light
12/14/24 22:44,75,87.1,light
12/14/24 22:45,66,93,light
12/14/24 22:46,81,90.4,light
12/14/24 22:47,73,89.3,light
12/14/24 22:48,71,90,light
12/14/24 22:49,66,91.1,light
12/14/24 22:50,65,91.3,light
12/14/24 22:51,70,91.7,light
12/14/24 22:52,69,91.8,light
12/14/24 22:53,63,90.7,light
12/14/24 22:54,78,87.4,light
12/14/24 22:55,66,90,light
12/14/24 22:56,73,91.1,light
12/14/24 22:57,74,92.3,light
12/14/24 22:58,63,90.1,light
12/14/24 22:59,70,88.5,light
12/14/24 23:00,64,90.7,light
12/14/24 23:01,74,92.7,light
12/14/24 23:02,72,90.2,light
12/14/24 23:03,71,88.9,light
12/14/24 23:04,67,90.8,light
12/14/24 23:05,77,89.2,light
12/14/24 23:06,70,91.1,light
12/14/24 23:07,64,93.5,light
12/14/24 23:08,67,91.4,light
12/14/24 23:09,61,92.5,light
12/14/24 23:10,68,89.6,light
12/14/24 23:11,67,94,light
12/14/24 23:12,75,88,light
12/14/24 23:13,74,91.8,light
12/14/24 23:14,73,90.5,light
12/14/24 23:15,68,89.7,light
12/14/24 23:16,60,92.2,light
12/14/24 23:17,66,91.2,light
12/14/24 23:18,59,91.7,light
12/14/24 23:19,63,91.2,light
12/14/24 23:20,66,89.2,light
12/14/24 23:21,62,90.6,light
12/14/24 23:22,71,88.6,light
12/14/24 23:23,63,91,light
12/14/24 23:24,68,89.1,light
12/14/24 23:25,63,89.1,light
12/14/24 23:26,65,90.2,light
12/14/24 23:27,63,91.2,light
12/14/24 23:28,65,90,light
12/14/24 23:29,71,90.7,light
12/14/24 23:30,71,91.1,light
12/14/24 23:31,63,90.2,light
12/14/24 23:32,64,92.9,light
12/14/24 23:33,65,90.8,light
12/14/24 23:34,67,93.4,light
12/14/24 23:35,72,89.6,light
12/14/24 23:36,70,88.3,light
12/14/24 23:37,63,92.7,light
12/14/24 23:38,66,90,light
12/14/24 23:39,65,92.6,light
12/14/24 23:40,62,91.3,light
12/14/24 23:41,69,90.5,light
12/14/24 23:42,54,93.5,light
12/14/24 23:43,69,91.1,light
12/14/24 23:44,66,92,light
12/14/24 23:45,57,92.5,deep
12/14/24 23:46,60,93,deep
12/14/24 23:47,56,91.4,deep
12/14/24 23:48,71,89.9,deep
12/14/24 23:49,61,92.5,deep
12/14/24 23:50,68,89.8,deep
12/14/24 23:51,68,92.4,deep
12/14/24 23:52,64,91.2,deep
12/14/24 23:53,62,91.3,deep
12/14/24 23:54,67,90.8,deep
12/14/24 23:55,65,89.7,deep
12/14/24 23:56,68,91.1,deep
12/14/24 23:57,60,90.5,deep
12/14/24 23:58,69,93,deep
12/14/24 23:59,70,90.8,deep
12/15/24 00:00,63,91.2,deep
12/15/24 00:01,61,92.8,deep
12/15/24 00:02,63,91.1,deep
12/15/24 00:03,62,92,deep
12/15/24 00:04,64,92.6,deep
12/15/24 00:05,62,90.9,deep
12/15/24 00:06,66,91.7,deep
12/15/24 00:07,67,90.7,deep
12/15/24 00:08,63,92.6,deep
12/15/24 00:09,57,92.5,deep
12/15/24 00:10,66,92.8,deep
12/15/24 00:11,59,92.7,deep
12/15/24 00:12,65,94.3,deep
12/15/24 00:13,65,90.4,deep
12/15/24 00:14,63,92.2,deep
12/15/24 00:15,58,92.5,deep
12/15/24 00:16,58,92.3,deep
12/15/24 00:17,58,90.8,deep
12/15/24 00:18,59,92.6,deep
12/15/24 00:19,55,91.6,deep
12/15/24 00:20,55,92.2,deep
12/15/24 00:21,60,90.1,deep
12/15/24 00:22,58,91.8,deep
12/15/24 00:23,55,91.5,deep
12/15/24 00:24,50,93.3,deep
12/15/24 00:25,58,91.1,deep
12/15/24 00:26,58,92.8,deep
12/15/24 00:27,53,94,deep
12/15/24 00:28,54,94.5,deep
12/15/24 00:29,55,92.1,deep
12/15/24 00:30,58,91.9,deep
12/15/24 00:31,64,91.1,deep
12/15/24 00:32,60,92,deep
12/15/24 00:33,52,94.2,deep
12/15/24 00:34,55,92.5,deep
12/15/24 00:35,56,93.1,deep
12/15/24 00:36,58,92.5,deep
12/15/24 00:37,54,93.6,deep
12/15/24 00:38,58,93.3,deep
12/15/24 00:39,55,91.4,deep
12/15/24 00:40,58,91.2,deep
12/15/24 00:41,57,92.5,deep
12/15/24 00:42,63,91.3,deep
12/15/24 00:43,59,92.7,deep
12/15/24 00:44,60,90.8,deep
12/15/24 00:45,47,94.9,light
12/15/24 00:46,48,93,light
12/15/24 00:47,50,94.1,light
12/15/24 00:48,47,94.5,light
12/15/24 00:49,52,95,light
12/15/24 00:50,50,94.9,light
12/15/24 00:51,52,93.2,light
12/15/24 00:52,50,94.3,light
12/15/24 00:53,50,93.9,light
12/15/24 00:54,49,94,light
12/15/24 00:55,48,94.8,light
12/15/24 00:56,48,95.3,light
12/15/24 00:57,51,94.2,light
12/15/24 00:58,51,92.6,light
12/15/24 00:59,52,92.8,light
12/15/24 01:00,48,94,light
12/15/24 01:01,52,94.7,light
12/15/24 01:02,49,93.5,light
12/15/24 01:03,51,93.9,light
12/15/24 01:04,52,95.1,light
12/15/24 01:05,54,93.7,light
12/15/24 01:06,52,95.2,light
12/15/24 01:07,50,93.7,light
12/15/24 01:08,51,94.6,light
12/15/24 01:09,52,94.1,light
12/15/24 01:10,51,94.5,light
12/15/24 01:11,49,95.4,light
12/15/24 01:12,51,94.3,light
12/15/24 01:13,52,94.9,light
12/15/24 01:14,53,93.4,light
12/15/24 01:15,72,88.6,light
12/15/24 01:16,66,89.2,light
12/15/24 01:17,63,89.9,light
12/15/24 01:18,75,92.3,light
12/15/24 01:19,64,91.6,light
12/15/24 01:20,73,89.6,light
12/15/24 01:21,77,90.3,light
12/15/24 01:22,71,91,light
12/15/24 01:23,64,92.1,light
12/15/24 01:24,65,91.5,light
12/15/24 01:25,67,92.9,light
12/15/24 01:26,71,88.5,light
12/15/24 01:27,78,89.5,light
12/15/24 01:28,72,91.8,light
12/15/24 01:29,82,91.4,light
12/15/24 01:30,77,90.6,light
12/15/24 01:31,73,89.2,light
12/15/24 01:32,71,91.2,light
12/15/24 01:33,69,90.1,light
12/15/24 01:34,72,91.8,light
12/15/24 01:35,74,92.3,light
12/15/24 01:36,73,89.1,light
12/15/24 01:37,69,94.3,light
12/15/24 01:38,66,90,light
12/15/24 01:39,81,89.7,light
12/15/24 01:40,75,89.7,light
12/15/24 01:41,73,89.8,light
12/15/24 01:42,74,92.1,light
12/15/24 01:43,77,90.7,light
12/15/24 01:44,69,90.2,light
12/15/24 01:45,71,90.2,REM
12/15/24 01:46,68,92,REM
12/15/24 01:47,71,90.8,REM
12/15/24 01:48,68,92.7,REM
12/15/24 01:49,66,91.3,REM
12/15/24 01:50,63,92.2,REM
12/15/24 01:51,80,89.8,REM
12/15/24 01:52,70,89,REM
12/15/24 01:53,74,88.3,REM
12/15/24 01:54,72,92.3,REM
12/15/24 01:55,74,87.7,REM
12/15/24 01:56,61,91.5,REM
12/15/24 01:57,69,91.7,REM
12/15/24 01:58,77,88.5,REM
12/15/24 01:59,81,91.4,REM
12/15/24 02:00,70,88,REM
12/15/24 02:01,70,89.1,REM
12/15/24 02:02,77,91.4,REM
12/15/24 02:03,74,88,REM
12/15/24 02:04,72,91.2,REM
12/15/24 02:05,71,91.7,light
12/15/24 02:06,69,92.5,light
12/15/24 02:07,68,91.6,light
12/15/24 02:08,72,88.7,light
12/15/24 02:09,73,88.5,light
12/15/24 02:10,73,89.2,light
12/15/24 02:11,68,87.5,light
12/15/24 02:12,78,90,light
12/15/24 02:13,63,91.1,light
12/15/24 02:14,74,90.1,light
12/15/24 02:15,62,90.9,light
12/15/24 02:16,61,91.4,light
12/15/24 02:17,63,91.3,light
12/15/24 02:18,58,91.2,light
12/15/24 02:19,66,91.5,light
12/15/24 02:20,71,90,light
12/15/24 02:21,62,89.1,light
12/15/24 02:22,74,91.3,light
12/15/24 02:23,61,90.8,light
12/15/24 02:24,63,92,light
12/15/24 02:25,70,89.9,light
12/15/24 02:26,60,89.1,light
12/15/24 02:27,64,91.5,light
12/15/24 02:28,71,90.7,light
12/15/24 02:29,60,92.6,light
12/15/24 02:30,67,92.3,light
12/15/24 02:31,67,92.6,light
12/15/24 02:32,57,93.2,light
12/15/24 02:33,62,90.6,light
12/15/24 02:34,74,89.3,light
12/15/24 02:35,65,92.4,light
12/15/24 02:36,66,90.7,light
12/15/24 02:37,65,91.8,light
12/15/24 02:38,73,92.6,light
12/15/24 02:39,61,90.5,light
12/15/24 02:40,62,92.1,light
12/15/24 02:41,64,90.2,light
12/15/24 02:42,67,91.9,light
12/15/24 02:43,65,93.1,light
12/15/24 02:44,65,92.8,light
12/15/24 02:45,62,90.7,light
12/15/24 02:46,67,93.1,light
12/15/24 02:47,57,92.3,light
12/15/24 02:48,62,93.9,light
12/15/24 02:49,61,91.2,light
12/15/24 02:50,60,92,light
12/15/24 02:51,57,93.1,light
12/15/24 02:52,65,89.9,light
12/15/24 02:53,66,92.9,light
12/15/24 02:54,66,91.5,light
12/15/24 02:55,68,90.5,light
12/15/24 02:56,69,90.3,light
12/15/24 02:57,56,92,light
12/15/24 02:58,67,91.1,light
12/15/24 02:59,65,89.9,light
12/15/24 03:00,65,90.2,light
12/15/24 03:01,64,89.1,light
12/15/24 03:02,62,90.2,light
12/15/24 03:03,67,92.8,light
12/15/24 03:04,61,92.6,light
12/15/24 03:05,69,91.5,light
12/15/24 03:06,63,93.7,light
12/15/24 03:07,56,93.6,light
12/15/24 03:08,65,91.7,light
12/15/24 03:09,60,91.9,light
12/15/24 03:10,60,91.3,light
12/15/24 03:11,67,89.7,light
12/15/24 03:12,68,90.9,light
12/15/24 03:13,64,88.1,light
12/15/24 03:14,56,91.5,light
12/15/24 03:15,58,93.7,light
12/15/24 03:16,56,92.6,light
12/15/24 03:17,61,89.9,light
12/15/24 03:18,62,91.8,light
12/15/24 03:19,52,94.4,light
12/15/24 03:20,64,93.1,light
12/15/24 03:21,52,95.2,light
12/15/24 03:22,55,93.2,light
12/15/24 03:23,60,89.4,light
12/15/24 03:24,54,95.6,light
12/15/24 03:25,54,94.9,light
12/15/24 03:26,51,94.6,light
12/15/24 03:27,52,94,light
12/15/24 03:28,54,92.9,light
12/15/24 03:29,59,92,light
12/15/24 03:30,62,91.1,light
12/15/24 03:31,54,93.7,light
12/15/24 03:32,55,93.5,light
12/15/24 03:33,54,93.9,light
12/15/24 03:34,52,93.5,light
12/15/24 03:35,52,94.4,wake
12/15/24 03:36,53,93.4,wake
12/15/24 03:37,56,91,wake
12/15/24 03:38,55,93,wake
12/15/24 03:39,55,92.4,wake
12/15/24 03:40,58,92.6,wake
12/15/24 03:41,56,93.7,wake
12/15/24 03:42,53,94.2,wake
12/15/24 03:43,59,93,wake
12/15/24 03:44,50,94,wake
12/15/24 03:45,48,94.6,light
12/15/24 03:46,53,92.5,light
12/15/24 03:47,50,93.5,light
12/15/24 03:48,46,93.7,light
12/15/24 03:49,46,93.7,light
12/15/24 03:50,49,93.4,light
12/15/24 03:51,49,93.9,light
12/15/24 03:52,51,93.9,light
12/15/24 03:53,52,93.9,light
12/15/24 03:54,48,94.1,light
12/15/24 03:55,49,94.3,light
12/15/24 03:56,47,93.5,light
12/15/24 03:57,49,93.6,light
12/15/24 03:58,47,94.6,light
12/15/24 03:59,50,93.3,light
12/15/24 04:00,48,93.4,light
12/15/24 04:01,51,93.5,light
12/15/24 04:02,52,93.9,light
12/15/24 04:03,52,94.7,light
12/15/24 04:04,50,94.4,light
12/15/24 04:05,51,93.4,light
12/15/24 04:06,49,95.3,light
12/15/24 04:07,48,93.5,light
12/15/24 04:08,47,92.9,light
12/15/24 04:09,50,95.3,light
12/15/24 04:10,45,93.4,light
12/15/24 04:11,51,93.9,light
12/15/24 04:12,49,93.9,light
12/15/24 04:13,49,94.4,light
12/15/24 04:14,51,92.7,light
12/15/24 04:15,62,90.8,light
12/15/24 04:16,70,89.4,light
12/15/24 04:17,79,92.1,light
12/15/24 04:18,70,89.2,light
12/15/24 04:19,65,90.8,light
12/15/24 04:20,70,91.1,light
12/15/24 04:21,78,90.8,light
12/15/24 04:22,68,90.3,light
12/15/24 04:23,64,91.7,light
12/15/24 04:24,69,90.3,light
12/15/24 04:25,64,92.2,light
12/15/24 04:26,60,91,light
12/15/24 04:27,75,88.1,light
12/15/24 04:28,77,86.8,light
12/15/24 04:29,74,89.4,light
12/15/24 04:30,76,88.8,light
12/15/24 04:31,69,90.9,light
12/15/24 04:32,78,89.9,light
12/15/24 04:33,68,88.9,light
12/15/24 04:34,72,88.9,light
12/15/24 04:35,67,91,light
12/15/24 04:36,64,91.3,light
12/15/24 04:37,68,92.2,light
12/15/24 04:38,83,91.5,light
12/15/24 04:39,79,89.6,light
12/15/24 04:40,75,89.8,light
12/15/24 04:41,69,90.6,light
12/15/24 04:42,69,92,light
12/15/24 04:43,80,89.4,light
12/15/24 04:44,72,88.5,light
12/15/24 04:45,75,87.5,light
12/15/24 04:46,69,90.1,light
12/15/24 04:47,70,89.6,light
12/15/24 04:48,75,91.5,light
12/15/24 04:49,68,91.3,light
12/15/24 04:50,73,90.2,light
12/15/24 04:51,68,91.2,light
12/15/24 04:52,74,91.9,light
12/15/24 04:53,68,91.8,light
12/15/24 04:54,80,90,light
12/15/24 04:55,71,89.1,light
12/15/24 04:56,75,88.1,light
12/15/24 04:57,71,92.5,light
12/15/24 04:58,69,92.2,light
12/15/24 04:59,74,89.7,light
12/15/24 05:00,77,92.7,light
12/15/24 05:01,64,91.2,light
12/15/24 05:02,72,88.8,light
12/15/24 05:03,71,91.8,light
12/15/24 05:04,73,88.1,light
12/15/24 05:05,78,89.4,light
12/15/24 05:06,76,88.2,light
12/15/24 05:07,77,88.8,light
12/15/24 05:08,73,90.3,light
12/15/24 05:09,69,91.6,light
12/15/24 05:10,59,91.5,light
12/15/24 05:11,79,92.7,light
12/15/24 05:12,59,90.6,light
12/15/24 05:13,79,90.2,light
12/15/24 05:14,75,90.2,light
12/15/24 05:15,72,90.4,deep
12/15/24 05:16,66,92.3,deep
12/15/24 05:17,67,87.5,deep
12/15/24 05:18,64,90.3,deep
12/15/24 05:19,65,91.4,deep
12/15/24 05:20,62,93.2,deep
12/15/24 05:21,64,90.5,deep
12/15/24 05:22,61,91,deep
12/15/24 05:23,65,92.1,deep
12/15/24 05:24,64,89.7,deep
12/15/24 05:25,64,91.2,deep
12/15/24 05:26,64,91.1,deep
12/15/24 05:27,62,90.5,deep
12/15/24 05:28,67,91.8,deep
12/15/24 05:29,66,93.8,deep
12/15/24 05:30,66,91.4,deep
12/15/24 05:31,61,88.5,deep
12/15/24 05:32,67,90.2,deep
12/15/24 05:33,61,93,deep
12/15/24 05:34,62,90.9,deep
12/15/24 05:35,65,89.8,deep
12/15/24 05:36,69,92.1,deep
12/15/24 05:37,60,90.4,deep
12/15/24 05:38,61,91.2,deep
12/15/24 05:39,57,91.5,deep
12/15/24 05:40,67,90.7,deep
12/15/24 05:41,63,91.2,deep
12/15/24 05:42,66,91.1,deep
12/15/24 05:43,66,91.6,deep
12/15/24 05:44,68,91.4,deep
12/15/24 05:45,65,90,deep
12/15/24 05:46,62,93.2,deep
12/15/24 05:47,65,91,deep
12/15/24 05:48,66,89.6,deep
12/15/24 05:49,63,88.5,deep
12/15/24 05:50,65,91.3,deep
12/15/24 05:51,59,91.7,deep
12/15/24 05:52,59,93,deep
12/15/24 05:53,58,92.5,deep
12/15/24 05:54,66,95.9,deep
12/15/24 05:55,67,89.7,deep
12/15/24 05:56,59,93.5,deep
12/15/24 05:57,65,89.9,deep
12/15/24 05:58,66,92.2,deep
12/15/24 05:59,63,92.9,deep
12/15/24 06:00,71,89.5,deep
12/15/24 06:01,59,91.8,deep
12/15/24 06:02,63,91,deep
12/15/24 06:03,53,93.5,deep
12/15/24 06:04,66,93.1,deep
12/15/24 06:05,62,91,deep
12/15/24 06:06,57,92.9,deep
12/15/24 06:07,67,91.8,deep
12/15/24 06:08,64,92.3,deep
12/15/24 06:09,63,90.7,deep
12/15/24 06:10,69,92.1,deep
12/15/24 06:11,61,92.8,deep
12/15/24 06:12,67,91,deep
12/15/24 06:13,68,89.6,deep
12/15/24 06:14,62,92.8,deep
12/15/24 06:15,57,92.7,light
12/15/24 06:16,62,91.2,light
12/15/24 06:17,53,94.5,light
12/15/24 06:18,58,93.8,light
12/15/24 06:19,57,92.3,light
12/15/24 06:20,60,92.7,light
12/15/24 06:21,56,92.6,light
12/15/24 06:22,59,93.1,light
12/15/24 06:23,52,93.6,light
12/15/24 06:24,50,93.8,light
12/15/24 06:25,53,94.8,light
12/15/24 06:26,55,90.7,light
12/15/24 06:27,55,93.1,light
12/15/24 06:28,60,91.7,light
12/15/24 06:29,55,94,light
12/15/24 06:30,57,93.4,light
12/15/24 06:31,57,92.7,light
12/15/24 06:32,55,91.4,light
12/15/24 06:33,56,92,light
12/15/24 06:34,60,90.9,light
12/15/24 06:35,57,93.8,light
12/15/24 06:36,58,93.2,light
12/15/24 06:37,57,91.8,light
12/15/24 06:38,61,91.7,light
12/15/24 06:39,53,93.7,light
12/15/24 06:40,64,90.4,light
12/15/24 06:41,59,93.1,light
12/15/24 06:42,60,91,light
12/15/24 06:43,60,89.8,light
12/15/24 06:44,60,92.2,light
12/15/24 06:45,47,94.1,light
12/15/24 06:46,47,93.7,light
12/15/24 06:47,51,95,light
12/15/24 06:48,51,94.7,light
12/15/24 06:49,51,94.1,light
12/15/24 06:50,50,92.8,light
12/15/24 06:51,47,94.8,light
12/15/24 06:52,49,93.7,light
12/15/24 06:53,51,93.9,light
12/15/24 06:54,49,93.8,light
12/15/24 06:55,49,93.1,light
12/15/24 06:56,50,94.3,light
12/15/24 06:57,48,93.4,light
12/15/24 06:58,48,94.3,light
12/15/24 06:59,54,93.3,light
12/15/24 07:00,53,93.7,light
12/15/24 21:30,73,92.9,light
12/15/24 21:31,72,88.1,light
12/15/24 21:32,75,90.1,light
12/15/24 21:33,75,88.7,light
12/15/24 21:34,78,93.5,light
12/15/24 21:35,71,90.4,light
12/15/24 21:36,78,88.6,light
12/15/24 21:37,70,87.5,light
12/15/24 21:38,75,90.9,light
12/15/24 21:39,77,90.3,light
12/15/24 21:40,77,91,light
12/15/24 21:41,64,90,light
12/15/24 21:42,56,94.2,light
12/15/24 21:43,74,90.1,light
12/15/24 21:44,72,90.6,light
12/15/24 21:45,73,90.9,light
12/15/24 21:46,72,90.2,light
12/15/24 21:47,70,92,light
12/15/24 21:48,74,89.2,light
12/15/24 21:49,73,91.5,light
12/15/24 21:50,71,92,light
12/15/24 21:51,72,91.6,light
12/15/24 21:52,75,92.2,light
12/15/24 21:53,69,90.3,light
12/15/24 21:54,66,91.8,light
12/15/24 21:55,66,91.7,light
12/15/24 21:56,69,91.3,light
12/15/24 21:57,79,90.9,light
12/15/24 21:58,72,91.8,light
12/15/24 21:59,68,90.3,light
12/15/24 22:00,73,88.2,light
12/15/24 22:01,66,91,light
12/15/24 22:02,71,86.3,light
12/15/24 22:03,69,91.1,light
12/15/24 22:04,65,92.9,light
12/15/24 22:05,77,87.9,light
12/15/24 22:06,70,89.4,light
12/15/24 22:07,71,88.3,light
12/15/24 22:08,75,90.6,light
12/15/24 22:09,73,91,light
12/15/24 22:10,72,90,light
12/15/24 22:11,70,89,light
12/15/24 22:12,75,90.3,light
12/15/24 22:13,71,91.9,light
12/15/24 22:14,72,91.3,light
12/15/24 22:15,77,89.4,light
12/15/24 22:16,77,89.5,light
12/15/24 22:17,73,89.5,light
12/15/24 22:18,72,90.7,light
12/15/24 22:19,75,87.9,light
12/15/24 22:20,70,90.8,light
12/15/24 22:21,70,89.2,light
12/15/24 22:22,71,89.6,light
12/15/24 22:23,66,90.3,light
12/15/24 22:24,83,91.1,light
12/15/24 22:25,70,89.1,light
12/15/24 22:26,74,88.6,light
12/15/24 22:27,71,89.1,light
12/15/24 22:28,75,88.4,light
12/15/24 22:29,70,91.3,light
12/15/24 22:30,65,89.9,light
12/15/24 22:31,61,91.1,light
12/15/24 22:32,69,90.4,light
12/15/24 22:33,67,93.1,light
12/15/24 22:34,59,92.9,light
12/15/24 22:35,65,90.4,light
12/15/24 22:36,59,92.7,light
12/15/24 22:37,61,90.1,light
12/15/24 22:38,68,92,light
12/15/24 22:39,55,92.7,light
12/15/24 22:40,69,91.7,light
12/15/24 22:41,66,90.1,light
12/15/24 22:42,64,89.5,light
12/15/24 22:43,68,89.2,light
12/15/24 22:44,75,87.6,light
12/15/24 22:45,59,92.5,light
12/15/24 22:46,71,92.9,light
12/15/24 22:47,68,90.7,light
12/15/24 22:48,62,90.5,light
12/15/24 22:49,67,91.1,light
12/15/24 22:50,60,90.3,light
12/15/24 22:51,63,89.7,light
12/15/24 22:52,56,91.9,light
12/15/24 22:53,59,92.3,light
12/15/24 22:54,66,93.4,light
12/15/24 22:55,66,90.6,light
12/15/24 22:56,66,91.4,light
12/15/24 22:57,67,89.6,light
12/15/24 22:58,65,92,light
12/15/24 22:59,67,90.3,light
12/15/24 23:00,69,89.8,deep
12/15/24 23:01,65,90,deep
12/15/24 23:02,63,90.4,deep
12/15/24 23:03,64,89.8,deep
12/15/24 23:04,61,91.5,deep
12/15/24 23:05,68,89.9,deep
12/15/24 23:06,58,93.1,deep
12/15/24 23:07,64,90.6,deep
12/15/24 23:08,67,90.1,deep
12/15/24 23:09,60,90.4,deep
12/15/24 23:10,59,91.6,deep
12/15/24 23:11,55,92.5,deep
12/15/24 23:12,63,90.5,deep
12/15/24 23:13,60,92.5,deep
12/15/24 23:14,68,88.4,deep
12/15/24 23:15,58,93.6,deep
12/15/24 23:16,67,90.4,deep
12/15/24 23:17,59,93.9,deep
12/15/24 23:18,58,92.6,deep
12/15/24 23:19,60,92.6,deep
12/15/24 23:20,69,91.1,deep
12/15/24 23:21,60,91,deep
12/15/24 23:22,69,90.1,deep
12/15/24 23:23,65,91.1,deep
12/15/24 23:24,62,90,deep
12/15/24 23:25,60,91.4,deep
12/15/24 23:26,72,90.2,deep
12/15/24 23:27,62,91.1,deep
12/15/24 23:28,62,92.7,deep
12/15/24 23:29,70,90.7,deep
12/15/24 23:30,61,90.1,deep
12/15/24 23:31,56,93,deep
12/15/24 23:32,60,92.3,deep
12/15/24 23:33,55,90.3,deep
12/15/24 23:34,63,89.9,deep
12/15/24 23:35,53,93.7,deep
12/15/24 23:36,54,93.4,deep
12/15/24 23:37,60,92,deep
12/15/24 23:38,56,91.7,deep
12/15/24 23:39,61,90,deep
12/15/24 23:40,55,92.7,deep
12/15/24 23:41,58,92.3,deep
12/15/24 23:42,54,94.8,deep
12/15/24 23:43,56,92.8,deep
12/15/24 23:44,53,96.4,deep
12/15/24 23:45,56,91.5,deep
12/15/24 23:46,54,92.9,deep
12/15/24 23:47,63,92.9,deep
12/15/24 23:48,56,95.3,deep
12/15/24 23:49,53,93.8,deep
12/15/24 23:50,59,92.2,deep
12/15/24 23:51,53,94.1,deep
12/15/24 23:52,59,91.7,deep
12/15/24 23:53,55,90.7,deep
12/15/24 23:54,56,92.7,deep
12/15/24 23:55,56,92.5,deep
12/15/24 23:56,56,91.3,deep
12/15/24 23:57,57,91.9,deep
12/15/24 23:58,55,91.2,deep
12/15/24 23:59,53,94.3,deep
12/16/24 00:00,50,94,light
12/16/24 00:01,49,94.1,light
12/16/24 00:02,47,94.4,light
12/16/24 00:03,51,94.8,light
12/16/24 00:04,49,94.1,light
12/16/24 00:05,47,94.4,light
12/16/24 00:06,49,95.3,light
12/16/24 00:07,49,94.7,light
12/16/24 00:08,47,94.2,light
12/16/24 00:09,56,92.6,light
12/16/24 00:10,49,93.4,light
12/16/24 00:11,49,93.5,light
12/16/24 00:12,54,93.9,light
12/16/24 00:13,50,93.8,light
12/16/24 00:14,52,95.3,light
12/16/24 00:15,50,94.3,light
12/16/24 00:16,50,94.2,light
12/16/24 00:17,48,94.8,light
12/16/24 00:18,51,94.1,light
12/16/24 00:19,53,93.8,light
12/16/24 00:20,53,94.2,light
12/16/24 00:21,47,94.3,light
12/16/24 00:22,53,95,light
12/16/24 00:23,48,93,light
12/16/24 00:24,48,93.5,light
12/16/24 00:25,48,93.9,light
12/16/24 00:26,49,94.7,light
12/16/24 00:27,46,94.6,light
12/16/24 00:28,50,94.1,light
12/16/24 00:29,49,94.7,light
12/16/24 00:30,72,89,light
12/16/24 00:31,69,93.5,light
12/16/24 00:32,64,90.2,light
12/16/24 00:33,70,87.4,light
12/16/24 00:34,78,90.9,light
12/16/24 00:35,66,89.5,light
12/16/24 00:36,67,90.6,light
12/16/24 00:37,74,89.8,light
12/16/24 00:38,65,91.7,light
12/16/24 00:39,73,91.5,light
12/16/24 00:40,74,88,light
12/16/24 00:41,69,89.8,light
12/16/24 00:42,68,95.3,light
12/16/24 00:43,64,90.9,light
12/16/24 00:44,68,89.2,light
12/16/24 00:45,74,88.5,light
12/16/24 00:46,76,89.2,light
12/16/24 00:47,72,90,light
12/16/24 00:48,68,92.6,light
12/16/24 00:49,72,92.5,light
12/16/24 00:50,67,90.2,light
12/16/24 00:51,72,89.1,light
12/16/24 00:52,75,90.2,light
12/16/24 00:53,69,90.3,light
12/16/24 00:54,67,92.6,light
12/16/24 00:55,69,94.2,light
12/16/24 00:56,77,90,light
12/16/24 00:57,85,90.5,light
12/16/24 00:58,75,89.1,light
12/16/24 00:59,71,90.5,light
12/16/24 01:00,67,89.9,REM
12/16/24 01:01,66,90.1,REM
12/16/24 01:02,74,87.3,REM
12/16/24 01:03,68,92.2,REM
12/16/24 01:04,77,92.1,REM
12/16/24 01:05,68,92.4,REM
12/16/24 01:06,79,90.1,REM
12/16/24 01:07,69,90.8,REM
12/16/24 01:08,77,89.9,REM
12/16/24 01:09,75,88.5,REM
12/16/24 01:10,76,91.4,REM
12/16/24 01:11,71,91.6,REM
12/16/24 01:12,68,89.9,REM
12/16/24 01:13,77,88.6,REM
12/16/24 01:14,80,88,REM
12/16/24 01:15,66,90.9,REM
12/16/24 01:16,74,90,REM
12/16/24 01:17,74,90.1,REM
12/16/24 01:18,72,88,REM
12/16/24 01:19,79,88.9,REM
12/16/24 01:20,68,90.3,light
12/16/24 01:21,77,91.1,light
12/16/24 01:22,70,88.5,light
12/16/24 01:23,60,91.3,light
12/16/24 01:24,64,90.3,light
12/16/24 01:25,72,89.7,light
12/16/24 01:26,78,91.4,light
12/16/24 01:27,77,88.1,light
12/16/24 01:28,72,86.1,light
12/16/24 01:29,66,89.6,light
12/16/24 01:30,60,91.7,light
12/16/24 01:31,66,89.8,light
12/16/24 01:32,64,90.3,light
12/16/24 01:33,68,91.7,light
12/16/24 01:34,63,92.2,light
12/16/24 01:35,61,92.4,light
12/16/24 01:36,63,91.9,light
12/16/24 01:37,64,89.8,light
12/16/24 01:38,56,93.9,light
12/16/24 01:39,66,90.1,light
12/16/24 01:40,65,90.4,light
12/16/24 01:41,68,91.2,light
12/16/24 01:42,68,91.5,light
12/16/24 01:43,69,92.9,light
12/16/24 01:44,71,89.1,light
12/16/24 01:45,65,91.7,light
12/16/24 01:46,56,91.9,light
12/16/24 01:47,68,93.1,light
12/16/24 01:48,69,91.7,light
12/16/24 01:49,64,92.7,light
12/16/24 01:50,56,91.5,light
12/16/24 01:51,69,90.5,light
12/16/24 01:52,64,91.5,light
12/16/24 01:53,59,93.7,light
12/16/24 01:54,63,92.4,light
12/16/24 01:55,64,93,light
12/16/24 01:56,63,92.8,light
12/16/24 01:57,62,92.1,light
12/16/24 01:58,68,91.4,light
12/16/24 01:59,70,88.3,light
12/16/24 02:00,72,86.8,light
12/16/24 02:01,60,91.3,light
12/16/24 02:02,70,91.2,light
12/16/24 02:03,65,87.9,light
12/16/24 02:04,66,89.8,light
12/16/24 02:05,69,90,light
12/16/24 02:06,64,91,light
12/16/24 02:07,64,91.3,light
12/16/24 02:08,62,92.5,light
12/16/24 02:09,60,89.6,light
12/16/24 02:10,62,91.6,light
12/16/24 02:11,65,89.5,light
12/16/24 02:12,64,92.2,light
12/16/24 02:13,63,90.6,light
12/16/24 02:14,63,89.7,light
12/16/24 02:15,69,90.4,light
12/16/24 02:16,65,89.9,light
12/16/24 02:17,61,91.3,light
12/16/24 02:18,65,91.9,light
12/16/24 02:19,67,92.4,light
12/16/24 02:20,68,90.6,light
12/16/24 02:21,67,92.9,light
12/16/24 02:22,68,91.2,light
12/16/24 02:23,67,92.7,light
12/16/24 02:24,56,92.4,light
12/16/24 02:25,64,90.9,light
12/16/24 02:26,64,91.9,light
12/16/24 02:27,73,90.5,light
12/16/24 02:28,68,90.5,light
12/16/24 02:29,63,92.6,light
12/16/24 02:30,54,93.3,light
12/16/24 02:31,55,93,light
12/16/24 02:32,54,94.4,light
12/16/24 02:33,63,92.5,light
12/16/24 02:34,56,93.5,light
12/16/24 02:35,59,92.3,light
12/16/24 02:36,58,92.5,light
12/16/24 02:37,58,92.5,light
12/16/24 02:38,54,95.2,light
12/16/24 02:39,61,92,light
12/16/24 02:40,56,93.4,light
12/16/24 02:41,61,90.9,light
12/16/24 02:42,58,91.5,light
12/16/24 02:43,62,90.1,light
12/16/24 02:44,58,93.4,light
12/16/24 02:45,56,91.8,light
12/16/24 02:46,61,95,light
12/16/24 02:47,57,92.1,light
12/16/24 02:48,58,92.8,light
12/16/24 02:49,57,92.8,light
12/16/24 02:50,55,92.7,wake
12/16/24 02:51,56,91.4,wake
12/16/24 02:52,59,92.7,wake
12/16/24 02:53,59,92.7,wake
12/16/24 02:54,50,93.8,wake
12/16/24 02:55,57,94.2,wake
12/16/24 02:56,56,91,wake
12/16/24 02:57,52,92.9,wake
12/16/24 02:58,59,93.2,wake
12/16/24 02:59,62,91.1,wake
12/16/24 03:00,52,93.4,light
12/16/24 03:01,45,94.1,light
12/16/24 03:02,50,94.7,light
12/16/24 03:03,48,92.9,light
12/16/24 03:04,49,94.5,light
12/16/24 03:05,49,94.2,light
12/16/24 03:06,45,93.8,light
12/16/24 03:07,45,94.2,light
12/16/24 03:08,50,94.2,light
12/16/24 03:09,50,94.4,light
12/16/24 03:10,49,93.3,light
12/16/24 03:11,47,94.8,light
12/16/24 03:12,49,94.7,light
12/16/24 03:13,52,94.7,light
12/16/24 03:14,49,92.8,light
12/16/24 03:15,48,94.8,light
12/16/24 03:16,52,93.7,light
12/16/24 03:17,49,94.4,light
12/16/24 03:18,51,92.6,light
12/16/24 03:19,50,93.5,light
12/16/24 03:20,48,94.6,light
12/16/24 03:21,48,94.4,light
12/16/24 03:22,47,93.2,light
12/16/24 03:23,47,94.5,light
12/16/24 03:24,51,93.4,light
12/16/24 03:25,48,93.8,light
12/16/24 03:26,49,93.2,light
12/16/24 03:27,49,94.2,light
12/16/24 03:28,50,94.8,light
12/16/24 03:29,47,94.6,light
12/16/24 03:30,77,88.6,light
12/16/24 03:31,79,89.9,light
12/16/24 03:32,71,87.6,light
12/16/24 03:33,60,92.8,light
12/16/24 03:34,67,91.2,light
12/16/24 03:35,73,91,light
12/16/24 03:36,73,90.3,light
12/16/24 03:37,70,89.1,light
12/16/24 03:38,77,89.2,light
12/16/24 03:39,69,91.7,light
12/16/24 03:40,76,92.5,light
12/16/24 03:41,72,89.5,light
12/16/24 03:42,69,92.6,light
12/16/24 03:43,75,91.4,light
12/16/24 03:44,71,89.5,light
12/16/24 03:45,76,91.7,light
12/16/24 03:46,86,91.5,light
12/16/24 03:47,67,88.6,light
12/16/24 03:48,76,91.1,light
12/16/24 03:49,75,91.9,light
12/16/24 03:50,80,88.2,light
12/16/24 03:51,76,88,light
12/16/24 03:52,79,90.3,light
12/16/24 03:53,67,93.1,light
12/16/24 03:54,65,89.9,light
12/16/24 03:55,67,89.3,light
12/16/24 03:56,71,89.3,light
12/16/24 03:57,78,89.1,light
12/16/24 03:58,80,87.5,light
12/16/24 03:59,70,89.1,light
12/16/24 04:00,71,90.5,light
12/16/24 04:01,66,93.4,light
12/16/24 04:02,72,90.8,light
12/16/24 04:03,71,91.2,light
12/16/24 04:04,71,88.4,light
12/16/24 04:05,77,89.9,light
12/16/24 04:06,74,89.7,light
12/16/24 04:07,65,91.6,light
12/16/24 04:08,59,93,light
12/16/24 04:09,74,91.4,light
12/16/24 04:10,73,90,light
12/16/24 04:11,73,89.2,light
12/16/24 04:12,73,91.8,light
12/16/24 04:13,66,92.1,light
12/16/24 04:14,71,90.9,light
12/16/24 04:15,70,89.9,light
12/16/24 04:16,71,91.8,light
12/16/24 04:17,76,88.1,light
12/16/24 04:18,69,92.3,light
12/16/24 04:19,66,92.3,light
12/16/24 04:20,78,88.6,light
12/16/24 04:21,68,90.4,light
12/16/24 04:22,77,88.1,light
12/16/24 04:23,82,90.8,light
12/16/24 04:24,79,86.1,light
12/16/24 04:25,75,90.3,light
12/16/24 04:26,71,88.9,light
12/16/24 04:27,76,88.5,light
12/16/24 04:28,71,87.2,light
12/16/24 04:29,79,88.7,light
12/16/24 04:30,67,92.9,deep
12/16/24 04:31,66,90.3,deep
12/16/24 04:32,65,91.7,deep
12/16/24 04:33,63,89.9,deep
12/16/24 04:34,64,92.4,deep
12/16/24 04:35,66,91.9,deep
12/16/24 04:36,63,90.9,deep
12/16/24 04:37,66,91.5,deep
12/16/24 04:38,68,91.6,deep
12/16/24 04:39,66,90,deep
12/16/24 04:40,62,90.2,deep
12/16/24 04:41,53,94.6,deep
12/16/24 04:42,69,93.1,deep
12/16/24 04:43,64,91.4,deep
12/16/24 04:44,65,92,deep
12/16/24 04:45,67,92.6,deep
12/16/24 04:46,67,90.8,deep
12/16/24 04:47,68,91.1,deep
12/16/24 04:48,69,92.1,deep
12/16/24 04:49,68,93.8,deep
12/16/24 04:50,52,94.5,deep
12/16/24 04:51,66,91.6,deep
12/16/24 04:52,66,90.5,deep
12/16/24 04:53,63,91.1,deep
12/16/24 04:54,66,92,deep
12/16/24 04:55,65,91.9,deep
12/16/24 04:56,62,90.5,deep
12/16/24 04:57,69,92.8,deep
12/16/24 04:58,66,92.8,deep
12/16/24 04:59,65,91.1,deep
12/16/24 05:00,56,92.8,deep
12/16/24 05:01,73,89,deep
12/16/24 05:02,57,91.8,deep
12/16/24 05:03,67,91.6,deep
12/16/24 05:04,67,90.3,deep
12/16/24 05:05,71,91,deep
12/16/24 05:06,61,90.7,deep
12/16/24 05:07,61,92.5,deep
12/16/24 05:08,68,91.1,deep
12/16/24 05:09,67,88.9,deep
12/16/24 05:10,71,89.4,deep
12/16/24 05:11,69,91.3,deep
12/16/24 05:12,63,89.1,deep
12/16/24 05:13,64,89.2,deep
12/16/24 05:14,67,91,deep
12/16/24 05:15,58,93.4,deep
12/16/24 05:16,67,92,deep
12/16/24 05:17,67,91.2,deep
12/16/24 05:18,61,90.2,deep
12/16/24 05:19,64,90.1,deep
12/16/24 05:20,57,93.1,deep
12/16/24 05:21,68,91.4,deep
12/16/24 05:22,66,92.2,deep
12/16/24 05:23,59,93.6,deep
12/16/24 05:24,60,90.7,deep
12/16/24 05:25,63,91.7,deep
12/16/24 05:26,68,91.9,deep
12/16/24 05:27,67,90.4,deep
12/16/24 05:28,61,90.4,deep
12/16/24 05:29,62,92.1,deep
12/16/24 05:30,57,92.5,light
12/16/24 05:31,54,93.4,light
12/16/24 05:32,55,91.8,light
12/16/24 05:33,59,91.3,light
12/16/24 05:34,53,93.7,light
12/16/24 05:35,56,91.6,light
12/16/24 05:36,56,92.6,light
12/16/24 05:37,56,94.6,light
12/16/24 05:38,57,92.9,light
12/16/24 05:39,58,93.5,light
12/16/24 05:40,59,92.9,light
12/16/24 05:41,55,91,light
12/16/24 05:42,56,92.6,light
12/16/24 05:43,58,91.9,light
12/16/24 05:44,57,91.8,light
12/16/24 05:45,58,92.3,light
12/16/24 05:46,58,93.1,light
12/16/24 05:47,54,93.8,light
12/16/24 05:48,62,92.2,light
12/16/24 05:49,57,92.7,light
12/16/24 05:50,59,92.8,light
12/16/24 05:51,58,92.4,light
12/16/24 05:52,57,93.7,light
12/16/24 05:53,57,91.9,light
12/16/24 05:54,59,91.9,light
12/16/24 05:55,56,92.2,light
12/16/24 05:56,59,93,light
12/16/24 05:57,58,93.1,light
12/16/24 05:58,60,90.5,light
12/16/24 05:59,55,93.3,light
12/16/24 06:00,50,93.3,light
12/16/24 06:01,48,94.5,light
12/16/24 06:02,52,94.3,light
12/16/24 06:03,48,94,light
12/16/24 06:04,50,94.3,light
12/16/24 06:05,49,93.9,light
12/16/24 06:06,52,94.2,light
12/16/24 06:07,49,95.7,light
12/16/24 06:08,51,94.6,light
12/16/24 06:09,47,93.6,light
12/16/24 06:10,48,93.8,light
12/16/24 06:11,51,94.8,light
12/16/24 06:12,52,93.7,light
12/16/24 06:13,51,95.2,light
12/16/24 06:14,54,94.5,light
12/16/24 06:15,51,93.1,light
12/16/24 06:16,50,94.6,light
12/16/24 06:17,49,92.5,light
12/16/24 06:18,53,93.8,light
12/16/24 06:19,51,94.6,light
12/16/24 06:20,48,92.7,light
12/16/24 06:21,48,95.4,light
12/16/24 06:22,48,94.7,light
12/16/24 06:23,51,93.3,light
12/16/24 06:24,46,95.1,light
12/16/24 06:25,48,92.7,light
12/16/24 06:26,50,93.3,light
12/16/24 06:27,50,93,light
12/16/24 06:28,49,92.6,light
12/16/24 06:29,51,93.8,light
12/16/24 06:30,75,90.3,REM
12/16/24 06:31,70,90.2,REM
12/16/24 06:32,69,91.4,REM
12/16/24 06:33,76,90.1,REM
12/16/24 06:34,71,88.2,REM
12/16/24 06:35,72,89.2,REM
12/16/24 06:36,75,85.9,REM
12/16/24 06:37,66,92.5,REM
12/16/24 06:38,69,91.3,REM
12/16/24 06:39,70,90.1,REM
11/1/24 23:10,57,95.3,light
11/1/24 23:11,60,97,light
11/1/24 23:12,55,97.5,rem
11/1/24 23:13,63,94.3,light
11/1/24 23:14,57,97.1,light
11/1/24 23:15,61,98.3,light
11/1/24 23:16,57,98.9,rem
11/1/24 23:17,59,96,light
11/1/24 23:18,64,95,deep
11/1/24 23:19,52,99,light
11/1/24 23:20,52,97.6,rem
11/1/24 23:21,62,98.4,light
11/1/24 23:22,54,97.1,light
11/1/24 23:23,53,98.3,wake
11/1/24 23:24,58,97.4,light
11/1/24 23:25,60,94.6,wake
11/1/24 23:26,59,95,light
11/1/24 23:27,57,90.9,rem
11/1/24 23:28,63,92.7,deep
11/1/24 23:29,61,97.7,deep
11/1/24 23:30,63,90.7,rem
11/1/24 23:31,56,96.9,deep
11/1/24 23:32,50,92,deep
11/1/24 23:33,55,90.5,light
11/1/24 23:34,52,95.1,light
11/1/24 23:35,61,95.4,rem
11/1/24 23:36,62,98.4,light
11/1/24 23:37,59,97.5,rem
11/1/24 23:38,60,93.8,light
11/1/24 23:39,61,98.3,deep
11/1/24 23:40,54,94.7,light
11/1/24 23:41,61,97.1,light
11/1/24 23:42,63,95.1,rem
11/1/24 23:43,53,91.3,light
11/1/24 23:44,57,93.6,deep
11/1/24 23:45,51,97.4,deep
11/1/24 23:46,63,98.2,light
11/1/24 23:47,51,93.6,rem
11/1/24 23:48,58,96.1,deep
11/1/24 23:49,58,94.5,light
11/1/24 23:50,56,99,light
11/1/24 23:51,60,93.8,rem
11/1/24 23:52,51,91,deep
11/1/24 23:53,59,93.1,light
11/1/24 23:54,61,96.1,light
11/1/24 23:55,51,98.2,rem
11/1/24 23:56,53,93.9,deep
11/1/24 23:57,57,93.6,deep
11/1/24 23:58,56,91.1,rem
11/1/24 23:59,60,92.8,deep
11/2/24 00:00,60,93.2,rem
11/2/24 00:01,58,98.2,light
11/2/24 00:02,60,98.8,rem
11/2/24 00:03,63,95.5,light
11/2/24 00:04,54,95.8,rem
11/2/24 00:05,52,93.8,rem
11/2/24 00:06,63,93.8,rem
11/2/24 00:07,61,91.9,light
11/2/24 00:08,53,98.8,light
11/2/24 00:09,63,91,light
11/2/24 00:10,51,90.3,deep
11/2/24 00:11,51,93.5,rem
11/2/24 00:12,55,97.4,light
11/2/24 00:13,62,93.1,rem
11/2/24 00:14,56,90.3,light
11/2/24 00:15,56,93,deep
11/2/24 00:16,57,97.4,light
11/2/24 00:17,62,96.5,rem
11/2/24 00:18,51,97,light
11/2/24 00:19,51,95.9,light
11/2/24 00:20,64,95.9,deep
11/2/24 00:21,50,97.9,deep
11/2/24 00:22,61,93.1,light
11/2/24 00:23,56,98.4,rem
11/2/24 00:24,50,97.9,deep
11/2/24 00:25,64,94,deep
11/2/24 00:26,59,95.1,light
11/2/24 00:27,55,96.9,light
11/2/24 00:28,51,95.5,rem
11/2/24 00:29,50,91.5,light
11/2/24 00:30,50,94.4,deep
11/2/24 00:31,50,92.2,light
11/2/24 00:32,64,91.5,rem
11/2/24 00:33,54,98.2,rem
11/2/24 00:34,58,96.4,light
11/2/24 00:35,55,91.1,light
11/2/24 00:36,60,90.6,rem
11/2/24 00:37,56,97.2,deep
11/2/24 00:38,54,94.9,deep
11/2/24 00:39,63,94.9,rem
11/2/24 00:40,50,93.2,wake
11/2/24 00:41,62,90.2,deep
11/2/24 00:42,58,98.2,deep
11/2/24 00:43,56,96.1,light
11/2/24 00:44,54,90.3,deep
11/2/24 00:45,63,95.9,light
11/2/24 00:46,56,95,wake
11/2/24 00:47,57,98.9,light
11/2/24 00:48,53,93.6,rem
11/2/24 00:49,62,93,light
11/2/24 00:50,61,90,rem
11/2/24 00:51,63,97.8,rem
11/2/24 00:52,60,91.9,deep
11/2/24 00:53,50,96.8,rem
11/2/24 00:54,57,92.3,light
11/2/24 00:55,64,98.9,rem
11/2/24 00:56,50,90.6,rem
11/2/24 00:57,63,92.9,light
11/2/24 00:58,59,96.9,light
11/2/24 00:59,55,95.4,rem
11/2/24 01:00,54,98.9,light
11/2/24 01:01,56,96.5,light
11/2/24 01:02,61,93.6,rem
11/2/24 01:03,56,95.4,light
11/2/24 01:04,60,93,deep
11/2/24 01:05,58,98.4,rem
11/2/24 01:06,52,92.5,light
11/2/24 01:07,64,90.7,deep
11/2/24 01:08,59,92.6,light
11/2/24 01:09,53,96.4,deep
11/2/24 01:10,59,97.1,rem
11/2/24 01:11,59,95.1,light
11/2/24 01:12,52,94.5,rem
11/2/24 01:13,63,97.6,light
11/2/24 01:14,58,97.1,wake
11/2/24 01:15,60,93.2,deep
11/2/24 01:16,62,91.4,light
11/2/24 01:17,61,98.1,light
11/2/24 01:18,63,93.9,deep
11/2/24 01:19,56,93,rem
11/2/24 01:20,62,94.8,rem
11/2/24 01:21,64,95.8,rem
11/2/24 01:22,51,98.8,rem
11/2/24 01:23,53,96.7,rem
11/2/24 01:24,58,98.8,light
11/2/24 01:25,57,93.7,rem
11/2/24 01:26,58,92,light
11/2/24 01:27,56,96.9,deep
11/2/24 01:28,55,95.7,wake
11/2/24 01:29,63,98.9,rem
11/2/24 01:30,57,97.3,rem
11/2/24 01:31,55,97.8,light
11/2/24 01:32,58,93.3,deep
11/2/24 01:33,63,95.6,light
11/2/24 01:34,54,90.9,deep
11/2/24 01:35,54,94.5,deep
11/2/24 01:36,56,97,rem
11/2/24 01:37,56,94.1,light
11/2/24 01:38,62,95.1,rem
11/2/24 01:39,54,97.2,rem
11/2/24 01:40,57,90.1,deep
11/2/24 01:41,50,93.3,light
11/2/24 01:42,55,96.8,rem
11/2/24 01:43,61,92.2,light
11/2/24 01:44,64,95.8,rem
11/2/24 01:45,52,92.1,rem
11/2/24 01:46,59,92.8,rem
11/2/24 01:47,59,94.2,rem
11/2/24 01:48,58,95.4,deep
11/2/24 01:49,56,94.6,wake
11/2/24 01:50,56,96.5,light
11/2/24 01:51,64,93.7,rem
11/2/24 01:52,51,94.6,deep
11/2/24 01:53,59,98.3,rem
11/2/24 01:54,55,91.2,rem
11/2/24 01:55,59,91.7,deep
11/2/24 01:56,64,90.5,light
11/2/24 01:57,60,96.2,deep
11/2/24 01:58,62,98.1,light
11/2/24 01:59,50,96.6,light
11/2/24 02:00,51,92,wake
11/2/24 02:01,59,98.2,deep
11/2/24 02:02,64,97.9,light
11/2/24 02:03,58,98.8,light
11/2/24 02:04,61,97.8,wake
11/2/24 02:05,56,90.5,light
11/2/24 02:06,64,92.5,deep
11/2/24 02:07,57,93.3,deep
11/2/24 02:08,64,95.3,rem
11/2/24 02:09,50,94.5,rem
11/2/24 02:10,55,98.5,rem
11/2/24 02:11,57,93.3,light
11/2/24 02:12,52,90.2,rem
11/2/24 02:13,53,97.9,deep
11/2/24 02:14,55,94.6,light
11/2/24 02:15,50,97.7,light
11/2/24 02:16,58,95.9,light
11/2/24 02:17,51,92.3,light
11/2/24 02:18,54,90.2,deep
11/2/24 02:19,51,96.1,light
11/2/24 02:20,62,91.5,deep
11/2/24 02:21,50,95.8,deep
11/2/24 02:22,62,91.1,deep
11/2/24 02:23,62,94.6,light
11/2/24 02:24,59,94.4,light
11/2/24 02:25,60,94.7,light
11/2/24 02:26,53,98.9,rem
11/2/24 02:27,63,94.3,light
11/2/24 02:28,52,97.9,deep
11/2/24 02:29,64,94.1,light
11/2/24 02:30,61,91,light
11/2/24 02:31,64,95,light
11/2/24 02:32,50,96.6,light
11/2/24 02:33,61,93.9,deep
11/2/24 02:34,54,92.1,light
11/2/24 02:35,53,97.2,deep
11/2/24 02:36,52,90.9,deep
11/2/24 02:37,52,97.3,deep
11/2/24 02:38,50,90.5,rem
11/2/24 02:39,62,90.2,deep
11/2/24 02:40,54,96,light
11/2/24 02:41,53,95.5,light
11/2/24 02:42,62,94.6,light
11/2/24 02:43,54,93.4,light
11/2/24 02:44,61,94,deep
11/2/24 02:45,56,93,light
11/2/24 02:46,52,94.3,light
11/2/24 02:47,58,90.2,rem
11/2/24 02:48,57,92.2,light
11/2/24 02:49,58,90.1,deep
11/2/24 02:50,58,91.4,deep
11/2/24 02:51,54,98.4,rem
11/2/24 02:52,53,97.9,wake
11/2/24 02:53,54,95.8,light
11/2/24 02:54,53,90.4,rem
11/2/24 02:55,51,96.5,light
11/2/24 02:56,57,97,rem
11/2/24 02:57,62,93.4,rem
11/2/24 02:58,53,96.8,light
11/2/24 02:59,59,96.6,light
11/2/24 03:00,60,95.4,rem
11/2/24 03:01,58,96.9,rem
11/2/24 03:02,57,98.1,rem
11/2/24 03:03,64,98.9,light
11/2/24 03:04,56,94.4,light
11/2/24 03:05,64,97.9,light
11/2/24 03:06,56,97.7,light
11/2/24 03:07,64,90.4,light
11/2/24 03:08,63,95.8,deep
11/2/24 03:09,54,94.4,light
11/2/24 03:10,61,94.7,light
11/2/24 03:11,56,98.2,rem
11/2/24 03:12,57,92.7,wake
11/2/24 03:13,51,97.2,wake
11/2/24 03:14,62,93.1,deep
11/2/24 03:15,50,93.9,light
11/2/24 03:16,50,98.4,light
11/2/24 03:17,56,96.7,light
11/2/24 03:18,54,95.9,rem
11/2/24 03:19,55,96.6,light
11/2/24 03:20,63,93.3,rem
11/2/24 03:21,57,92.2,light
11/2/24 03:22,63,90.4,rem
11/2/24 03:23,60,92.2,light
11/2/24 03:24,64,98.3,light
11/2/24 03:25,54,91.8,light
11/2/24 03:26,59,93.8,deep
11/2/24 03:27,55,94.5,deep
11/2/24 03:28,62,93.7,light
11/2/24 03:29,54,92.8,light
11/2/24 03:30,54,96.7,light
11/2/24 03:31,62,99,deep
11/2/24 03:32,59,97.2,rem
11/2/24 03:33,55,98.1,rem
11/2/24 03:34,64,93.9,light
11/2/24 03:35,62,97.4,rem
11/2/24 03:36,60,93,deep
11/2/24 03:37,61,90.8,deep
11/2/24 03:38,62,94.7,rem
11/2/24 03:39,59,94.3,light
11/2/24 03:40,52,92.5,deep
11/2/24 03:41,61,98.1,rem
11/2/24 03:42,51,97.7,light
11/2/24 03:43,63,91,rem
11/2/24 03:44,59,90.8,deep
11/2/24 03:45,54,92.5,light
11/2/24 03:46,59,90,light
11/2/24 03:47,60,98.6,rem
11/2/24 03:48,52,94.5,deep
11/2/24 03:49,58,96.1,light
11/2/24 03:50,63,93.4,light
11/2/24 03:51,64,95,light
11/2/24 03:52,63,98.3,light
11/2/24 03:53,60,92.9,wake
11/2/24 03:54,57,97.2,rem
11/2/24 03:55,56,95.4,rem
11/2/24 03:56,54,91.4,rem
11/2/24 03:57,61,99,deep
11/2/24 03:58,56,90.6,rem
11/2/24 03:59,60,96.3,light
11/2/24 04:00,63,96.8,light
11/2/24 04:01,56,96.6,light
11/2/24 04:02,59,93.7,rem
11/2/24 04:03,53,96.3,rem
11/2/24 04:04,57,91.5,rem
11/2/24 04:05,61,94.7,rem
11/2/24 04:06,56,92.7,light
11/2/24 04:07,52,93.8,rem
11/2/24 04:08,61,91.1,light
11/2/24 04:09,59,90.7,light
11/2/24 04:10,64,90.3,light
11/2/24 04:11,52,91.8,light
11/2/24 04:12,56,93.2,light
11/2/24 04:13,52,97.2,light
11/2/24 04:14,57,98,light
11/2/24 04:15,64,97.4,rem
11/2/24 04:16,61,96.1,deep
11/2/24 04:17,64,92.6,rem
11/2/24 04:18,58,96.9,light
11/2/24 04:19,64,90.6,deep
11/2/24 04:20,51,95.1,rem
11/2/24 04:21,64,97.6,deep
11/2/24 04:22,50,95.6,rem
11/2/24 04:23,53,90.5,light
11/2/24 04:24,58,92.3,light
11/2/24 04:25,54,99,rem
11/2/24 04:26,59,95.4,light
11/2/24 04:27,58,96.3,wake
11/2/24 04:28,57,96.9,rem
11/2/24 04:29,53,91.6,rem
11/2/24 04:30,52,92.8,light
11/2/24 04:31,64,96.7,deep
11/2/24 04:32,58,95.2,deep
11/2/24 04:33,56,90.8,deep
11/2/24 04:34,56,93.4,wake
11/2/24 04:35,60,93.5,rem
11/2/24 04:36,53,95.4,deep
11/2/24 04:37,52,91.1,rem
11/2/24 04:38,57,96.6,deep
11/2/24 04:39,59,91.4,rem
11/2/24 04:40,50,95.1,deep
11/2/24 04:41,53,94.9,light
11/2/24 04:42,64,90.5,light
11/2/24 04:43,58,96.4,rem
11/2/24 04:44,52,91.4,light
11/2/24 04:45,56,93.5,deep
11/2/24 04:46,56,93.6,deep
11/2/24 04:47,62,92.5,deep
11/2/24 04:48,58,93.2,deep
11/2/24 04:49,57,90.2,deep
11/2/24 04:50,55,98.2,rem
11/2/24 04:51,57,94.9,rem
11/2/24 04:52,55,92.7,rem
11/2/24 04:53,63,97.2,deep
11/2/24 04:54,55,91.5,wake
11/2/24 04:55,55,98.2,deep
11/2/24 04:56,58,91.9,light
11/2/24 04:57,52,96.9,light
11/2/24 04:58,53,96.4,light
11/2/24 04:59,60,91.2,light
11/2/24 05:00,64,99,wake
11/2/24 05:01,52,94.1,deep
11/2/24 05:02,61,94.5,wake
11/2/24 05:03,58,92.7,rem
11/2/24 05:04,51,92.9,light
11/2/24 05:05,61,97.5,light
11/2/24 05:06,60,95,light
11/2/24 05:07,53,95.1,light
11/2/24 05:08,60,91.6,light
11/2/24 05:09,52,97.3,light
11/2/24 05:10,60,92.4,deep
11/2/24 05:11,57,97.7,light
11/2/24 05:12,58,92.4,light
11/2/24 05:13,62,98.7,light
11/2/24 05:14,57,93.2,rem
11/2/24 05:15,56,97.9,light
11/2/24 05:16,57,95.1,wake
11/2/24 05:17,54,95.5,light
11/2/24 05:18,58,95.1,deep
11/2/24 05:19,63,92.3,deep
11/2/24 05:20,51,98.6,light
11/2/24 05:21,62,95.9,light
11/2/24 05:22,62,93.2,light
11/2/24 05:23,53,98.6,light
11/2/24 05:24,59,93.4,rem
11/2/24 05:25,59,97.3,light
11/2/24 05:26,56,91.8,rem
11/2/24 05:27,50,98.9,rem
11/2/24 05:28,52,97.5,light
11/2/24 05:29,50,92.3,light
11/2/24 05:30,61,98.1,light
11/2/24 05:31,58,91.8,light
11/2/24 05:32,61,91.2,light
11/2/24 05:33,60,98.4,light
11/2/24 05:34,56,96.1,light
11/2/24 05:35,62,94.5,light
11/2/24 05:36,62,93.3,light
11/2/24 05:37,57,98.5,light
11/2/24 05:38,58,90.3,rem
11/2/24 05:39,60,98.4,light
11/2/24 05:40,55,98.3,rem
11/2/24 05:41,58,90.4,rem
11/2/24 05:42,52,94.8,deep
11/2/24 05:43,64,90.6,wake
11/2/24 05:44,61,98.4,wake
11/2/24 05:45,59,95.6,light
11/2/24 05:46,53,96.8,light
11/2/24 05:47,59,91.7,light
11/2/24 05:48,58,95.2,light
11/2/24 05:49,61,97.2,light
11/2/24 05:50,64,90.4,deep
11/2/24 05:51,51,97.2,deep
11/2/24 05:52,57,91.5,rem
11/2/24 05:53,60,90.3,light
11/2/24 05:54,53,93.2,light
11/2/24 05:55,62,95.1,rem
11/2/24 05:56,53,97.9,deep
11/2/24 05:57,54,93.4,light
11/2/24 05:58,58,92.4,light
11/2/24 05:59,62,94.6,deep
11/2/24 22:00,61,98,deep
11/2/24 22:01,54,98.1,rem
11/2/24 22:02,51,92.5,rem
11/2/24 22:03,61,90.6,light
11/2/24 22:04,61,91.3,rem
11/2/24 22:05,53,94.5,light
11/2/24 22:06,62,90.3,light
11/2/24 22:07,63,98.5,light
11/2/24 22:08,64,95,light
11/2/24 22:09,61,93.8,deep
11/2/24 22:10,64,96.1,light
11/2/24 22:11,51,99,light
11/2/24 22:12,55,94.6,light
11/2/24 22:13,62,95,deep
11/2/24 22:14,63,91.6,wake
11/2/24 22:15,58,93.9,rem
11/2/24 22:16,52,93.7,deep
11/2/24 22:17,59,98.3,light
11/2/24 22:18,64,93.2,light
11/2/24 22:19,58,92.8,light
11/2/24 22:20,57,98.6,light
11/2/24 22:21,60,94.4,light
11/2/24 22:22,61,91.2,rem
11/2/24 22:23,62,96.9,rem
11/2/24 22:24,57,92.1,light
11/2/24 22:25,55,90.6,deep
11/2/24 22:26,63,95.7,wake
11/2/24 22:27,58,95.6,rem
11/2/24 22:28,57,92.1,deep
11/2/24 22:29,63,91.7,light
11/2/24 22:30,59,94.2,deep
11/2/24 22:31,50,91.3,rem
11/2/24 22:32,51,94.5,rem
11/2/24 22:33,61,97.5,rem
11/2/24 22:34,59,94.7,wake
11/2/24 22:35,59,97.5,light
11/2/24 22:36,60,94.8,rem
11/2/24 22:37,55,93.4,deep
11/2/24 22:38,61,96.3,rem
11/2/24 22:39,57,90.4,deep
11/2/24 22:40,50,92.5,light
11/2/24 22:41,61,98.7,light
11/2/24 22:42,51,93.7,rem
11/2/24 22:43,53,93.7,rem
11/2/24 22:44,50,94.4,rem
11/2/24 22:45,52,98.2,rem
11/2/24 22:46,51,90.9,light
11/2/24 22:47,60,91.7,light
11/2/24 22:48,51,90.8,rem
11/2/24 22:49,60,92.9,deep
11/2/24 22:50,64,92.6,rem
11/2/24 22:51,63,91.1,rem
11/2/24 22:52,57,93.8,light
11/2/24 22:53,53,98.8,deep
11/2/24 22:54,59,91.5,rem
11/2/24 22:55,53,94,rem
11/2/24 22:56,54,97.4,light
11/2/24 22:57,56,92.7,wake
11/2/24 22:58,60,93.8,light
11/2/24 22:59,64,97.4,light
11/2/24 23:00,57,94.4,light
11/2/24 23:01,51,92.5,rem
11/2/24 23:02,54,92.7,rem
11/2/24 23:03,62,91.5,light
11/2/24 23:04,55,95.2,rem
11/2/24 23:05,56,97.5,deep
11/2/24 23:06,53,98.1,rem
11/2/24 23:07,64,91.6,rem
11/2/24 23:08,54,96,rem
11/2/24 23:09,52,90.8,deep
11/2/24 23:10,52,99,light
11/2/24 23:11,60,92.6,light
11/2/24 23:12,58,91.1,rem
11/2/24 23:13,54,97.4,light
11/2/24 23:14,59,91,deep
11/2/24 23:15,58,97,deep
11/2/24 23:16,53,92.2,light
11/2/24 23:17,55,98.4,rem
11/2/24 23:18,54,96.1,light
11/2/24 23:19,63,96,light
11/2/24 23:20,53,93.3,deep
11/2/24 23:21,52,96.7,deep
11/2/24 23:22,54,98.7,rem
11/2/24 23:23,61,90.9,deep
11/2/24 23:24,61,94.3,light
11/2/24 23:25,52,98,deep
11/2/24 23:26,64,93.5,deep
11/2/24 23:27,58,92.3,rem
11/2/24 23:28,59,96.9,rem
11/2/24 23:29,58,95.1,deep
11/2/24 23:30,55,94.4,deep
11/2/24 23:31,56,90.6,deep
11/2/24 23:32,64,92.9,light
11/2/24 23:33,55,98.2,rem
11/2/24 23:34,56,90,rem
11/2/24 23:35,60,93.2,rem
11/2/24 23:36,63,95,light
11/2/24 23:37,60,91.5,light
11/2/24 23:38,57,91.2,light
11/2/24 23:39,52,96,light
11/2/24 23:40,64,96.4,wake
11/2/24 23:41,62,97.5,deep
11/2/24 23:42,56,96.2,rem
11/2/24 23:43,60,92.9,rem
11/2/24 23:44,59,92.9,rem
11/2/24 23:45,54,92,rem
11/2/24 23:46,63,90.2,rem
11/2/24 23:47,54,93.6,rem
11/2/24 23:48,56,90.4,light
11/2/24 23:49,61,96.1,wake
11/2/24 23:50,56,92.8,light
11/2/24 23:51,54,98.3,deep
11/2/24 23:52,50,97.8,light
11/2/24 23:53,55,90.8,rem
11/2/24 23:54,55,97.8,rem
11/2/24 23:55,55,91.5,light
11/2/24 23:56,55,94,wake
11/2/24 23:57,53,92.8,rem
11/2/24 23:58,51,91.2,wake
11/2/24 23:59,53,95.7,deep
11/2/24 02:35,52,91.9,deep
11/2/24 23:41,57,98.6,deep
11/4/24 05:45,55,91.4,light
11/3/24 21:00,53,92.4,light
11/3/24 21:01,59,92.7,light
11/3/24 21:02,56,91.7,light
11/3/24 21:03,55,91.7,light
11/3/24 21:04,53,90.7,light
11/3/24 21:05,55,91.2,light
11/3/24 21:06,52,90.3,light
11/3/24 21:07,59,91,light
11/3/24 21:08,55,92,light
11/3/24 21:09,55,89.8,light
11/3/24 21:10,55,91.1,light
11/3/24 21:11,58,91.8,light
11/3/24 21:12,50,91.4,light
11/3/24 21:13,58,90.9,light
11/3/24 21:14,54,90.8,light
11/3/24 21:15,53,90.5,light
11/3/24 21:16,52,90.7,light
11/3/24 21:17,53,91.5,light
11/3/24 21:18,56,92.1,light
11/3/24 21:19,51,92,light
11/3/24 21:20,51,91.6,light
11/3/24 21:21,52,91.2,light
11/3/24 21:22,55,90.5,light
11/3/24 21:23,56,90.8,light
11/3/24 21:24,57,90.9,light
11/3/24 21:25,58,90.1,light
11/3/24 21:26,59,92.4,light
11/3/24 21:27,55,91.1,light
11/3/24 21:28,51,89.5,light
11/3/24 21:29,57,91.3,light
11/3/24 21:30,52,91.9,light
11/3/24 21:31,53,91.3,light
11/3/24 21:32,57,90.8,light
11/3/24 21:33,60,92.4,light
11/3/24 21:34,57,89.9,light
11/3/24 21:35,54,91,light
11/3/24 21:36,54,91.4,light
11/3/24 21:37,55,90.6,light
11/3/24 21:38,59,90.5,light
11/3/24 21:39,51,90.6,light
11/3/24 21:40,55,92.4,light
11/3/24 21:41,55,91.7,light
11/3/24 21:42,52,90.9,light
11/3/24 21:43,53,92.7,light
11/3/24 21:44,58,91.7,light
11/3/24 21:45,52,91.3,light
11/3/24 21:46,54,91.3,light
11/3/24 21:47,51,92.7,light
11/3/24 21:48,51,91.4,light
11/3/24 21:49,48,90.8,light
11/3/24 21:50,57,91.1,light
11/3/24 21:51,61,91.7,light
11/3/24 21:52,59,90.7,light
11/3/24 21:53,57,91.7,light
11/3/24 21:54,53,90.2,light
11/3/24 21:55,59,90.7,light
11/3/24 21:56,59,92,light
11/3/24 21:57,55,91.2,light
11/3/24 21:58,54,91.9,light
11/3/24 21:59,59,93.4,light
11/3/24 22:00,56,90.8,light
11/3/24 22:01,58,92.8,light
11/3/24 22:02,56,92.9,light
11/3/24 22:03,53,90.6,light
11/3/24 22:04,58,93.1,light
11/3/24 22:05,56,92.7,light
11/3/24 22:06,57,91,light
11/3/24 22:07,52,91.8,light
11/3/24 22:08,49,92,light
11/3/24 22:09,60,92.2,light
11/3/24 22:10,51,91.6,light
11/3/24 22:11,52,89.6,light
11/3/24 22:12,54,91.1,light
11/3/24 22:13,51,91.8,light
11/3/24 22:14,55,92,light
11/3/24 22:15,60,91.4,light
11/3/24 22:16,54,90.7,light
11/3/24 22:17,59,92.1,light
11/3/24 22:18,59,90.8,light
11/3/24 22:19,46,92.6,light
11/3/24 22:20,55,91.5,light
11/3/24 22:21,63,91.8,light
11/3/24 22:22,54,92.8,light
11/3/24 22:23,54,89.8,light
11/3/24 22:24,49,90.7,light
11/3/24 22:25,59,92.7,light
11/3/24 22:26,53,91.7,light
11/3/24 22:27,55,90.6,light
11/3/24 22:28,57,93.8,light
11/3/24 22:29,55,91.5,light
11/3/24 22:30,59,90.4,deep
11/3/24 22:31,53,91,deep
11/3/24 22:32,58,90.8,deep
11/3/24 22:33,58,90.4,deep
11/3/24 22:34,54,91.2,deep
11/3/24 22:35,55,90.3,deep
11/3/24 22:36,52,90,deep
11/3/24 22:37,50,90.5,deep
11/3/24 22:38,58,93.6,deep
11/3/24 22:39,57,91.7,deep
11/3/24 22:40,58,90.7,deep
11/3/24 22:41,56,92.7,deep
11/3/24 22:42,57,91.9,deep
11/3/24 22:43,60,89.6,deep
11/3/24 22:44,50,91,deep
11/3/24 22:45,50,92.1,deep
11/3/24 22:46,57,89,deep
11/3/24 22:47,52,91.3,deep
11/3/24 22:48,56,90.7,deep
11/3/24 22:49,57,90.3,deep
11/3/24 22:50,55,91,deep
11/3/24 22:51,52,91.3,deep
11/3/24 22:52,53,92.6,deep
11/3/24 22:53,58,90.9,deep
11/3/24 22:54,59,91.3,deep
11/3/24 22:55,54,91.7,deep
11/3/24 22:56,57,91,deep
11/3/24 22:57,55,91.7,deep
11/3/24 22:58,49,93,deep
11/3/24 22:59,60,92.5,deep
11/3/24 23:00,58,91,deep
11/3/24 23:01,57,91.2,deep
11/3/24 23:02,54,91.8,deep
11/3/24 23:03,53,90.3,deep
11/3/24 23:04,51,89,deep
11/3/24 23:05,52,91.3,deep
11/3/24 23:06,54,89.7,deep
11/3/24 23:07,54,91.5,deep
11/3/24 23:08,52,90.9,deep
11/3/24 23:09,52,92.7,deep
11/3/24 23:10,56,91.2,deep
11/3/24 23:11,56,90.8,deep
11/3/24 23:12,57,92,deep
11/3/24 23:13,52,90.8,deep
11/3/24 23:14,55,91.7,deep
11/3/24 23:15,56,90.7,deep
11/3/24 23:16,51,90.5,deep
11/3/24 23:17,57,92,deep
11/3/24 23:18,56,90.1,deep
11/3/24 23:19,49,91.6,deep
11/3/24 23:20,52,91.2,deep
11/3/24 23:21,57,92.1,deep
11/3/24 23:22,58,92.2,deep
11/3/24 23:23,52,90.9,deep
11/3/24 23:24,50,92.7,deep
11/3/24 23:25,55,92.3,deep
11/3/24 23:26,57,92.1,deep
11/3/24 23:27,58,90,deep
11/3/24 23:28,53,91.3,deep
11/3/24 23:29,52,90.4,deep
11/3/24 23:30,55,91.7,light
11/3/24 23:31,55,90.3,light
11/3/24 23:32,59,92.2,light
11/3/24 23:33,59,91.3,light
11/3/24 23:34,59,89.5,light
11/3/24 23:35,55,92.1,light
11/3/24 23:36,53,89.3,light
11/3/24 23:37,52,92.1,light
11/3/24 23:38,54,91.7,light
11/3/24 23:39,55,90.3,light
11/3/24 23:40,57,92.8,light
11/3/24 23:41,54,92.2,light
11/3/24 23:42,60,91.7,light
11/3/24 23:43,56,89.8,light
11/3/24 23:44,50,89.7,light
11/3/24 23:45,54,90.3,light
11/3/24 23:46,56,91,light
11/3/24 23:47,55,91.6,light
11/3/24 23:48,53,91.9,light
11/3/24 23:49,58,90.7,light
11/3/24 23:50,52,89.8,light
11/3/24 23:51,60,91,light
11/3/24 23:52,57,91.4,light
11/3/24 23:53,56,92.6,light
11/3/24 23:54,60,93.3,light
11/3/24 23:55,56,91.5,light
11/3/24 23:56,55,90.4,light
11/3/24 23:57,52,91.6,light
11/3/24 23:58,56,92.1,light
11/3/24 23:59,52,92.2,light
11/4/24 00:00,58,91.6,light
11/4/24 00:01,51,91.4,light
11/4/24 00:02,58,92.2,light
11/4/24 00:03,53,90.5,light
11/4/24 00:04,52,93.4,light
11/4/24 00:05,56,91.1,light
11/4/24 00:06,57,92.4,light
11/4/24 00:07,59,92.7,light
11/4/24 00:08,54,89.2,light
11/4/24 00:09,55,91.5,light
11/4/24 00:10,52,91.5,light
11/4/24 00:11,54,90.4,light
11/4/24 00:12,54,90.5,light
11/4/24 00:13,55,90.7,light
11/4/24 00:14,56,92.1,light
11/4/24 00:15,49,90.8,light
11/4/24 00:16,55,91.2,light
11/4/24 00:17,56,91.5,light
11/4/24 00:18,52,90.5,light
11/4/24 00:19,59,91.6,light
11/4/24 00:20,57,92.8,light
11/4/24 00:21,50,93.1,light
11/4/24 00:22,56,92.3,light
11/4/24 00:23,55,90.9,light
11/4/24 00:24,51,90.5,light
11/4/24 00:25,59,91.9,light
11/4/24 00:26,57,91.1,light
11/4/24 00:27,53,91.2,light
11/4/24 00:28,56,91.7,light
11/4/24 00:29,59,93,light
11/4/24 00:30,58,91.5,REM
11/4/24 00:31,60,93.5,REM
11/4/24 00:32,56,89.5,REM
11/4/24 00:33,58,90.5,REM
11/4/24 00:34,50,90.3,REM
11/4/24 00:35,56,90.7,REM
11/4/24 00:36,55,91.9,REM
11/4/24 00:37,54,91.1,REM
11/4/24 00:38,54,90.8,REM
11/4/24 00:39,51,91.7,REM
11/4/24 00:40,55,92,REM
11/4/24 00:41,54,90.2,REM
11/4/24 00:42,55,90.2,REM
11/4/24 00:43,54,92.7,REM
11/4/24 00:44,58,91.8,REM
11/4/24 00:45,52,91.2,REM
11/4/24 00:46,55,90.3,REM
11/4/24 00:47,58,91,REM
11/4/24 00:48,51,90.4,REM
11/4/24 00:49,51,92.1,REM
11/4/24 00:50,57,91,light
11/4/24 00:51,53,91.9,light
11/4/24 00:52,50,91.3,light
11/4/24 00:53,53,90.2,light
11/4/24 00:54,54,91.2,light
11/4/24 00:55,54,90.8,light
11/4/24 00:56,60,92.6,light
11/4/24 00:57,53,91,light
11/4/24 00:58,53,89.7,light
11/4/24 00:59,60,90,light
11/4/24 01:00,54,90.4,light
11/4/24 01:01,57,93.2,light
11/4/24 01:02,55,91.1,light
11/4/24 01:03,57,90.4,light
11/4/24 01:04,59,90.7,light
11/4/24 01:05,58,90.3,light
11/4/24 01:06,54,91.3,light
11/4/24 01:07,49,91.5,light
11/4/24 01:08,55,91.8,light
11/4/24 01:09,55,91.4,light
11/4/24 01:10,54,90.4,light
11/4/24 01:11,54,91.6,light
11/4/24 01:12,52,90.6,light
11/4/24 01:13,54,92.4,light
11/4/24 01:14,53,92.7,light
11/4/24 01:15,53,88.5,light
11/4/24 01:16,53,91.4,light
11/4/24 01:17,50,90,light
11/4/24 01:18,53,93.4,light
11/4/24 01:19,56,92.4,light
11/4/24 01:20,51,91.5,light
11/4/24 01:21,49,90.7,light
11/4/24 01:22,51,91.8,light
11/4/24 01:23,56,91.6,light
11/4/24 01:24,59,91.7,light
11/4/24 01:25,57,90.6,light
11/4/24 01:26,55,92.6,light
11/4/24 01:27,49,90.9,light
11/4/24 01:28,54,92.5,light
11/4/24 01:29,55,91.7,light
11/4/24 01:30,56,90.5,light
11/4/24 01:31,45,90.4,light
11/4/24 01:32,53,92.7,light
11/4/24 01:33,55,92.1,light
11/4/24 01:34,62,91.3,light
11/4/24 01:35,57,91.8,light
11/4/24 01:36,50,90.2,light
11/4/24 01:37,56,91.5,light
11/4/24 01:38,53,90.9,light
11/4/24 01:39,56,91.3,light
11/4/24 01:40,61,90.2,light
11/4/24 01:41,55,92,light
11/4/24 01:42,56,91.6,light
11/4/24 01:43,58,90.7,light
11/4/24 01:44,49,91.5,light
11/4/24 01:45,52,89.9,light
11/4/24 01:46,62,91.1,light
11/4/24 01:47,55,91.2,light
11/4/24 01:48,58,90.6,light
11/4/24 01:49,54,89.5,light
11/4/24 01:50,57,91.4,light
11/4/24 01:51,57,92.3,light
11/4/24 01:52,60,92.4,light
11/4/24 01:53,55,91.5,light
11/4/24 01:54,55,91.5,light
11/4/24 01:55,54,92.3,light
11/4/24 01:56,59,92.3,light
11/4/24 01:57,53,90.9,light
11/4/24 01:58,60,90.6,light
11/4/24 01:59,54,89.8,light
11/4/24 02:00,49,91.4,light
11/4/24 02:01,54,90.2,light
11/4/24 02:02,60,91.9,light
11/4/24 02:03,57,92,light
11/4/24 02:04,55,91.7,light
11/4/24 02:05,58,91.8,light
11/4/24 02:06,58,91.8,light
11/4/24 02:07,53,90.7,light
11/4/24 02:08,56,92.4,light
11/4/24 02:09,54,90.8,light
11/4/24 02:10,50,90.6,light
11/4/24 02:11,53,90.3,light
11/4/24 02:12,59,93.1,light
11/4/24 02:13,56,89.3,light
11/4/24 02:14,50,92.7,light
11/4/24 02:15,56,91,light
11/4/24 02:16,57,92.2,light
11/4/24 02:17,58,91.2,light
11/4/24 02:18,52,92.5,light
11/4/24 02:19,51,91.4,light
11/4/24 02:20,52,90.5,wake
11/4/24 02:21,54,89.7,wake
11/4/24 02:22,54,92.1,wake
11/4/24 02:23,58,93.3,wake
11/4/24 02:24,56,90.7,wake
11/4/24 02:25,58,90.6,wake
11/4/24 02:26,51,93.1,wake
11/4/24 02:27,56,91.4,wake
11/4/24 02:28,55,90.9,wake
11/4/24 02:29,56,90.2,wake
11/4/24 02:30,53,92.1,light
11/4/24 02:31,55,91.5,light
11/4/24 02:32,54,93.1,light
11/4/24 02:33,57,91.1,light
11/4/24 02:34,54,91.2,light
11/4/24 02:35,56,91.8,light
11/4/24 02:36,55,90.9,light
11/4/24 02:37,53,90.5,light
11/4/24 02:38,50,92,light
11/4/24 02:39,59,91,light
11/4/24 02:40,54,90.5,light
11/4/24 02:41,50,91.1,light
11/4/24 02:42,52,91.7,light
11/4/24 02:43,52,89.4,light
11/4/24 02:44,47,90.9,light
11/4/24 02:45,57,92.5,light
11/4/24 02:46,56,90,light
11/4/24 02:47,56,91.7,light
11/4/24 02:48,59,90.8,light
11/4/24 02:49,54,93.7,light
11/4/24 02:50,57,90.8,light
11/4/24 02:51,54,91.8,light
11/4/24 02:52,58,89.7,light
11/4/24 02:53,53,92.1,light
11/4/24 02:54,54,91.5,light
11/4/24 02:55,57,89.7,light
11/4/24 02:56,57,90.9,light
11/4/24 02:57,53,91.8,light
11/4/24 02:58,57,91.4,light
11/4/24 02:59,55,90,light
11/4/24 03:00,57,90.7,light
11/4/24 03:01,50,90.7,light
11/4/24 03:02,59,90.6,light
11/4/24 03:03,54,91,light
11/4/24 03:04,54,92.2,light
11/4/24 03:05,55,91.5,light
11/4/24 03:06,56,91.4,light
11/4/24 03:07,52,93.5,light
11/4/24 03:08,55,92.1,light
11/4/24 03:09,57,90.1,light
11/4/24 03:10,53,91.3,light
11/4/24 03:11,54,91.3,light
11/4/24 03:12,54,91.3,light
11/4/24 03:13,58,91.5,light
11/4/24 03:14,48,93.3,light
11/4/24 03:15,58,92.2,light
11/4/24 03:16,61,90.1,light
11/4/24 03:17,55,93.2,light
11/4/24 03:18,56,88.7,light
11/4/24 03:19,53,92.7,light
11/4/24 03:20,51,92.2,light
11/4/24 03:21,60,91.9,light
11/4/24 03:22,53,90.6,light
11/4/24 03:23,56,92.5,light
11/4/24 03:24,55,92.1,light
11/4/24 03:25,57,92,light
11/4/24 03:26,56,91.1,light
11/4/24 03:27,53,91.7,light
11/4/24 03:28,55,93.4,light
11/4/24 03:29,47,91.4,light
11/4/24 03:30,58,93.2,light
11/4/24 03:31,56,91.5,light
11/4/24 03:32,57,92.4,light
11/4/24 03:33,52,92.6,light
11/4/24 03:34,59,91.9,light
11/4/24 03:35,53,92.5,light
11/4/24 03:36,54,92.4,light
11/4/24 03:37,55,90.8,light
11/4/24 03:38,57,91.9,light
11/4/24 03:39,55,91.5,light
11/4/24 03:40,57,90.3,light
11/4/24 03:41,53,89.8,light
11/4/24 03:42,59,90,light
11/4/24 03:43,55,89.8,light
11/4/24 03:44,57,91.1,light
11/4/24 03:45,51,90.5,light
11/4/24 03:46,52,91.6,light
11/4/24 03:47,62,90.3,light
11/4/24 03:48,52,92,light
11/4/24 03:49,57,91.5,light
11/4/24 03:50,52,91.7,light
11/4/24 03:51,54,91.6,light
11/4/24 03:52,53,91.7,light
11/4/24 03:53,54,92.8,light
11/4/24 03:54,60,91.2,light
11/4/24 03:55,52,90.7,light
11/4/24 03:56,58,91.3,light
11/4/24 03:57,62,90.6,light
11/4/24 03:58,57,92.3,light
11/4/24 03:59,55,91,light
11/4/24 04:00,53,90.7,deep
11/4/24 04:01,61,90.8,deep
11/4/24 04:02,58,91.4,deep
11/4/24 04:03,56,90.9,deep
11/4/24 04:04,54,92.7,deep
11/4/24 04:05,56,92.3,deep
11/4/24 04:06,51,91.5,deep
11/4/24 04:07,59,91.4,deep
11/4/24 04:08,53,91.1,deep
11/4/24 04:09,47,88.3,deep
11/4/24 04:10,51,90.3,deep
11/4/24 04:11,58,90.3,deep
11/4/24 04:12,54,90.5,deep
11/4/24 04:13,55,92.4,deep
11/4/24 04:14,59,90.5,deep
11/4/24 04:15,56,90.5,deep
11/4/24 04:16,54,90.7,deep
11/4/24 04:17,53,91.9,deep
11/4/24 04:18,56,90.5,deep
11/4/24 04:19,53,90.4,deep
11/4/24 04:20,56,90.8,deep
11/4/24 04:21,54,90.7,deep
11/4/24 04:22,58,91.4,deep
11/4/24 04:23,57,90.3,deep
11/4/24 04:24,55,91.4,deep
11/4/24 04:25,61,90.6,deep
11/4/24 04:26,53,92.1,deep
11/4/24 04:27,58,91.2,deep
11/4/24 04:28,55,90.1,deep
11/4/24 04:29,56,92.3,deep
11/4/24 04:30,52,92.4,deep
11/4/24 04:31,58,91.1,deep
11/4/24 04:32,57,92.6,deep
11/4/24 04:33,59,89.8,deep
11/4/24 04:34,52,90.2,deep
11/4/24 04:35,53,89,deep
11/4/24 04:36,58,93.1,deep
11/4/24 04:37,59,90.5,deep
11/4/24 04:38,52,89.9,deep
11/4/24 04:39,53,91.4,deep
11/4/24 04:40,56,89.9,deep
11/4/24 04:41,61,90.2,deep
11/4/24 04:42,55,91.2,deep
11/4/24 04:43,52,91.3,deep
11/4/24 04:44,58,90.8,deep
11/4/24 04:45,53,91.4,deep
11/4/24 04:46,58,90.6,deep
11/4/24 04:47,50,90.9,deep
11/4/24 04:48,59,91.1,deep
11/4/24 04:49,50,92.4,deep
11/4/24 04:50,53,91.8,deep
11/4/24 04:51,49,91.7,deep
11/4/24 04:52,55,90.9,deep
11/4/24 04:53,56,90.7,deep
11/4/24 04:54,56,91.8,deep
11/4/24 04:55,59,91.9,deep
11/4/24 04:56,56,91,deep
11/4/24 04:57,50,91.3,deep
11/4/24 04:58,57,91.7,deep
11/4/24 04:59,57,92,deep
11/4/24 05:00,60,91.4,light
11/4/24 05:01,59,89.3,light
11/4/24 05:02,53,92.3,light
11/4/24 05:03,60,91.2,light
11/4/24 05:04,58,90.7,light
11/4/24 05:05,50,88.5,light
11/4/24 05:06,60,91.7,light
11/4/24 05:07,58,90.6,light
11/4/24 05:08,61,91.1,light
11/4/24 05:09,51,91.5,light
11/4/24 05:10,55,91.9,light
11/4/24 05:11,59,90.9,light
11/4/24 05:12,55,93.2,light
11/4/24 05:13,58,91.3,light
11/4/24 05:14,50,90.7,light
11/4/24 05:15,63,90.6,light
11/4/24 05:16,57,91,light
11/4/24 05:17,56,91.4,light
11/4/24 05:18,58,89.1,light
11/4/24 05:19,54,91.2,light
11/4/24 05:20,58,89.5,light
11/4/24 05:21,55,90.7,light
11/4/24 05:22,55,92.2,light
11/4/24 05:23,50,89.2,light
11/4/24 05:24,55,89.8,light
11/4/24 05:25,51,91,light
11/4/24 05:26,51,92.6,light
11/4/24 05:27,53,91.7,light
11/4/24 05:28,52,92.6,light
11/4/24 05:29,60,89.3,light
11/4/24 05:30,55,91.5,light
11/4/24 05:31,53,92.8,light
11/4/24 05:32,58,91.6,light
11/4/24 05:33,53,91.2,light
11/4/24 05:34,62,90.9,light
11/4/24 05:35,58,91.7,light
11/4/24 05:36,57,93,light
11/4/24 05:37,52,91.4,light
11/4/24 05:38,50,90,light
11/4/24 05:39,52,91.8,light
11/4/24 05:40,56,90.6,light
11/4/24 05:41,54,91.9,light
11/4/24 05:42,49,92.6,light
11/4/24 05:43,54,91.5,light
11/4/24 05:44,52,92.1,light
11/4/24 05:45,60,94.1,light
11/4/24 05:46,51,92.7,light
11/4/24 05:47,57,91,light
11/4/24 05:48,60,89.6,light
11/4/24 05:49,60,89.1,light
11/4/24 05:50,57,91,light
11/4/24 05:51,57,92.9,light
11/4/24 05:52,56,90.5,light
11/4/24 05:53,55,92.1,light
11/4/24 05:54,53,92.6,light
11/4/24 05:55,55,92.5,light
11/4/24 05:56,47,91.8,light
11/4/24 05:57,56,92.2,light
11/4/24 05:58,55,91.7,light
11/4/24 05:59,57,91,light
11/4/24 06:00,53,91.3,REM
11/4/24 21:00,53,91.1,light
11/4/24 21:01,51,90.8,light
11/4/24 21:02,53,91.6,light
11/4/24 21:03,46,92.9,light
11/4/24 21:04,55,91.1,light
11/4/24 21:05,53,93.4,light
11/4/24 21:06,56,90.9,light
11/4/24 21:07,51,92.6,light
11/4/24 21:08,54,89.4,light
11/4/24 21:09,51,92.2,light
11/4/24 21:10,49,91,light
11/4/24 21:11,52,90.1,light
11/4/24 21:12,50,90.1,light
11/4/24 21:13,55,90.3,light
11/4/24 21:14,54,89.7,light
11/4/24 21:15,54,93.2,light
11/4/24 21:16,48,91.3,light
11/4/24 21:17,52,90.9,light
11/4/24 21:18,47,90.5,light
11/4/24 21:19,57,91.7,light
11/4/24 21:20,47,90.5,light
11/4/24 21:21,51,91.7,light
11/4/24 21:22,51,90.3,light
11/4/24 21:23,49,92.7,light
11/4/24 21:24,49,93.5,light
11/4/24 21:25,48,90.7,light
11/4/24 21:26,55,90.6,light
11/4/24 21:27,54,92.3,light
11/4/24 21:28,51,91,light
11/4/24 21:29,51,90.6,light
11/4/24 21:30,50,91.8,light
11/4/24 21:31,50,90.7,light
11/4/24 21:32,55,90.2,light
11/4/24 21:33,54,91.4,light
11/4/24 21:34,51,91,light
11/4/24 21:35,54,92.5,light
11/4/24 21:36,49,93.5,light
11/4/24 21:37,51,93.8,light
11/4/24 21:38,48,90.5,light
11/4/24 21:39,47,91.1,light
11/4/24 21:40,58,90.8,light
11/4/24 21:41,59,93.6,light
11/4/24 21:42,46,92,light
11/4/24 21:43,56,90.7,light
11/4/24 21:44,47,89.2,light
11/4/24 21:45,49,90.7,light
11/4/24 21:46,50,91.6,light
11/4/24 21:47,49,91,light
11/4/24 21:48,50,91.2,light
11/4/24 21:49,47,89.8,light
11/4/24 21:50,52,91.3,light
11/4/24 21:51,55,91.7,light
11/4/24 21:52,47,90.3,light
11/4/24 21:53,55,91.7,light
11/4/24 21:54,53,93.1,light
11/4/24 21:55,51,90.2,light
11/4/24 21:56,49,91.2,light
11/4/24 21:57,55,94.6,light
11/4/24 21:58,51,90.8,light
11/4/24 21:59,55,93.1,light
11/4/24 22:00,66,90.4,light
11/4/24 22:01,63,91.2,light
11/4/24 22:02,70,91.6,light
11/4/24 22:03,62,94,light
11/4/24 22:04,63,90.1,light
11/4/24 22:05,67,92.3,light
11/4/24 22:06,69,93.8,light
11/4/24 22:07,67,92.1,light
11/4/24 22:08,61,91.1,light
11/4/24 22:09,64,91.8,light
11/4/24 22:10,61,91.3,light
11/4/24 22:11,59,90.2,light
11/4/24 22:12,56,91.6,light
11/4/24 22:13,64,90.2,light
11/4/24 22:14,64,91.7,light
11/4/24 22:15,64,92.2,light
11/4/24 22:16,61,89.7,light
11/4/24 22:17,64,90,light
11/4/24 22:18,67,89.1,light
11/4/24 22:19,66,91,light
11/4/24 22:20,59,91.8,light
11/4/24 22:21,66,92,light
11/4/24 22:22,64,90.7,light
11/4/24 22:23,70,90.8,light
11/4/24 22:24,63,93.6,light
11/4/24 22:25,70,93.9,light
11/4/24 22:26,68,91.4,light
11/4/24 22:27,69,91.6,light
11/4/24 22:28,67,92.5,light
11/4/24 22:29,67,89.2,light
11/4/24 22:30,59,92.9,deep
11/4/24 22:31,68,92.6,deep
11/4/24 22:32,60,92.1,deep
11/4/24 22:33,63,89.2,deep
11/4/24 22:34,66,90.8,deep
11/4/24 22:35,62,92.6,deep
11/4/24 22:36,69,93,deep
11/4/24 22:37,60,92.1,deep
11/4/24 22:38,61,91,deep
11/4/24 22:39,68,92.5,deep
11/4/24 22:40,65,91.2,deep
11/4/24 22:41,65,91,deep
11/4/24 22:42,69,91.9,deep
11/4/24 22:43,63,90.7,deep
11/4/24 22:44,65,91.3,deep
11/4/24 22:45,70,91.9,deep
11/4/24 22:46,63,90.1,deep
11/4/24 22:47,69,91.6,deep
11/4/24 22:48,69,90.1,deep
11/4/24 22:49,63,91.4,deep
11/4/24 22:50,68,91.5,deep
11/4/24 22:51,72,91.1,deep
11/4/24 22:52,68,92.2,deep
11/4/24 22:53,60,91.8,deep
11/4/24 22:54,60,91.4,deep
11/4/24 22:55,67,90.4,deep
11/4/24 22:56,63,90.3,deep
11/4/24 22:57,68,92.3,deep
11/4/24 22:58,63,91.6,deep
11/4/24 22:59,68,89.7,deep
11/4/24 23:00,60,90.7,deep
11/4/24 23:01,51,93.3,deep
11/4/24 23:02,51,90.6,deep
11/4/24 23:03,49,91.3,deep
11/4/24 23:04,50,91.8,deep
11/4/24 23:05,48,91.8,deep
11/4/24 23:06,48,91,deep
11/4/24 23:07,48,90.8,deep
11/4/24 23:08,56,92.8,deep
11/4/24 23:09,52,93.2,deep
11/4/24 23:10,54,91.9,deep
11/4/24 23:11,52,92.8,deep
11/4/24 23:12,49,91.4,deep
11/4/24 23:13,55,90.9,deep
11/4/24 23:14,47,90,deep
11/4/24 23:15,50,88.5,deep
11/4/24 23:16,55,92.2,deep
11/4/24 23:17,50,92.9,deep
11/4/24 23:18,53,90.4,deep
11/4/24 23:19,53,95.2,deep
11/4/24 23:20,53,92.7,deep
11/4/24 23:21,52,90.9,deep
11/4/24 23:22,51,91.5,deep
11/4/24 23:23,51,89.3,deep
11/4/24 23:24,49,89.2,deep
11/4/24 23:25,56,91.2,deep
11/4/24 23:26,54,90.9,deep
11/4/24 23:27,48,92.3,deep
11/4/24 23:28,53,90.4,deep
11/4/24 23:29,50,90.3,deep
11/4/24 23:30,54,91.2,light
11/4/24 23:31,52,92.3,light
11/4/24 23:32,47,90,light
11/4/24 23:33,52,91.7,light
11/4/24 23:34,46,91.3,light
11/4/24 23:35,50,90,light
11/4/24 23:36,51,91.4,light
11/4/24 23:37,53,91.7,light
11/4/24 23:38,46,90.4,light
11/4/24 23:39,55,91.7,light
11/4/24 23:40,52,88.3,light
11/4/24 23:41,50,88.7,light
11/4/24 23:42,54,92.1,light
11/4/24 23:43,49,91.4,light
11/4/24 23:44,56,91.7,light
11/4/24 23:45,55,91.2,light
11/4/24 23:46,52,91.9,light
11/4/24 23:47,48,88.7,light
11/4/24 23:48,51,91.4,light
11/4/24 23:49,55,92,light
11/4/24 23:50,52,91.9,light
11/4/24 23:51,56,91.5,light
11/4/24 23:52,50,91.1,light
11/4/24 23:53,49,91.6,light
11/4/24 23:54,46,90,light
11/4/24 23:55,49,93.1,light
11/4/24 23:56,53,89.9,light
11/4/24 23:57,58,89,light
11/4/24 23:58,48,91.3,light
11/4/24 23:59,54,92.8,light
11/5/24 00:00,59,91.1,light
11/5/24 00:01,64,90,light
11/5/24 00:02,65,90.1,light
11/5/24 00:03,69,92.4,light
11/5/24 00:04,68,89.8,light
11/5/24 00:05,67,91.2,light
11/5/24 00:06,66,91.7,light
11/5/24 00:07,68,91.5,light
11/5/24 00:08,68,91.6,light
11/5/24 00:09,67,91.4,light
11/5/24 00:10,68,91.1,light
11/5/24 00:11,63,89.4,light
11/5/24 00:12,62,92,light
11/5/24 00:13,74,89.8,light
11/5/24 00:14,68,92,light
11/5/24 00:15,67,90.2,light
11/5/24 00:16,66,91.9,light
11/5/24 00:17,62,89.6,light
11/5/24 00:18,60,92.5,light
11/5/24 00:19,62,91.3,light
11/5/24 00:20,60,93.6,light
11/5/24 00:21,65,91.8,light
11/5/24 00:22,60,92.2,light
11/5/24 00:23,62,90,light
11/5/24 00:24,60,93.2,light
11/5/24 00:25,59,90.9,light
11/5/24 00:26,55,91.8,light
11/5/24 00:27,67,90,light
11/5/24 00:28,59,92.3,light
11/5/24 00:29,70,91.7,light
11/5/24 00:30,58,91.3,REM
11/5/24 00:31,66,91.9,REM
11/5/24 00:32,63,91.4,REM
11/5/24 00:33,63,90.5,REM
11/5/24 00:34,57,90.1,REM
11/5/24 00:35,68,93.4,REM
11/5/24 00:36,63,90.4,REM
11/5/24 00:37,63,92,REM
11/5/24 00:38,63,90.6,REM
11/5/24 00:39,66,91.9,REM
11/5/24 00:40,64,90.9,REM
11/5/24 00:41,62,93,REM
11/5/24 00:42,69,92.3,REM
11/5/24 00:43,66,90.9,REM
11/5/24 00:44,65,92.5,REM
11/5/24 00:45,61,90.2,REM
11/5/24 00:46,61,90.6,REM
11/5/24 00:47,65,91,REM
11/5/24 00:48,65,90.8,REM
11/5/24 00:49,66,91.3,REM
11/5/24 00:50,62,91,light
11/5/24 00:51,62,92,light
11/5/24 00:52,71,90,light
11/5/24 00:53,64,90.3,light
11/5/24 00:54,66,92.3,light
11/5/24 00:55,68,90.8,light
11/5/24 00:56,62,92.1,light
11/5/24 00:57,59,91.1,light
11/5/24 00:58,66,91.2,light
11/5/24 00:59,67,92.1,light
11/5/24 01:00,50,91.2,light
11/5/24 01:01,48,92.8,light
11/5/24 01:02,55,90.9,light
11/5/24 01:03,51,91.2,light
11/5/24 01:04,50,92.4,light
11/5/24 01:05,48,91,light
11/5/24 01:06,52,89.2,light
11/5/24 01:07,52,89.9,light
11/5/24 01:08,50,89.9,light
11/5/24 01:09,58,90.7,light
11/5/24 01:10,48,92.6,light
11/5/24 01:11,50,92,light
11/5/24 01:12,48,92.8,light
11/5/24 01:13,48,92.6,light
11/5/24 01:14,48,91.7,light
11/5/24 01:15,48,90.7,light
11/5/24 01:16,50,90,light
11/5/24 01:17,55,92,light
11/5/24 01:18,50,89.6,light
11/5/24 01:19,49,93.2,light
11/5/24 01:20,53,92,light
11/5/24 01:21,51,92.4,light
11/5/24 01:22,52,90.8,light
11/5/24 01:23,51,91.3,light
11/5/24 01:24,50,90.7,light
11/5/24 01:25,51,93.2,light
11/5/24 01:26,53,90.1,light
11/5/24 01:27,46,92.7,light
11/5/24 01:28,54,90,light
11/5/24 01:29,57,94.1,light
11/5/24 01:30,50,91.1,light
11/5/24 01:31,47,93.2,light
11/5/24 01:32,51,91.4,light
11/5/24 01:33,57,92.1,light
11/5/24 01:34,53,88.8,light
11/5/24 01:35,52,89.6,light
11/5/24 01:36,51,88.8,light
11/5/24 01:37,46,90.5,light
11/5/24 01:38,49,91.3,light
11/5/24 01:39,53,93.2,light
11/5/24 01:40,52,90.4,light
11/5/24 01:41,52,89.7,light
11/5/24 01:42,49,92.2,light
11/5/24 01:43,50,92,light
11/5/24 01:44,45,89.7,light
11/5/24 01:45,50,92.4,light
11/5/24 01:46,57,91.7,light
11/5/24 01:47,49,91.6,light
11/5/24 01:48,51,89.6,light
11/5/24 01:49,52,93.1,light
11/5/24 01:50,53,90.2,light
11/5/24 01:51,50,90.4,light
11/5/24 01:52,55,90.3,light
11/5/24 01:53,51,93.3,light
11/5/24 01:54,53,92.3,light
11/5/24 01:55,52,94.2,light
11/5/24 01:56,52,90.5,light
11/5/24 01:57,47,92.9,light
11/5/24 01:58,52,93,light
11/5/24 01:59,50,89.1,light
11/5/24 02:00,60,90.2,light
11/5/24 02:01,72,91.6,light
11/5/24 02:02,63,91.8,light
11/5/24 02:03,66,89.6,light
11/5/24 02:04,68,92.9,light
11/5/24 02:05,68,90.5,light
11/5/24 02:06,58,91.2,light
11/5/24 02:07,64,89.6,light
11/5/24 02:08,62,88,light
11/5/24 02:09,58,92.4,light
11/5/24 02:10,59,90.2,light
11/5/24 02:11,68,90.7,light
11/5/24 02:12,64,90.9,light
11/5/24 02:13,64,90.9,light
11/5/24 02:14,63,91.4,light
11/5/24 02:15,65,91.8,light
11/5/24 02:16,67,91,light
11/5/24 02:17,67,91.9,light
11/5/24 02:18,65,91.9,light
11/5/24 02:19,65,94.4,light
11/5/24 02:20,66,91.3,wake
11/5/24 02:21,68,91.6,wake
11/5/24 02:22,71,91.1,wake
11/5/24 02:23,60,91.6,wake
11/5/24 02:24,65,91.6,wake
11/5/24 02:25,73,90.6,wake
11/5/24 02:26,59,90.8,wake
11/5/24 02:27,68,92.6,wake
11/5/24 02:28,68,93,wake
11/5/24 02:29,60,90.3,wake
11/5/24 02:30,63,92.3,light
11/5/24 02:31,62,92.1,light
11/5/24 02:32,69,93.1,light
11/5/24 02:33,61,89.7,light
11/5/24 02:34,67,92.4,light
11/5/24 02:35,69,92.4,light
11/5/24 02:36,72,90.4,light
11/5/24 02:37,67,93.1,light
11/5/24 02:38,66,91.9,light
11/5/24 02:39,64,89.5,light
11/5/24 02:40,62,93.5,light
11/5/24 02:41,62,90.1,light
11/5/24 02:42,62,92.2,light
11/5/24 02:43,67,89.9,light
11/5/24 02:44,68,90,light
11/5/24 02:45,69,93.6,light
11/5/24 02:46,62,91.9,light
11/5/24 02:47,63,93,light
11/5/24 02:48,62,92.5,light
11/5/24 02:49,59,91.2,light
11/5/24 02:50,66,93.7,light
11/5/24 02:51,61,91.4,light
11/5/24 02:52,63,91.2,light
11/5/24 02:53,69,93.4,light
11/5/24 02:54,72,90.1,light
11/5/24 02:55,64,92.4,light
11/5/24 02:56,63,91.7,light
11/5/24 02:57,57,89.7,light
11/5/24 02:58,64,92.3,light
11/5/24 02:59,68,89.2,light
11/5/24 03:00,54,92.9,light
11/5/24 03:01,48,90.7,light
11/5/24 03:02,55,90.1,light
11/5/24 03:03,47,89.9,light
11/5/24 03:04,56,93.1,light
11/5/24 03:05,55,91.7,light
11/5/24 03:06,50,90.8,light
11/5/24 03:07,51,92.5,light
11/5/24 03:08,49,90.5,light
11/5/24 03:09,52,89.5,light
11/5/24 03:10,52,92,light
11/5/24 03:11,47,92.5,light
11/5/24 03:12,46,91,light
11/5/24 03:13,54,90.5,light
11/5/24 03:14,47,93.2,light
11/5/24 03:15,51,91.1,light
11/5/24 03:16,48,92.7,light
11/5/24 03:17,54,92,light
11/5/24 03:18,53,93.1,light
11/5/24 03:19,53,93,light
11/5/24 03:20,49,92.1,light
11/5/24 03:21,52,92.9,light
11/5/24 03:22,54,89,light
11/5/24 03:23,51,91.3,light
11/5/24 03:24,53,92.6,light
11/5/24 03:25,51,91.9,light
11/5/24 03:26,49,89.6,light
11/5/24 03:27,54,91.1,light
11/5/24 03:28,56,92.5,light
11/5/24 03:29,48,92.6,light
11/5/24 03:30,48,91.2,light
11/5/24 03:31,53,92.2,light
11/5/24 03:32,54,93.8,light
11/5/24 03:33,52,93,light
11/5/24 03:34,53,90.6,light
11/5/24 03:35,51,89.9,light
11/5/24 03:36,46,91.9,light
11/5/24 03:37,52,93.2,light
11/5/24 03:38,49,88.6,light
11/5/24 03:39,54,90.3,light
11/5/24 03:40,51,91.9,light
11/5/24 03:41,52,89.1,light
11/5/24 03:42,51,92.3,light
11/5/24 03:43,50,91.1,light
11/5/24 03:44,56,92.2,light
11/5/24 03:45,49,90.5,light
11/5/24 03:46,52,90.2,light
11/5/24 03:47,54,91,light
11/5/24 03:48,54,90.2,light
11/5/24 03:49,53,92.7,light
11/5/24 03:50,49,92.5,light
11/5/24 03:51,52,90.5,light
11/5/24 03:52,51,91.2,light
11/5/24 03:53,49,91.2,light
11/5/24 03:54,52,92.3,light
11/5/24 03:55,57,90.6,light
11/5/24 03:56,53,91.3,light
11/5/24 03:57,59,92.3,light
11/5/24 03:58,48,92.9,light
11/5/24 03:59,48,90.6,light
11/5/24 04:00,64,92.8,deep
11/5/24 04:01,66,93,deep
11/5/24 04:02,65,90.1,deep
11/5/24 04:03,67,91.9,deep
11/5/24 04:04,65,92.5,deep
11/5/24 04:05,69,92.2,deep
11/5/24 04:06,62,89.7,deep
11/5/24 04:07,64,90.7,deep
11/5/24 04:08,66,89.7,deep
11/5/24 04:09,63,91,deep
11/5/24 04:10,65,92.1,deep
11/5/24 04:11,68,91.1,deep
11/5/24 04:12,64,94.6,deep
11/5/24 04:13,65,90.8,deep
11/5/24 04:14,60,91.7,deep
11/5/24 04:15,65,95.1,deep
11/5/24 04:16,64,92.7,deep
11/5/24 04:17,70,90.7,deep
11/5/24 04:18,65,91.2,deep
11/5/24 04:19,64,90.9,deep
11/5/24 04:20,65,90.5,deep
11/5/24 04:21,59,89.3,deep
11/5/24 04:22,66,91.2,deep
11/5/24 04:23,64,91.9,deep
11/5/24 04:24,57,91.8,deep
11/5/24 04:25,63,91.3,deep
11/5/24 04:26,62,91.7,deep
11/5/24 04:27,71,91,deep
11/5/24 04:28,64,92.4,deep
11/5/24 04:29,60,92.6,deep
11/5/24 04:30,59,92.2,deep
11/5/24 04:31,69,92.2,deep
11/5/24 04:32,61,91.9,deep
11/5/24 04:33,68,88.7,deep
11/5/24 04:34,66,92.3,deep
11/5/24 04:35,64,91.1,deep
11/5/24 04:36,69,91.8,deep
11/5/24 04:37,68,90,deep
11/5/24 04:38,60,91.7,deep
11/5/24 04:39,61,90.9,deep
11/5/24 04:40,64,91.9,deep
11/5/24 04:41,61,91.1,deep
11/5/24 04:42,67,89.9,deep
11/5/24 04:43,66,92.4,deep
11/5/24 04:44,68,92,deep
11/5/24 04:45,62,92.3,deep
11/5/24 04:46,71,92.9,deep
11/5/24 04:47,68,91.2,deep
11/5/24 04:48,65,90.4,deep
11/5/24 04:49,59,91,deep
11/5/24 04:50,69,90.5,deep
11/5/24 04:51,70,92.4,deep
11/5/24 04:52,67,90.2,deep
11/5/24 04:53,68,90.3,deep
11/5/24 04:54,60,90.2,deep
11/5/24 04:55,57,92.9,deep
11/5/24 04:56,62,90.4,deep
11/5/24 04:57,62,91.9,deep
11/5/24 04:58,53,91.3,deep
11/5/24 04:59,69,90.9,deep
11/5/24 05:00,50,90.5,light
11/5/24 05:01,54,90.6,light
11/5/24 05:02,54,89.6,light
11/5/24 05:03,53,88.3,light
11/5/24 05:04,55,93.6,light
11/5/24 05:05,50,90.7,light
11/5/24 05:06,50,91.9,light
11/5/24 05:07,47,92.7,light
11/5/24 05:08,52,91,light
11/5/24 05:09,48,90.7,light
11/5/24 05:10,55,92.6,light
11/5/24 05:11,49,91.6,light
11/5/24 05:12,52,91,light
11/5/24 05:13,49,92,light
11/5/24 05:14,48,91.5,light
11/5/24 05:15,54,92.2,light
11/5/24 05:16,50,91.7,light
11/5/24 05:17,50,92.3,light
11/5/24 05:18,59,90.6,light
11/5/24 05:19,53,93.1,light
11/5/24 05:20,56,89.4,light
11/5/24 05:21,47,92.5,light
11/5/24 05:22,50,92.6,light
11/5/24 05:23,52,93.8,light
11/5/24 05:24,47,92.9,light
11/5/24 05:25,56,90.3,light
11/5/24 05:26,51,91.8,light
11/5/24 05:27,50,92.2,light
11/5/24 05:28,57,90.8,light
11/5/24 05:29,51,91.3,light
11/5/24 05:30,50,92,light
11/5/24 05:31,52,90.8,light
11/5/24 05:32,49,90.6,light
11/5/24 05:33,55,90,light
11/5/24 05:34,52,92.8,light
11/5/24 05:35,56,90.9,light
11/5/24 05:36,51,90.2,light
11/5/24 05:37,51,91.8,light
11/5/24 05:38,49,93.5,light
11/5/24 05:39,53,90.6,light
11/5/24 05:40,54,91.7,light
11/5/24 05:41,52,92,light
11/5/24 05:42,53,92.5,light
11/5/24 05:43,47,90.6,light
11/5/24 05:44,51,92.3,light
11/5/24 05:45,51,90.7,light
11/5/24 05:46,51,92.8,light
11/5/24 05:47,50,92.2,light
11/5/24 05:48,52,91.6,light
11/5/24 05:49,52,92.7,light
11/5/24 05:50,56,87.6,light
11/5/24 05:51,49,92.1,light
11/5/24 05:52,53,92.5,light
11/5/24 05:53,53,91.1,light
11/5/24 05:54,53,90.3,light
11/5/24 05:55,51,89.9,light
11/5/24 05:56,54,92.2,light
11/5/24 05:57,49,89.8,light
11/5/24 05:58,50,87.8,light
11/5/24 05:59,53,91.1,light
11/5/24 06:00,73,91.6,REM
11/5/24 22:45,70,90.9,light
11/5/24 22:46,76,89.4,light
11/5/24 22:47,76,89.7,light
11/5/24 22:48,79,91.3,light
11/5/24 22:49,72,90.8,light
11/5/24 22:50,72,93.6,light
11/5/24 22:51,72,92.9,light
11/5/24 22:52,71,91.9,light
11/5/24 22:53,64,90.7,light
11/5/24 22:54,78,89.7,light
11/5/24 22:55,78,89,light
11/5/24 22:56,68,91.8,light
11/5/24 22:57,73,86.4,light
11/5/24 22:58,72,89.8,light
11/5/24 22:59,72,90,light
11/5/24 23:00,66,90,light
11/5/24 23:01,72,91.7,light
11/5/24 23:02,77,88.8,light
11/5/24 23:03,85,90.9,light
11/5/24 23:04,76,94.7,light
11/5/24 23:05,75,88.1,light
11/5/24 23:06,72,90.3,light
11/5/24 23:07,72,89.9,light
11/5/24 23:08,78,89.6,light
11/5/24 23:09,76,91.6,light
11/5/24 23:10,72,92.2,light
11/5/24 23:11,70,91.7,light
11/5/24 23:12,74,89.4,light
11/5/24 23:13,72,94.2,light
11/5/24 23:14,74,87.8,light
11/5/24 23:15,74,89,light
11/5/24 23:16,76,90.8,light
11/5/24 23:17,69,91.6,light
11/5/24 23:18,79,91.2,light
11/5/24 23:19,86,92.9,light
11/5/24 23:20,79,90.3,light
11/5/24 23:21,75,90.7,light
11/5/24 23:22,78,89.6,light
11/5/24 23:23,70,91.4,light
11/5/24 23:24,68,91.2,light
11/5/24 23:25,78,90,light
11/5/24 23:26,72,91.3,light
11/5/24 23:27,69,92.5,light
11/5/24 23:28,71,87.2,light
11/5/24 23:29,70,91,light
11/5/24 23:30,75,90.1,light
11/5/24 23:31,77,91.9,light
11/5/24 23:32,78,90.1,light
11/5/24 23:33,78,92.5,light
11/5/24 23:34,78,89.5,light
11/5/24 23:35,74,87.2,light
11/5/24 23:36,72,92.1,light
11/5/24 23:37,68,90.7,light
11/5/24 23:38,79,88.1,light
11/5/24 23:39,74,90.5,light
11/5/24 23:40,73,90.1,light
11/5/24 23:41,79,91.7,light
11/5/24 23:42,71,91.8,light
11/5/24 23:43,78,90.6,light
11/5/24 23:44,76,89.2,light
11/5/24 23:45,70,90.9,light
11/5/24 23:46,74,90.7,light
11/5/24 23:47,78,91.4,light
11/5/24 23:48,78,89.2,light
11/5/24 23:49,80,89.9,light
11/5/24 23:50,76,91.3,light
11/5/24 23:51,88,92.4,light
11/5/24 23:52,71,91.9,light
11/5/24 23:53,73,90.6,light
11/5/24 23:54,74,89.8,light
11/5/24 23:55,69,91.9,light
11/5/24 23:56,79,88.9,light
11/5/24 23:57,78,89.3,light
11/5/24 23:58,75,92.8,light
11/5/24 23:59,72,91.1,light
11/6/24 00:00,69,91.2,light
11/6/24 00:01,71,91.7,light
11/6/24 00:02,77,92.4,light
11/6/24 00:03,74,89.8,light
11/6/24 00:04,73,89.9,light
11/6/24 00:05,77,89.7,light
11/6/24 00:06,79,91.9,light
11/6/24 00:07,76,92,light
11/6/24 00:08,76,92.6,light
11/6/24 00:09,80,92,light
11/6/24 00:10,75,88.1,light
11/6/24 00:11,73,90.9,light
11/6/24 00:12,77,88.9,light
11/6/24 00:13,73,89.7,light
11/6/24 00:14,73,90.8,light
11/6/24 00:15,68,92.3,deep
11/6/24 00:16,64,90.6,deep
11/6/24 00:17,57,91.1,deep
11/6/24 00:18,66,91.7,deep
11/6/24 00:19,63,94.1,deep
11/6/24 00:20,64,91.3,deep
11/6/24 00:21,66,91.5,deep
11/6/24 00:22,64,93.3,deep
11/6/24 00:23,65,92.1,deep
11/6/24 00:24,58,93.2,deep
11/6/24 00:25,62,91.9,deep
11/6/24 00:26,69,91.8,deep
11/6/24 00:27,64,90.4,deep
11/6/24 00:28,59,91.9,deep
11/6/24 00:29,61,93.4,deep
11/6/24 00:30,62,91.7,deep
11/6/24 00:31,65,91.6,deep
11/6/24 00:32,63,91.4,deep
11/6/24 00:33,63,92.3,deep
11/6/24 00:34,65,94,deep
11/6/24 00:35,66,92,deep
11/6/24 00:36,64,90.9,deep
11/6/24 00:37,63,91.4,deep
11/6/24 00:38,63,92.6,deep
11/6/24 00:39,66,90.9,deep
11/6/24 00:40,64,92.4,deep
11/6/24 00:41,67,89.2,deep
11/6/24 00:42,61,91.3,deep
11/6/24 00:43,62,92.1,deep
11/6/24 00:44,67,92.8,deep
11/6/24 00:45,62,90.7,deep
11/6/24 00:46,69,90,deep
11/6/24 00:47,69,91.2,deep
11/6/24 00:48,69,90.4,deep
11/6/24 00:49,62,91.4,deep
11/6/24 00:50,65,91.5,deep
11/6/24 00:51,63,90.2,deep
11/6/24 00:52,67,92.3,deep
11/6/24 00:53,70,90.3,deep
11/6/24 00:54,67,92.6,deep
11/6/24 00:55,65,89.7,deep
11/6/24 00:56,63,90.5,deep
11/6/24 00:57,66,92,deep
11/6/24 00:58,61,90.7,deep
11/6/24 00:59,66,91.3,deep
11/6/24 01:00,62,91.5,deep
11/6/24 01:01,66,91.7,deep
11/6/24 01:02,64,90.8,deep
11/6/24 01:03,63,91.6,deep
11/6/24 01:04,62,90.7,deep
11/6/24 01:05,63,92.2,deep
11/6/24 01:06,66,91.4,deep
11/6/24 01:07,68,91.7,deep
11/6/24 01:08,66,94.1,deep
11/6/24 01:09,69,90.4,deep
11/6/24 01:10,72,92.6,deep
11/6/24 01:11,64,88.8,deep
11/6/24 01:12,64,89.4,deep
11/6/24 01:13,60,90.3,deep
11/6/24 01:14,68,90.3,deep
11/6/24 01:15,68,91.7,light
11/6/24 01:16,62,91.8,light
11/6/24 01:17,66,91.2,light
11/6/24 01:18,68,91.4,light
11/6/24 01:19,65,92,light
11/6/24 01:20,67,92.3,light
11/6/24 01:21,65,90.2,light
11/6/24 01:22,61,91.1,light
11/6/24 01:23,68,91.4,light
11/6/24 01:24,68,92,light
11/6/24 01:25,67,90.7,light
11/6/24 01:26,62,91.4,light
11/6/24 01:27,62,91.5,light
11/6/24 01:28,61,90.8,light
11/6/24 01:29,67,90.8,light
11/6/24 01:30,68,91.6,light
11/6/24 01:31,66,91.4,light
11/6/24 01:32,67,92,light
11/6/24 01:33,62,90.4,light
11/6/24 01:34,65,91.1,light
11/6/24 01:35,60,91.3,light
11/6/24 01:36,62,92.3,light
11/6/24 01:37,67,90.6,light
11/6/24 01:38,64,91.7,light
11/6/24 01:39,68,91.8,light
11/6/24 01:40,66,93.1,light
11/6/24 01:41,73,89,light
11/6/24 01:42,65,90.8,light
11/6/24 01:43,60,90.6,light
11/6/24 01:44,64,89.8,light
11/6/24 01:45,53,94.4,light
11/6/24 01:46,56,92,light
11/6/24 01:47,55,92.3,light
11/6/24 01:48,54,94.1,light
11/6/24 01:49,54,91.6,light
11/6/24 01:50,56,93.6,light
11/6/24 01:51,54,91.9,light
11/6/24 01:52,56,94,light
11/6/24 01:53,57,91.3,light
11/6/24 01:54,54,91.6,light
11/6/24 01:55,53,92.6,light
11/6/24 01:56,53,93.8,light
11/6/24 01:57,56,93,light
11/6/24 01:58,55,92.7,light
11/6/24 01:59,56,94.1,light
11/6/24 02:00,58,94.7,light
11/6/24 02:01,55,93.5,light
11/6/24 02:02,53,92.5,light
11/6/24 02:03,57,92.7,light
11/6/24 02:04,55,92,light
11/6/24 02:05,56,93.1,light
11/6/24 02:06,57,91.7,light
11/6/24 02:07,53,93.4,light
11/6/24 02:08,57,94.6,light
11/6/24 02:09,56,93.6,light
11/6/24 02:10,53,92.6,light
11/6/24 02:11,55,93.4,light
11/6/24 02:12,55,94.3,light
11/6/24 02:13,55,94.3,light
11/6/24 02:14,56,92.2,light
11/6/24 02:15,57,93.4,REM
11/6/24 02:16,55,92.9,REM
11/6/24 02:17,57,93.6,REM
11/6/24 02:18,56,93.3,REM
11/6/24 02:19,55,91.1,REM
11/6/24 02:20,55,92.7,REM
11/6/24 02:21,52,93.2,REM
11/6/24 02:22,51,91.9,REM
11/6/24 02:23,55,93.5,REM
11/6/24 02:24,53,91.8,REM
11/6/24 02:25,54,92.4,REM
11/6/24 02:26,53,94.1,REM
11/6/24 02:27,51,92.3,REM
11/6/24 02:28,55,93.5,REM
11/6/24 02:29,54,91.6,REM
11/6/24 02:30,55,94.7,REM
11/6/24 02:31,53,92.8,REM
11/6/24 02:32,54,93.1,REM
11/6/24 02:33,58,93.1,REM
11/6/24 02:34,55,93.5,REM
11/6/24 02:35,56,91.8,light
11/6/24 02:36,52,93,light
11/6/24 02:37,59,92.5,light
11/6/24 02:38,58,91.6,light
11/6/24 02:39,57,93.8,light
11/6/24 02:40,56,92.7,light
11/6/24 02:41,55,93.2,light
11/6/24 02:42,55,93.1,light
11/6/24 02:43,57,92.7,light
11/6/24 02:44,53,94.6,light
11/6/24 02:45,54,93,light
11/6/24 02:46,51,91.8,light
11/6/24 02:47,53,92.7,light
11/6/24 02:48,58,93.4,light
11/6/24 02:49,54,93.4,light
11/6/24 02:50,54,92.1,light
11/6/24 02:51,55,93.7,light
11/6/24 02:52,51,91.6,light
11/6/24 02:53,56,93.9,light
11/6/24 02:54,57,91.9,light
11/6/24 02:55,55,92.8,light
11/6/24 02:56,58,93.9,light
11/6/24 02:57,52,93.1,light
11/6/24 02:58,58,93.7,light
11/6/24 02:59,53,93.5,light
11/6/24 03:00,52,94,light
11/6/24 03:01,54,93.8,light
11/6/24 03:02,58,92.6,light
11/6/24 03:03,54,93.5,light
11/6/24 03:04,53,91.8,light
11/6/24 03:05,52,93,light
11/6/24 03:06,54,93.7,light
11/6/24 03:07,51,93.1,light
11/6/24 03:08,52,93.4,light
11/6/24 03:09,58,92.8,light
11/6/24 03:10,57,93.9,light
11/6/24 03:11,54,92.9,light
11/6/24 03:12,54,92.6,light
11/6/24 03:13,55,93.7,light
11/6/24 03:14,59,91.9,light
11/6/24 03:15,76,91.3,light
11/6/24 03:16,78,88.9,light
11/6/24 03:17,74,92.4,light
11/6/24 03:18,75,90.1,light
11/6/24 03:19,77,90.7,light
11/6/24 03:20,75,91.1,light
11/6/24 03:21,67,89.6,light
11/6/24 03:22,80,89.5,light
11/6/24 03:23,72,92.1,light
11/6/24 03:24,83,91.8,light
11/6/24 03:25,77,90.9,light
11/6/24 03:26,75,88.5,light
11/6/24 03:27,76,91.4,light
11/6/24 03:28,74,91.6,light
11/6/24 03:29,73,90.6,light
11/6/24 03:30,75,92.3,light
11/6/24 03:31,78,89.5,light
11/6/24 03:32,73,89.7,light
11/6/24 03:33,72,86.8,light
11/6/24 03:34,73,91.9,light
11/6/24 03:35,78,91,light
11/6/24 03:36,80,88,light
11/6/24 03:37,76,87.9,light
11/6/24 03:38,77,89.2,light
11/6/24 03:39,72,91.7,light
11/6/24 03:40,78,90,light
11/6/24 03:41,77,89.3,light
11/6/24 03:42,72,89,light
11/6/24 03:43,67,90.4,light
11/6/24 03:44,70,87.6,light
11/6/24 03:45,72,88.7,light
11/6/24 03:46,79,88.9,light
11/6/24 03:47,81,91.5,light
11/6/24 03:48,73,90.3,light
11/6/24 03:49,73,89.3,light
11/6/24 03:50,76,94,light
11/6/24 03:51,75,89.5,light
11/6/24 03:52,78,92.3,light
11/6/24 03:53,72,92.9,light
11/6/24 03:54,78,88.1,light
11/6/24 03:55,74,90.6,light
11/6/24 03:56,78,89.7,light
11/6/24 03:57,73,89.6,light
11/6/24 03:58,72,91.3,light
11/6/24 03:59,82,89.6,light
11/6/24 04:00,79,89.8,light
11/6/24 04:01,67,91.3,light
11/6/24 04:02,73,89.9,light
11/6/24 04:03,79,88.7,light
11/6/24 04:04,70,91.7,light
11/6/24 04:05,78,92.1,wake
11/6/24 04:06,77,91,wake
11/6/24 04:07,72,89.9,wake
11/6/24 04:08,74,89.4,wake
11/6/24 04:09,66,90.8,wake
11/6/24 04:10,82,94,wake
11/6/24 04:11,73,91.9,wake
11/6/24 04:12,78,89.2,wake
11/6/24 04:13,77,90.7,wake
11/6/24 04:14,80,90,wake
11/6/24 04:15,73,91.4,light
11/6/24 04:16,75,91.3,light
11/6/24 04:17,77,92.1,light
11/6/24 04:18,78,89.2,light
11/6/24 04:19,79,90.7,light
11/6/24 04:20,73,87.9,light
11/6/24 04:21,72,88.6,light
11/6/24 04:22,80,91.8,light
11/6/24 04:23,66,90.5,light
11/6/24 04:24,81,89.2,light
11/6/24 04:25,73,90.5,light
11/6/24 04:26,74,91.5,light
11/6/24 04:27,72,88.9,light
11/6/24 04:28,74,85.3,light
11/6/24 04:29,80,89.2,light
11/6/24 04:30,78,92.3,light
11/6/24 04:31,76,91,light
11/6/24 04:32,75,92.5,light
11/6/24 04:33,69,90.4,light
11/6/24 04:34,71,88,light
11/6/24 04:35,73,91.2,light
11/6/24 04:36,76,90.9,light
11/6/24 04:37,75,91,light
11/6/24 04:38,78,91.9,light
11/6/24 04:39,76,91.1,light
11/6/24 04:40,75,91.1,light
11/6/24 04:41,84,91.6,light
11/6/24 04:42,76,91.3,light
11/6/24 04:43,73,91.8,light
11/6/24 04:44,82,92,light
11/6/24 04:45,68,93,light
11/6/24 04:46,70,89.5,light
11/6/24 04:47,64,92,light
11/6/24 04:48,67,91.1,light
11/6/24 04:49,60,90.7,light
11/6/24 04:50,67,90.8,light
11/6/24 04:51,64,92,light
11/6/24 04:52,60,91.9,light
11/6/24 04:53,68,91.9,light
11/6/24 04:54,59,92.8,light
11/6/24 04:55,59,93,light
11/6/24 04:56,66,92.3,light
11/6/24 04:57,66,90,light
11/6/24 04:58,67,91.5,light
11/6/24 04:59,67,91.6,light
11/6/24 05:00,69,92.3,light
11/6/24 05:01,67,90.1,light
11/6/24 05:02,64,93,light
11/6/24 05:03,64,91.7,light
11/6/24 05:04,64,91.8,light
11/6/24 05:05,65,91.1,light
11/6/24 05:06,61,92,light
11/6/24 05:07,66,91.5,light
11/6/24 05:08,64,92.7,light
11/6/24 05:09,65,90.1,light
11/6/24 05:10,65,91.7,light
11/6/24 05:11,57,93.3,light
11/6/24 05:12,62,91.3,light
11/6/24 05:13,64,91.1,light
11/6/24 05:14,64,91.1,light
11/6/24 05:15,65,91.7,light
11/6/24 05:16,65,89.7,light
11/6/24 05:17,69,92.5,light
11/6/24 05:18,65,91,light
11/6/24 05:19,64,91.6,light
11/6/24 05:20,60,91.9,light
11/6/24 05:21,60,91,light
11/6/24 05:22,66,91.4,light
11/6/24 05:23,68,89.5,light
11/6/24 05:24,69,92.2,light
11/6/24 05:25,62,92.6,light
11/6/24 05:26,64,89.8,light
11/6/24 05:27,65,91.1,light
11/6/24 05:28,71,88.7,light
11/6/24 05:29,65,91.3,light
11/6/24 05:30,69,92.1,light
11/6/24 05:31,65,92.5,light
11/6/24 05:32,68,92.6,light
11/6/24 05:33,68,92.8,light
11/6/24 05:34,65,91.3,light
11/6/24 05:35,61,90.4,light
11/6/24 05:36,64,91.4,light
11/6/24 05:37,69,92.1,light
11/6/24 05:38,67,90.3,light
11/6/24 05:39,63,93.2,light
11/6/24 05:40,63,92.4,light
11/6/24 05:41,59,92.8,light
11/6/24 05:42,69,90.8,light
11/6/24 05:43,67,90.8,light
11/6/24 05:44,64,91.6,light
11/6/24 05:45,65,91.3,deep
11/6/24 05:46,58,93.8,deep
11/6/24 05:47,63,91.2,deep
11/6/24 05:48,69,92,deep
11/6/24 05:49,67,91.5,deep
11/6/24 05:50,65,91.8,deep
11/6/24 05:51,64,91.3,deep
11/6/24 05:52,67,92.2,deep
11/6/24 05:53,64,92.2,deep
11/6/24 05:54,60,92,deep
11/6/24 05:55,64,92.1,deep
11/6/24 05:56,66,90.6,deep
11/6/24 05:57,68,91.8,deep
11/6/24 05:58,60,92.7,deep
11/6/24 05:59,64,92,deep
11/6/24 06:00,64,90.5,deep
11/6/24 06:01,61,91.5,deep
11/6/24 06:02,66,91.9,deep
11/6/24 06:03,67,90.7,deep
11/6/24 06:04,64,90.1,deep
11/6/24 06:05,71,90,deep
11/6/24 06:06,64,90.8,deep
11/6/24 06:07,63,91.5,deep
11/6/24 06:08,63,89.9,deep
11/6/24 06:09,62,92.1,deep
11/6/24 06:10,63,90.9,deep
11/6/24 06:11,60,92.5,deep
11/6/24 06:12,64,91.2,deep
11/6/24 06:13,65,91.5,deep
11/6/24 06:14,58,92.9,deep
11/6/24 06:15,54,92.4,deep
11/6/24 06:16,55,95,deep
11/6/24 06:17,56,92.6,deep
11/6/24 06:18,57,93.8,deep
11/6/24 06:19,56,92.1,deep
11/6/24 06:20,53,93.3,deep
11/6/24 06:21,53,93.4,deep
11/6/24 06:22,56,93,deep
11/6/24 06:23,53,92.5,deep
11/6/24 06:24,52,92.8,deep
11/6/24 06:25,59,92.7,deep
11/6/24 06:26,54,94.9,deep
11/6/24 06:27,53,93,deep
11/6/24 06:28,50,93.4,deep
11/6/24 06:29,56,94.4,deep
11/6/24 06:30,53,92.3,deep
11/6/24 06:31,55,93,deep
11/6/24 06:32,56,92.8,deep
11/6/24 06:33,53,92.9,deep
11/6/24 06:34,55,92.9,deep
11/6/24 06:35,58,92.4,deep
11/6/24 06:36,50,93.2,deep
11/6/24 06:37,53,92.1,deep
11/6/24 06:38,53,93.8,deep
11/6/24 06:39,54,93.5,deep
11/6/24 06:40,54,92.6,deep
11/6/24 06:41,52,92.6,deep
11/6/24 06:42,53,93.2,deep
11/6/24 06:43,53,92.4,deep
11/6/24 06:44,54,94.4,deep
11/6/24 06:45,55,93.3,light
11/6/24 06:46,56,93.3,light
11/6/24 06:47,57,93.5,light
11/6/24 06:48,56,92.5,light
11/6/24 06:49,53,93.9,light
11/6/24 06:50,54,93.1,light
11/6/24 06:51,59,93.8,light
11/6/24 06:52,57,92.8,light
11/6/24 06:53,54,94.1,light
11/6/24 06:54,58,93.3,light
11/6/24 06:55,54,94.7,light
11/6/24 06:56,53,92.7,light
11/6/24 06:57,57,93.2,light
11/6/24 06:58,52,92.2,light
11/6/24 06:59,51,92.6,light
11/6/24 07:00,56,93.5,light
11/6/24 07:01,55,93.9,light
11/6/24 07:02,55,95.4,light
11/6/24 07:03,54,92.9,light
11/6/24 07:04,54,92.3,light
11/6/24 07:05,54,93.6,light
11/6/24 07:06,53,92.1,light
11/6/24 07:07,54,93.5,light
11/6/24 07:08,54,92.6,light
11/6/24 07:09,53,93.2,light
11/6/24 07:10,53,93.9,light
11/6/24 07:11,49,92.9,light
11/6/24 07:12,56,93.7,light
11/6/24 07:13,55,93.7,light
11/6/24 07:14,54,91.5,light
11/6/24 07:15,55,92.3,light
11/7/24 21:45,78,90,light
11/7/24 21:46,86,90,light
11/7/24 21:47,73,90.6,light
11/7/24 21:48,75,92.1,light
11/7/24 21:49,81,88.4,light
11/7/24 21:50,68,92,light
11/7/24 21:51,80,89.3,light
11/7/24 21:52,76,91.3,light
11/7/24 21:53,71,89.8,light
11/7/24 21:54,69,89.2,light
11/7/24 21:55,72,91.1,light
11/7/24 21:56,65,91.9,light
11/7/24 21:57,73,89.6,light
11/7/24 21:58,77,89.5,light
11/7/24 21:59,73,88.5,light
11/7/24 22:00,80,91.7,light
11/7/24 22:01,81,91.8,light
11/7/24 22:02,80,89.2,light
11/7/24 22:03,75,89.7,light
11/7/24 22:04,65,91.4,light
11/7/24 22:05,72,93.9,light
11/7/24 22:06,74,91.3,light
11/7/24 22:07,71,89.1,light
11/7/24 22:08,74,91,light
11/7/24 22:09,81,88.4,light
11/7/24 22:10,68,92.2,light
11/7/24 22:11,82,93,light
11/7/24 22:12,78,93,light
11/7/24 22:13,76,91.6,light
11/7/24 22:14,72,89.6,light
11/7/24 22:15,71,88.5,light
11/7/24 22:16,68,90.1,light
11/7/24 22:17,81,86.3,light
11/7/24 22:18,81,91.5,light
11/7/24 22:19,69,91.4,light
11/7/24 22:20,72,91.9,light
11/7/24 22:21,76,92.6,light
11/7/24 22:22,73,90.6,light
11/7/24 22:23,67,91.6,light
11/7/24 22:24,72,89.8,light
11/7/24 22:25,82,90,light
11/7/24 22:26,72,91.6,light
11/7/24 22:27,74,90.2,light
11/7/24 22:28,70,90,light
11/7/24 22:29,77,90.5,light
11/7/24 22:30,75,91.8,light
11/7/24 22:31,72,89.5,light
11/7/24 22:32,69,91.4,light
11/7/24 22:33,80,90.9,light
11/7/24 22:34,68,92.7,light
11/7/24 22:35,77,90.1,light
11/7/24 22:36,66,90.8,light
11/7/24 22:37,77,89.8,light
11/7/24 22:38,78,92.1,light
11/7/24 22:39,79,93.5,light
11/7/24 22:40,74,88.5,light
11/7/24 22:41,81,88.9,light
11/7/24 22:42,84,90.2,light
11/7/24 22:43,73,90.7,light
11/7/24 22:44,73,91.7,light
11/7/24 22:45,75,89.2,light
11/7/24 22:46,73,88.9,light
11/7/24 22:47,72,90.7,light
11/7/24 22:48,72,90.1,light
11/7/24 22:49,81,91.9,light
11/7/24 22:50,78,91.2,light
11/7/24 22:51,73,91.3,light
11/7/24 22:52,65,91.4,light
11/7/24 22:53,68,93.9,light
11/7/24 22:54,77,89.2,light
11/7/24 22:55,66,92.1,light
11/7/24 22:56,76,88.6,light
11/7/24 22:57,70,88.9,light
11/7/24 22:58,75,89.6,light
11/7/24 22:59,75,92.9,light
11/7/24 23:00,75,90.9,light
11/7/24 23:01,73,89.6,light
11/7/24 23:02,73,91.1,light
11/7/24 23:03,72,90.6,light
11/7/24 23:04,76,89.8,light
11/7/24 23:05,78,88.4,light
11/7/24 23:06,70,92.7,light
11/7/24 23:07,74,90.8,light
11/7/24 23:08,75,93.8,light
11/7/24 23:09,75,91.9,light
11/7/24 23:10,75,91.3,light
11/7/24 23:11,73,89.8,light
11/7/24 23:12,76,88.9,light
11/7/24 23:13,77,90.2,light
11/7/24 23:14,75,88.8,light
11/7/24 23:15,66,92.2,deep
11/7/24 23:16,67,93.1,deep
11/7/24 23:17,59,92.8,deep
11/7/24 23:18,67,92.4,deep
11/7/24 23:19,66,90.8,deep
11/7/24 23:20,61,91.2,deep
11/7/24 23:21,67,90.7,deep
11/7/24 23:22,63,89.4,deep
11/7/24 23:23,64,91.5,deep
11/7/24 23:24,63,91.6,deep
11/7/24 23:25,65,92.6,deep
11/7/24 23:26,62,92.3,deep
11/7/24 23:27,67,92.3,deep
11/7/24 23:28,64,90.5,deep
11/7/24 23:29,63,92,deep
11/7/24 23:30,67,93.1,deep
11/7/24 23:31,64,91.9,deep
11/7/24 23:32,67,93.3,deep
11/7/24 23:33,67,93.5,deep
11/7/24 23:34,60,91.2,deep
11/7/24 23:35,68,90.8,deep
11/7/24 23:36,60,90.7,deep
11/7/24 23:37,68,90,deep
11/7/24 23:38,71,89.7,deep
11/7/24 23:39,67,92.7,deep
11/7/24 23:40,58,91.2,deep
11/7/24 23:41,68,90.5,deep
11/7/24 23:42,71,90.3,deep
11/7/24 23:43,64,90.6,deep
11/7/24 23:44,64,91,deep
11/7/24 23:45,61,91,deep
11/7/24 23:46,65,91.2,deep
11/7/24 23:47,68,90.8,deep
11/7/24 23:48,67,90.7,deep
11/7/24 23:49,74,91.9,deep
11/7/24 23:50,65,92.5,deep
11/7/24 23:51,60,90.1,deep
11/7/24 23:52,65,88.7,deep
11/7/24 23:53,57,93.9,deep
11/7/24 23:54,63,90.3,deep
11/7/24 23:55,69,91.7,deep
11/7/24 23:56,65,89.9,deep
11/7/24 23:57,65,92.8,deep
11/7/24 23:58,70,94.3,deep
11/7/24 23:59,64,91.7,deep
11/8/24 00:00,68,91.4,deep
11/8/24 00:01,65,91.2,deep
11/8/24 00:02,66,92.3,deep
11/8/24 00:03,61,92.1,deep
11/8/24 00:04,63,92.5,deep
11/8/24 00:05,60,90.9,deep
11/8/24 00:06,64,91.8,deep
11/8/24 00:07,66,91,deep
11/8/24 00:08,61,90.4,deep
11/8/24 00:09,71,90.4,deep
11/8/24 00:10,65,90.6,deep
11/8/24 00:11,65,92.7,deep
11/8/24 00:12,67,90.6,deep
11/8/24 00:13,62,91.9,deep
11/8/24 00:14,65,90.9,deep
11/8/24 00:15,62,91.8,light
11/8/24 00:16,69,91,light
11/8/24 00:17,61,90.2,light
11/8/24 00:18,65,92,light
11/8/24 00:19,65,91.3,light
11/8/24 00:20,66,91.8,light
11/8/24 00:21,63,91.1,light
11/8/24 00:22,62,90.2,light
11/8/24 00:23,63,92.6,light
11/8/24 00:24,66,92.2,light
11/8/24 00:25,64,90.9,light
11/8/24 00:26,67,91.6,light
11/8/24 00:27,66,92.5,light
11/8/24 00:28,58,92.6,light
11/8/24 00:29,65,91.2,light
11/8/24 00:30,71,90.9,light
11/8/24 00:31,68,91,light
11/8/24 00:32,66,92.4,light
11/8/24 00:33,61,91.3,light
11/8/24 00:34,66,90.7,light
11/8/24 00:35,67,92.1,light
11/8/24 00:36,64,90.4,light
11/8/24 00:37,65,93.5,light
11/8/24 00:38,69,93.1,light
11/8/24 00:39,62,92,light
11/8/24 00:40,61,91.9,light
11/8/24 00:41,67,91.9,light
11/8/24 00:42,66,91,light
11/8/24 00:43,68,91.8,light
11/8/24 00:44,66,90.6,light
11/8/24 00:45,53,93.4,light
11/8/24 00:46,55,93.7,light
11/8/24 00:47,52,92.7,light
11/8/24 00:48,54,92.5,light
11/8/24 00:49,56,92,light
11/8/24 00:50,54,94.2,light
11/8/24 00:51,59,92.6,light
11/8/24 00:52,51,92.8,light
11/8/24 00:53,53,93.2,light
11/8/24 00:54,53,93.2,light
11/8/24 00:55,53,93.6,light
11/8/24 00:56,53,92.7,light
11/8/24 00:57,52,92.1,light
11/8/24 00:58,56,91.9,light
11/8/24 00:59,53,92.5,light
11/8/24 01:00,55,92.2,light
11/8/24 01:01,54,92.8,light
11/8/24 01:02,53,94,light
11/8/24 01:03,58,92.7,light
11/8/24 01:04,56,92.7,light
11/8/24 01:05,51,93,light
11/8/24 01:06,51,92.7,light
11/8/24 01:07,57,92.9,light
11/8/24 01:08,53,93.4,light
11/8/24 01:09,51,93.7,light
11/8/24 01:10,57,93.8,light
11/8/24 01:11,55,94.6,light
11/8/24 01:12,55,93.5,light
11/8/24 01:13,56,94.8,light
11/8/24 01:14,52,92.4,light
11/8/24 01:15,51,94.7,REM
11/8/24 01:16,58,92.7,REM
11/8/24 01:17,52,92.8,REM
11/8/24 01:18,52,92.9,REM
11/8/24 01:19,52,92.8,REM
11/8/24 01:20,59,93.1,REM
11/8/24 01:21,55,92.5,REM
11/8/24 01:22,56,93.7,REM
11/8/24 01:23,55,92.6,REM
11/8/24 01:24,53,93.5,REM
11/8/24 01:25,56,94.2,REM
11/8/24 01:26,51,92.7,REM
11/8/24 01:27,52,93.6,REM
11/8/24 01:28,56,93.4,REM
11/8/24 01:29,52,94.8,REM
11/8/24 01:30,54,92.6,REM
11/8/24 01:31,54,93.6,REM
11/8/24 01:32,53,91.7,REM
11/8/24 01:33,51,92.6,REM
11/8/24 01:34,53,93.3,REM
11/8/24 01:35,53,94.1,light
11/8/24 01:36,55,92,light
11/8/24 01:37,55,93.6,light
11/8/24 01:38,55,92.9,light
11/8/24 01:39,53,91.8,light
11/8/24 01:40,56,93.1,light
11/8/24 01:41,51,94.4,light
11/8/24 01:42,51,92.1,light
11/8/24 01:43,50,92.9,light
11/8/24 01:44,54,92.2,light
11/8/24 01:45,53,92.6,light
11/8/24 01:46,56,94.1,light
11/8/24 01:47,53,92.8,light
11/8/24 01:48,55,94.1,light
11/8/24 01:49,56,93.9,light
11/8/24 01:50,53,92.7,light
11/8/24 01:51,55,92.6,light
11/8/24 01:52,57,92.3,light
11/8/24 01:53,52,92.3,light
11/8/24 01:54,55,93.3,light
11/8/24 01:55,53,93,light
11/8/24 01:56,52,92.5,light
11/8/24 01:57,51,91.8,light
11/8/24 01:58,52,93.1,light
11/8/24 01:59,55,92.6,light
11/8/24 02:00,51,92.8,light
11/8/24 02:01,53,93.2,light
11/8/24 02:02,56,91,light
11/8/24 02:03,55,91.8,light
11/8/24 02:04,53,94.8,light
11/8/24 02:05,58,92.6,light
11/8/24 02:06,58,91,light
11/8/24 02:07,55,91.8,light
11/8/24 02:08,50,95,light
11/8/24 02:09,56,92.4,light
11/8/24 02:10,50,93.9,light
11/8/24 02:11,57,93.1,light
11/8/24 02:12,57,92.6,light
11/8/24 02:13,58,93.6,light
11/8/24 02:14,55,91.1,light
11/8/24 02:15,73,88.3,light
11/8/24 02:16,73,89.8,light
11/8/24 02:17,72,88.5,light
11/8/24 02:18,78,89.6,light
11/8/24 02:19,77,91.8,light
11/8/24 02:20,75,90.7,light
11/8/24 02:21,72,92.5,light
11/8/24 02:22,85,90.8,light
11/8/24 02:23,78,92,light
11/8/24 02:24,68,91.4,light
11/8/24 02:25,72,89.6,light
11/8/24 02:26,78,92.7,light
11/8/24 02:27,71,89.4,light
11/8/24 02:28,76,91,light
11/8/24 02:29,78,91.7,light
11/8/24 02:30,61,92.3,light
11/8/24 02:31,74,88.8,light
11/8/24 02:32,74,92.1,light
11/8/24 02:33,73,89,light
11/8/24 02:34,76,91.7,light
11/8/24 02:35,77,91.3,light
11/8/24 02:36,75,91.7,light
11/8/24 02:37,73,88.7,light
11/8/24 02:38,77,91.4,light
11/8/24 02:39,75,92.1,light
11/8/24 02:40,74,90.8,light
11/8/24 02:41,69,90.7,light
11/8/24 02:42,68,92.4,light
11/8/24 02:43,69,91.6,light
11/8/24 02:44,76,88,light
11/8/24 02:45,74,89.2,light
11/8/24 02:46,69,91,light
11/8/24 02:47,77,92.8,light
11/8/24 02:48,80,92.5,light
11/8/24 02:49,72,92.5,light
11/8/24 02:50,68,91.7,light
11/8/24 02:51,72,91.9,light
11/8/24 02:52,78,88.8,light
11/8/24 02:53,77,90.5,light
11/8/24 02:54,71,91.2,light
11/8/24 02:55,81,88.9,light
11/8/24 02:56,80,90.8,light
11/8/24 02:57,72,93,light
11/8/24 02:58,72,91.3,light
11/8/24 02:59,72,91.9,light
11/8/24 03:00,72,86.8,light
11/8/24 03:01,78,92.8,light
11/8/24 03:02,76,90.2,light
11/8/24 03:03,78,89.3,light
11/8/24 03:04,77,90.2,light
11/8/24 03:05,81,88.3,wake
11/8/24 03:06,70,92.1,wake
11/8/24 03:07,76,90,wake
11/8/24 03:08,66,90.8,wake
11/8/24 03:09,69,91.3,wake
11/8/24 03:10,74,92.2,wake
11/8/24 03:11,76,90.7,wake
11/8/24 03:12,74,88.4,wake
11/8/24 03:13,72,91.2,wake
11/8/24 03:14,73,89.1,wake
11/8/24 03:15,80,87.3,light
11/8/24 03:16,73,92.7,light
11/8/24 03:17,81,91.2,light
11/8/24 03:18,78,90.4,light
11/8/24 03:19,76,90,light
11/8/24 03:20,70,92.6,light
11/8/24 03:21,78,95.1,light
11/8/24 03:22,73,91.2,light
11/8/24 03:23,70,89,light
11/8/24 03:24,77,90.3,light
11/8/24 03:25,69,91.9,light
11/8/24 03:26,71,87,light
11/8/24 03:27,74,91,light
11/8/24 03:28,83,91.2,light
11/8/24 03:29,72,92.5,light
11/8/24 03:30,73,92.3,light
11/8/24 03:31,77,90.7,light
11/8/24 03:32,70,92.8,light
11/8/24 03:33,76,93.6,light
11/8/24 03:34,79,90.5,light
11/8/24 03:35,73,91.1,light
11/8/24 03:36,79,87.8,light
11/8/24 03:37,76,88.3,light
11/8/24 03:38,72,89.2,light
11/8/24 03:39,74,89.8,light
11/8/24 03:40,73,88.9,light
11/8/24 03:41,74,90.4,light
11/8/24 03:42,75,89.9,light
11/8/24 03:43,77,92.1,light
11/8/24 03:44,77,89.8,light
11/8/24 03:45,57,91.2,light
11/8/24 03:46,64,91.6,light
11/8/24 03:47,60,91.5,light
11/8/24 03:48,64,90.6,light
11/8/24 03:49,64,91.6,light
11/8/24 03:50,67,90.4,light
11/8/24 03:51,64,91.8,light
11/8/24 03:52,65,94.1,light
11/8/24 03:53,67,89.7,light
11/8/24 03:54,68,91,light
11/8/24 03:55,64,90.8,light
11/8/24 03:56,65,91.1,light
11/8/24 03:57,65,92.5,light
11/8/24 03:58,63,92,light
11/8/24 03:59,62,92.3,light
11/8/24 04:00,58,93,light
11/8/24 04:01,61,90.2,light
11/8/24 04:02,59,92.1,light
11/8/24 04:03,68,92.2,light
11/8/24 04:04,65,91.7,light
11/8/24 04:05,64,92.8,light
11/8/24 04:06,62,91.8,light
11/8/24 04:07,65,90.3,light
11/8/24 04:08,62,91,light
11/8/24 04:09,65,92.1,light
11/8/24 04:10,65,92.2,light
11/8/24 04:11,62,92.4,light
11/8/24 04:12,62,90.5,light
11/8/24 04:13,67,90.3,light
11/8/24 04:14,64,91.3,light
11/8/24 04:15,62,92.9,light
11/8/24 04:16,63,90.8,light
11/8/24 04:17,61,92,light
11/8/24 04:18,64,92,light
11/8/24 04:19,67,92.3,light
11/8/24 04:20,64,93.2,light
11/8/24 04:21,72,92.8,light
11/8/24 04:22,66,90.9,light
11/8/24 04:23,65,89.4,light
11/8/24 04:24,62,90.8,light
11/8/24 04:25,64,91.6,light
11/8/24 04:26,62,91.1,light
11/8/24 04:27,58,94.6,light
11/8/24 04:28,67,91.5,light
11/8/24 04:29,63,92.2,light
11/8/24 04:30,62,91.7,light
11/8/24 04:31,65,91.2,light
11/8/24 04:32,66,89.6,light
11/8/24 04:33,64,91.4,light
11/8/24 04:34,64,94.8,light
11/8/24 04:35,67,90.3,light
11/8/24 04:36,63,89.7,light
11/8/24 04:37,65,93.4,light
11/8/24 04:38,60,92.2,light
11/8/24 04:39,61,91.7,light
11/8/24 04:40,66,92.9,light
11/8/24 04:41,61,90.7,light
11/8/24 04:42,65,91.4,light
11/8/24 04:43,64,92.5,light
11/8/24 04:44,63,93.6,light
11/8/24 04:45,62,90.3,deep
11/8/24 04:46,67,92.8,deep
11/8/24 04:47,70,91.1,deep
11/8/24 04:48,65,91.7,deep
11/8/24 04:49,65,91.5,deep
11/8/24 04:50,62,90.1,deep
11/8/24 04:51,61,92.5,deep
11/8/24 04:52,64,90.7,deep
11/8/24 04:53,62,90.4,deep
11/8/24 04:54,59,93.7,deep
11/8/24 04:55,67,92.3,deep
11/8/24 04:56,67,91.6,deep
11/8/24 04:57,62,92.6,deep
11/8/24 04:58,65,92.9,deep
11/8/24 04:59,68,92.8,deep
11/8/24 05:00,65,91,deep
11/8/24 05:01,61,92.5,deep
11/8/24 05:02,64,91.7,deep
11/8/24 05:03,68,93.2,deep
11/8/24 05:04,65,91.4,deep
11/8/24 05:05,66,91.1,deep
11/8/24 05:06,66,90.9,deep
11/8/24 05:07,62,91.7,deep
11/8/24 05:08,63,92,deep
11/8/24 05:09,66,92,deep
11/8/24 05:10,67,91.8,deep
11/8/24 05:11,68,92.2,deep
11/8/24 05:12,62,91.3,deep
11/8/24 05:13,66,90.6,deep
11/8/24 05:14,68,90.5,deep
11/8/24 05:15,53,93.8,deep
11/8/24 05:16,57,93.4,deep
11/8/24 05:17,58,91.5,deep
11/8/24 05:18,60,92.6,deep
11/8/24 05:19,55,94.5,deep
11/8/24 05:20,55,92.4,deep
11/8/24 05:21,56,93.3,deep
11/8/24 05:22,56,92.6,deep
11/8/24 05:23,57,93.5,deep
11/8/24 05:24,56,92.1,deep
11/8/24 05:25,54,92.9,deep
11/8/24 05:26,57,93.8,deep
11/8/24 05:27,52,94,deep
11/8/24 05:28,55,93.3,deep
11/8/24 05:29,58,92.7,deep
11/8/24 05:30,52,91.7,deep
11/8/24 05:31,53,92.4,deep
11/8/24 05:32,56,92.6,deep
11/8/24 05:33,55,92.4,deep
11/8/24 05:34,53,93,deep
11/8/24 05:35,54,92.7,deep
11/8/24 05:36,52,93.1,deep
11/8/24 05:37,56,94,deep
11/8/24 05:38,54,92.7,deep
11/8/24 05:39,58,91.9,deep
11/8/24 05:40,55,92.4,deep
11/8/24 05:41,54,93.5,deep
11/8/24 05:42,54,93.5,deep
11/8/24 05:43,54,93.3,deep
11/8/24 05:44,55,94,deep
11/8/24 05:45,60,91.3,light
11/8/24 21:45,64,92.5,light
11/8/24 21:46,82,87.4,light
11/8/24 21:47,71,91.3,light
11/8/24 21:48,70,92.9,light
11/8/24 21:49,77,89.6,light
11/8/24 21:50,68,92.6,light
11/8/24 21:51,72,93.3,light
11/8/24 21:52,81,90.1,light
11/8/24 21:53,77,90,light
11/8/24 21:54,78,89.2,light
11/8/24 21:55,72,89.7,light
11/8/24 21:56,68,90.7,light
11/8/24 21:57,77,89.2,light
11/8/24 21:58,78,92.3,light
11/8/24 21:59,78,89.3,light
11/8/24 22:00,75,90.9,light
11/8/24 22:01,71,90.6,light
11/8/24 22:02,84,92.7,light
11/8/24 22:03,76,89.7,light
11/8/24 22:04,74,91.1,light
11/8/24 22:05,74,91.7,light
11/8/24 22:06,75,92.7,light
11/8/24 22:07,79,89.7,light
11/8/24 22:08,75,89.6,light
11/8/24 22:09,78,88.9,light
11/8/24 22:10,75,93.9,light
11/8/24 22:11,74,92.6,light
11/8/24 22:12,77,90.4,light
11/8/24 22:13,77,93.4,light
11/8/24 22:14,74,90.3,light
11/8/24 22:15,72,91.6,light
11/8/24 22:16,76,90.5,light
11/8/24 22:17,75,91.1,light
11/8/24 22:18,72,90.9,light
11/8/24 22:19,71,89.9,light
11/8/24 22:20,76,92.1,light
11/8/24 22:21,77,91.6,light
11/8/24 22:22,73,92,light
11/8/24 22:23,72,91,light
11/8/24 22:24,71,89.1,light
11/8/24 22:25,76,93.1,light
11/8/24 22:26,71,90.1,light
11/8/24 22:27,83,91,light
11/8/24 22:28,73,91.5,light
11/8/24 22:29,65,91.9,light
11/8/24 22:30,74,91.9,light
11/8/24 22:31,74,92.1,light
11/8/24 22:32,79,90.2,light
11/8/24 22:33,76,92.9,light
11/8/24 22:34,71,90.1,light
11/8/24 22:35,73,91,light
11/8/24 22:36,76,89.9,light
11/8/24 22:37,66,90.8,light
11/8/24 22:38,80,92.1,light
11/8/24 22:39,71,95.2,light
11/8/24 22:40,80,90,light
11/8/24 22:41,76,92.3,light
11/8/24 22:42,77,90,light
11/8/24 22:43,79,90.5,light
11/8/24 22:44,77,93.1,light
11/8/24 22:45,77,88.9,light
11/8/24 22:46,74,88.5,light
11/8/24 22:47,76,90.4,light
11/8/24 22:48,72,91.5,light
11/8/24 22:49,73,91.2,light
11/8/24 22:50,82,91,light
11/8/24 22:51,71,90.6,light
11/8/24 22:52,75,91.7,light
11/8/24 22:53,75,86.1,light
11/8/24 22:54,73,89.4,light
11/8/24 22:55,77,90.4,light
11/8/24 22:56,77,91.6,light
11/8/24 22:57,71,92.7,light
11/8/24 22:58,75,89.2,light
11/8/24 22:59,70,92.7,light
11/8/24 23:00,78,89.8,light
11/8/24 23:01,75,90.3,light
11/8/24 23:02,75,91.4,light
11/8/24 23:03,77,90.2,light
11/8/24 23:04,73,92.2,light
11/8/24 23:05,78,89.9,light
11/8/24 23:06,71,89.9,light
11/8/24 23:07,80,92.1,light
11/8/24 23:08,72,89.4,light
11/8/24 23:09,68,91.7,light
11/8/24 23:10,73,88,light
11/8/24 23:11,73,93.2,light
11/8/24 23:12,73,92.3,light
11/8/24 23:13,75,94.6,light
11/8/24 23:14,79,92.5,light
11/8/24 23:15,64,90.4,deep
11/8/24 23:16,62,92.2,deep
11/8/24 23:17,61,90.6,deep
11/8/24 23:18,63,93.1,deep
11/8/24 23:19,59,92.1,deep
11/8/24 23:20,62,90.4,deep
11/8/24 23:21,68,89.9,deep
11/8/24 23:22,62,91,deep
11/8/24 23:23,66,90.8,deep
11/8/24 23:24,61,90.2,deep
11/8/24 23:25,70,93.5,deep
11/8/24 23:26,70,91.3,deep
11/8/24 23:27,66,91.9,deep
11/8/24 23:28,70,92.9,deep
11/8/24 23:29,66,91.8,deep
11/8/24 23:30,67,90.8,deep
11/8/24 23:31,68,89.8,deep
11/8/24 23:32,65,90.7,deep
11/8/24 23:33,60,93,deep
11/8/24 23:34,67,90.2,deep
11/8/24 23:35,63,91.9,deep
11/8/24 23:36,63,92.5,deep
11/8/24 23:37,65,91.8,deep
11/8/24 23:38,66,91.9,deep
11/8/24 23:39,65,92.2,deep
11/8/24 23:40,66,91.9,deep
11/8/24 23:41,62,93.1,deep
11/8/24 23:42,64,90.5,deep
11/8/24 23:43,67,91.7,deep
11/8/24 23:44,70,87.8,deep
11/8/24 23:45,71,87.4,deep
11/8/24 23:46,66,91.4,deep
11/8/24 23:47,67,92,deep
11/8/24 23:48,70,92.9,deep
11/8/24 23:49,62,93.9,deep
11/8/24 23:50,66,92.8,deep
11/8/24 23:51,67,92.2,deep
11/8/24 23:52,69,91.7,deep
11/8/24 23:53,61,90,deep
11/8/24 23:54,62,91.4,deep
11/8/24 23:55,65,92.8,deep
11/8/24 23:56,66,92.4,deep
11/8/24 23:57,68,90.2,deep
11/8/24 23:58,66,92.1,deep
11/8/24 23:59,64,92,deep
11/9/24 00:00,66,91.8,deep
11/9/24 00:01,65,91.5,deep
11/9/24 00:02,70,91.5,deep
11/9/24 00:03,65,92.2,deep
11/9/24 00:04,63,90.9,deep
11/9/24 00:05,66,92,deep
11/9/24 00:06,65,91.3,deep
11/9/24 00:07,60,90,deep
11/9/24 00:08,64,90.9,deep
11/9/24 00:09,64,89.9,deep
11/9/24 00:10,63,92.5,deep
11/9/24 00:11,68,91.9,deep
11/9/24 00:12,62,91.1,deep
11/9/24 00:13,66,92.9,deep
11/9/24 00:14,64,91.6,deep
11/9/24 00:15,65,90.1,light
11/9/24 00:16,66,91.1,light
11/9/24 00:17,61,93.1,light
11/9/24 00:18,65,90.8,light
11/9/24 00:19,71,90.9,light
11/9/24 00:20,60,92.2,light
11/9/24 00:21,64,92.1,light
11/9/24 00:22,68,93.9,light
11/9/24 00:23,65,90.3,light
11/9/24 00:24,67,90.4,light
11/9/24 00:25,57,92.1,light
11/9/24 00:26,66,91.2,light
11/9/24 00:27,62,92.6,light
11/9/24 00:28,65,90.5,light
11/9/24 00:29,64,92.6,light
11/9/24 00:30,71,90.6,light
11/9/24 00:31,66,90.4,light
11/9/24 00:32,64,89.7,light
11/9/24 00:33,60,90,light
11/9/24 00:34,65,90.8,light
11/9/24 00:35,67,91.3,light
11/9/24 00:36,64,92.8,light
11/9/24 00:37,63,92.3,light
11/9/24 00:38,63,90.7,light
11/9/24 00:39,66,91.9,light
11/9/24 00:40,67,93.2,light
11/9/24 00:41,69,93.4,light
11/9/24 00:42,62,91.2,light
11/9/24 00:43,66,92.5,light
11/9/24 00:44,64,92.9,light
11/9/24 00:45,54,91.8,light
11/9/24 00:46,55,92.6,light
11/9/24 00:47,55,94.8,light
11/9/24 00:48,56,92.8,light
11/9/24 00:49,52,90.7,light
11/9/24 00:50,53,92.9,light
11/9/24 00:51,57,93.9,light
11/9/24 00:52,54,93,light
11/9/24 00:53,55,93.6,light
11/9/24 00:54,57,93.8,light
11/9/24 00:55,55,92.7,light
11/9/24 00:56,56,92.6,light
11/9/24 00:57,56,93.1,light
11/9/24 00:58,50,93.1,light
11/9/24 00:59,54,93,light
11/9/24 01:00,55,93.1,light
11/9/24 01:01,57,92.4,light
11/9/24 01:02,55,93.6,light
11/9/24 01:03,53,93.5,light
11/9/24 01:04,53,91.9,light
11/9/24 01:05,56,92.7,light
11/9/24 01:06,54,93.1,light
11/9/24 01:07,54,92.6,light
11/9/24 01:08,56,93.5,light
11/9/24 01:09,49,92.9,light
11/9/24 01:10,59,93.1,light
11/9/24 01:11,53,92.7,light
11/9/24 01:12,55,91.4,light
11/9/24 01:13,51,91.4,light
11/9/24 01:14,54,93.5,light
11/9/24 01:15,57,93.2,REM
11/9/24 01:16,51,93.4,REM
11/9/24 01:17,57,93.1,REM
11/9/24 01:18,54,93.2,REM
11/9/24 01:19,55,93.8,REM
11/9/24 01:20,56,93.4,REM
11/9/24 01:21,55,93.8,REM
11/9/24 01:22,53,93.1,REM
11/9/24 01:23,54,92.8,REM
11/9/24 01:24,52,93.2,REM
11/9/24 01:25,55,92.3,REM
11/9/24 01:26,58,92.7,REM
11/9/24 01:27,51,93.1,REM
11/9/24 01:28,53,93.1,REM
11/9/24 01:29,54,92.9,REM
11/9/24 01:30,55,91.9,REM
11/9/24 01:31,56,93.5,REM
11/9/24 01:32,54,93.7,REM
11/9/24 01:33,54,94.3,REM
11/9/24 01:34,57,93.4,REM
11/9/24 01:35,56,93,light
11/9/24 01:36,56,92.2,light
11/9/24 01:37,55,94.2,light
11/9/24 01:38,56,93.2,light
11/9/24 01:39,53,93.2,light
11/9/24 01:40,53,92.8,light
11/9/24 01:41,56,92.7,light
11/9/24 01:42,51,93.6,light
11/9/24 01:43,55,92.2,light
11/9/24 01:44,54,94.3,light
11/9/24 01:45,52,94.1,light
11/9/24 01:46,53,92.7,light
11/9/24 01:47,54,92.3,light
11/9/24 01:48,57,91.4,light
11/9/24 01:49,53,92,light
11/9/24 01:50,57,93.6,light
11/9/24 01:51,55,93.3,light
11/9/24 01:52,57,93.4,light
11/9/24 01:53,53,91.5,light
11/9/24 01:54,54,92.7,light
11/9/24 01:55,55,94.1,light
11/9/24 01:56,54,92.9,light
11/9/24 01:57,56,92,light
11/9/24 01:58,50,92.9,light
11/9/24 01:59,59,92.4,light
11/9/24 02:00,56,93.3,light
11/9/24 02:01,54,93,light
11/9/24 02:02,53,93.4,light
11/9/24 02:03,53,92,light
11/9/24 02:04,56,92.6,light
11/9/24 02:05,56,93.9,light
11/9/24 02:06,54,91.9,light
11/9/24 02:07,57,92.2,light
11/9/24 02:08,53,93.2,light
11/9/24 02:09,52,93.2,light
11/9/24 02:10,58,92.6,light
11/9/24 02:11,56,92.8,light
11/9/24 02:12,57,93.4,light
11/9/24 02:13,53,93.7,light
11/9/24 02:14,53,92.1,light
11/9/24 02:15,73,91,light
11/9/24 02:16,71,92.8,light
11/9/24 02:17,77,90.3,light
11/9/24 02:18,71,88.9,light
11/9/24 02:19,70,88.8,light
11/9/24 02:20,75,90.3,light
11/9/24 02:21,69,92.5,light
11/9/24 02:22,67,91.5,light
11/9/24 02:23,75,90.8,light
11/9/24 02:24,68,90.5,light
11/9/24 02:25,78,92,light
11/9/24 02:26,69,90.4,light
11/9/24 02:27,66,91,light
11/9/24 02:28,73,91.4,light
11/9/24 02:29,75,87.4,light
11/9/24 02:30,76,90.8,light
11/9/24 02:31,75,88.9,light
11/9/24 02:32,70,90.5,light
11/9/24 02:33,77,90,light
11/9/24 02:34,78,93.7,light
11/9/24 02:35,70,89.9,light
11/9/24 02:36,74,93.3,light
11/9/24 02:37,73,91.4,light
11/9/24 02:38,75,89.3,light
11/9/24 02:39,74,91,light
11/9/24 02:40,74,90,light
11/9/24 02:41,77,90.9,light
11/9/24 02:42,70,89.4,light
11/9/24 02:43,77,93,light
11/9/24 02:44,79,91.9,light
11/9/24 02:45,81,90.5,light
11/9/24 02:46,66,93.2,light
11/9/24 02:47,74,90.6,light
11/9/24 02:48,67,92.6,light
11/9/24 02:49,65,91.5,light
11/9/24 02:50,75,91.1,light
11/9/24 02:51,73,90.4,light
11/9/24 02:52,76,90.6,light
11/9/24 02:53,76,90.8,light
11/9/24 02:54,79,89.5,light
11/9/24 02:55,75,89.9,light
11/9/24 02:56,86,90.2,light
11/9/24 02:57,76,90.8,light
11/9/24 02:58,82,90.5,light
11/9/24 02:59,65,92.7,light
11/9/24 03:00,80,91.8,light
11/9/24 03:01,74,90.2,light
11/9/24 03:02,67,92.9,light
11/9/24 03:03,76,93.3,light
11/9/24 03:04,73,87.4,light
11/9/24 03:05,77,91.9,wake
11/9/24 03:06,79,89.5,wake
11/9/24 03:07,69,92.3,wake
11/9/24 03:08,79,92.4,wake
11/9/24 03:09,75,89.2,wake
11/9/24 03:10,80,87.7,wake
11/9/24 03:11,74,91.8,wake
11/9/24 03:12,73,90.7,wake
11/9/24 03:13,75,88,wake
11/9/24 03:14,75,94.3,wake
11/9/24 03:15,72,91.4,light
11/9/24 03:16,73,91.5,light
11/9/24 03:17,70,92.5,light
11/9/24 03:18,73,89.6,light
11/9/24 03:19,77,90.7,light
11/9/24 03:20,74,88.5,light
11/9/24 03:21,79,89.6,light
11/9/24 03:22,74,91.1,light
11/9/24 03:23,69,89.8,light
11/9/24 03:24,77,89.5,light
11/9/24 03:25,72,89.1,light
11/9/24 03:26,74,90.7,light
11/9/24 03:27,79,91.4,light
11/9/24 03:28,70,91.6,light
11/9/24 03:29,75,92,light
11/9/24 03:30,74,92.6,light
11/9/24 03:31,77,91.4,light
11/9/24 03:32,78,93.3,light
11/9/24 03:33,76,90.7,light
11/9/24 03:34,73,90.2,light
11/9/24 03:35,76,91.4,light
11/9/24 03:36,80,90.2,light
11/9/24 03:37,74,93.3,light
11/9/24 03:38,73,92.2,light
11/9/24 03:39,76,91.6,light
11/9/24 03:40,75,90.7,light
11/9/24 03:41,69,91.1,light
11/9/24 03:42,75,91.6,light
11/9/24 03:43,69,90.4,light
11/9/24 03:44,76,92.8,light
11/9/24 03:45,62,91.3,light
11/9/24 03:46,65,91.8,light
11/9/24 03:47,66,90.6,light
11/9/24 03:48,72,91.6,light
11/9/24 03:49,67,91,light
11/9/24 03:50,69,92.1,light
11/9/24 03:51,70,91.6,light
11/9/24 03:52,66,90.9,light
11/9/24 03:53,65,90.4,light
11/9/24 03:54,61,93,light
11/9/24 03:55,64,91.3,light
11/9/24 03:56,62,91.7,light
11/9/24 03:57,63,92,light
11/9/24 03:58,70,88.6,light
11/9/24 03:59,65,92,light
11/9/24 04:00,62,91.6,light
11/9/24 04:01,69,90.9,light
11/9/24 04:02,67,90.3,light
11/9/24 04:03,68,92.1,light
11/9/24 04:04,58,93.9,light
11/9/24 04:05,70,90.8,light
11/9/24 04:06,63,90.1,light
11/9/24 04:07,67,90.4,light
11/9/24 04:08,72,89.9,light
11/9/24 04:09,71,92.8,light
11/9/24 04:10,62,91.3,light
11/9/24 04:11,60,91,light
11/9/24 04:12,69,89.8,light
11/9/24 04:13,65,90.8,light
11/9/24 04:14,63,90.3,light
11/9/24 04:15,66,90.5,light
11/9/24 04:16,64,91.6,light
11/9/24 04:17,67,91.1,light
11/9/24 04:18,65,93.2,light
11/9/24 04:19,67,92.6,light
11/9/24 04:20,62,90.9,light
11/9/24 04:21,69,90.6,light
11/9/24 04:22,67,92.9,light
11/9/24 04:23,66,93.2,light
11/9/24 04:24,61,89.3,light
11/9/24 04:25,70,90.6,light
11/9/24 04:26,64,91.2,light
11/9/24 04:27,67,92.1,light
11/9/24 04:28,64,93.4,light
11/9/24 04:29,65,91,light
11/9/24 04:30,65,89.4,light
11/9/24 04:31,56,93.5,light
11/9/24 04:32,66,92.9,light
11/9/24 04:33,70,90,light
11/9/24 04:34,66,90.8,light
11/9/24 04:35,62,91.1,light
11/9/24 04:36,66,92.4,light
11/9/24 04:37,68,91,light
11/9/24 04:38,66,91.8,light
11/9/24 04:39,64,91.5,light
11/9/24 04:40,64,91.4,light
11/9/24 04:41,64,92.2,light
11/9/24 04:42,67,91,light
11/9/24 04:43,60,91.1,light
11/9/24 04:44,63,92.3,light
11/9/24 04:45,69,90.5,deep
11/9/24 04:46,69,90.6,deep
11/9/24 04:47,60,90.2,deep
11/9/24 04:48,61,92.3,deep
11/9/24 04:49,64,91.4,deep
11/9/24 04:50,67,90.2,deep
11/9/24 04:51,59,93.7,deep
11/9/24 04:52,64,90.9,deep
11/9/24 04:53,63,90.6,deep
11/9/24 04:54,68,91.3,deep
11/9/24 04:55,59,94.2,deep
11/9/24 04:56,65,91.1,deep
11/9/24 04:57,63,92.1,deep
11/9/24 04:58,69,92.2,deep
11/9/24 04:59,66,91.9,deep
11/9/24 05:00,63,92.8,deep
11/9/24 05:01,67,90.8,deep
11/9/24 05:02,63,90.5,deep
11/9/24 05:03,67,90.4,deep
11/9/24 05:04,64,91.4,deep
11/9/24 05:05,68,90.6,deep
11/9/24 05:06,66,91.6,deep
11/9/24 05:07,74,90.6,deep
11/9/24 05:08,64,92.5,deep
11/9/24 05:09,66,91.8,deep
11/9/24 05:10,63,91.1,deep
11/9/24 05:11,65,91.9,deep
11/9/24 05:12,56,92.2,deep
11/9/24 05:13,66,91.5,deep
11/9/24 05:14,69,91.8,deep
11/9/24 05:15,55,93.1,deep
11/9/24 05:16,52,93.3,deep
11/9/24 05:17,53,92.5,deep
11/9/24 05:18,50,93.9,deep
11/9/24 05:19,56,94.5,deep
11/9/24 05:20,52,91.7,deep
11/9/24 05:21,54,92,deep
11/9/24 05:22,54,93,deep
11/9/24 05:23,57,92.8,deep
11/9/24 05:24,55,94.5,deep
11/9/24 05:25,56,93.2,deep
11/9/24 05:26,56,94.1,deep
11/9/24 05:27,57,91.4,deep
11/9/24 05:28,54,93.7,deep
11/9/24 05:29,58,92.4,deep
11/9/24 05:30,51,92.4,deep
11/9/24 05:31,56,92.8,deep
11/9/24 05:32,53,91.9,deep
11/9/24 05:33,54,93.4,deep
11/9/24 05:34,56,93.2,deep
11/9/24 05:35,56,93.2,deep
11/9/24 05:36,56,93.7,deep
11/9/24 05:37,52,94.2,deep
11/9/24 05:38,57,92.7,deep
11/9/24 05:39,53,93.4,deep
11/9/24 05:40,53,93.2,deep
11/9/24 05:41,56,93.3,deep
11/9/24 05:42,54,93.3,deep
11/9/24 05:43,55,94.3,deep
11/9/24 05:44,50,92.6,deep
11/9/24 05:45,55,91.8,light
11/9/24 05:46,55,92.4,light
11/9/24 05:47,53,93.6,light
11/9/24 05:48,50,93,light
11/9/24 05:49,54,92.6,light
11/9/24 05:50,54,92.1,light
11/9/24 05:51,54,93.2,light
11/9/24 05:52,51,93.5,light
11/9/24 05:53,58,93.2,light
11/9/24 05:54,53,92.8,light
11/9/24 05:55,54,93.1,light
11/9/24 05:56,50,93.1,light
11/9/24 05:57,58,93.2,light
11/9/24 05:58,54,92.1,light
11/9/24 05:59,55,93.2,light
11/9/24 06:00,57,92.6,light
11/9/24 06:01,53,93.8,light
11/9/24 20:15,73,88.9,light
11/9/24 20:16,73,90.2,light
11/9/24 20:17,80,87.9,light
11/9/24 20:18,76,88.9,light
11/9/24 20:19,72,92.1,light
11/9/24 20:20,78,89.1,light
11/9/24 20:21,72,91.6,light
11/9/24 20:22,75,93,light
11/9/24 20:23,82,90.2,light
11/9/24 20:24,69,92,light
11/9/24 20:25,74,91.6,light
11/9/24 20:26,76,88.7,light
11/9/24 20:27,78,89.6,light
11/9/24 20:28,70,89,light
11/9/24 20:29,68,91,light
11/9/24 20:30,79,91.6,light
11/9/24 20:31,72,89.6,light
11/9/24 20:32,71,90.4,light
11/9/24 20:33,81,88.9,light
11/9/24 20:34,75,92.3,light
11/9/24 20:35,75,89.7,light
11/9/24 20:36,74,92.8,light
11/9/24 20:37,70,90.6,light
11/9/24 20:38,77,88.4,light
11/9/24 20:39,76,90.2,light
11/9/24 20:40,75,88.9,light
11/9/24 20:41,74,91.4,light
11/9/24 20:42,73,90.1,light
11/9/24 20:43,78,90.7,light
11/9/24 20:44,74,89.9,light
11/9/24 20:45,74,89.7,light
11/9/24 20:46,77,89,light
11/9/24 20:47,75,91.8,light
11/9/24 20:48,81,90.2,light
11/9/24 20:49,67,91.2,light
11/9/24 20:50,76,90.2,light
11/9/24 20:51,72,89.5,light
11/9/24 20:52,71,90,light
11/9/24 20:53,73,90.8,light
11/9/24 20:54,75,88.9,light
11/9/24 20:55,75,89.2,light
11/9/24 20:56,68,92.9,light
11/9/24 20:57,72,90,light
11/9/24 20:58,76,89.7,light
11/9/24 20:59,71,88.5,light
11/9/24 21:00,70,91.8,light
11/9/24 21:01,65,90.4,light
11/9/24 21:02,72,90.5,light
11/9/24 21:03,70,87.9,light
11/9/24 21:04,71,91.7,light
11/9/24 21:05,73,92.3,light
11/9/24 21:06,72,91.2,light
11/9/24 21:07,70,88.2,light
11/9/24 21:08,66,92.3,light
11/9/24 21:09,76,89.3,light
11/9/24 21:10,78,88.7,light
11/9/24 21:11,73,89.9,light
11/9/24 21:12,73,89.9,light
11/9/24 21:13,75,89.7,light
11/9/24 21:14,81,92.4,light
11/9/24 21:15,68,93.5,light
11/9/24 21:16,73,88.4,light
11/9/24 21:17,68,90.8,light
11/9/24 21:18,76,90.7,light
11/9/24 21:19,74,89.9,light
11/9/24 21:20,75,91.1,light
11/9/24 21:21,75,91.9,light
11/9/24 21:22,78,91.6,light
11/9/24 21:23,77,91.4,light
11/9/24 21:24,78,93,light
11/9/24 21:25,70,88.1,light
11/9/24 21:26,79,92.7,light
11/9/24 21:27,72,89.9,light
11/9/24 21:28,72,91.7,light
11/9/24 21:29,76,89,light
11/9/24 21:30,76,89.1,light
11/9/24 21:31,70,91.5,light
11/9/24 21:32,74,87.6,light
11/9/24 21:33,80,92,light
11/9/24 21:34,69,92.8,light
11/9/24 21:35,80,90.8,light
11/9/24 21:36,74,90.7,light
11/9/24 21:37,65,90.7,light
11/9/24 21:38,69,92.2,light
11/9/24 21:39,71,91,light
11/9/24 21:40,72,89.1,light
11/9/24 21:41,74,89.9,light
11/9/24 21:42,64,91.3,light
11/9/24 21:43,75,89.9,light
11/9/24 21:44,70,88.5,light
11/9/24 21:45,69,92.2,deep
11/9/24 21:46,64,91.3,deep
11/9/24 21:47,67,91.5,deep
11/9/24 21:48,68,90.9,deep
11/9/24 21:49,68,92,deep
11/9/24 21:50,63,91.7,deep
11/9/24 21:51,63,92.7,deep
11/9/24 21:52,64,92,deep
11/9/24 21:53,66,91.3,deep
11/9/24 21:54,63,90.8,deep
11/9/24 21:55,64,92.4,deep
11/9/24 21:56,65,91.2,deep
11/9/24 21:57,62,91.3,deep
11/9/24 21:58,62,91.3,deep
11/9/24 21:59,64,91.1,deep
11/9/24 22:00,64,91.3,deep
11/9/24 22:01,66,93.4,deep
11/9/24 22:02,67,90.5,deep
11/9/24 22:03,61,90.7,deep
11/9/24 22:04,62,92.9,deep
11/9/24 22:05,62,91.1,deep
11/9/24 22:06,69,91,deep
11/9/24 22:07,64,92.5,deep
11/9/24 22:08,65,90.1,deep
11/9/24 22:09,65,92.3,deep
11/9/24 22:10,62,91.5,deep
11/9/24 22:11,69,92,deep
11/9/24 22:12,66,91.9,deep
11/9/24 22:13,65,90.9,deep
11/9/24 22:14,61,92.6,deep
11/9/24 22:15,61,90.9,deep
11/9/24 22:16,64,91.9,deep
11/9/24 22:17,62,92.7,deep
11/9/24 22:18,61,92.9,deep
11/9/24 22:19,63,91.2,deep
11/9/24 22:20,64,92,deep
11/9/24 22:21,65,91.1,deep
11/9/24 22:22,63,94,deep
11/9/24 22:23,61,92.3,deep
11/9/24 22:24,62,91.6,deep
11/9/24 22:25,68,91.8,deep
11/9/24 22:26,61,91.9,deep
11/9/24 22:27,66,91.9,deep
11/9/24 22:28,66,91.3,deep
11/9/24 22:29,64,91.1,deep
11/9/24 22:30,70,90.3,deep
11/9/24 22:31,66,90.4,deep
11/9/24 22:32,70,91.6,deep
11/9/24 22:33,63,90.7,deep
11/9/24 22:34,63,90.4,deep
11/9/24 22:35,66,91.5,deep
11/9/24 22:36,64,91.4,deep
11/9/24 22:37,70,90.9,deep
11/9/24 22:38,66,90.9,deep
11/9/24 22:39,61,91.1,deep
11/9/24 22:40,59,93.6,deep
11/9/24 22:41,64,92.1,deep
11/9/24 22:42,64,92.1,deep
11/9/24 22:43,65,91.5,deep
11/9/24 22:44,68,91.7,deep
11/9/24 22:45,68,91.7,light
11/9/24 22:46,63,90.8,light
11/9/24 22:47,61,93,light
11/9/24 22:48,61,92.8,light
11/9/24 22:49,62,92.3,light
11/9/24 22:50,63,91.1,light
11/9/24 22:51,65,92,light
11/9/24 22:52,62,92.5,light
11/9/24 22:53,65,90.3,light
11/9/24 22:54,66,93.2,light
11/9/24 22:55,65,89.8,light
11/9/24 22:56,61,92.2,light
11/9/24 22:57,66,93,light
11/9/24 22:58,71,90.3,light
11/9/24 22:59,65,91.3,light
11/9/24 23:00,56,93.5,light
11/9/24 23:01,68,93.4,light
11/9/24 23:02,62,91.2,light
11/9/24 23:03,71,89.3,light
11/9/24 23:04,65,91.1,light
11/9/24 23:05,59,91.8,light
11/9/24 23:06,58,93.7,light
11/9/24 23:07,69,91,light
11/9/24 23:08,68,91.3,light
11/9/24 23:09,71,91.9,light
11/9/24 23:10,65,91.1,light
11/9/24 23:11,64,92.3,light
11/9/24 23:12,63,90.5,light
11/9/24 23:13,63,92.5,light
11/9/24 23:14,63,91.8,light
11/9/24 23:15,55,92.9,light
11/9/24 23:16,53,93.1,light
11/9/24 23:17,51,92,light
11/9/24 23:18,55,93.1,light
11/9/24 23:19,53,92.9,light
11/9/24 23:20,48,92,light
11/9/24 23:21,56,92.5,light
11/9/24 23:22,52,92.9,light
11/9/24 23:23,56,92.5,light
11/9/24 23:24,56,91.1,light
11/9/24 23:25,55,93.9,light
11/9/24 23:26,59,92.9,light
11/9/24 23:27,54,91.2,light
11/9/24 23:28,54,94.7,light
11/9/24 23:29,56,94,light
11/9/24 23:30,54,92.7,light
11/9/24 23:31,57,92.3,light
11/9/24 23:32,52,93.3,light
11/9/24 23:33,52,93.2,light
11/9/24 23:34,56,93.4,light
11/9/24 23:35,52,92.3,light
11/9/24 23:36,56,93.9,light
11/9/24 23:37,55,92.6,light
11/9/24 23:38,53,93.5,light
11/9/24 23:39,55,92.4,light
11/9/24 23:40,52,95.1,light
11/9/24 23:41,53,93.6,light
11/9/24 23:42,54,95.3,light
11/9/24 23:43,55,93.7,light
11/9/24 23:44,54,92.6,light
11/9/24 23:45,55,93.7,REM
11/9/24 23:46,55,93.7,REM
11/9/24 23:47,58,93.3,REM
11/9/24 23:48,54,93.5,REM
11/9/24 23:49,57,93.6,REM
11/9/24 23:50,56,92.2,REM
11/9/24 23:51,59,92.1,REM
11/9/24 23:52,54,92.4,REM
11/9/24 23:53,54,93.1,REM
11/9/24 23:54,57,92.8,REM
11/9/24 23:55,55,92.2,REM
11/9/24 23:56,57,93.6,REM
11/9/24 23:57,56,93.2,REM
11/9/24 23:58,50,93.1,REM
11/9/24 23:59,55,92.8,REM
11/10/24 00:00,55,92.7,REM
11/10/24 00:01,55,92.3,REM
11/10/24 00:02,54,93.7,REM
11/10/24 00:03,51,92.4,REM
11/10/24 00:04,56,93.2,REM
11/10/24 00:05,55,94.3,light
11/10/24 00:06,57,92.7,light
11/10/24 00:07,51,93.8,light
11/10/24 00:08,56,93.5,light
11/10/24 00:09,54,93.2,light
11/10/24 00:10,55,93.3,light
11/10/24 00:11,54,92.9,light
11/10/24 00:12,56,93,light
11/10/24 00:13,54,92.6,light
11/10/24 00:14,52,93,light
11/10/24 00:15,55,92.5,light
11/10/24 00:16,54,93.8,light
11/10/24 00:17,54,91.6,light
11/10/24 00:18,48,93.4,light
11/10/24 00:19,56,93.3,light
11/10/24 00:20,54,93.2,light
11/10/24 00:21,52,93.8,light
11/10/24 00:22,56,92.8,light
11/10/24 00:23,56,93.2,light
11/10/24 00:24,54,91.6,light
11/10/24 00:25,52,92.7,light
11/10/24 00:26,55,93.7,light
11/10/24 00:27,55,91.9,light
11/10/24 00:28,56,93.1,light
11/10/24 00:29,54,92.5,light
11/10/24 00:30,57,92.9,light
11/10/24 00:31,53,92.5,light
11/10/24 00:32,52,92,light
11/10/24 00:33,52,93.3,light
11/10/24 00:34,54,93,light
11/10/24 00:35,54,93.5,light
11/10/24 00:36,55,93.6,light
11/10/24 00:37,54,94,light
11/10/24 00:38,56,93.1,light
11/10/24 00:39,54,94,light
11/10/24 00:40,51,92.2,light
11/10/24 00:41,54,93.7,light
11/10/24 00:42,50,93.4,light
11/10/24 00:43,55,93.2,light
11/10/24 00:44,57,93.4,light
11/10/24 00:45,71,89.1,light
11/10/24 00:46,80,88.7,light
11/10/24 00:47,78,93.1,light
11/10/24 00:48,79,90.2,light
11/10/24 00:49,75,90.2,light
11/10/24 00:50,71,88.8,light
11/10/24 00:51,78,88.3,light
11/10/24 00:52,72,90.4,light
11/10/24 00:53,75,90,light
11/10/24 00:54,74,90.5,light
11/10/24 00:55,79,90.6,light
11/10/24 00:56,77,94.2,light
11/10/24 00:57,74,90,light
11/10/24 00:58,67,93.1,light
11/10/24 00:59,72,93,light
11/10/24 01:00,77,91.6,light
11/10/24 01:01,76,90.1,light
11/10/24 01:02,68,90.1,light
11/10/24 01:03,67,92,light
11/10/24 01:04,75,92,light
11/10/24 01:05,70,93.1,light
11/10/24 01:06,71,89.1,light
11/10/24 01:07,77,90.1,light
11/10/24 01:08,79,89.1,light
11/10/24 01:09,71,89.5,light
11/10/24 01:10,74,91.5,light
11/10/24 01:11,74,89.5,light
11/10/24 01:12,74,89.3,light
11/10/24 01:13,75,91.7,light
11/10/24 01:14,78,91.2,light
11/10/24 01:15,72,91,light
11/10/24 01:16,68,90.8,light
11/10/24 01:17,81,92.4,light
11/10/24 01:18,79,90.5,light
11/10/24 01:19,70,94.1,light
11/10/24 01:20,75,90.7,light
11/10/24 01:21,79,87,light
11/10/24 01:22,77,86.9,light
11/10/24 01:23,76,91.4,light
11/10/24 01:24,74,92.5,light
11/10/24 01:25,81,89.3,light
11/10/24 01:26,75,93.7,light
11/10/24 01:27,72,93,light
11/10/24 01:28,78,90.8,light
11/10/24 01:29,75,91.3,light
11/10/24 01:30,76,91.8,light
11/10/24 01:31,75,93.3,light
11/10/24 01:32,76,91.5,light
11/10/24 01:33,71,90.8,light
11/10/24 01:34,69,92.2,light
11/10/24 01:35,80,91.3,wake
11/10/24 01:36,75,91.9,wake
11/10/24 01:37,78,88.1,wake
11/10/24 01:38,67,91.8,wake
11/10/24 01:39,79,91.2,wake
11/10/24 01:40,72,90.4,wake
11/10/24 01:41,71,91.7,wake
11/10/24 01:42,74,93.4,wake
11/10/24 01:43,71,90.7,wake
11/10/24 01:44,74,91.5,wake
11/10/24 01:45,74,92.9,light
11/10/24 01:46,79,90.7,light
11/10/24 01:47,81,89.2,light
11/10/24 01:48,80,91.4,light
11/10/24 01:49,65,89.3,light
11/10/24 01:50,71,87.1,light
11/10/24 01:51,65,91.8,light
11/10/24 01:52,70,87,light
11/10/24 01:53,72,88.5,light
11/10/24 01:54,76,89.9,light
11/10/24 01:55,72,89.4,light
11/10/24 01:56,73,90.3,light
11/10/24 01:57,75,92.2,light
11/10/24 01:58,68,91.7,light
11/10/24 01:59,71,89.2,light
11/10/24 02:00,72,92.5,light
11/10/24 02:01,74,88.4,light
11/10/24 02:02,75,90.8,light
11/10/24 02:03,81,88.2,light
11/10/24 02:04,78,90.9,light
11/10/24 02:05,71,90,light
11/10/24 02:06,73,92.1,light
11/10/24 02:07,73,91.6,light
11/10/24 02:08,72,89.6,light
11/10/24 02:09,76,89.3,light
11/10/24 02:10,67,91.2,light
11/10/24 02:11,78,93.3,light
11/10/24 02:12,81,92.9,light
11/10/24 02:13,73,89,light
11/10/24 02:14,73,91.7,light
11/10/24 02:15,65,89.8,light
11/10/24 02:16,68,91.1,light
11/10/24 02:17,64,90.6,light
11/10/24 02:18,67,92.6,light
11/10/24 02:19,66,90.2,light
11/10/24 02:20,72,91.1,light
11/10/24 02:21,64,91.5,light
11/10/24 02:22,59,92.9,light
11/10/24 02:23,60,93.2,light
11/10/24 02:24,65,93.3,light
11/10/24 02:25,68,91.4,light
11/10/24 02:26,63,91.2,light
11/10/24 02:27,64,90,light
11/10/24 02:28,67,91.5,light
11/10/24 02:29,62,93.5,light
11/10/24 02:30,63,91.4,light
11/10/24 02:31,61,92.2,light
11/10/24 02:32,68,90.1,light
11/10/24 02:33,69,91.1,light
11/10/24 02:34,60,92,light
11/10/24 02:35,64,91.6,light
11/10/24 02:36,69,92.3,light
11/10/24 02:37,66,90.9,light
11/10/24 02:38,63,89.8,light
11/10/24 02:39,60,92.6,light
11/10/24 02:40,68,90.6,light
11/10/24 02:41,66,92,light
11/10/24 02:42,60,92,light
11/10/24 02:43,68,89.8,light
11/10/24 02:44,60,92.5,light
11/10/24 02:45,64,90.9,light
11/10/24 02:46,64,91.6,light
11/10/24 02:47,69,91.1,light
11/10/24 02:48,64,93.1,light
11/10/24 02:49,64,92.8,light
11/10/24 02:50,60,89.7,light
11/10/24 02:51,63,93.8,light
11/10/24 02:52,62,90.8,light
11/10/24 02:53,62,93.6,light
11/10/24 02:54,65,91.2,light
11/10/24 02:55,57,92.7,light
11/10/24 02:56,60,91.3,light
11/10/24 02:57,64,91.1,light
11/10/24 02:58,65,94,light
11/10/24 02:59,64,91.4,light
11/10/24 03:00,64,91.2,light
11/10/24 03:01,63,91.6,light
11/10/24 03:02,64,90.5,light
11/10/24 03:03,66,93.1,light
11/10/24 03:04,66,90,light
11/10/24 03:05,62,90.9,light
11/10/24 03:06,67,92.4,light
11/10/24 03:07,65,91.5,light
11/10/24 03:08,68,92,light
11/10/24 03:09,69,93,light
11/10/24 03:10,60,92.5,light
11/10/24 03:11,62,91.6,light
11/10/24 03:12,67,93.6,light
11/10/24 03:13,60,90.9,light
11/10/24 03:14,69,91.4,light
11/10/24 03:15,63,91.5,deep
11/10/24 03:16,66,91.4,deep
11/10/24 03:17,64,90.4,deep
11/10/24 03:18,60,89.9,deep
11/10/24 03:19,68,91.9,deep
11/10/24 03:20,73,89.5,deep
11/10/24 03:21,63,93.4,deep
11/10/24 03:22,64,91.4,deep
11/10/24 03:23,57,92.8,deep
11/10/24 03:24,69,92.6,deep
11/10/24 03:25,67,91.9,deep
11/10/24 03:26,59,92.9,deep
11/10/24 03:27,58,92.5,deep
11/10/24 03:28,59,95.9,deep
11/10/24 03:29,66,91.9,deep
11/10/24 03:30,67,92.6,deep
11/10/24 03:31,62,90.5,deep
11/10/24 03:32,66,90.9,deep
11/10/24 03:33,65,93.6,deep
11/10/24 03:34,63,92.9,deep
11/10/24 03:35,67,92,deep
11/10/24 03:36,61,91.1,deep
11/10/24 03:37,68,91.3,deep
11/10/24 03:38,62,90.8,deep
11/10/24 03:39,70,88.8,deep
11/10/24 03:40,61,92.4,deep
11/10/24 03:41,63,92,deep
11/10/24 03:42,65,92.2,deep
11/10/24 03:43,65,91.2,deep
11/10/24 03:44,66,91.8,deep
11/10/24 03:45,52,92.7,deep
11/10/24 03:46,54,92.4,deep
11/10/24 03:47,55,94.3,deep
11/10/24 03:48,53,93.1,deep
11/10/24 03:49,55,93.4,deep
11/10/24 03:50,52,93.7,deep
11/10/24 03:51,54,93.1,deep
11/10/24 03:52,53,93.2,deep
11/10/24 03:53,54,92.1,deep
11/10/24 03:54,57,92.3,deep
11/10/24 03:55,57,92.2,deep
11/10/24 03:56,57,93.5,deep
11/10/24 03:57,54,93.1,deep
11/10/24 03:58,56,92.3,deep
11/10/24 03:59,55,93.5,deep
11/10/24 04:00,55,93.4,deep
11/10/24 04:01,54,92.4,deep
11/10/24 04:02,58,93,deep
11/10/24 04:03,57,93.4,deep
11/10/24 04:04,56,92.3,deep
11/10/24 04:05,54,93.5,deep
11/10/24 04:06,55,93.2,deep
11/10/24 04:07,56,92.2,deep
11/10/24 04:08,53,93.2,deep
11/10/24 04:09,56,93.3,deep
11/10/24 04:10,53,92.5,deep
11/10/24 04:11,55,92.6,deep
11/10/24 04:12,50,92.2,deep
11/10/24 04:13,53,92.6,deep
11/10/24 04:14,59,93,deep
11/10/24 04:15,57,92.6,light
11/10/24 04:16,58,91.8,light
11/10/24 04:17,53,92.4,light
11/10/24 04:18,55,92.7,light
11/10/24 04:19,57,93.7,light
11/10/24 04:20,56,93.5,light
11/10/24 04:21,56,93.7,light
11/10/24 04:22,58,92.4,light
11/10/24 21:45,76,89.5,light
11/10/24 21:46,77,90.8,light
11/10/24 21:47,73,89.7,light
11/10/24 21:48,76,91.4,light
11/10/24 21:49,68,92.5,light
11/10/24 21:50,71,91.5,light
11/10/24 21:51,78,90.5,light
11/10/24 21:52,77,89.8,light
11/10/24 21:53,73,90.4,light
11/10/24 21:54,78,91.5,light
11/10/24 21:55,75,91.5,light
11/10/24 21:56,72,91.3,light
11/10/24 21:57,74,88.6,light
11/10/24 21:58,73,90.5,light
11/10/24 21:59,70,89.5,light
11/10/24 22:00,80,91.5,light
11/10/24 22:01,72,89.4,light
11/10/24 22:02,71,91.2,light
11/10/24 22:03,68,91.2,light
11/10/24 22:04,64,89.6,light
11/10/24 22:05,77,91.9,light
11/10/24 22:06,78,90.5,light
11/10/24 22:07,79,92.4,light
11/10/24 22:08,74,88,light
11/10/24 22:09,73,90.1,light
11/10/24 22:10,72,90.2,light
11/10/24 22:11,73,90.9,light
11/10/24 22:12,79,88.5,light
11/10/24 22:13,74,91.3,light
11/10/24 22:14,76,93.4,light
11/10/24 22:15,73,91.2,light
11/10/24 22:16,80,90.6,light
11/10/24 22:17,67,90.1,light
11/10/24 22:18,70,89.3,light
11/10/24 22:19,76,90.4,light
11/10/24 22:20,82,89.7,light
11/10/24 22:21,74,92,light
11/10/24 22:22,71,91.3,light
11/10/24 22:23,79,94.5,light
11/10/24 22:24,76,89,light
11/10/24 22:25,80,90.5,light
11/10/24 22:26,69,90.1,light
11/10/24 22:27,79,87.2,light
11/10/24 22:28,68,92.2,light
11/10/24 22:29,73,91.2,light
11/10/24 22:30,76,89.2,light
11/10/24 22:31,75,90.6,light
11/10/24 22:32,79,89.6,light
11/10/24 22:33,67,91,light
11/10/24 22:34,75,90,light
11/10/24 22:35,79,89.2,light
11/10/24 22:36,75,89.4,light
11/10/24 22:37,70,89.5,light
11/10/24 22:38,79,91.1,light
11/10/24 22:39,72,86.3,light
11/10/24 22:40,71,90.2,light
11/10/24 22:41,71,88.9,light
11/10/24 22:42,74,88.9,light
11/10/24 22:43,75,89.7,light
11/10/24 22:44,69,91.5,light
11/10/24 22:45,70,90.2,light
11/10/24 22:46,72,88.9,light
11/10/24 22:47,71,91.6,light
11/10/24 22:48,75,89.1,light
11/10/24 22:49,76,89.4,light
11/10/24 22:50,75,90.9,light
11/10/24 22:51,75,91,light
11/10/24 22:52,81,89.6,light
11/10/24 22:53,76,86.1,light
11/10/24 22:54,78,89.2,light
11/10/24 22:55,73,90.7,light
11/10/24 22:56,78,91.5,light
11/10/24 22:57,73,90.4,light
11/10/24 22:58,76,89.8,light
11/10/24 22:59,69,93.8,light
11/10/24 23:00,75,89.9,light
11/10/24 23:01,71,91.4,light
11/10/24 23:02,78,88.5,light
11/10/24 23:03,78,88.9,light
11/10/24 23:04,73,91.5,light
11/10/24 23:05,83,92.1,light
11/10/24 23:06,73,89.9,light
11/10/24 23:07,68,89.7,light
11/10/24 23:08,71,90.2,light
11/10/24 23:09,70,90.8,light
11/10/24 23:10,76,90.6,light
11/10/24 23:11,70,89.7,light
11/10/24 23:12,72,90.3,light
11/10/24 23:13,76,89.4,light
11/10/24 23:14,75,88.8,light
11/10/24 23:15,64,92.3,deep
11/10/24 23:16,65,91.6,deep
11/10/24 23:17,63,91.3,deep
11/10/24 23:18,60,91,deep
11/10/24 23:19,63,91.3,deep
11/10/24 23:20,66,91.7,deep
11/10/24 23:21,64,93.2,deep
11/10/24 23:22,66,92.2,deep
11/10/24 23:23,63,90.8,deep
11/10/24 23:24,67,90.8,deep
11/10/24 23:25,57,92.4,deep
11/10/24 23:26,65,91.3,deep
11/10/24 23:27,69,90.7,deep
11/10/24 23:28,69,92,deep
11/10/24 23:29,64,88.9,deep
11/10/24 23:30,61,92,deep
11/10/24 23:31,69,91.8,deep
11/10/24 23:32,64,92.8,deep
11/10/24 23:33,64,92.4,deep
11/10/24 23:34,62,90.8,deep
11/10/24 23:35,61,92.3,deep
11/10/24 23:36,66,91.3,deep
11/10/24 23:37,67,89.6,deep
11/10/24 23:38,65,91.7,deep
11/10/24 23:39,62,90.9,deep
11/10/24 23:40,61,91.5,deep
11/10/24 23:41,60,93.2,deep
11/10/24 23:42,63,91.7,deep
11/10/24 23:43,61,90.5,deep
11/10/24 23:44,59,93.8,deep
11/10/24 23:45,66,91.9,deep
11/10/24 23:46,61,90.4,deep
11/10/24 23:47,67,89.9,deep
11/10/24 23:48,66,90.5,deep
11/10/24 23:49,65,92.3,deep
11/10/24 23:50,69,91.2,deep
11/10/24 23:51,61,91.6,deep
11/10/24 23:52,67,90.2,deep
11/10/24 23:53,64,92.4,deep
11/10/24 23:54,72,87.5,deep
11/10/24 23:55,63,90.8,deep
11/10/24 23:56,63,91.9,deep
11/10/24 23:57,66,90.4,deep
11/10/24 23:58,64,92.1,deep
11/10/24 23:59,62,90.6,deep
11/6/24 00:00,62,90.3,deep
11/6/24 00:01,69,92.8,deep
11/6/24 00:02,61,91.7,deep
11/6/24 00:03,65,92,deep
11/6/24 00:04,68,92.5,deep
11/6/24 00:05,68,88.9,deep
11/6/24 00:06,63,92.1,deep
11/6/24 00:07,64,90.7,deep
11/6/24 00:08,63,90.9,deep
11/6/24 00:09,60,91.9,deep
11/6/24 00:10,66,91.1,deep
11/6/24 00:11,65,92.1,deep
11/6/24 00:12,69,91.5,deep
11/6/24 00:13,62,91.7,deep
11/6/24 00:14,68,91,deep
11/6/24 00:15,68,90.4,light
11/6/24 00:16,65,90.8,light
11/6/24 00:17,58,92.9,light
11/6/24 00:18,63,93.3,light
11/6/24 00:19,70,92.7,light
11/6/24 00:20,65,90.8,light
11/6/24 00:21,67,91.6,light
11/6/24 00:22,64,91.2,light
11/6/24 00:23,64,91.6,light
11/6/24 00:24,59,93.2,light
11/6/24 00:25,67,92,light
11/6/24 00:26,68,88.6,light
11/6/24 00:27,62,91.9,light
11/6/24 00:28,64,91.1,light
11/6/24 00:29,64,90.8,light
11/6/24 00:30,66,92.3,light
11/6/24 00:31,63,93,light
11/6/24 00:32,67,92.2,light
11/6/24 00:33,65,91,light
11/6/24 00:34,57,92.1,light
11/6/24 00:35,66,88.5,light
11/6/24 00:36,67,91.7,light
11/6/24 00:37,61,92.1,light
11/6/24 00:38,66,91.4,light
11/6/24 00:39,70,91.9,light
11/6/24 00:40,65,90.2,light
11/6/24 00:41,68,91.3,light
11/6/24 00:42,63,91.2,light
11/6/24 00:43,64,91.4,light
11/6/24 00:44,64,92.7,light
11/6/24 00:45,54,92.9,light
11/6/24 00:46,54,92.8,light
11/6/24 00:47,51,92.3,light
11/6/24 00:48,54,94.1,light
11/6/24 00:49,57,91.9,light
11/6/24 00:50,53,92.6,light
11/6/24 00:51,52,94.4,light
11/6/24 00:52,55,93.4,light
11/6/24 00:53,55,93,light
11/6/24 00:54,55,93,light
11/6/24 00:55,54,92.2,light
11/6/24 00:56,55,92.9,light
11/6/24 00:57,54,92.7,light
11/6/24 00:58,52,93.1,light
11/6/24 00:59,54,91.8,light
11/6/24 01:00,56,93.3,light
11/6/24 01:01,56,93.8,light
11/6/24 01:02,51,92.8,light
11/6/24 01:03,55,93.5,light
11/6/24 01:04,53,93.2,light
11/6/24 01:05,57,92.5,light
11/6/24 01:06,55,92.2,light
11/6/24 01:07,56,92.3,light
11/6/24 01:08,55,93.2,light
11/6/24 01:09,54,93,light
11/6/24 01:10,57,94,light
11/6/24 01:11,56,93.6,light
11/6/24 01:12,55,93.6,light
11/6/24 01:13,54,93.2,light
11/6/24 01:14,51,92.2,light
11/6/24 01:15,55,93.3,REM
11/6/24 01:16,54,93.1,REM
11/6/24 01:17,56,92.1,REM
11/6/24 01:18,56,94,REM
11/6/24 01:19,57,93.9,REM
11/6/24 01:20,55,92.1,REM
11/6/24 01:21,52,92.5,REM
11/6/24 01:22,50,92.6,REM
11/6/24 01:23,53,93.5,REM
11/6/24 01:24,57,93.4,REM
11/6/24 01:25,58,93,REM
11/6/24 01:26,54,93.2,REM
11/6/24 01:27,52,92,REM
11/6/24 01:28,53,93.3,REM
11/6/24 01:29,57,92.9,REM
11/6/24 01:30,53,92.5,REM
11/6/24 01:31,56,91.8,REM
11/6/24 01:32,55,93,REM
11/6/24 01:33,56,93.3,REM
11/6/24 01:34,58,91.6,REM
11/6/24 01:35,56,93,light
11/6/24 01:36,55,93.1,light
11/6/24 01:37,58,92.6,light
11/6/24 01:38,55,93.3,light
11/6/24 01:39,53,92.9,light
11/6/24 01:40,56,93.2,light
11/6/24 01:41,55,93.4,light
11/6/24 01:42,54,93.4,light
11/6/24 01:43,53,93.8,light
11/6/24 01:44,54,93.3,light
11/6/24 01:45,53,92.6,light
11/6/24 01:46,54,92.5,light
11/6/24 01:47,53,92.1,light
11/6/24 01:48,55,93.1,light
11/6/24 01:49,55,94.1,light
11/6/24 01:50,55,92.7,light
11/6/24 01:51,54,93.4,light
11/6/24 01:52,54,92.4,light
11/6/24 01:53,57,93.2,light
11/6/24 01:54,55,94,light
11/6/24 01:55,57,93.5,light
11/6/24 01:56,53,91.7,light
11/6/24 01:57,56,93.5,light
11/6/24 01:58,53,93.5,light
11/6/24 01:59,53,93.1,light
11/6/24 02:00,54,93.5,light
11/6/24 02:01,54,92.3,light
11/6/24 02:02,54,93.1,light
11/6/24 02:03,57,93.9,light
11/6/24 02:04,55,93.8,light
11/6/24 02:05,55,93.4,light
11/6/24 02:06,54,92.3,light
11/6/24 02:07,56,92.2,light
11/6/24 02:08,55,93.1,light
11/6/24 02:09,54,93.1,light
11/6/24 02:10,51,92.9,light
11/6/24 02:11,55,92.4,light
11/6/24 02:12,56,93.3,light
11/6/24 02:13,53,93.1,light
11/6/24 02:14,54,93.2,light
11/6/24 02:15,77,91.4,light
11/6/24 02:16,68,91.2,light
11/6/24 02:17,72,89.8,light
11/6/24 02:18,76,92.2,light
11/6/24 02:19,79,89.4,light
11/6/24 02:20,83,89.8,light
11/6/24 02:21,82,92.4,light
11/6/24 02:22,75,89.7,light
11/6/24 02:23,73,90.4,light
11/6/24 02:24,78,89.9,light
11/6/24 02:25,72,87.8,light
11/6/24 02:26,71,90.3,light
11/6/24 02:27,73,89,light
11/6/24 02:28,73,90.9,light
11/6/24 02:29,76,92.2,light
11/6/24 02:30,72,87.2,light
11/6/24 02:31,75,89.9,light
11/6/24 02:32,81,91.2,light
11/6/24 02:33,75,87.2,light
11/6/24 02:34,81,92.5,light
11/6/24 02:35,79,91.1,light
11/6/24 02:36,77,92.1,light
11/6/24 02:37,73,89.7,light
11/6/24 02:38,79,89.8,light
11/6/24 02:39,74,90.3,light
11/6/24 02:40,74,93.7,light
11/6/24 02:41,76,92.5,light
11/6/24 02:42,74,90.7,light
11/6/24 02:43,72,90.9,light
11/6/24 02:44,68,92.1,light
11/6/24 02:45,78,94.1,light
11/6/24 02:46,77,91.1,light
11/6/24 02:47,68,91.5,light
11/6/24 02:48,72,90,light
11/6/24 02:49,75,90.9,light
11/6/24 02:50,76,89.6,light
11/6/24 02:51,68,92,light
11/6/24 02:52,74,88.4,light
11/6/24 02:53,77,90.1,light
11/6/24 02:54,73,91.6,light
11/6/24 02:55,76,91.1,light
11/6/24 02:56,73,89.8,light
11/6/24 02:57,78,90.2,light
11/6/24 02:58,71,92.1,light
11/6/24 02:59,70,88.7,light
11/6/24 03:00,75,88.7,light
11/6/24 03:01,69,90.6,light
11/6/24 03:02,66,91.5,light
11/6/24 03:03,79,88.5,light
11/6/24 03:04,71,91.9,light
11/6/24 03:05,69,90.6,wake
11/6/24 03:06,71,90.8,wake
11/6/24 03:07,71,89.6,wake
11/6/24 03:08,74,90.4,wake
11/6/24 03:09,70,88.1,wake
11/6/24 03:10,76,92,wake
11/6/24 03:11,77,89.1,wake
11/6/24 03:12,69,90.4,wake
11/6/24 03:13,72,94.1,wake
11/6/24 03:14,72,91.3,wake
11/6/24 03:15,74,91.9,light
11/6/24 03:16,79,91.2,light
11/6/24 03:17,79,89.8,light
11/6/24 03:18,84,88.5,light
11/6/24 03:19,65,91.2,light
11/6/24 03:20,71,89,light
11/6/24 03:21,82,89.1,light
11/6/24 03:22,67,89.9,light
11/6/24 03:23,82,90.7,light
11/6/24 03:24,75,92.9,light
11/6/24 03:25,75,91.3,light
11/6/24 03:26,69,91.4,light
11/6/24 03:27,73,90.4,light
11/6/24 03:28,81,85.9,light
11/6/24 03:29,74,89.9,light
11/6/24 03:30,73,88.4,light
11/6/24 03:31,76,90.7,light
11/6/24 03:32,74,90.1,light
11/6/24 03:33,76,89.2,light
11/6/24 03:34,71,90.7,light
11/6/24 03:35,74,90.7,light
11/6/24 03:36,72,92.8,light
11/6/24 03:37,67,92.2,light
11/6/24 03:38,76,90.8,light
11/6/24 03:39,70,89.1,light
11/6/24 03:40,74,88.9,light
11/6/24 03:41,78,91.4,light
11/6/24 03:42,69,91.3,light
11/6/24 03:43,77,90.9,light
11/6/24 03:44,73,92,light
11/6/24 03:45,62,90,light
11/6/24 03:46,71,92.6,light
11/6/24 03:47,64,92.5,light
11/6/24 03:48,63,89.4,light
11/6/24 03:49,62,93.9,light
11/6/24 03:50,67,91.8,light
11/6/24 03:51,63,91,light
11/6/24 03:52,67,92,light
11/6/24 03:53,64,90.5,light
11/6/24 03:54,68,92,light
11/6/24 03:55,61,90.7,light
11/6/24 03:56,62,93.5,light
11/6/24 03:57,64,91.6,light
11/6/24 03:58,64,92.1,light
11/6/24 03:59,63,90.7,light
11/6/24 04:00,72,91.7,light
11/6/24 04:01,71,90.5,light
11/6/24 04:02,65,90.1,light
11/6/24 04:03,66,91.3,light
11/6/24 04:04,64,93.4,light
11/6/24 04:05,61,92.4,light
11/6/24 04:06,64,91.1,light
11/6/24 04:07,67,89.6,light
11/6/24 04:08,68,90.7,light
11/6/24 04:09,67,90.1,light
11/6/24 04:10,60,89.7,light
11/6/24 04:11,64,92.3,light
11/6/24 04:12,60,91.6,light
11/6/24 04:13,68,93.3,light
11/6/24 04:14,63,90.5,light
11/6/24 04:15,64,91.5,light
11/6/24 04:16,66,90.1,light
11/6/24 04:17,73,89.6,light
11/6/24 04:18,65,91.3,light
11/6/24 04:19,64,91.1,light
11/6/24 04:20,61,91.6,light
11/6/24 04:21,69,92.5,light
11/6/24 04:22,64,92.4,light
11/6/24 04:23,69,90.7,light
11/6/24 04:24,68,91.5,light
11/6/24 04:25,63,92.3,light
11/6/24 04:26,60,92.5,light
11/6/24 04:27,65,90.8,light
11/6/24 04:28,63,92.2,light
11/6/24 04:29,65,91.8,light
11/6/24 04:30,68,90.4,light
11/6/24 04:31,60,92.3,light
11/6/24 04:32,65,91.7,light
11/6/24 04:33,67,89.8,light
11/6/24 04:34,67,91.2,light
11/6/24 04:35,60,91.5,light
11/6/24 04:36,66,90.9,light
11/6/24 04:37,68,92.7,light
11/6/24 04:38,66,92.8,light
11/6/24 04:39,64,91.1,light
11/6/24 04:40,68,91,light
11/6/24 04:41,62,91.4,light
11/6/24 04:42,60,91.3,light
11/6/24 04:43,64,90.9,light
11/6/24 04:44,66,87.8,light
11/6/24 04:45,68,93.3,deep
11/6/24 04:46,66,91.5,deep
11/6/24 04:47,67,91.3,deep
11/6/24 04:48,68,91.8,deep
11/6/24 04:49,63,91.4,deep
11/6/24 04:50,64,91.1,deep
11/6/24 04:51,68,90.5,deep
11/6/24 04:52,61,89.7,deep
11/6/24 04:53,66,90.1,deep
11/6/24 04:54,62,90.4,deep
11/6/24 04:55,68,92.2,deep
11/6/24 04:56,64,92.2,deep
11/6/24 04:57,65,90.6,deep
11/6/24 04:58,70,86.5,deep
11/6/24 04:59,61,91.5,deep
11/6/24 05:00,65,91.1,deep
11/6/24 05:01,64,91.1,deep
11/6/24 05:02,66,92.5,deep
11/6/24 05:03,70,90.7,deep
11/6/24 05:04,63,90.5,deep
11/6/24 05:05,61,90.3,deep
11/6/24 05:06,62,91.2,deep
11/6/24 05:07,64,90.6,deep
11/6/24 05:08,65,91.4,deep
11/6/24 05:09,65,92.5,deep
11/6/24 05:10,70,88.4,deep
11/6/24 05:11,69,91.6,deep
11/6/24 05:12,68,92.4,deep
11/6/24 05:13,72,90.4,deep
11/6/24 05:14,67,92.2,deep
11/6/24 05:15,57,92.8,deep
11/6/24 05:16,56,93.1,deep
11/6/24 05:17,56,93.4,deep
11/6/24 05:18,55,92.5,deep
11/6/24 05:19,54,94.6,deep
11/6/24 05:20,52,93.5,deep
11/6/24 05:21,54,94,deep
11/6/24 05:22,56,93.9,deep
11/6/24 05:23,55,93.3,deep
11/6/24 05:24,52,94.1,deep
11/6/24 05:25,54,93.2,deep
11/6/24 05:26,54,92.4,deep
11/6/24 05:27,54,93,deep
11/6/24 05:28,55,92.2,deep
11/6/24 05:29,56,91.3,deep
11/6/24 05:30,53,92.3,deep
11/6/24 05:31,56,93.1,deep
11/6/24 05:32,57,93.8,deep
11/6/24 05:33,55,92.3,deep
11/6/24 05:34,56,93.8,deep
11/6/24 05:35,56,92,deep
11/6/24 05:36,52,92.3,deep
11/6/24 05:37,57,94.2,deep
11/6/24 05:38,53,93,deep
11/6/24 05:39,53,92.9,deep
11/6/24 05:40,55,93.2,deep
11/6/24 05:41,50,92,deep
11/6/24 05:42,55,92.7,deep
11/6/24 05:43,56,93,deep
11/6/24 05:44,51,94,deep
11/6/24 05:45,57,91.7,light
11/6/24 22:00,82,89.9,light
11/6/24 22:01,74,89.5,light
11/6/24 22:02,70,91.6,light
11/6/24 22:03,69,92.5,light
11/6/24 22:04,76,90.4,light
11/6/24 22:05,69,90.4,light
11/6/24 22:06,72,93.2,light
11/6/24 22:07,74,89.2,light
11/6/24 22:08,79,88.3,light
11/6/24 22:09,79,87.5,light
11/6/24 22:10,72,90.6,light
11/6/24 22:11,74,90.2,light
11/6/24 22:12,68,92.5,light
11/6/24 22:13,66,92.1,light
11/6/24 22:14,70,90.9,light
11/6/24 22:15,79,90.1,light
11/6/24 22:16,78,92.2,light
11/6/24 22:17,76,93.3,light
11/6/24 22:18,69,92.5,light
11/6/24 22:19,72,89.8,light
11/6/24 22:20,71,91.7,light
11/6/24 22:21,74,89.9,light
11/6/24 22:22,74,88.8,light
11/6/24 22:23,70,89.2,light
11/6/24 22:24,76,90,light
11/6/24 22:25,75,90.7,light
11/6/24 22:26,72,93.6,light
11/6/24 22:27,76,89.2,light
11/6/24 22:28,79,92.5,light
11/6/24 22:29,80,90,light
11/6/24 22:30,76,87.5,light
11/6/24 22:31,76,89.7,light
11/6/24 22:32,74,92.3,light
11/6/24 22:33,79,91,light
11/6/24 22:34,70,91.1,light
11/6/24 22:35,78,92.5,light
11/6/24 22:36,73,88.9,light
11/6/24 22:37,80,88.9,light
11/6/24 22:38,77,87.1,light
11/6/24 22:39,74,91.8,light
11/6/24 22:40,74,91.3,light
11/6/24 22:41,77,91.6,light
11/6/24 22:42,76,88.7,light
11/6/24 22:43,73,88.1,light
11/6/24 22:44,75,88.5,light
11/6/24 22:45,78,89.1,light
11/6/24 22:46,69,93.1,light
11/6/24 22:47,77,92,light
11/6/24 22:48,77,89.8,light
11/6/24 22:49,79,90.9,light
11/6/24 22:50,72,89.5,light
11/6/24 22:51,75,91,light
11/6/24 22:52,75,88.8,light
11/6/24 22:53,77,91.6,light
11/6/24 22:54,76,89.2,light
11/6/24 22:55,70,91.7,light
11/6/24 22:56,76,89.9,light
11/6/24 22:57,83,89.3,light
11/6/24 22:58,77,92.9,light
11/6/24 22:59,81,90.8,light
11/6/24 23:00,79,90,light
11/6/24 23:01,80,91.6,light
11/6/24 23:02,76,88.5,light
11/6/24 23:03,77,92.2,light
11/6/24 23:04,76,90.3,light
11/6/24 23:05,75,91.4,light
11/6/24 23:06,77,88.2,light
11/6/24 23:07,72,89.9,light
11/6/24 23:08,82,90.5,light
11/6/24 23:09,71,92,light
11/6/24 23:10,78,91.5,light
11/6/24 23:11,80,89.9,light
11/6/24 23:12,74,91,light
11/6/24 23:13,70,92.4,light
11/6/24 23:14,79,90.2,light
11/6/24 23:15,75,90,light
11/6/24 23:16,78,87.7,light
11/6/24 23:17,74,90.1,light
11/6/24 23:18,81,87.9,light
11/6/24 23:19,66,91.4,light
11/6/24 23:20,76,92,light
11/6/24 23:21,80,87.3,light
11/6/24 23:22,75,92.4,light
11/6/24 23:23,76,90,light
11/6/24 23:24,73,90.5,light
11/6/24 23:25,75,89.7,light
11/6/24 23:26,68,89.8,light
11/6/24 23:27,72,89.3,light
11/6/24 23:28,71,93.6,light
11/6/24 23:29,77,88.9,light
11/6/24 23:30,63,89.9,deep
11/6/24 23:31,63,91.6,deep
11/6/24 23:32,63,91.4,deep
11/6/24 23:33,62,91.2,deep
11/6/24 23:34,65,91.5,deep
11/6/24 23:35,66,92.1,deep
11/6/24 23:36,67,90.9,deep
11/6/24 23:37,66,91.7,deep
11/6/24 23:38,66,92.5,deep
11/6/24 23:39,64,90.5,deep
11/6/24 23:40,63,89.2,deep
11/6/24 23:41,62,92.2,deep
11/6/24 23:42,62,94,deep
11/6/24 23:43,65,91.5,deep
11/6/24 23:44,62,91.7,deep
11/6/24 23:45,69,91.2,deep
11/6/24 23:46,64,93.1,deep
11/6/24 23:47,69,91.4,deep
11/6/24 23:48,66,91.3,deep
11/6/24 23:49,62,92.4,deep
11/6/24 23:50,64,91,deep
11/6/24 23:51,59,92,deep
11/6/24 23:52,65,92.4,deep
11/6/24 23:53,62,90.9,deep
11/6/24 23:54,61,90.5,deep
11/6/24 23:55,69,93.6,deep
11/6/24 23:56,68,91.3,deep
11/6/24 23:57,68,92,deep
11/6/24 23:58,67,91.5,deep
11/6/24 23:59,61,90.6,deep
11/12/24 00:00,63,92.2,deep
11/12/24 00:01,63,91.8,deep
11/12/24 00:02,59,92.5,deep
11/12/24 00:03,63,91.9,deep
11/12/24 00:04,63,91,deep
11/12/24 00:05,65,90.4,deep
11/12/24 00:06,72,88.7,deep
11/12/24 00:07,64,91.8,deep
11/12/24 00:08,65,91.1,deep
11/12/24 00:09,64,93,deep
11/12/24 00:10,67,91.5,deep
11/12/24 00:11,61,90.7,deep
11/12/24 00:12,70,90.7,deep
11/12/24 00:13,64,90.2,deep
11/12/24 00:14,63,91.4,deep
11/12/24 00:15,67,91.8,deep
11/12/24 00:16,62,91.7,deep
11/12/24 00:17,67,92.8,deep
11/12/24 00:18,69,94.1,deep
11/12/24 00:19,64,92.2,deep
11/12/24 00:20,71,92.3,deep
11/12/24 00:21,66,94,deep
11/12/24 00:22,66,90.5,deep
11/12/24 00:23,69,91.6,deep
11/12/24 00:24,69,91,deep
11/12/24 00:25,65,92.3,deep
11/12/24 00:26,67,91.8,deep
11/12/24 00:27,69,90.7,deep
11/12/24 00:28,61,91.5,deep
11/12/24 00:29,59,93.8,deep
11/12/24 00:30,64,90.2,light
11/12/24 00:31,59,92.4,light
11/12/24 00:32,64,90.6,light
11/12/24 00:33,65,91.8,light
11/12/24 00:34,64,92.7,light
11/12/24 00:35,64,89.5,light
11/12/24 00:36,61,91.6,light
11/12/24 00:37,67,90.6,light
11/12/24 00:38,61,92.5,light
11/12/24 00:39,58,92.8,light
11/12/24 00:40,64,91.6,light
11/12/24 00:41,67,91.5,light
11/12/24 00:42,65,92.6,light
11/12/24 00:43,61,93.5,light
11/12/24 00:44,65,90.4,light
11/12/24 00:45,66,90.5,light
11/12/24 00:46,65,91.8,light
11/12/24 00:47,64,90.7,light
11/12/24 00:48,66,92.4,light
11/12/24 00:49,59,93.9,light
11/12/24 00:50,62,91,light
11/12/24 00:51,61,90.7,light
11/12/24 00:52,69,91.2,light
11/12/24 00:53,67,91.6,light
11/12/24 00:54,65,91.8,light
11/12/24 00:55,60,89.2,light
11/12/24 00:56,67,90.5,light
11/12/24 00:57,69,91.1,light
11/12/24 00:58,66,90.7,light
11/12/24 00:59,64,88.6,light
11/12/24 01:00,56,91.5,light
11/12/24 01:01,55,92,light
11/12/24 01:02,56,92.9,light
11/12/24 01:03,56,92.7,light
11/12/24 01:04,54,92.5,light
11/12/24 01:05,53,93.6,light
11/12/24 01:06,54,93.6,light
11/12/24 01:07,56,93.1,light
11/12/24 01:08,54,93.1,light
11/12/24 01:09,53,92.3,light
11/12/24 01:10,54,92.4,light
11/12/24 01:11,57,91.6,light
11/12/24 01:12,55,92.8,light
11/12/24 01:13,54,93.6,light
11/12/24 01:14,55,94.1,light
11/12/24 01:15,55,92.8,light
11/12/24 01:16,51,93.4,light
11/12/24 01:17,56,90.7,light
11/12/24 01:18,55,92.7,light
11/12/24 01:19,55,92.6,light
11/12/24 01:20,57,94.2,light
11/12/24 01:21,57,93.3,light
11/12/24 01:22,56,93.4,light
11/12/24 01:23,53,93.4,light
11/12/24 01:24,53,93,light
11/12/24 01:25,57,94.2,light
11/12/24 01:26,51,91.2,light
11/12/24 01:27,54,93.1,light
11/12/24 01:28,55,93.9,light
11/12/24 01:29,51,91.5,light
11/12/24 01:30,55,93.7,REM
11/12/24 01:31,56,92.4,REM
11/12/24 01:32,52,93.1,REM
11/12/24 01:33,58,92.4,REM
11/12/24 01:34,52,93.8,REM
11/12/24 01:35,56,92.8,REM
11/12/24 01:36,54,93.7,REM
11/12/24 01:37,55,93.3,REM
11/12/24 01:38,52,92.4,REM
11/12/24 01:39,57,93.4,REM
11/12/24 01:40,55,92.5,REM
11/12/24 01:41,58,93.1,REM
11/12/24 01:42,52,92.8,REM
11/12/24 01:43,54,93.7,REM
11/12/24 01:44,55,93.4,REM
11/12/24 01:45,55,93,REM
11/12/24 01:46,56,92.5,REM
11/12/24 01:47,54,92,REM
11/12/24 01:48,59,93.1,REM
11/12/24 01:49,55,92.5,REM
11/12/24 01:50,49,91.5,light
11/12/24 01:51,55,91.9,light
11/12/24 01:52,57,94.3,light
11/12/24 01:53,53,92.5,light
11/12/24 01:54,53,93.9,light
11/12/24 01:55,53,92.7,light
11/12/24 01:56,52,94,light
11/12/24 01:57,54,93.9,light
11/12/24 01:58,56,92.3,light
11/12/24 01:59,58,91.4,light
11/12/24 02:00,50,91.5,light
11/12/24 02:01,54,92.4,light
11/12/24 02:02,55,94.5,light
11/12/24 02:03,55,92.7,light
11/12/24 02:04,58,93.1,light
11/12/24 02:05,50,94,light
11/12/24 02:06,49,93.1,light
11/12/24 02:07,59,93.1,light
11/12/24 02:08,56,93.5,light
11/12/24 02:09,53,93.2,light
11/12/24 02:10,55,92.9,light
11/12/24 02:11,55,92.4,light
11/12/24 02:12,53,93.1,light
11/12/24 02:13,55,93.9,light
11/12/24 02:14,55,94.4,light
11/12/24 02:15,59,93.2,light
11/12/24 02:16,56,93.6,light
11/12/24 02:17,58,93.2,light
11/12/24 02:18,52,92.9,light
11/12/24 02:19,54,93.4,light
11/12/24 02:20,55,94,light
11/12/24 02:21,51,92.3,light
11/12/24 02:22,57,91.8,light
11/12/24 02:23,56,92.6,light
11/12/24 02:24,54,93.2,light
11/12/24 02:25,54,93.7,light
11/12/24 02:26,57,92.2,light
11/12/24 02:27,53,91,light
11/12/24 02:28,57,92.6,light
11/12/24 02:29,54,92.8,light
11/12/24 02:30,78,88.8,light
11/12/24 02:31,75,89.4,light
11/12/24 02:32,83,91.8,light
11/12/24 02:33,71,90.6,light
11/12/24 02:34,72,91,light
11/12/24 02:35,68,91.1,light
11/12/24 02:36,70,89.4,light
11/12/24 02:37,77,90,light
11/12/24 02:38,81,91.2,light
11/12/24 02:39,78,88.3,light
11/12/24 02:40,74,93,light
11/12/24 02:41,71,91.4,light
11/12/24 02:42,78,89.7,light
11/12/24 02:43,71,91.7,light
11/12/24 02:44,69,92.7,light
11/12/24 02:45,73,90,light
11/12/24 02:46,66,91.3,light
11/12/24 02:47,69,93,light
11/12/24 02:48,82,93.7,light
11/12/24 02:49,68,91.5,light
11/12/24 02:50,70,88.8,light
11/12/24 02:51,75,89.8,light
11/12/24 02:52,75,92,light
11/12/24 02:53,74,89,light
11/12/24 02:54,66,91.3,light
11/12/24 02:55,78,90.9,light
11/12/24 02:56,73,89.1,light
11/12/24 02:57,79,92.1,light
11/12/24 02:58,72,91.5,light
11/12/24 02:59,78,93.5,light
11/12/24 03:00,80,91.7,light
11/12/24 03:01,73,89.1,light
11/12/24 03:02,78,91.3,light
11/12/24 03:03,69,92.5,light
11/12/24 03:04,76,92.1,light
11/12/24 03:05,79,89.3,light
11/12/24 03:06,77,89.2,light
11/12/24 03:07,84,88.8,light
11/12/24 03:08,77,92.9,light
11/12/24 03:09,73,91.4,light
11/12/24 03:10,86,89.3,light
11/12/24 03:11,81,90.7,light
11/12/24 03:12,68,91.4,light
11/12/24 03:13,71,89,light
11/12/24 03:14,70,90.6,light
11/12/24 03:15,77,90.8,light
11/12/24 03:16,77,93.4,light
11/12/24 03:17,77,89.5,light
11/12/24 03:18,68,89.8,light
11/12/24 03:19,72,88.9,light
11/12/24 03:20,74,89.2,wake
11/12/24 03:21,67,91.1,wake
11/12/24 03:22,71,88.9,wake
11/12/24 03:23,80,91.7,wake
11/12/24 03:24,68,90.4,wake
11/12/24 03:25,80,90.5,wake
11/12/24 03:26,79,93.5,wake
11/12/24 03:27,73,91.3,wake
11/12/24 03:28,72,91.2,wake
11/12/24 03:29,78,93.3,wake
11/12/24 03:30,71,92.4,light
11/12/24 03:31,72,91.3,light
11/12/24 03:32,74,90,light
11/12/24 03:33,66,91.5,light
11/12/24 03:34,69,91.4,light
11/12/24 03:35,73,89.9,light
11/12/24 03:36,76,90.8,light
11/12/24 03:37,71,91,light
11/12/24 03:38,74,88.6,light
11/12/24 03:39,68,93.1,light
11/12/24 03:40,78,91.1,light
11/12/24 03:41,75,90.1,light
11/12/24 03:42,76,90.8,light
11/12/24 03:43,76,91.9,light
11/12/24 03:44,75,88.3,light
11/12/24 03:45,73,90.3,light
11/12/24 03:46,79,88.7,light
11/12/24 03:47,75,94.5,light
11/12/24 03:48,74,90.7,light
11/12/24 03:49,74,88.7,light
11/12/24 03:50,74,95.9,light
11/12/24 03:51,74,89.7,light
11/12/24 03:52,76,90.2,light
11/12/24 03:53,71,90.3,light
11/12/24 03:54,71,89.2,light
11/12/24 03:55,77,90.9,light
11/12/24 03:56,74,87.2,light
11/12/24 03:57,78,92.1,light
11/12/24 03:58,76,88.8,light
11/12/24 03:59,72,89.9,light
11/12/24 04:00,66,92.3,light
11/12/24 04:01,68,91.3,light
11/12/24 04:02,66,91.3,light
11/12/24 04:03,66,90.5,light
11/12/24 04:04,64,93.6,light
11/12/24 04:05,67,92,light
11/12/24 04:06,63,90.4,light
11/12/24 04:07,66,91.7,light
11/12/24 04:08,72,88.8,light
11/12/24 04:09,66,93.2,light
11/12/24 04:10,63,91.7,light
11/12/24 04:11,63,90.5,light
11/12/24 04:12,64,92.2,light
11/12/24 04:13,67,91.2,light
11/12/24 04:14,65,90.2,light
11/12/24 04:15,63,91.9,light
11/12/24 04:16,63,91.9,light
11/12/24 04:17,65,92.6,light
11/12/24 04:18,65,91.6,light
11/12/24 04:19,66,91.6,light
11/12/24 04:20,67,91.7,light
11/12/24 04:21,73,92.9,light
11/12/24 04:22,60,91.2,light
11/12/24 04:23,67,92,light
11/12/24 04:24,65,92.1,light
11/12/24 04:25,59,93.3,light
11/12/24 04:26,68,91.2,light
11/12/24 04:27,66,91.6,light
11/12/24 04:28,67,91.4,light
11/12/24 04:29,59,94.6,light
11/12/24 04:30,64,91,light
11/12/24 04:31,61,90.6,light
11/12/24 04:32,71,90.5,light
11/12/24 04:33,68,91.4,light
11/12/24 04:34,62,91.7,light
11/12/24 04:35,60,91,light
11/12/24 04:36,65,91.6,light
11/12/24 04:37,68,91.6,light
11/12/24 04:38,59,93.7,light
11/12/24 04:39,62,91.6,light
11/12/24 04:40,61,91.6,light
11/12/24 04:41,67,92,light
11/12/24 04:42,63,92.4,light
11/12/24 04:43,64,90.5,light
11/12/24 04:44,65,90.2,light
11/12/24 04:45,62,93.2,light
11/12/24 04:46,60,92.2,light
11/12/24 04:47,69,91.3,light
11/12/24 04:48,69,91.5,light
11/12/24 04:49,65,91.1,light
11/12/24 04:50,65,91.7,light
11/12/24 04:51,68,90.5,light
11/12/24 04:52,65,92.3,light
11/12/24 04:53,63,91.7,light
11/12/24 04:54,65,91.7,light
11/12/24 04:55,69,90.6,light
11/12/24 04:56,65,92,light
11/12/24 04:57,62,90.6,light
11/12/24 04:58,65,90.8,light
11/12/24 04:59,66,91.6,light
11/12/24 05:00,66,94,deep
11/12/24 05:01,66,91.7,deep
11/12/24 05:02,62,88.9,deep
11/12/24 05:03,67,90.9,deep
11/12/24 05:04,65,92.2,deep
11/12/24 05:05,62,90.4,deep
11/12/24 05:06,67,92.3,deep
11/12/24 05:07,63,91.7,deep
11/12/24 05:08,60,92.5,deep
11/12/24 05:09,61,90.9,deep
11/12/24 05:10,64,90.9,deep
11/12/24 05:11,66,92.1,deep
11/12/24 05:12,62,91.5,deep
11/12/24 05:13,64,91.4,deep
11/12/24 05:14,61,93.1,deep
11/12/24 05:15,67,92.1,deep
11/12/24 05:16,70,87.5,deep
11/12/24 05:17,69,92.3,deep
11/12/24 05:18,67,92.2,deep
11/12/24 05:19,67,92.7,deep
11/12/24 05:20,58,92.2,deep
11/12/24 05:21,65,91.8,deep
11/12/24 05:22,63,91.6,deep
11/12/24 05:23,67,90.5,deep
11/12/24 05:24,57,93.8,deep
11/12/24 05:25,65,91.3,deep
11/12/24 05:26,64,92.7,deep
11/12/24 05:27,68,90.8,deep
11/12/24 05:28,69,90,deep
11/12/24 05:29,62,91.3,deep
11/12/24 05:30,53,93.2,deep
11/12/24 05:31,55,92.6,deep
11/12/24 05:32,58,90.5,deep
11/12/24 05:33,55,93.3,deep
11/12/24 05:34,52,93.3,deep
11/12/24 05:35,53,93.5,deep
11/12/24 05:36,55,92.7,deep
11/12/24 05:37,55,92.7,deep
11/12/24 05:38,53,94.2,deep
11/12/24 05:39,53,91.7,deep
11/12/24 05:40,53,92.8,deep
11/12/24 05:41,57,93.1,deep
11/12/24 05:42,53,93.5,deep
11/12/24 05:43,54,93.1,deep
11/12/24 05:44,54,92.3,deep
11/12/24 05:45,51,93.9,deep
11/12/24 05:46,53,93,deep
11/12/24 05:47,57,91.7,deep
11/12/24 05:48,52,93.2,deep
11/12/24 05:49,53,93.4,deep
11/12/24 05:50,52,94.6,deep
11/12/24 05:51,54,93.3,deep
11/12/24 05:52,58,91.8,deep
11/12/24 05:53,54,91.8,deep
11/12/24 05:54,55,94,deep
11/12/24 05:55,53,92.4,deep
11/12/24 05:56,54,91.8,deep
11/12/24 05:57,57,93.8,deep
11/12/24 05:58,55,92.6,deep
11/12/24 05:59,59,93.8,deep
11/12/24 06:00,57,92.3,light
11/12/24 06:01,54,94.2,light
11/12/24 06:02,54,93.7,light
11/12/24 06:03,58,92.4,light
11/12/24 06:04,55,91.7,light
11/12/24 06:05,57,94.8,light
11/12/24 06:06,59,92.8,light
11/12/24 06:07,54,92.4,light
11/12/24 06:08,55,94.1,light
11/12/24 06:09,56,93.8,light
11/12/24 06:10,56,93.9,light
11/12/24 06:11,56,92.9,light
11/12/24 06:12,52,94.5,light
11/12/24 06:13,53,92,light
11/12/24 06:14,54,92.6,light
11/12/24 06:15,57,93.3,light
11/12/24 06:16,52,93.9,light
11/12/24 06:17,58,93.5,light
11/12/24 06:18,56,92.9,light
11/12/24 06:19,57,92.6,light
11/12/24 06:20,53,93.9,light
11/12/24 06:21,55,93.6,light
11/12/24 06:22,55,92.3,light
11/12/24 06:23,55,92.3,light
11/12/24 06:24,55,92.6,light
11/12/24 06:25,54,92.5,light
11/12/24 06:26,55,93.8,light
11/12/24 06:27,57,93.3,light
11/12/24 06:28,52,93.4,light
11/12/24 06:29,58,93.2,light
11/12/24 06:30,56,93.2,light
11/12/24 06:31,53,91.7,light
11/12/24 06:32,55,93.6,light
11/12/24 06:33,56,92.5,light
11/12/24 06:34,52,93,light
11/12/24 06:35,55,92.6,light
11/12/24 06:36,54,93.1,light
11/12/24 06:37,53,93.5,light
11/12/24 06:38,55,92.2,light
11/12/24 06:39,53,93.2,light
11/12/24 06:40,57,92.6,light
11/12/24 06:41,53,94.1,light
11/12/24 06:42,56,92.1,light
11/12/24 06:43,51,92.2,light
11/12/24 06:44,54,92.7,light
11/12/24 06:45,55,92.3,light
11/12/24 06:46,54,92.8,light
11/12/24 22:45,79,94.5,light
11/12/24 22:46,75,93.2,light
11/12/24 22:47,75,90.4,light
11/12/24 22:48,70,92.8,light
11/12/24 22:49,74,92.3,light
11/12/24 22:50,73,89.6,light
11/12/24 22:51,77,89.4,light
11/12/24 22:52,71,91.5,light
11/12/24 22:53,71,90.9,light
11/12/24 22:54,76,89.9,light
11/12/24 22:55,82,91.6,light
11/12/24 22:56,74,88.3,light
11/12/24 22:57,75,90.7,light
11/12/24 22:58,78,88.6,light
11/12/24 22:59,77,88.7,light
11/12/24 23:00,77,89.4,light
11/12/24 23:01,74,91,light
11/12/24 23:02,74,89.5,light
11/12/24 23:03,71,88.7,light
11/12/24 23:04,76,91.2,light
11/12/24 23:05,76,92.7,light
11/12/24 23:06,77,91.5,light
11/12/24 23:07,73,93.2,light
11/12/24 23:08,78,92.6,light
11/12/24 23:09,79,89.8,light
11/12/24 23:10,70,91.4,light
11/12/24 23:11,73,90.4,light
11/12/24 23:12,79,92.1,light
11/12/24 23:13,72,90.4,light
11/12/24 23:14,77,89.3,light
11/12/24 23:15,75,92.6,light
11/12/24 23:16,76,91,light
11/12/24 23:17,75,89.5,light
11/12/24 23:18,77,89.8,light
11/12/24 23:19,70,89.5,light
11/12/24 23:20,71,89,light
11/12/24 23:21,80,89.8,light
11/12/24 23:22,83,91.1,light
11/12/24 23:23,74,90.6,light
11/12/24 23:24,81,89.8,light
11/12/24 23:25,71,92.7,light
11/12/24 23:26,72,87.5,light
11/12/24 23:27,80,91,light
11/12/24 23:28,78,90.3,light
11/12/24 23:29,81,89,light
11/12/24 23:30,76,91,light
11/12/24 23:31,70,90.2,light
11/12/24 23:32,75,92.4,light
11/12/24 23:33,79,91.8,light
11/12/24 23:34,74,93.4,light
11/12/24 23:35,73,89.8,light
11/12/24 23:36,76,92.6,light
11/12/24 23:37,72,88.8,light
11/12/24 23:38,76,90.3,light
11/12/24 23:39,75,89.8,light
11/12/24 23:40,73,91.4,light
11/12/24 23:41,78,91.4,light
11/12/24 23:42,77,89.1,light
11/12/24 23:43,73,91.5,light
11/12/24 23:44,74,89.9,light
11/12/24 23:45,73,89.3,light
11/12/24 23:46,72,90.5,light
11/12/24 23:47,68,90,light
11/12/24 23:48,73,91.9,light
11/12/24 23:49,72,90.4,light
11/12/24 23:50,75,90.4,light
11/12/24 23:51,76,90.4,light
11/12/24 23:52,71,93,light
11/12/24 23:53,76,92.8,light
11/12/24 23:54,71,92.5,light
11/12/24 23:55,74,90.4,light
11/12/24 23:56,72,88.8,light
11/12/24 23:57,77,90.5,light
11/12/24 23:58,75,91,light
11/12/24 23:59,74,91.7,light
11/13/24 00:00,72,91,light
11/13/24 00:01,73,89,light
11/13/24 00:02,82,89.7,light
11/13/24 00:03,72,89.6,light
11/13/24 00:04,76,91.3,light
11/13/24 00:05,74,91.3,light
11/13/24 00:06,76,91.5,light
11/13/24 00:07,78,91,light
11/13/24 00:08,73,87.4,light
11/13/24 00:09,77,87.9,light
11/13/24 00:10,86,90.3,light
11/13/24 00:11,77,90.6,light
11/13/24 00:12,81,92.4,light
11/13/24 00:13,76,90.6,light
11/13/24 00:14,71,89,light
11/13/24 00:15,65,92.2,deep
11/13/24 00:16,64,91.5,deep
11/13/24 00:17,63,91.1,deep
11/13/24 00:18,64,89.9,deep
11/13/24 00:19,64,91.6,deep
11/13/24 00:20,61,91.7,deep
11/13/24 00:21,73,89,deep
11/13/24 00:22,67,92.2,deep
11/13/24 00:23,65,92.2,deep
11/13/24 00:24,65,91.5,deep
11/13/24 00:25,68,91.5,deep
11/13/24 00:26,71,91.9,deep
11/13/24 00:27,67,91.9,deep
11/13/24 00:28,65,90.8,deep
11/13/24 00:29,69,91.3,deep
11/13/24 00:30,65,92.1,deep
11/13/24 00:31,66,89.5,deep
11/13/24 00:32,68,90.6,deep
11/13/24 00:33,63,92.2,deep
11/13/24 00:34,58,94,deep
11/13/24 00:35,63,92.5,deep
11/13/24 00:36,67,92.4,deep
11/13/24 00:37,67,91.6,deep
11/13/24 00:38,69,90.5,deep
11/13/24 00:39,63,91.3,deep
11/13/24 00:40,69,89.5,deep
11/13/24 00:41,65,92.8,deep
11/13/24 00:42,66,90.7,deep
11/13/24 00:43,67,91,deep
11/13/24 00:44,60,92.6,deep
11/13/24 00:45,61,89.9,deep
11/13/24 00:46,61,90.3,deep
11/13/24 00:47,68,91.8,deep
11/13/24 00:48,64,92,deep
11/13/24 00:49,71,90.4,deep
11/13/24 00:50,65,91.5,deep
11/13/24 00:51,60,92.8,deep
11/13/24 00:52,62,92.1,deep
11/13/24 00:53,65,92,deep
11/13/24 00:54,66,92.3,deep
11/13/24 00:55,62,91.2,deep
11/13/24 00:56,66,93.7,deep
11/13/24 00:57,67,89.2,deep
11/13/24 00:58,63,93,deep
11/13/24 00:59,70,91.9,deep
11/13/24 01:00,63,91.7,deep
11/13/24 01:01,62,91.6,deep
11/13/24 01:02,60,91.3,deep
11/13/24 01:03,68,92.6,deep
11/13/24 01:04,65,91.5,deep
11/13/24 01:05,63,90.8,deep
11/13/24 01:06,60,92.4,deep
11/13/24 01:07,63,93.1,deep
11/13/24 01:08,72,87.6,deep
11/13/24 01:09,58,94.9,deep
11/13/24 01:10,63,90.5,deep
11/13/24 01:11,70,89.1,deep
11/13/24 01:12,68,90.3,deep
11/13/24 01:13,63,91.5,deep
11/13/24 01:14,65,90.2,deep
11/13/24 01:15,66,90.3,light
11/13/24 01:16,65,90.8,light
11/13/24 01:17,70,90.7,light
11/13/24 01:18,66,91.7,light
11/13/24 01:19,68,92.7,light
11/13/24 01:20,65,92.7,light
11/13/24 01:21,58,93.8,light
11/13/24 01:22,61,91.2,light
11/13/24 01:23,62,89.7,light
11/13/24 01:24,64,89.6,light
11/13/24 01:25,71,92,light
11/13/24 01:26,66,92.3,light
11/13/24 01:27,64,90.9,light
11/13/24 01:28,68,90.1,light
11/13/24 01:29,60,90.5,light
11/13/24 01:30,63,91.7,light
11/13/24 01:31,63,91.7,light
11/13/24 01:32,66,92.5,light
11/13/24 01:33,67,91,light
11/13/24 01:34,66,91.3,light
11/13/24 01:35,66,92.6,light
11/13/24 01:36,63,89.4,light
11/13/24 01:37,65,91.8,light
11/13/24 01:38,62,91.2,light
11/13/24 01:39,67,92.2,light
11/13/24 01:40,63,92,light
11/13/24 01:41,61,90.8,light
11/13/24 01:42,65,91,light
11/13/24 01:43,59,91.2,light
11/13/24 01:44,69,92.2,light
11/13/24 01:45,56,93.2,light
11/13/24 01:46,55,94.1,light
11/13/24 01:47,51,92.7,light
11/13/24 01:48,53,93.7,light
11/13/24 01:49,55,92.1,light
11/13/24 01:50,54,90.8,light
11/13/24 01:51,51,92.9,light
11/13/24 01:52,52,92.5,light
11/13/24 01:53,54,92.2,light
11/13/24 01:54,52,93.7,light
11/13/24 01:55,57,94,light
11/13/24 01:56,55,93.1,light
11/13/24 01:57,53,92.9,light
11/13/24 01:58,57,93.1,light
11/13/24 01:59,56,92.5,light
11/13/24 02:00,55,93.5,light
11/13/24 02:01,54,91.8,light
11/13/24 02:02,54,92.1,light
11/13/24 02:03,53,92.4,light
11/13/24 02:04,52,93.4,light
11/13/24 02:05,58,92.8,light
11/13/24 02:06,53,94.1,light
11/13/24 02:07,55,93.6,light
11/13/24 02:08,53,92.4,light
11/13/24 02:09,54,93.5,light
11/13/24 02:10,60,91.1,light
11/13/24 02:11,53,93.4,light
11/13/24 02:12,57,93.7,light
11/13/24 02:13,54,93.9,light
11/13/24 02:14,56,93.2,light
11/13/24 02:15,57,94.3,REM
11/13/24 02:16,55,93.4,REM
11/13/24 02:17,54,93.1,REM
11/13/24 02:18,54,92.8,REM
11/13/24 02:19,54,92.5,REM
11/13/24 02:20,58,93.3,REM
11/13/24 02:21,52,93.1,REM
11/13/24 02:22,51,93.2,REM
11/13/24 02:23,51,93.4,REM
11/13/24 02:24,53,93.2,REM
11/13/24 02:25,56,94.6,REM
11/13/24 02:26,56,92.6,REM
11/13/24 02:27,53,93.3,REM
11/13/24 02:28,54,92.8,REM
11/13/24 02:29,52,91,REM
11/13/24 02:30,52,92.8,REM
11/13/24 02:31,56,92.3,REM
11/13/24 02:32,57,92.9,REM
11/13/24 02:33,54,93,REM
11/13/24 02:34,58,93.3,REM
11/13/24 02:35,56,92.6,light
11/13/24 02:36,58,92.7,light
11/13/24 02:37,54,93.6,light
11/13/24 02:38,58,92.4,light
11/13/24 02:39,59,91.5,light
11/13/24 02:40,54,93.1,light
11/13/24 02:41,54,93.9,light
11/13/24 02:42,53,93.6,light
11/13/24 02:43,52,93.1,light
11/13/24 02:44,52,94,light
11/13/24 02:45,53,93.9,light
11/13/24 02:46,55,92.7,light
11/13/24 02:47,53,93.2,light
11/13/24 02:48,55,93.2,light
11/13/24 02:49,55,92.9,light
11/13/24 02:50,54,93.9,light
11/13/24 02:51,54,92.9,light
11/13/24 02:52,53,92.6,light
11/13/24 02:53,54,90.9,light
11/13/24 02:54,53,92.4,light
11/13/24 02:55,55,91.9,light
11/13/24 02:56,53,93,light
11/13/24 02:57,52,92,light
11/13/24 02:58,56,93.5,light
11/13/24 02:59,56,93.9,light
11/13/24 03:00,57,93,light
11/13/24 03:01,52,92.2,light
11/13/24 03:02,54,93.2,light
11/13/24 03:03,55,94.5,light
11/13/24 03:04,53,94.3,light
11/13/24 03:05,56,91.9,light
11/13/24 03:06,55,91.8,light
11/13/24 03:07,55,91.6,light
11/13/24 03:08,57,92.1,light
11/13/24 03:09,56,93.2,light
11/13/24 03:10,55,92.6,light
11/13/24 03:11,54,92.3,light
11/13/24 03:12,54,93.8,light
11/13/24 03:13,52,93.4,light
11/13/24 03:14,51,91.6,light
11/13/24 03:15,76,92,light
11/13/24 03:16,79,91.3,light
11/13/24 03:17,73,91.3,light
11/13/24 03:18,81,89.6,light
11/13/24 03:19,74,90.2,light
11/13/24 03:20,67,89.5,light
11/13/24 03:21,78,91.8,light
11/13/24 03:22,73,89,light
11/13/24 03:23,79,89.2,light
11/13/24 03:24,69,90.6,light
11/13/24 03:25,76,93.2,light
11/13/24 03:26,71,89.5,light
11/13/24 03:27,75,91.9,light
11/13/24 03:28,78,90.5,light
11/13/24 03:29,77,89.3,light
11/13/24 03:30,75,89,light
11/13/24 03:31,69,90.9,light
11/13/24 03:32,77,90.4,light
11/13/24 03:33,79,91.4,light
11/13/24 03:34,70,89.8,light
11/13/24 03:35,71,89.7,light
11/13/24 03:36,79,89.2,light
11/13/24 03:37,74,88.7,light
11/13/24 03:38,71,88.6,light
11/13/24 03:39,76,92,light
11/13/24 03:40,72,89.7,light
11/13/24 03:41,75,89.8,light
11/13/24 03:42,73,89.5,light
11/13/24 03:43,73,90,light
11/13/24 03:44,79,91.1,light
11/13/24 03:45,65,91,light
11/13/24 03:46,77,90.8,light
11/13/24 03:47,78,92.6,light
11/13/24 03:48,72,89.3,light
11/13/24 03:49,78,89.8,light
11/13/24 03:50,71,91.5,light
11/13/24 03:51,72,92.7,light
11/13/24 03:52,71,88.6,light
11/13/24 03:53,78,87.9,light
11/13/24 03:54,68,91.5,light
11/13/24 03:55,81,90.3,light
11/13/24 03:56,73,91.6,light
11/13/24 03:57,77,91.3,light
11/13/24 03:58,77,90.4,light
11/13/24 03:59,75,92.1,light
11/13/24 04:00,72,89.5,light
11/13/24 04:01,79,90.8,light
11/13/24 04:02,72,88.7,light
11/13/24 04:03,72,90.4,light
11/13/24 04:04,78,88.3,light
11/13/24 04:05,75,88.8,wake
11/13/24 04:06,80,93.1,wake
11/13/24 04:07,74,87.8,wake
11/13/24 04:08,72,90.2,wake
11/13/24 04:09,76,91.7,wake
11/13/24 04:10,73,93.8,wake
11/13/24 04:11,72,90.8,wake
11/13/24 04:12,78,90.9,wake
11/13/24 04:13,82,90.6,wake
11/13/24 04:14,74,92.1,wake
11/13/24 04:15,71,91.1,light
11/13/24 04:16,74,89.6,light
11/13/24 04:17,77,92.2,light
11/13/24 04:18,76,89.8,light
11/13/24 04:19,79,88.1,light
11/13/24 04:20,77,88.1,light
11/13/24 04:21,70,90.2,light
11/13/24 04:22,73,90.7,light
11/13/24 04:23,69,92.5,light
11/13/24 04:24,79,91.5,light
11/13/24 04:25,67,91.6,light
11/13/24 04:26,69,92.5,light
11/13/24 04:27,72,90.5,light
11/13/24 04:28,77,88.6,light
11/13/24 04:29,72,88.2,light
11/13/24 04:30,73,92.4,light
11/13/24 04:31,73,87.1,light
11/13/24 04:32,75,90.2,light
11/13/24 04:33,70,95,light
11/13/24 04:34,71,91.2,light
11/13/24 04:35,81,90.2,light
11/13/24 04:36,76,88,light
11/13/24 04:37,78,92.9,light
11/13/24 04:38,75,92.3,light
11/13/24 04:39,74,91.5,light
11/13/24 04:40,76,90.5,light
11/13/24 04:41,77,91.4,light
11/13/24 04:42,78,90.3,light
11/13/24 04:43,74,89,light
11/13/24 04:44,78,91.9,light
11/13/24 04:45,57,93,light
11/13/24 04:46,67,92,light
11/13/24 04:47,63,91.4,light
11/13/24 04:48,66,92,light
11/13/24 04:49,63,91.5,light
11/13/24 04:50,61,91.4,light
11/13/24 04:51,66,91.5,light
11/13/24 04:52,60,94.5,light
11/13/24 04:53,63,92.3,light
11/13/24 04:54,62,94.1,light
11/13/24 04:55,64,91.5,light
11/13/24 04:56,67,91.2,light
11/13/24 04:57,63,90.4,light
11/13/24 04:58,65,93.1,light
11/13/24 04:59,67,90.6,light
11/13/24 05:00,63,93.3,light
11/13/24 05:01,63,90.5,light
11/13/24 05:02,69,92.4,light
11/13/24 05:03,64,89.9,light
11/13/24 05:04,66,91.1,light
11/13/24 05:05,66,91.5,light
11/13/24 05:06,61,90.9,light
11/13/24 05:07,62,91.3,light
11/13/24 05:08,66,91.3,light
11/13/24 05:09,58,93.6,light
11/13/24 05:10,64,89.4,light
11/13/24 05:11,62,90.9,light
11/13/24 05:12,68,92.8,light
11/13/24 05:13,66,92.1,light
11/13/24 05:14,68,92.8,light
11/13/24 05:15,64,92.3,light
11/13/24 05:16,64,90.4,light
11/13/24 05:17,64,92.2,light
11/13/24 05:18,63,91.6,light
11/13/24 05:19,73,93.9,light
11/13/24 05:20,67,92.3,light
11/13/24 05:21,61,92,light
11/13/24 05:22,72,91.5,light
11/13/24 05:23,63,92,light
11/13/24 05:24,65,91.9,light
11/13/24 05:25,67,91.2,light
11/13/24 05:26,60,92,light
11/13/24 05:27,62,92.4,light
11/13/24 05:28,69,92.6,light
11/13/24 05:29,64,92.4,light
11/13/24 05:30,67,93,light
11/13/24 05:31,63,92.6,light
11/13/24 05:32,64,92.1,light
11/13/24 05:33,70,88.8,light
11/13/24 05:34,66,90.4,light
11/13/24 05:35,63,91.3,light
11/13/24 05:36,62,91.5,light
11/13/24 05:37,63,92.9,light
11/13/24 05:38,68,88.7,light
11/13/24 05:39,67,90.5,light
11/13/24 05:40,61,91.3,light
11/13/24 05:41,65,90.5,light
11/13/24 05:42,64,90.7,light
11/13/24 05:43,65,91,light
11/13/24 05:44,63,90.6,light
11/13/24 05:45,68,90.7,deep
11/13/24 05:46,64,92.9,deep
11/13/24 05:47,66,92.1,deep
11/13/24 05:48,62,92.3,deep
11/13/24 05:49,62,91.5,deep
11/13/24 22:15,77,88.7,light
11/13/24 22:16,72,92.4,light
11/13/24 22:17,73,90.7,light
11/13/24 22:18,79,89.4,light
11/13/24 22:19,72,89.8,light
11/13/24 22:20,69,91.8,light
11/13/24 22:21,72,88.4,light
11/13/24 22:22,81,91.8,light
11/13/24 22:23,72,90.9,light
11/13/24 22:24,76,92.8,light
11/13/24 22:25,72,90.6,light
11/13/24 22:26,78,88.9,light
11/13/24 22:27,77,88.7,light
11/13/24 22:28,69,91.1,light
11/13/24 22:29,76,90.1,light
11/13/24 22:30,68,90.9,light
11/13/24 22:31,72,90.7,light
11/13/24 22:32,74,89.6,light
11/13/24 22:33,82,90.9,light
11/13/24 22:34,76,89.7,light
11/13/24 22:35,71,91.4,light
11/13/24 22:36,73,90,light
11/13/24 22:37,78,92.4,light
11/13/24 22:38,71,91.5,light
11/13/24 22:39,79,90.8,light
11/13/24 22:40,72,90.2,light
11/13/24 22:41,71,88.2,light
11/13/24 22:42,73,92.6,light
11/13/24 22:43,68,90.8,light
11/13/24 22:44,66,91.6,light
11/13/24 22:45,74,91,light
11/13/24 22:46,74,90.2,light
11/13/24 22:47,76,92.5,light
11/13/24 22:48,74,88.7,light
11/13/24 22:49,84,93.1,light
11/13/24 22:50,75,91.5,light
11/13/24 22:51,69,91.3,light
11/13/24 22:52,70,90.1,light
11/13/24 22:53,75,87.2,light
11/13/24 22:54,73,89.2,light
11/13/24 22:55,70,90,light
11/13/24 22:56,74,90.8,light
11/13/24 22:57,74,92.4,light
11/13/24 22:58,81,93.6,light
11/13/24 22:59,71,90.9,light
11/13/24 23:00,73,90.8,light
11/13/24 23:01,81,89.8,light
11/13/24 23:02,76,87.9,light
11/13/24 23:03,71,89.6,light
11/13/24 23:04,72,90.2,light
11/13/24 23:05,70,92,light
11/13/24 23:06,75,91.3,light
11/13/24 23:07,79,90.8,light
11/13/24 23:08,81,89.6,light
11/13/24 23:09,69,89.5,light
11/13/24 23:10,78,87.6,light
11/13/24 23:11,75,88,light
11/13/24 23:12,73,90.1,light
11/13/24 23:13,73,92,light
11/13/24 23:14,67,92.5,light
11/13/24 23:15,77,91.7,light
11/13/24 23:16,69,91,light
11/13/24 23:17,72,92.2,light
11/13/24 23:18,76,89.1,light
11/13/24 23:19,67,92.4,light
11/13/24 23:20,69,89.8,light
11/13/24 23:21,79,88.7,light
11/13/24 23:22,75,93,light
11/13/24 23:23,72,90.2,light
11/13/24 23:24,75,89.5,light
11/13/24 23:25,77,92.2,light
11/13/24 23:26,79,92.3,light
11/13/24 23:27,70,89.9,light
11/13/24 23:28,70,90.9,light
11/13/24 23:29,77,90.7,light
11/13/24 23:30,77,86.3,light
11/13/24 23:31,69,90.1,light
11/13/24 23:32,71,91.9,light
11/13/24 23:33,74,89.3,light
11/13/24 23:34,75,91.3,light
11/13/24 23:35,75,90.9,light
11/13/24 23:36,69,92.7,light
11/13/24 23:37,75,88.5,light
11/13/24 23:38,72,91.1,light
11/13/24 23:39,70,90.4,light
11/13/24 23:40,74,89.3,light
11/13/24 23:41,74,89.3,light
11/13/24 23:42,78,90.8,light
11/13/24 23:43,71,91.4,light
11/13/24 23:44,75,90.6,light
11/13/24 23:45,60,91.6,deep
11/13/24 23:46,64,91,deep
11/13/24 23:47,66,91.1,deep
11/13/24 23:48,66,90.7,deep
11/13/24 23:49,66,91,deep
11/13/24 23:50,67,92.1,deep
11/13/24 23:51,63,92.2,deep
11/13/24 23:52,66,90.2,deep
11/13/24 23:53,70,89.2,deep
11/13/24 23:54,63,90.8,deep
11/13/24 23:55,69,91.4,deep
11/13/24 23:56,67,89.8,deep
11/13/24 23:57,64,90.6,deep
11/13/24 23:58,64,90.1,deep
11/13/24 23:59,65,91.9,deep
11/14/24 00:00,67,91.5,deep
11/14/24 00:01,66,91,deep
11/14/24 00:02,63,90.4,deep
11/14/24 00:03,58,92.6,deep
11/14/24 00:04,67,90.9,deep
11/14/24 00:05,59,94.3,deep
11/14/24 00:06,60,92.5,deep
11/14/24 00:07,63,90.8,deep
11/14/24 00:08,61,91.7,deep
11/14/24 00:09,65,92.4,deep
11/14/24 00:10,64,90.8,deep
11/14/24 00:11,67,90.1,deep
11/14/24 00:12,60,89.7,deep
11/14/24 00:13,63,92.8,deep
11/14/24 00:14,65,91.3,deep
11/14/24 00:15,65,91.8,deep
11/14/24 00:16,67,90.9,deep
11/14/24 00:17,62,90.2,deep
11/14/24 00:18,63,90.4,deep
11/14/24 00:19,66,90.2,deep
11/14/24 00:20,58,93.7,deep
11/14/24 00:21,66,93,deep
11/14/24 00:22,67,91.5,deep
11/14/24 00:23,60,90,deep
11/14/24 00:24,64,92,deep
11/14/24 00:25,69,92.8,deep
11/14/24 00:26,66,92.5,deep
11/14/24 00:27,66,91.5,deep
11/14/24 00:28,67,91.3,deep
11/14/24 00:29,70,90.4,deep
11/14/24 00:30,65,92.7,deep
11/14/24 00:31,63,92.3,deep
11/14/24 00:32,67,91.1,deep
11/14/24 00:33,64,91.1,deep
11/14/24 00:34,62,91,deep
11/14/24 00:35,63,90.4,deep
11/14/24 00:36,65,92.9,deep
11/14/24 00:37,63,90.7,deep
11/14/24 00:38,63,92,deep
11/14/24 00:39,61,90.8,deep
11/14/24 00:40,69,91,deep
11/14/24 00:41,63,91.4,deep
11/14/24 00:42,62,92,deep
11/14/24 00:43,63,91.2,deep
11/14/24 00:44,67,90.4,deep
11/14/24 00:45,66,91.5,light
11/14/24 00:46,63,90.7,light
11/14/24 00:47,65,93,light
11/14/24 00:48,65,91.2,light
11/14/24 00:49,62,90.8,light
11/14/24 00:50,60,93.5,light
11/14/24 00:51,66,92.2,light
11/14/24 00:52,63,90.6,light
11/14/24 00:53,66,90.7,light
11/14/24 00:54,65,92,light
11/14/24 00:55,65,91.5,light
11/14/24 00:56,63,92.4,light
11/14/24 00:57,63,90.8,light
11/14/24 00:58,61,92.2,light
11/14/24 00:59,63,89.3,light
11/14/24 01:00,66,91.3,light
11/14/24 01:01,69,90.9,light
11/14/24 01:02,68,91,light
11/14/24 01:03,65,91.4,light
11/14/24 01:04,69,92.6,light
11/14/24 01:05,64,90.3,light
11/14/24 01:06,61,89.3,light
11/14/24 01:07,70,88.9,light
11/14/24 01:08,66,92.5,light
11/14/24 01:09,60,89.9,light
11/14/24 01:10,69,90.9,light
11/14/24 01:11,62,92.3,light
11/14/24 01:12,63,91.4,light
11/14/24 01:13,68,92.6,light
11/14/24 01:14,69,89.5,light
11/14/24 01:15,52,92.7,light
11/14/24 01:16,57,94.1,light
11/14/24 01:17,56,92.1,light
11/14/24 01:18,53,93.8,light
11/14/24 01:19,54,92.8,light
11/14/24 01:20,58,93.3,light
11/14/24 01:21,51,94,light
11/14/24 01:22,57,93.3,light
11/14/24 01:23,56,92.5,light
11/14/24 01:24,56,93.4,light
11/14/24 01:25,55,92.5,light
11/14/24 01:26,58,93.2,light
11/14/24 01:27,59,92,light
11/14/24 01:28,53,93,light
11/14/24 01:29,56,94,light
11/14/24 01:30,58,92.8,light
11/14/24 01:31,53,93.9,light
11/14/24 01:32,55,95.5,light
11/14/24 01:33,57,93,light
11/14/24 01:34,50,93.5,light
11/14/24 01:35,56,93.4,light
11/14/24 01:36,52,93.2,light
11/14/24 01:37,55,93.6,light
11/14/24 01:38,57,92.8,light
11/14/24 01:39,50,92.5,light
11/14/24 01:40,56,91.8,light
11/14/24 01:41,59,92.7,light
11/14/24 01:42,53,93.7,light
11/14/24 01:43,56,92.2,light
11/14/24 01:44,57,93.2,light
11/14/24 01:45,51,92.9,REM
11/14/24 01:46,56,92.5,REM
11/14/24 01:47,57,91.5,REM
11/14/24 01:48,56,94.1,REM
11/14/24 01:49,55,93.4,REM
11/14/24 01:50,52,95.1,REM
11/14/24 01:51,57,93.9,REM
11/14/24 01:52,55,94.1,REM
11/14/24 01:53,53,91.6,REM
11/14/24 01:54,54,91.6,REM
11/14/24 01:55,55,93,REM
11/14/24 01:56,51,92.1,REM
11/14/24 01:57,55,92.5,REM
11/14/24 01:58,54,95,REM
11/14/24 01:59,57,94,REM
11/14/24 02:00,51,92.3,REM
11/14/24 02:01,56,91.1,REM
11/14/24 02:02,57,92.2,REM
11/14/24 02:03,51,92.6,REM
11/14/24 02:04,51,92.7,REM
11/14/24 02:05,58,92,light
11/14/24 02:06,53,93.9,light
11/14/24 02:07,61,90.8,light
11/14/24 02:08,51,93.5,light
11/14/24 02:09,55,93,light
11/14/24 02:10,54,93.8,light
11/14/24 02:11,54,92.8,light
11/14/24 02:12,55,92.3,light
11/14/24 02:13,56,92.5,light
11/14/24 02:14,54,92.5,light
11/14/24 02:15,52,94.7,light
11/14/24 02:16,57,93.1,light
11/14/24 02:17,56,93,light
11/14/24 02:18,55,93.7,light
11/14/24 02:19,56,93,light
11/14/24 02:20,56,93.9,light
11/14/24 02:21,53,92.7,light
11/14/24 02:22,56,92.6,light
11/14/24 02:23,53,92.2,light
11/14/24 02:24,56,94.5,light
11/14/24 02:25,54,92.9,light
11/14/24 02:26,56,92.1,light
11/14/24 02:27,54,93.2,light
11/14/24 02:28,56,92.5,light
11/14/24 02:29,53,92.7,light
11/14/24 02:30,55,93.2,light
11/14/24 02:31,56,94.2,light
11/14/24 02:32,55,93.1,light
11/14/24 02:33,55,92.4,light
11/14/24 02:34,58,92.6,light
11/14/24 02:35,57,93.5,light
11/14/24 02:36,56,91.4,light
11/14/24 02:37,56,92.2,light
11/14/24 02:38,56,93.2,light
11/14/24 02:39,58,91.6,light
11/14/24 02:40,54,92.7,light
11/14/24 02:41,57,92.6,light
11/14/24 02:42,55,93.7,light
11/14/24 02:43,54,92.8,light
11/14/24 02:44,54,93.9,light
11/14/24 02:45,75,90.6,light
11/14/24 02:46,71,93.2,light
11/14/24 02:47,78,88.4,light
11/14/24 02:48,74,92.9,light
11/14/24 02:49,75,89.9,light
11/14/24 02:50,80,92.7,light
11/14/24 02:51,75,92.3,light
11/14/24 02:52,81,86.2,light
11/14/24 02:53,72,91.2,light
11/14/24 02:54,70,92,light
11/14/24 02:55,73,92.5,light
11/14/24 02:56,63,90.3,light
11/14/24 02:57,78,91.4,light
11/14/24 02:58,70,90.8,light
11/14/24 02:59,72,91.1,light
11/14/24 03:00,77,92,light
11/14/24 03:01,75,92.2,light
11/14/24 03:02,73,89.5,light
11/14/24 03:03,66,91.8,light
11/14/24 03:04,80,90.6,light
11/14/24 03:05,77,90.1,light
11/14/24 03:06,83,90.3,light
11/14/24 03:07,72,90.8,light
11/14/24 03:08,69,90.9,light
11/14/24 03:09,78,91.8,light
11/14/24 03:10,74,92.4,light
11/14/24 03:11,77,89.3,light
11/14/24 03:12,81,92.5,light
11/14/24 03:13,76,89.3,light
11/14/24 03:14,75,91.8,light
11/14/24 03:15,75,92.5,light
11/14/24 03:16,68,91.4,light
11/14/24 03:17,79,89.3,light
11/14/24 03:18,79,89.6,light
11/14/24 03:19,77,91,light
11/14/24 03:20,68,93.5,light
11/14/24 03:21,74,88,light
11/14/24 03:22,80,90.7,light
11/14/24 03:23,72,90.4,light
11/14/24 03:24,79,89.8,light
11/14/24 03:25,75,90.4,light
11/14/24 03:26,77,89.7,light
11/14/24 03:27,73,92.4,light
11/14/24 03:28,75,92.5,light
11/14/24 03:29,76,90.6,light
11/14/24 03:30,70,90.3,light
11/14/24 03:31,76,89.8,light
11/14/24 03:32,64,91.6,light
11/14/24 03:33,72,93.3,light
11/14/24 03:34,77,90.3,light
11/14/24 03:35,79,89.2,wake
11/14/24 03:36,76,89.9,wake
11/14/24 03:37,69,92.3,wake
11/14/24 03:38,79,89.4,wake
11/14/24 03:39,70,90.4,wake
11/14/24 03:40,77,91.2,wake
11/14/24 03:41,70,89.5,wake
11/14/24 03:42,71,87.9,wake
11/14/24 03:43,71,88.9,wake
11/14/24 03:44,75,89.2,wake
11/14/24 03:45,74,90.2,light
11/14/24 03:46,77,90.6,light
11/14/24 03:47,74,91.7,light
11/14/24 03:48,68,90.3,light
11/14/24 03:49,76,91.5,light
11/14/24 03:50,67,91.1,light
11/14/24 03:51,71,87.8,light
11/14/24 03:52,73,90.5,light
11/14/24 03:53,73,92.5,light
11/14/24 03:54,68,92.4,light
11/14/24 03:55,80,90.4,light
11/14/24 03:56,81,92.2,light
11/14/24 03:57,84,90.8,light
11/14/24 03:58,79,92,light
11/14/24 03:59,73,88,light
11/14/24 04:00,73,88.6,light
11/14/24 04:01,73,91.6,light
11/14/24 04:02,82,92.8,light
11/14/24 04:03,74,91.1,light
11/14/24 04:04,80,89.8,light
11/14/24 04:05,79,89.2,light
11/14/24 04:06,75,90,light
11/14/24 04:07,69,92.7,light
11/14/24 04:08,74,90,light
11/14/24 04:09,75,92.1,light
11/14/24 04:10,80,91.5,light
11/14/24 04:11,75,93.1,light
11/14/24 04:12,70,90.8,light
11/14/24 04:13,78,90.4,light
11/14/24 04:14,74,92.1,light
11/14/24 04:15,57,92.3,light
11/14/24 04:16,65,91.1,light
11/14/24 04:17,66,89.8,light
11/14/24 04:18,62,90.2,light
11/14/24 04:19,64,93.4,light
11/14/24 04:20,66,92.2,light
11/14/24 04:21,65,90.1,light
11/14/24 04:22,60,92.7,light
11/14/24 04:23,68,90.8,light
11/14/24 04:24,70,91.5,light
11/14/24 04:25,63,92.1,light
11/14/24 04:26,59,94.3,light
11/14/24 04:27,67,91,light
11/14/24 04:28,62,90.8,light
11/14/24 04:29,66,88.8,light
11/14/24 04:30,71,90.3,light
11/14/24 04:31,60,92.2,light
11/14/24 04:32,62,92.4,light
11/14/24 04:33,64,92.8,light
11/14/24 04:34,68,91.8,light
11/14/24 04:35,75,91.3,light
11/14/24 04:36,65,91.6,light
11/14/24 04:37,60,92.2,light
11/14/24 04:38,63,90.6,light
11/14/24 04:39,62,90.1,light
11/14/24 04:40,67,90.7,light
11/14/24 04:41,66,91.7,light
11/14/24 04:42,61,90.2,light
11/14/24 04:43,62,90.9,light
11/14/24 04:44,63,90.9,light
11/14/24 04:45,64,92.3,light
11/14/24 04:46,64,92.2,light
11/14/24 04:47,65,91.6,light
11/14/24 04:48,68,92,light
11/14/24 04:49,63,92,light
11/14/24 04:50,63,91.1,light
11/14/24 04:51,60,91,light
11/14/24 04:52,64,93,light
11/14/24 04:53,65,89,light
11/14/24 04:54,59,92.4,light
11/14/24 04:55,63,91.3,light
11/14/24 04:56,68,92.1,light
11/14/24 04:57,66,92.6,light
11/14/24 04:58,66,93.4,light
11/14/24 04:59,66,91.4,light
11/14/24 05:00,63,91.5,light
11/14/24 05:01,62,91.9,light
11/14/24 05:02,68,91,light
11/14/24 05:03,67,90.3,light
11/14/24 05:04,62,91.4,light
11/14/24 05:05,59,93.6,light
11/14/24 05:06,62,91.3,light
11/14/24 05:07,66,91.9,light
11/14/24 05:08,63,89.6,light
11/14/24 05:09,65,91.5,light
11/14/24 05:10,69,91.1,light
11/14/24 05:11,64,90.2,light
11/14/24 05:12,65,92.2,light
11/14/24 05:13,67,93.3,light
11/14/24 05:14,61,92.5,light
11/14/24 05:15,62,92.6,deep
11/14/24 05:16,67,92.2,deep
11/14/24 05:17,65,92.1,deep
11/14/24 05:18,65,89.7,deep
11/14/24 05:19,65,91.4,deep
11/14/24 05:20,67,92,deep
11/14/24 05:21,66,92,deep
11/14/24 05:22,66,92.8,deep
11/14/24 05:23,68,90.5,deep
11/14/24 05:24,69,92.1,deep
11/14/24 05:25,71,88.9,deep
11/14/24 05:26,63,91.3,deep
11/14/24 05:27,72,90.4,deep
11/14/24 05:28,61,92.4,deep
11/14/24 05:29,70,91.6,deep
11/14/24 05:30,63,91.6,deep
11/14/24 05:31,64,89.3,deep
11/14/24 05:32,65,91.9,deep
11/14/24 05:33,62,91.2,deep
11/14/24 05:34,65,92.9,deep
11/14/24 05:35,62,92.7,deep
11/14/24 05:36,61,90.6,deep
11/14/24 05:37,64,92.1,deep
11/14/24 05:38,69,92.1,deep
11/14/24 05:39,64,92,deep
11/14/24 05:40,67,91.9,deep
11/14/24 05:41,62,92.1,deep
11/14/24 05:42,61,93,deep
11/14/24 05:43,66,90.9,deep
11/14/24 05:44,70,89.1,deep
11/14/24 05:45,55,93.6,deep
11/14/24 05:46,56,91.5,deep
11/14/24 05:47,57,93.5,deep
11/14/24 05:48,54,93.4,deep
11/14/24 05:49,54,91.1,deep
11/14/24 05:50,55,92.5,deep
11/14/24 05:51,56,94.3,deep
11/14/24 05:52,52,91.8,deep
11/14/24 05:53,55,93.2,deep
11/14/24 05:54,54,92.2,deep
11/14/24 05:55,53,92.4,deep
11/14/24 05:56,54,94.5,deep
11/14/24 05:57,52,93.1,deep
11/14/24 05:58,51,93.4,deep
11/14/24 05:59,55,92.9,deep
11/14/24 06:00,56,91.8,deep
11/14/24 06:01,54,92.1,deep
11/14/24 06:02,53,93.9,deep
11/14/24 06:03,53,93.1,deep
11/14/24 06:04,56,92.4,deep
11/14/24 06:05,58,93,deep
11/14/24 06:06,56,93.5,deep
11/14/24 06:07,57,93.4,deep
11/14/24 06:08,52,92.4,deep
11/14/24 06:09,54,91.7,deep
11/14/24 06:10,57,92.7,deep
11/14/24 06:11,52,93.9,deep
11/14/24 06:12,53,93.7,deep
11/14/24 06:13,56,93.3,deep
11/14/24 06:14,55,92.9,deep
11/14/24 06:15,53,92.6,light
11/14/24 06:16,51,92.9,light
11/14/24 06:17,57,93.6,light
11/14/24 06:18,50,93.8,light
11/14/24 06:19,56,92.8,light
11/14/24 06:20,53,95,light
11/14/24 06:21,57,93.1,light
11/14/24 06:22,52,92.7,light
11/14/24 06:23,60,93,light
11/14/24 06:24,55,91.4,light
11/14/24 06:25,56,93.4,light
11/14/24 06:26,53,92.9,light
11/14/24 06:27,54,94.2,light
11/14/24 06:28,54,93.5,light
11/14/24 06:29,58,93.1,light
11/14/24 06:30,55,93.5,light
11/14/24 06:31,56,92.2,light
11/14/24 06:32,56,93.8,light
11/14/24 06:33,56,91.9,light
11/14/24 06:34,52,93.3,light
11/14/24 06:35,59,93,light
11/14/24 06:36,53,91.6,light
11/14/24 06:37,54,93.1,light
11/14/24 06:38,58,93.2,light
11/14/24 06:39,58,92.5,light
11/14/24 06:40,56,92.2,light
11/14/24 06:41,53,93.4,light
11/14/24 06:42,55,93.3,light
11/14/24 06:43,55,93.2,light
11/14/24 06:44,55,93,light
11/14/24 20:30,72,90.2,light
11/14/24 20:31,84,90.5,light
11/14/24 20:32,73,90.8,light
11/14/24 20:33,71,89.1,light
11/14/24 20:34,75,90.4,light
11/14/24 20:35,74,90,light
11/14/24 20:36,73,92.1,light
11/14/24 20:37,82,89,light
11/14/24 20:38,70,90.5,light
11/14/24 20:39,75,89.5,light
11/14/24 20:40,70,93.3,light
11/14/24 20:41,72,92.4,light
11/14/24 20:42,81,88,light
11/14/24 20:43,76,89.3,light
11/14/24 20:44,76,91.8,light
11/14/24 20:45,71,91.2,light
11/14/24 20:46,73,91.1,light
11/14/24 20:47,82,90.8,light
11/14/24 20:48,76,91.9,light
11/14/24 20:49,73,91.7,light
11/14/24 20:50,76,90.1,light
11/14/24 20:51,76,88.7,light
11/14/24 20:52,71,88,light
11/14/24 20:53,73,90.3,light
11/14/24 20:54,84,87.7,light
11/14/24 20:55,76,90.9,light
11/14/24 20:56,68,91.2,light
11/14/24 20:57,77,93.4,light
11/14/24 20:58,80,91,light
11/14/24 20:59,71,90.5,light
11/14/24 21:00,73,88.1,light
11/14/24 21:01,80,88.6,light
11/14/24 21:02,75,91.5,light
11/14/24 21:03,74,90,light
11/14/24 21:04,69,94,light
11/14/24 21:05,79,90.4,light
11/14/24 21:06,74,90.8,light
11/14/24 21:07,66,90.2,light
11/14/24 21:08,68,92.4,light
11/14/24 21:09,72,89.1,light
11/14/24 21:10,70,91.3,light
11/14/24 21:11,71,91.7,light
11/14/24 21:12,84,90.6,light
11/14/24 21:13,77,93.1,light
11/14/24 21:14,64,90.9,light
11/14/24 21:15,73,93,light
11/14/24 21:16,74,88.6,light
11/14/24 21:17,69,92.3,light
11/14/24 21:18,77,90.3,light
11/14/24 21:19,66,90.8,light
11/14/24 21:20,79,88,light
11/14/24 21:21,80,90.1,light
11/14/24 21:22,84,90,light
11/14/24 21:23,68,91.7,light
11/14/24 21:24,69,92.2,light
11/14/24 21:25,77,89.3,light
11/14/24 21:26,79,93.1,light
11/14/24 21:27,78,89.7,light
11/14/24 21:28,79,91.4,light
11/14/24 21:29,80,90.6,light
11/14/24 21:30,75,90.2,light
11/14/24 21:31,74,90.6,light
11/14/24 21:32,69,90.6,light
11/14/24 21:33,73,89.9,light
11/14/24 21:34,74,88.5,light
11/14/24 21:35,71,89.7,light
11/14/24 21:36,74,89.8,light
11/14/24 21:37,70,91.8,light
11/14/24 21:38,79,90,light
11/14/24 21:39,76,89.8,light
11/14/24 21:40,73,90.8,light
11/14/24 21:41,75,90.8,light
11/14/24 21:42,70,89.6,light
11/14/24 21:43,70,91.1,light
11/14/24 21:44,72,90.2,light
11/14/24 21:45,74,89.6,light
11/14/24 21:46,75,89.8,light
11/14/24 21:47,75,91.9,light
11/14/24 21:48,69,91,light
11/14/24 21:49,74,90.9,light
11/14/24 21:50,71,88.6,light
11/14/24 21:51,61,92.6,light
11/14/24 21:52,87,89.6,light
11/14/24 21:53,71,91.1,light
11/14/24 21:54,72,90.1,light
11/14/24 21:55,69,91.9,light
11/14/24 21:56,70,91.2,light
11/14/24 21:57,74,90.3,light
11/14/24 21:58,80,87.7,light
11/14/24 21:59,74,92.1,light
11/14/24 22:00,64,91.4,deep
11/14/24 22:01,68,91.9,deep
11/14/24 22:02,63,92.2,deep
11/14/24 22:03,65,91,deep
11/14/24 22:04,62,92,deep
11/14/24 22:05,70,89.4,deep
11/14/24 22:06,68,91.9,deep
11/14/24 22:07,64,91.5,deep
11/14/24 22:08,63,91.1,deep
11/14/24 22:09,64,91.5,deep
11/14/24 22:10,64,90.4,deep
11/14/24 22:11,60,91.8,deep
11/14/24 22:12,68,91.9,deep
11/14/24 22:13,64,91.8,deep
11/14/24 22:14,70,92.8,deep
11/14/24 22:15,66,91.4,deep
11/14/24 22:16,57,93,deep
11/14/24 22:17,61,90.3,deep
11/14/24 22:18,58,94.3,deep
11/14/24 22:19,61,90,deep
11/14/24 22:20,60,91.7,deep
11/14/24 22:21,65,90.9,deep
11/14/24 22:22,64,91.6,deep
11/14/24 22:23,67,90.2,deep
11/14/24 22:24,64,92.4,deep
11/14/24 22:25,64,90.5,deep
11/14/24 22:26,71,92.2,deep
11/14/24 22:27,65,90.6,deep
11/14/24 22:28,64,92.5,deep
11/14/24 22:29,62,90.7,deep
11/14/24 22:30,61,90.9,deep
11/14/24 22:31,67,91.5,deep
11/14/24 22:32,67,90.7,deep
11/14/24 22:33,69,90.6,deep
11/14/24 22:34,66,90.7,deep
11/14/24 22:35,63,91.8,deep
11/14/24 22:36,66,91.5,deep
11/14/24 22:37,64,91.6,deep
11/14/24 22:38,67,91.2,deep
11/14/24 22:39,69,92,deep
11/14/24 22:40,64,92.6,deep
11/14/24 22:41,70,91.4,deep
11/14/24 22:42,68,91.3,deep
11/14/24 22:43,65,90.3,deep
11/14/24 22:44,67,89.5,deep
11/14/24 22:45,65,91.4,deep
11/14/24 22:46,65,89.5,deep
11/14/24 22:47,70,90.2,deep
11/14/24 22:48,66,92.9,deep
11/14/24 22:49,62,90.3,deep
11/14/24 22:50,61,90.2,deep
11/14/24 22:51,62,92.1,deep
11/14/24 22:52,66,88.7,deep
11/14/24 22:53,63,91.9,deep
11/14/24 22:54,65,93,deep
11/14/24 22:55,67,90.6,deep
11/14/24 22:56,71,88.9,deep
11/14/24 22:57,64,92.1,deep
11/14/24 22:58,60,90.3,deep
11/14/24 22:59,70,91.7,deep
11/14/24 23:00,60,90.4,light
11/14/24 23:01,60,93.3,light
11/14/24 23:02,70,91.5,light
11/14/24 23:03,68,91.5,light
11/14/24 23:04,66,93.2,light
11/14/24 23:05,64,92.5,light
11/14/24 23:06,64,91.9,light
11/14/24 23:07,63,89.6,light
11/14/24 23:08,64,90.8,light
11/14/24 23:09,64,92.6,light
11/14/24 23:10,60,90.2,light
11/14/24 23:11,62,90.7,light
11/14/24 23:12,58,92.2,light
11/14/24 23:13,65,91.9,light
11/14/24 23:14,65,92.5,light
11/14/24 23:15,70,91.9,light
11/14/24 23:16,66,90.6,light
11/14/24 23:17,63,91.9,light
11/14/24 23:18,64,90.6,light
11/14/24 23:19,66,91.3,light
11/14/24 23:20,65,92,light
11/14/24 23:21,66,92.6,light
11/14/24 23:22,66,89.4,light
11/14/24 23:23,64,91.6,light
11/14/24 23:24,63,92.9,light
11/14/24 23:25,63,91.7,light
11/14/24 23:26,62,91.6,light
11/14/24 23:27,61,90.9,light
11/14/24 23:28,70,92.6,light
11/14/24 23:29,65,91,light
11/14/24 23:30,54,92.9,light
11/14/24 23:31,54,92.6,light
11/14/24 23:32,55,93.1,light
11/14/24 23:33,57,94.1,light
11/14/24 23:34,56,92.3,light
11/14/24 23:35,56,93.1,light
11/14/24 23:36,53,93.3,light
11/14/24 23:37,54,92.4,light
11/14/24 23:38,53,93,light
11/14/24 23:39,55,94.5,light
11/14/24 23:40,57,91.6,light
11/14/24 23:41,55,92.7,light
11/14/24 23:42,58,93.2,light
11/14/24 23:43,54,92.7,light
11/14/24 23:44,53,95.3,light
11/14/24 23:45,56,93.4,light
11/14/24 23:46,55,92.2,light
11/14/24 23:47,55,91.1,light
11/14/24 23:48,55,93.3,light
11/14/24 23:49,54,92.4,light
11/14/24 23:50,55,94,light
11/14/24 23:51,56,92.8,light
11/14/24 23:52,57,92.5,light
11/14/24 23:53,54,92.5,light
11/14/24 23:54,55,93.8,light
11/14/24 23:55,57,93.3,light
11/14/24 23:56,54,94.4,light
11/14/24 23:57,53,92.8,light
11/14/24 23:58,56,93.7,light
11/14/24 23:59,56,93.7,light
11/15/24 00:00,53,93.5,REM
11/15/24 00:01,52,92.6,REM
11/15/24 00:02,55,93.4,REM
11/15/24 00:03,54,92.9,REM
11/15/24 00:04,51,92.9,REM
11/15/24 00:05,53,92.4,REM
11/15/24 00:06,56,91.3,REM
11/15/24 00:07,54,94,REM
11/15/24 00:08,58,93.3,REM
11/15/24 00:09,50,91.9,REM
11/15/24 00:10,57,93.6,REM
11/15/24 00:11,54,94,REM
11/15/24 00:12,54,93.6,REM
11/15/24 00:13,51,92.3,REM
11/15/24 00:14,55,92.4,REM
11/15/24 00:15,51,92.6,REM
11/15/24 00:16,56,93.7,REM
11/15/24 00:17,51,93.4,REM
11/15/24 00:18,52,95.2,REM
11/15/24 00:19,52,91.7,REM
11/15/24 00:20,53,93,light
11/15/24 00:21,56,91.5,light
11/15/24 00:22,58,93.5,light
11/15/24 00:23,53,93.9,light
11/15/24 00:24,54,94.2,light
11/15/24 00:25,55,93.2,light
11/15/24 00:26,54,91.5,light
11/15/24 00:27,55,93,light
11/15/24 00:28,54,93.3,light
11/15/24 00:29,54,92.2,light
11/15/24 00:30,52,92.8,light
11/15/24 00:31,55,92,light
11/15/24 00:32,56,92.5,light
11/15/24 00:33,53,93.7,light
11/15/24 00:34,51,93.5,light
11/15/24 00:35,54,91.9,light
11/15/24 00:36,58,92.4,light
11/15/24 00:37,57,93,light
11/15/24 00:38,53,93.2,light
11/15/24 00:39,55,92.5,light
11/15/24 00:40,56,93.4,light
11/15/24 00:41,57,93,light
11/15/24 00:42,51,90.9,light
11/15/24 00:43,52,92.5,light
11/15/24 00:44,50,92.5,light
11/15/24 00:45,53,93.5,light
11/15/24 00:46,57,93.6,light
11/15/24 00:47,53,91.7,light
11/15/24 00:48,52,93.4,light
11/15/24 00:49,55,92.9,light
11/15/24 00:50,55,93.1,light
11/15/24 00:51,52,92.5,light
11/15/24 00:52,53,93,light
11/15/24 00:53,55,93.9,light
11/15/24 00:54,56,93.1,light
11/15/24 00:55,53,93,light
11/15/24 00:56,53,92.6,light
11/15/24 00:57,58,93.8,light
11/15/24 00:58,54,92,light
11/15/24 00:59,55,92.4,light
11/15/24 01:00,77,88.5,light
11/15/24 01:01,67,91.7,light
11/15/24 01:02,74,92.3,light
11/15/24 01:03,68,91.2,light
11/15/24 01:04,74,88.9,light
11/15/24 01:05,80,93,light
11/15/24 01:06,71,91.2,light
11/15/24 01:07,68,91.8,light
11/15/24 01:08,82,90.2,light
11/15/24 01:09,70,91.5,light
11/15/24 01:10,69,91.8,light
11/15/24 01:11,81,89.8,light
11/15/24 01:12,70,90,light
11/15/24 01:13,81,89,light
11/15/24 01:14,76,88.8,light
11/15/24 01:15,80,90.1,light
11/15/24 01:16,75,92.2,light
11/15/24 01:17,79,88.9,light
11/15/24 01:18,71,91.8,light
11/15/24 01:19,72,89.3,light
11/15/24 01:20,66,89.7,light
11/15/24 01:21,78,91.3,light
11/15/24 01:22,76,92.9,light
11/15/24 01:23,70,89.2,light
11/15/24 01:24,68,89.9,light
11/15/24 01:25,76,91.2,light
11/15/24 01:26,81,89.1,light
11/15/24 01:27,74,91.3,light
11/15/24 01:28,72,92.2,light
11/15/24 01:29,71,91,light
11/15/24 01:30,79,91.7,light
11/15/24 01:31,71,91.7,light
11/15/24 01:32,73,92,light
11/15/24 01:33,79,90.6,light
11/15/24 01:34,77,91.7,light
11/15/24 01:35,73,90.7,light
11/15/24 01:36,72,91.1,light
11/15/24 01:37,80,95.1,light
11/15/24 01:38,70,90.9,light
11/15/24 01:39,74,88.3,light
11/15/24 01:40,68,91.3,light
11/15/24 01:41,79,90,light
11/15/24 01:42,73,90.1,light
11/15/24 01:43,72,91.9,light
11/15/24 01:44,77,92.2,light
11/15/24 01:45,69,91.4,light
11/15/24 01:46,77,88.4,light
11/15/24 01:47,73,90.6,light
11/15/24 01:48,70,89.7,light
11/15/24 01:49,71,90.8,light
11/15/24 01:50,72,90.3,wake
11/15/24 01:51,73,92.3,wake
11/15/24 01:52,70,90.9,wake
11/15/24 01:53,76,89.7,wake
11/15/24 01:54,70,88.4,wake
11/15/24 01:55,65,91.5,wake
11/15/24 01:56,82,90.4,wake
11/15/24 01:57,75,90.1,wake
11/15/24 01:58,83,91.7,wake
11/15/24 01:59,70,88.4,wake
11/15/24 02:00,76,89.4,light
11/15/24 02:01,78,90.6,light
11/15/24 02:02,74,89.7,light
11/15/24 02:03,69,91.1,light
11/15/24 02:04,73,90.4,light
11/15/24 02:05,77,91.5,light
11/15/24 02:06,77,90.3,light
11/15/24 02:07,74,87.5,light
11/15/24 02:08,78,89.6,light
11/15/24 02:09,78,91.2,light
11/15/24 02:10,72,91.6,light
11/15/24 02:11,68,92.3,light
11/15/24 02:12,75,92.2,light
11/15/24 02:13,72,90.7,light
11/15/24 02:14,75,90.9,light
11/15/24 02:15,80,89,light
11/15/24 02:16,76,87.2,light
11/15/24 02:17,80,88.4,light
11/15/24 02:18,70,89.4,light
11/15/24 02:19,79,88.5,light
11/15/24 02:20,81,90.1,light
11/15/24 02:21,75,89.8,light
11/15/24 02:22,84,91.9,light
11/15/24 02:23,71,89,light
11/15/24 02:24,72,90.7,light
11/15/24 02:25,77,89.9,light
11/15/24 02:26,75,89,light
11/15/24 02:27,72,89.4,light
11/15/24 02:28,77,87.4,light
11/15/24 02:29,76,91.6,light
11/15/24 02:30,63,92.9,light
11/15/24 02:31,65,91.2,light
11/15/24 02:32,67,91.5,light
11/15/24 02:33,63,91.2,light
11/15/24 02:34,66,90.7,light
11/15/24 02:35,62,92.2,light
11/15/24 02:36,62,91.8,light
11/15/24 02:37,68,88.6,light
11/15/24 02:38,66,90.5,light
11/15/24 02:39,59,91.4,light
11/15/24 02:40,63,93.1,light
11/15/24 02:41,66,91.3,light
11/15/24 02:42,65,91.7,light
11/15/24 02:43,66,91.1,light
11/15/24 02:44,65,92.6,light
11/15/24 02:45,64,92.4,light
11/15/24 02:46,64,91.3,light
11/15/24 02:47,68,93.2,light
11/15/24 02:48,67,91.7,light
11/15/24 02:49,66,90,light
11/15/24 02:50,65,91.6,light
11/15/24 02:51,63,92,light
11/15/24 02:52,64,91.4,light
11/15/24 02:53,68,91.1,light
11/15/24 02:54,67,93.3,light
11/15/24 02:55,63,90.3,light
11/15/24 02:56,65,88.7,light
11/15/24 02:57,66,93.1,light
11/15/24 02:58,66,90.3,light
11/15/24 02:59,66,91.2,light
11/15/24 03:00,61,91.1,light
11/15/24 03:01,61,92.7,light
11/15/24 03:02,68,92.9,light
11/15/24 03:03,69,90.2,light
11/15/24 03:04,60,92.9,light
11/15/24 03:05,64,92.8,light
11/15/24 03:06,67,91.5,light
11/15/24 03:07,58,93.7,light
11/15/24 03:08,61,92.5,light
11/15/24 03:09,64,91.2,light
11/15/24 03:10,63,91.3,light
11/15/24 03:11,65,92.1,light
11/15/24 03:12,69,89.9,light
11/15/24 03:13,62,91.1,light
11/15/24 03:14,65,90.3,light
11/15/24 03:15,63,92.9,light
11/15/24 03:16,65,91.1,light
11/15/24 03:17,65,91.8,light
11/15/24 03:18,72,90.2,light
11/15/24 03:19,69,91.2,light
11/15/24 03:20,60,91.7,light
11/15/24 03:21,62,90.8,light
11/15/24 03:22,62,91.3,light
11/15/24 03:23,61,91.3,light
11/15/24 03:24,60,91.1,light
11/15/24 03:25,64,91.9,light
11/15/24 03:26,62,91.1,light
11/15/24 03:27,62,93.1,light
11/15/24 03:28,71,91.4,light
11/15/24 03:29,62,90.2,light
11/15/24 03:30,63,92.1,deep
11/15/24 03:31,67,90.8,deep
11/15/24 03:32,63,91.6,deep
11/15/24 03:33,61,90.8,deep
11/15/24 03:34,64,89.3,deep
11/15/24 03:35,71,90.5,deep
11/15/24 03:36,63,90.1,deep
11/15/24 03:37,62,91.9,deep
11/15/24 03:38,66,91.7,deep
11/15/24 03:39,64,90.9,deep
11/15/24 03:40,73,93.2,deep
11/15/24 03:41,62,90.3,deep
11/15/24 03:42,70,89.6,deep
11/15/24 03:43,68,90.4,deep
11/15/24 03:44,63,93.5,deep
11/15/24 03:45,64,92.9,deep
11/15/24 03:46,61,90.1,deep
11/15/24 03:47,63,90.7,deep
11/15/24 03:48,63,90.7,deep
11/15/24 03:49,65,90.9,deep
11/15/24 03:50,60,90.5,deep
11/15/24 03:51,65,90.9,deep
11/15/24 03:52,64,92.5,deep
11/15/24 03:53,66,93.4,deep
11/15/24 03:54,66,90,deep
11/15/24 03:55,64,90.5,deep
11/15/24 03:56,66,91.7,deep
11/15/24 03:57,64,89.9,deep
11/15/24 03:58,67,91.7,deep
11/15/24 03:59,65,92,deep
11/15/24 04:00,55,93.6,deep
11/15/24 04:01,54,93.4,deep
11/15/24 04:02,57,92.6,deep
11/15/24 04:03,55,92.9,deep
11/15/24 04:04,52,92.1,deep
11/15/24 04:05,54,93.4,deep
11/15/24 22:45,72,90.7,light
11/15/24 22:46,78,92.6,light
11/15/24 22:47,84,87.5,light
11/15/24 22:48,75,89.5,light
11/15/24 22:49,77,91.8,light
11/15/24 22:50,77,92.2,light
11/15/24 22:51,68,91.9,light
11/15/24 22:52,73,90.2,light
11/15/24 22:53,72,93.3,light
11/15/24 22:54,78,90.8,light
11/15/24 22:55,77,90.5,light
11/15/24 22:56,74,92.5,light
11/15/24 22:57,72,91.2,light
11/15/24 22:58,68,92.4,light
11/15/24 22:59,74,92.1,light
11/15/24 23:00,71,89.9,light
11/15/24 23:01,70,93.2,light
11/15/24 23:02,78,86.8,light
11/15/24 23:03,78,87.5,light
11/15/24 23:04,73,89.5,light
11/15/24 23:05,68,91.1,light
11/15/24 23:06,71,91,light
11/15/24 23:07,78,89.5,light
11/15/24 23:08,76,90.5,light
11/15/24 23:09,73,90.2,light
11/15/24 23:10,75,93.5,light
11/15/24 23:11,66,90.7,light
11/15/24 23:12,66,89.8,light
11/15/24 23:13,82,92.2,light
11/15/24 23:14,77,89.4,light
11/15/24 23:15,75,90.4,light
11/15/24 23:16,73,89.5,light
11/15/24 23:17,67,92.2,light
11/15/24 23:18,78,88.4,light
11/15/24 23:19,70,86.3,light
11/15/24 23:20,77,92.4,light
11/15/24 23:21,75,90.9,light
11/15/24 23:22,74,92.1,light
11/15/24 23:23,69,92.8,light
11/15/24 23:24,69,90.6,light
11/15/24 23:25,76,90.6,light
11/15/24 23:26,75,91.3,light
11/15/24 23:27,75,90.3,light
11/15/24 23:28,76,90,light
11/15/24 23:29,67,91.3,light
11/15/24 23:30,79,92.1,light
11/15/24 23:31,73,90.1,light
11/15/24 23:32,79,91.4,light
11/15/24 23:33,66,91.8,light
11/15/24 23:34,77,89.1,light
11/15/24 23:35,77,91,light
11/15/24 23:36,69,90,light
11/15/24 23:37,72,91.1,light
11/15/24 23:38,70,91.8,light
11/15/24 23:39,78,92.2,light
11/15/24 23:40,76,89.1,light
11/15/24 23:41,81,89.7,light
11/15/24 23:42,75,90.9,light
11/15/24 23:43,77,89.8,light
11/15/24 23:44,79,87.6,light
11/15/24 23:45,77,89.7,light
11/15/24 23:46,73,90.9,light
11/15/24 23:47,72,92.1,light
11/15/24 23:48,74,93,light
11/15/24 23:49,78,90.7,light
11/15/24 23:50,71,91.3,light
11/15/24 23:51,77,91.9,light
11/15/24 23:52,76,87.4,light
11/15/24 23:53,69,90.5,light
11/15/24 23:54,77,90.7,light
11/15/24 23:55,75,92.8,light
11/15/24 23:56,72,91.4,light
11/15/24 23:57,75,91,light
11/15/24 23:58,72,90.2,light
11/15/24 23:59,75,91.1,light
11/16/24 00:00,74,89.6,light
11/16/24 00:01,68,90.7,light
11/16/24 00:02,74,89.5,light
11/16/24 00:03,73,92.5,light
11/16/24 00:04,77,89.2,light
11/16/24 00:05,78,89.9,light
11/16/24 00:06,72,91.2,light
11/16/24 00:07,71,89.2,light
11/16/24 00:08,68,91.7,light
11/16/24 00:09,71,90.8,light
11/16/24 00:10,73,89.6,light
11/16/24 00:11,69,91.2,light
11/16/24 00:12,78,89.1,light
11/16/24 00:13,76,92.6,light
11/16/24 00:14,74,90.9,light
11/16/24 00:15,64,90.5,deep
11/16/24 00:16,65,91.6,deep
11/16/24 00:17,66,91.7,deep
11/16/24 00:18,67,89.3,deep
11/16/24 00:19,64,92.8,deep
11/16/24 00:20,64,90.5,deep
11/16/24 00:21,65,93.6,deep
11/16/24 00:22,64,92.3,deep
11/16/24 00:23,67,90.4,deep
11/16/24 00:24,68,91.2,deep
11/16/24 00:25,66,92.4,deep
11/16/24 00:26,62,91.3,deep
11/16/24 00:27,66,92.7,deep
11/16/24 00:28,66,91.1,deep
11/16/24 00:29,62,91.4,deep
11/16/24 00:30,66,92.5,deep
11/16/24 00:31,63,92.1,deep
11/16/24 00:32,67,90.6,deep
11/16/24 00:33,66,91.9,deep
11/16/24 00:34,65,91.7,deep
11/16/24 00:35,65,90.6,deep
11/16/24 00:36,58,91.9,deep
11/16/24 00:37,61,89.6,deep
11/16/24 00:38,64,91.2,deep
11/16/24 00:39,69,91.4,deep
11/16/24 00:40,66,92,deep
11/16/24 00:41,70,91.7,deep
11/16/24 00:42,65,91.1,deep
11/16/24 00:43,64,91.4,deep
11/16/24 00:44,69,90.7,deep
11/16/24 00:45,64,91.6,deep
11/16/24 00:46,62,92.5,deep
11/16/24 00:47,65,91.6,deep
11/16/24 00:48,68,92.7,deep
11/16/24 00:49,62,92.5,deep
11/16/24 00:50,66,93,deep
11/16/24 00:51,64,91.6,deep
11/16/24 00:52,66,91,deep
11/16/24 00:53,65,92.1,deep
11/16/24 00:54,63,91.1,deep
11/16/24 00:55,64,92.1,deep
11/16/24 00:56,63,90.8,deep
11/16/24 00:57,65,90.7,deep
11/16/24 00:58,62,92.7,deep
11/16/24 00:59,63,90.5,deep
11/16/24 01:00,63,92.5,deep
11/16/24 01:01,66,92.1,deep
11/16/24 01:02,60,91.6,deep
11/16/24 01:03,64,89.6,deep
11/16/24 01:04,62,93,deep
11/16/24 01:05,63,90.6,deep
11/16/24 01:06,63,92.5,deep
11/16/24 01:07,65,90.8,deep
11/16/24 01:08,64,90.7,deep
11/16/24 01:09,67,92.2,deep
11/16/24 01:10,66,92,deep
11/16/24 01:11,60,90.4,deep
11/16/24 01:12,62,92.9,deep
11/16/24 01:13,64,91.3,deep
11/16/24 01:14,64,91.6,deep
11/16/24 01:15,62,91.2,light
11/16/24 01:16,68,90.4,light
11/16/24 01:17,67,92.2,light
11/16/24 01:18,60,91.8,light
11/16/24 01:19,66,90.7,light
11/16/24 01:20,64,92.4,light
11/16/24 01:21,68,91.6,light
11/16/24 01:22,60,91.6,light
11/16/24 01:23,71,93.2,light
11/16/24 01:24,62,89.9,light
11/16/24 01:25,66,89.9,light
11/16/24 01:26,63,90.1,light
11/16/24 01:27,63,91.9,light
11/16/24 01:28,59,92.7,light
11/16/24 01:29,68,91.2,light
11/16/24 01:30,64,90.6,light
11/16/24 01:31,64,93.2,light
11/16/24 01:32,71,93.5,light
11/16/24 01:33,67,92.4,light
11/16/24 01:34,62,90,light
11/16/24 01:35,63,91,light
11/16/24 01:36,65,92.3,light
11/16/24 01:37,67,91.5,light
11/16/24 01:38,70,91.9,light
11/16/24 01:39,60,92.7,light
11/16/24 01:40,67,93.4,light
11/16/24 01:41,67,90.8,light
11/16/24 01:42,62,91.6,light
11/16/24 01:43,63,91.1,light
11/16/24 01:44,60,89.5,light
11/16/24 01:45,53,93.6,light
11/16/24 01:46,55,93.5,light
11/16/24 01:47,58,92.6,light
11/16/24 01:48,58,91.7,light
11/16/24 01:49,52,92.7,light
11/16/24 01:50,57,93.6,light
11/16/24 01:51,51,94.1,light
11/16/24 01:52,53,92.4,light
11/16/24 01:53,54,93.9,light
11/16/24 01:54,55,93.5,light
11/16/24 01:55,55,93.3,light
11/16/24 01:56,55,92,light
11/16/24 01:57,54,92,light
11/16/24 01:58,56,92.3,light
11/16/24 01:59,56,92.7,light
11/16/24 02:00,54,94.4,light
11/16/24 02:01,56,92.5,light
11/16/24 02:02,59,93.6,light
11/16/24 02:03,53,92.6,light
11/16/24 02:04,58,93.4,light
11/16/24 02:05,53,92.9,light
11/16/24 02:06,57,93.1,light
11/16/24 02:07,53,93.3,light
11/16/24 02:08,56,92.8,light
11/16/24 02:09,55,93.3,light
11/16/24 02:10,51,94,light
11/16/24 02:11,58,92.4,light
11/16/24 02:12,53,93.9,light
11/16/24 02:13,52,92.8,light
11/16/24 02:14,53,92.7,light
11/16/24 02:15,60,92.2,REM
11/16/24 02:16,52,92.7,REM
11/16/24 02:17,55,93.3,REM
11/16/24 02:18,52,93.2,REM
11/16/24 02:19,53,91.3,REM
11/16/24 02:20,51,93.3,REM
11/16/24 02:21,55,91.8,REM
11/16/24 02:22,54,91.9,REM
11/16/24 02:23,52,93.3,REM
11/16/24 02:24,56,93.4,REM
11/16/24 02:25,56,94,REM
11/16/24 02:26,55,92.1,REM
11/16/24 02:27,57,92.4,REM
11/16/24 02:28,54,93.4,REM
11/16/24 02:29,55,94,REM
11/16/24 02:30,54,93.2,REM
11/16/24 02:31,51,92.3,REM
11/16/24 02:32,55,94.2,REM
11/16/24 02:33,55,92.8,REM
11/16/24 02:34,54,92.8,REM
11/16/24 02:35,55,91.9,light
11/16/24 02:36,57,93.6,light
11/16/24 02:37,54,93.7,light
11/16/24 02:38,53,92.4,light
11/16/24 02:39,54,94.4,light
11/16/24 02:40,54,92.5,light
11/16/24 02:41,56,93.5,light
11/16/24 02:42,55,93.2,light
11/16/24 02:43,52,91.4,light
11/16/24 02:44,56,93.4,light
11/16/24 02:45,56,93.4,light
11/16/24 02:46,55,91.6,light
11/16/24 02:47,56,94.2,light
11/16/24 02:48,57,93.4,light
11/16/24 02:49,54,94,light
11/16/24 02:50,53,91.6,light
11/16/24 02:51,54,92.7,light
11/16/24 02:52,56,93.9,light
11/16/24 02:53,54,91.7,light
11/16/24 02:54,53,92.7,light
11/16/24 02:55,55,93.3,light
11/16/24 02:56,50,91.5,light
11/16/24 02:57,54,91.9,light
11/16/24 02:58,56,94.1,light
11/16/24 02:59,56,93,light
11/16/24 03:00,47,93.9,light
11/16/24 03:01,54,93.1,light
11/16/24 03:02,56,95,light
11/16/24 03:03,52,93.4,light
11/16/24 03:04,54,94,light
11/16/24 03:05,57,92.8,light
11/16/24 03:06,54,93.2,light
11/16/24 03:07,58,93.5,light
11/16/24 03:08,53,93.6,light
11/16/24 03:09,57,93,light
11/16/24 03:10,55,93,light
11/16/24 03:11,53,93.4,light
11/16/24 03:12,57,93.4,light
11/16/24 03:13,52,92.2,light
11/16/24 03:14,53,93.2,light
11/16/24 03:15,76,91,light
11/16/24 03:16,75,89,light
11/16/24 03:17,76,91.9,light
11/16/24 03:18,73,91.1,light
11/16/24 03:19,70,94,light
11/16/24 03:20,72,90.5,light
11/16/24 03:21,80,92.2,light
11/16/24 03:22,69,92,light
11/16/24 03:23,81,93.4,light
11/16/24 03:24,76,89,light
11/16/24 03:25,72,89.8,light
11/16/24 03:26,66,90.6,light
11/16/24 03:27,67,91.4,light
11/16/24 03:28,73,88.8,light
11/16/24 03:29,73,88.2,light
11/16/24 03:30,75,87.3,light
11/16/24 03:31,81,87.2,light
11/16/24 03:32,77,91.5,light
11/16/24 03:33,74,89.8,light
11/16/24 03:34,79,88.6,light
11/16/24 03:35,75,89.5,light
11/16/24 03:36,81,89.7,light
11/16/24 03:37,72,89.1,light
11/16/24 03:38,70,92.9,light
11/16/24 03:39,66,92.9,light
11/16/24 03:40,74,92.9,light
11/16/24 03:41,70,90.8,light
11/16/24 03:42,70,90.9,light
11/16/24 03:43,79,89.5,light
11/16/24 03:44,68,90.7,light
11/16/24 03:45,75,90.5,light
11/16/24 03:46,74,91.5,light
11/16/24 03:47,75,92.3,light
11/16/24 03:48,80,89.7,light
11/16/24 03:49,71,88.6,light
11/16/24 03:50,80,91.6,light
11/16/24 03:51,67,89.7,light
11/16/24 03:52,77,90.4,light
11/16/24 03:53,80,90.6,light
11/16/24 03:54,58,92.7,light
11/16/24 03:55,74,88.2,light
11/16/24 03:56,74,90,light
11/16/24 03:57,75,93,light
11/16/24 03:58,81,91.4,light
11/16/24 03:59,71,92.2,light
11/16/24 04:00,70,88.7,light
11/16/24 04:01,75,90.9,light
11/16/24 04:02,79,90.6,light
11/16/24 04:03,77,90.7,light
11/16/24 04:04,75,91.3,light
11/16/24 04:05,74,90.7,wake
11/16/24 04:06,66,90.3,wake
11/16/24 04:07,77,91.4,wake
11/16/24 04:08,77,91.8,wake
11/16/24 04:09,72,92.5,wake
11/16/24 04:10,73,92.5,wake
11/16/24 04:11,70,91.2,wake
11/16/24 04:12,78,88.8,wake
11/16/24 04:13,73,88.2,wake
11/16/24 04:14,74,90.2,wake
11/16/24 04:15,77,91.9,light
11/16/24 04:16,76,91.8,light
11/16/24 04:17,77,90.9,light
11/16/24 04:18,75,90.4,light
11/16/24 04:19,75,93.4,light
11/16/24 04:20,75,91.4,light
11/16/24 04:21,76,90.4,light
11/16/24 04:22,77,89.5,light
11/16/24 04:23,70,89,light
11/16/24 04:24,72,88.8,light
11/16/24 04:25,74,89,light
11/16/24 04:26,76,90.9,light
11/16/24 04:27,81,90.5,light
11/16/24 04:28,71,90,light
11/16/24 04:29,78,91.6,light
11/16/24 04:30,72,93.2,light
11/16/24 04:31,80,89.3,light
11/16/24 04:32,82,89.5,light
11/16/24 04:33,68,89.3,light
11/16/24 04:34,73,90.5,light
11/16/24 04:35,65,91.4,light
11/16/24 04:36,68,92.4,light
11/16/24 04:37,68,91.4,light
11/16/24 04:38,77,89.6,light
11/16/24 04:39,76,90.8,light
11/16/24 04:40,78,91.3,light
11/16/24 04:41,77,88.1,light
11/16/24 04:42,76,92,light
11/16/24 04:43,75,92.5,light
11/16/24 04:44,74,91.3,light
11/16/24 04:45,68,90.6,light
11/16/24 04:46,65,91.2,light
11/16/24 04:47,66,92.7,light
11/16/24 04:48,58,92.2,light
11/16/24 04:49,61,92.1,light
11/16/24 04:50,67,91.4,light
11/16/24 04:51,62,91.7,light
11/16/24 04:52,60,90.7,light
11/16/24 04:53,66,91.8,light
11/16/24 04:54,65,91.8,light
11/16/24 04:55,63,90,light
11/16/24 04:56,69,91.5,light
11/16/24 04:57,69,92.1,light
11/16/24 04:58,64,91.1,light
11/16/24 04:59,67,89.1,light
11/16/24 05:00,58,92.9,light
11/16/24 05:01,68,93,light
11/16/24 05:02,61,91.2,light
11/16/24 05:03,60,92.9,light
11/16/24 05:04,59,92.4,light
11/16/24 05:05,59,92.1,light
11/16/24 05:06,68,91.5,light
11/16/24 05:07,66,90.7,light
11/16/24 05:08,62,91.8,light
11/16/24 05:09,67,91.1,light
11/16/24 05:10,63,93,light
11/16/24 05:11,65,91.1,light
11/16/24 05:12,63,91.6,light
11/16/24 05:13,64,92.1,light
11/16/24 05:14,62,92.5,light
11/16/24 05:15,62,93,light
11/16/24 05:16,66,91.3,light
11/16/24 05:17,67,91.1,light
11/16/24 05:18,63,89.6,light
11/16/24 05:19,60,93.5,light
11/16/24 05:20,72,91,light
11/16/24 05:21,65,92.3,light
11/16/24 05:22,65,92.1,light
11/16/24 05:23,61,91.5,light
11/16/24 05:24,68,91.9,light
11/16/24 05:25,69,90.9,light
11/16/24 05:26,59,92.8,light
11/16/24 05:27,64,90.5,light
11/16/24 05:28,64,93.1,light
11/16/24 05:29,72,91.3,light
11/16/24 05:30,69,93.5,light
11/16/24 05:31,60,93.8,light
11/16/24 05:32,62,90.1,light
11/16/24 05:33,62,92.5,light
11/16/24 05:34,66,90.1,light
11/16/24 05:35,69,91.7,light
11/16/24 05:36,65,91.8,light
11/16/24 05:37,66,90.2,light
11/16/24 05:38,63,90.8,light
11/16/24 05:39,66,91.9,light
11/16/24 05:40,63,91.7,light
11/16/24 05:41,60,90.5,light
11/16/24 05:42,66,90.8,light
11/16/24 05:43,64,90,light
11/16/24 05:44,61,90.3,light
11/16/24 05:45,69,91.1,deep
11/16/24 05:46,62,92.5,deep
11/16/24 05:47,66,92.6,deep
11/16/24 05:48,63,93.3,deep
11/16/24 05:49,69,91.9,deep
11/16/24 05:50,64,91.7,deep
11/16/24 05:51,59,93.4,deep
11/16/24 05:52,67,92,deep
11/16/24 05:53,69,89.9,deep
11/16/24 05:54,63,93.4,deep
11/16/24 05:55,67,89.6,deep
11/16/24 05:56,65,92.6,deep
11/16/24 05:57,63,91.6,deep
11/16/24 05:58,67,90.4,deep
11/16/24 05:59,62,92,deep
11/16/24 06:00,65,91.4,deep
11/16/24 06:01,65,90.8,deep
11/16/24 06:02,65,90.1,deep
11/16/24 06:03,62,90,deep
11/16/24 06:04,71,89.6,deep
11/16/24 06:05,68,91.1,deep
11/16/24 06:06,67,90.3,deep
11/16/24 06:07,69,91.5,deep
11/16/24 06:08,65,90.4,deep
11/16/24 06:09,63,91.9,deep
11/16/24 06:10,61,92.7,deep
11/16/24 06:11,62,91.8,deep
11/16/24 06:12,61,91.4,deep
11/16/24 06:13,63,91,deep
11/16/24 06:14,65,92.9,deep
11/16/24 06:15,56,92.8,deep
11/16/24 06:16,56,95,deep
11/16/24 06:17,52,92.1,deep
11/16/24 06:18,56,93.2,deep
11/16/24 06:19,57,94.1,deep
11/16/24 06:20,54,92.4,deep
11/16/24 06:21,57,92.8,deep
11/16/24 06:22,56,93.5,deep
11/16/24 06:23,52,93.3,deep
11/16/24 06:24,59,93.4,deep
11/16/24 06:25,53,93.9,deep
11/16/24 06:26,56,92.7,deep
11/16/24 06:27,56,94.1,deep
11/16/24 06:28,52,91.6,deep
11/16/24 06:29,55,93.9,deep
11/16/24 06:30,56,93.9,deep
11/16/24 06:31,52,92.4,deep
11/16/24 06:32,55,91.8,deep
11/16/24 06:33,56,92.8,deep
11/16/24 06:34,57,93.3,deep
11/16/24 06:35,54,92.7,deep
11/16/24 06:36,58,93.4,deep
11/16/24 06:37,57,94.6,deep
11/16/24 06:38,55,91.9,deep
11/16/24 06:39,53,91.4,deep
11/16/24 06:40,52,92.9,deep
11/16/24 06:41,55,92.5,deep
11/16/24 06:42,57,92.6,deep
11/16/24 06:43,54,94,deep
11/16/24 06:44,53,92.9,deep
11/16/24 06:45,56,93,light
11/16/24 06:46,55,92.7,light
11/16/24 06:47,56,93,light
11/16/24 06:48,53,93.2,light
11/16/24 06:49,54,95.2,light
11/16/24 06:50,53,93.2,light
11/16/24 06:51,55,93.9,light
11/16/24 06:52,54,93.1,light
11/16/24 06:53,56,91.4,light
11/16/24 06:54,53,92.5,light
11/16/24 06:55,55,93.2,light
11/16/24 06:56,56,93.6,light
11/16/24 06:57,55,93.2,light
11/16/24 06:58,56,93.7,light
11/16/24 06:59,54,91.8,light
11/16/24 07:00,56,93,light
11/16/24 07:01,55,94.1,light
11/16/24 07:02,53,92.2,light
11/16/24 07:03,51,93.9,light
11/16/24 07:04,51,93.9,light
11/16/24 07:05,50,92,light
11/16/24 07:06,55,93.3,light
11/16/24 07:07,54,93.1,light
11/16/24 07:08,55,92.9,light
11/16/24 07:09,54,91.8,light
11/16/24 07:10,56,92.8,light
11/16/24 07:11,56,92.9,light
11/16/24 07:12,55,91.6,light
11/16/24 07:13,55,92,light
11/16/24 20:00,76,88.8,light
11/16/24 20:01,78,89.7,light
11/16/24 20:02,73,91.8,light
11/16/24 20:03,78,89.7,light
11/16/24 20:04,78,89.4,light
11/16/24 20:05,74,90.1,light
11/16/24 20:06,76,91.3,light
11/16/24 20:07,74,92.7,light
11/16/24 20:08,70,89.1,light
11/16/24 20:09,72,89.2,light
11/16/24 20:10,76,90.1,light
11/16/24 20:11,74,90.8,light
11/16/24 20:12,77,89.3,light
11/16/24 20:13,67,92.2,light
11/16/24 20:14,68,90.6,light
11/16/24 20:15,68,89.6,light
11/16/24 20:16,75,91.3,light
11/16/24 20:17,69,92.1,light
11/16/24 20:18,76,92.1,light
11/16/24 20:19,78,87.5,light
11/16/24 20:20,81,89.5,light
11/16/24 20:21,80,90.1,light
11/16/24 20:22,72,93.1,light
11/16/24 20:23,68,91.3,light
11/16/24 20:24,72,88.5,light
11/16/24 20:25,78,90.9,light
11/16/24 20:26,73,92.5,light
11/16/24 20:27,74,92.1,light
11/16/24 20:28,72,91.3,light
11/16/24 20:29,81,90.9,light
11/16/24 20:30,70,87.1,light
11/16/24 20:31,75,90.5,light
11/16/24 20:32,79,90.8,light
11/16/24 20:33,82,90.3,light
11/16/24 20:34,72,91.6,light
11/16/24 20:35,78,90.2,light
11/16/24 20:36,72,89.9,light
11/16/24 20:37,80,92.1,light
11/16/24 20:38,81,89.9,light
11/16/24 20:39,71,90.6,light
11/16/24 20:40,77,91.8,light
11/16/24 20:41,79,89,light
11/16/24 20:42,73,88.8,light
11/16/24 20:43,77,92.5,light
11/16/24 20:44,77,89.6,light
11/16/24 20:45,83,91.5,light
11/16/24 20:46,67,89.7,light
11/16/24 20:47,74,86.7,light
11/16/24 20:48,69,91.9,light
11/16/24 20:49,75,90.3,light
11/16/24 20:50,71,91.1,light
11/16/24 20:51,73,93.3,light
11/16/24 20:52,71,88.6,light
11/16/24 20:53,75,90.6,light
11/16/24 20:54,79,92.7,light
11/16/24 20:55,73,88.9,light
11/16/24 20:56,80,89.6,light
11/16/24 20:57,79,87.8,light
11/16/24 20:58,83,93.9,light
11/16/24 20:59,76,87.2,light
11/16/24 21:00,74,91.7,light
11/16/24 21:01,68,90.2,light
11/16/24 21:02,71,88.9,light
11/16/24 21:03,74,92.1,light
11/16/24 21:04,74,89.4,light
11/16/24 21:05,84,91.5,light
11/16/24 21:06,74,92.6,light
11/16/24 21:07,67,91.7,light
11/16/24 21:08,77,91.8,light
11/16/24 21:09,77,90.6,light
11/16/24 21:10,73,90.7,light
11/16/24 21:11,83,89.5,light
11/16/24 21:12,67,93.4,light
11/16/24 21:13,79,91.6,light
11/16/24 21:14,73,91.3,light
11/16/24 21:15,71,91.7,light
11/16/24 21:16,84,89.5,light
11/16/24 21:17,77,91.9,light
11/16/24 21:18,73,92.8,light
11/16/24 21:19,73,88.4,light
11/16/24 21:20,76,91.3,light
11/16/24 21:21,73,90.6,light
11/16/24 21:22,80,89.7,light
11/16/24 21:23,75,88.9,light
11/16/24 21:24,79,92.1,light
11/16/24 21:25,75,90.8,light
11/16/24 21:26,78,90.2,light
11/16/24 21:27,80,91.3,light
11/16/24 21:28,81,90.3,light
11/16/24 21:29,76,89.4,light
11/16/24 21:30,62,91.6,deep
11/16/24 21:31,64,91.5,deep
11/16/24 21:32,64,89.7,deep
11/16/24 21:33,63,90.9,deep
11/16/24 21:34,62,90.2,deep
11/16/24 21:35,65,89.8,deep
11/16/24 21:36,62,92,deep
11/16/24 21:37,61,90.8,deep
11/16/24 21:38,59,93.8,deep
11/16/24 21:39,66,89.7,deep
11/16/24 21:40,66,91.2,deep
11/16/24 21:41,64,90.9,deep
11/16/24 21:42,67,89.9,deep
11/16/24 21:43,62,91.5,deep
11/16/24 21:44,66,90,deep
11/16/24 21:45,65,91.7,deep
11/16/24 21:46,62,92.2,deep
11/16/24 21:47,63,91.8,deep
11/16/24 21:48,63,91.9,deep
11/16/24 21:49,65,92.5,deep
11/16/24 21:50,66,91.5,deep
11/16/24 21:51,63,90.7,deep
11/16/24 21:52,62,90.9,deep
11/16/24 21:53,65,90.9,deep
11/16/24 21:54,60,90.5,deep
11/16/24 21:55,65,92.3,deep
11/16/24 21:56,69,92,deep
11/16/24 21:57,62,89.8,deep
11/16/24 21:58,64,90.7,deep
11/16/24 21:59,68,90.4,deep
11/16/24 22:00,67,91.8,deep
11/16/24 22:01,65,92.6,deep
11/16/24 22:02,64,91.9,deep
11/16/24 22:03,61,90.8,deep
11/16/24 22:04,66,91.2,deep
11/16/24 22:05,60,90.1,deep
11/16/24 22:06,58,91.9,deep
11/16/24 22:07,68,92.3,deep
11/16/24 22:08,66,92.9,deep
11/16/24 22:09,67,90.8,deep
11/16/24 22:10,62,91.5,deep
11/16/24 22:11,66,92.2,deep
11/16/24 22:12,63,89.8,deep
11/16/24 22:13,64,90.5,deep
11/16/24 22:14,67,93.5,deep
11/16/24 22:15,64,90.5,deep
11/16/24 22:16,62,91.1,deep
11/16/24 22:17,60,90.9,deep
11/16/24 22:18,66,89.5,deep
11/16/24 22:19,68,91.6,deep
11/16/24 22:20,62,91.5,deep
11/16/24 22:21,67,91.7,deep
11/16/24 22:22,62,91.4,deep
11/16/24 22:23,67,91,deep
11/16/24 22:24,65,91,deep
11/16/24 22:25,65,91,deep
11/16/24 22:26,62,90.5,deep
11/16/24 22:27,66,90.7,deep
11/16/24 22:28,63,90.5,deep
11/16/24 22:29,63,92.1,deep
11/16/24 22:30,60,91.8,light
11/16/24 22:31,62,91.5,light
11/16/24 22:32,63,93.4,light
11/16/24 22:33,65,90.6,light
11/16/24 22:34,66,92.6,light
11/16/24 22:35,63,91.2,light
11/16/24 22:36,64,91.7,light
11/16/24 22:37,70,91.5,light
11/16/24 22:38,65,91,light
11/16/24 22:39,63,90.4,light
11/16/24 22:40,59,92.3,light
11/16/24 22:41,62,89.4,light
11/16/24 22:42,62,92.1,light
11/16/24 22:43,70,91.4,light
11/16/24 22:44,62,93.1,light
11/16/24 22:45,65,91.9,light
11/16/24 22:46,66,92.2,light
11/16/24 22:47,68,91.4,light
11/16/24 22:48,65,92,light
11/16/24 22:49,63,92.6,light
11/16/24 22:50,63,91.7,light
11/16/24 22:51,66,91,light
11/16/24 22:52,62,91.3,light
11/16/24 22:53,61,92.3,light
11/16/24 22:54,63,91,light
11/16/24 22:55,61,92.4,light
11/16/24 22:56,70,93.4,light
11/16/24 22:57,66,92.4,light
11/16/24 22:58,69,92.2,light
11/16/24 22:59,66,91.8,light
11/16/24 23:00,58,92.4,light
11/16/24 23:01,55,92.3,light
11/16/24 23:02,56,92.3,light
11/16/24 23:03,50,93.4,light
11/16/24 23:04,53,92.7,light
11/16/24 23:05,55,93,light
11/16/24 23:06,55,93.3,light
11/16/24 23:07,54,92.3,light
11/16/24 23:08,55,92.6,light
11/16/24 23:09,55,93.3,light
11/16/24 23:10,56,92.8,light
11/16/24 23:11,56,92.8,light
11/16/24 23:12,57,92.2,light
11/16/24 23:13,57,92.9,light
11/16/24 23:14,55,94.3,light
11/16/24 23:15,59,92.6,light
11/16/24 23:16,57,92.1,light
11/16/24 23:17,53,93.8,light
11/16/24 23:18,55,93.4,light
11/16/24 23:19,51,93.2,light
11/16/24 23:20,51,91.9,light
11/16/24 23:21,54,92.1,light
11/16/24 23:22,53,91.8,light
11/16/24 23:23,54,93.3,light
11/16/24 23:24,55,93.8,light
11/16/24 23:25,57,93.4,light
11/16/24 23:26,57,94.6,light
11/16/24 23:27,55,92.6,light
11/16/24 23:28,52,92.7,light
11/16/24 23:29,53,93.1,light
11/16/24 23:30,56,92.8,REM
11/16/24 23:31,53,93.4,REM
11/16/24 23:32,52,92.5,REM
11/16/24 23:33,55,91.9,REM
11/16/24 23:34,54,91.6,REM
11/16/24 23:35,54,93.4,REM
11/16/24 23:36,57,92.6,REM
11/16/24 23:37,57,92.1,REM
11/16/24 23:38,58,92.5,REM
11/16/24 23:39,53,94.6,REM
11/16/24 23:40,55,92.1,REM
11/16/24 23:41,55,93.6,REM
11/16/24 23:42,55,93.3,REM
11/16/24 23:43,52,94.1,REM
11/16/24 23:44,52,92.9,REM
11/16/24 23:45,54,91.8,REM
11/16/24 23:46,53,93.8,REM
11/16/24 23:47,56,92.8,REM
11/16/24 23:48,51,94,REM
11/16/24 23:49,52,93.7,REM
11/16/24 23:50,54,93.8,light
11/16/24 23:51,51,94.9,light
11/16/24 23:52,58,93.2,light
11/16/24 23:53,54,94.2,light
11/16/24 23:54,53,92.7,light
11/16/24 23:55,55,93.4,light
11/16/24 23:56,56,92.6,light
11/16/24 23:57,55,93.4,light
11/16/24 23:58,54,93.3,light
11/16/24 23:59,53,91.4,light
11/17/24 00:00,56,92.5,light
11/17/24 00:01,57,93.2,light
11/17/24 00:02,54,91.2,light
11/17/24 00:03,53,92.9,light
11/17/24 00:04,55,93.8,light
11/17/24 00:05,55,94,light
11/17/24 00:06,52,92.4,light
11/17/24 00:07,53,94.1,light
11/17/24 00:08,58,94,light
11/17/24 00:09,52,91.3,light
11/17/24 00:10,53,93.1,light
11/17/24 00:11,53,93.2,light
11/17/24 00:12,53,94.2,light
11/17/24 00:13,54,93.2,light
11/17/24 00:14,55,94.1,light
11/17/24 00:15,57,92.4,light
11/17/24 00:16,55,91.7,light
11/17/24 00:17,53,92.5,light
11/17/24 00:18,58,94.3,light
11/17/24 00:19,50,93.7,light
11/17/24 00:20,56,94.9,light
11/17/24 00:21,52,91.8,light
11/17/24 00:22,54,93.8,light
11/17/24 00:23,56,93.6,light
11/17/24 00:24,51,92.8,light
11/17/24 00:25,55,93.6,light
11/17/24 00:26,55,93.1,light
11/17/24 00:27,57,93.4,light
11/17/24 00:28,60,92.2,light
11/17/24 00:29,51,93.8,light
11/17/24 00:30,80,90.6,light
11/17/24 00:31,74,93.2,light
11/17/24 00:32,71,90.2,light
11/17/24 00:33,76,93.3,light
11/17/24 00:34,69,90.4,light
11/17/24 00:35,70,89,light
11/17/24 00:36,68,90.6,light
11/17/24 00:37,77,91.9,light
11/17/24 00:38,76,89.3,light
11/17/24 00:39,71,92.7,light
11/17/24 00:40,81,89.7,light
11/17/24 00:41,72,91.1,light
11/17/24 00:42,80,91.5,light
11/17/24 00:43,75,89,light
11/17/24 00:44,72,88.4,light
11/17/24 00:45,74,90.9,light
11/17/24 00:46,69,91.2,light
11/17/24 00:47,75,91.2,light
11/17/24 00:48,75,88.5,light
11/17/24 00:49,77,90,light
11/17/24 00:50,78,90.2,light
11/17/24 00:51,75,86.8,light
11/17/24 00:52,69,92.5,light
11/17/24 00:53,78,89.4,light
11/17/24 00:54,75,92.7,light
11/17/24 00:55,67,90.8,light
11/17/24 00:56,76,89.7,light
11/17/24 00:57,76,88.6,light
11/17/24 00:58,73,92.2,light
11/17/24 00:59,74,91.2,light
11/17/24 01:00,72,92.6,light
11/17/24 01:01,76,90.2,light
11/17/24 01:02,75,90.4,light
11/17/24 01:03,71,88,light
11/17/24 01:04,81,89.6,light
11/17/24 01:05,72,90.8,light
11/17/24 01:06,64,91.9,light
11/17/24 01:07,73,93.2,light
11/17/24 01:08,79,87.7,light
11/17/24 01:09,74,90.8,light
11/17/24 01:10,68,91.1,light
11/17/24 01:11,70,90.6,light
11/17/24 01:12,70,90.7,light
11/17/24 01:13,72,90.2,light
11/17/24 01:14,73,88.8,light
11/17/24 01:15,76,88.5,light
11/17/24 01:16,75,90.1,light
11/17/24 01:17,75,88.4,light
11/17/24 01:18,82,90.3,light
11/17/24 01:19,78,90.1,light
11/17/24 01:20,78,86.8,wake
11/17/24 01:21,67,93.4,wake
11/17/24 01:22,71,90.6,wake
11/17/24 01:23,68,89.1,wake
11/17/24 01:24,71,90.9,wake
11/17/24 01:25,78,90.2,wake
11/17/24 01:26,73,88.5,wake
11/17/24 01:27,79,91,wake
11/17/24 01:28,77,89.1,wake
11/17/24 01:29,75,90.8,wake
11/17/24 01:30,79,89.4,light
11/17/24 01:31,80,89.1,light
11/17/24 01:32,76,90.5,light
11/17/24 01:33,75,88.1,light
11/17/24 01:34,77,90.4,light
11/17/24 01:35,69,92.2,light
11/17/24 01:36,74,92.4,light
11/17/24 01:37,74,92.1,light
11/17/24 01:38,73,92.5,light
11/17/24 01:39,71,89.8,light
11/17/24 01:40,78,89,light
11/17/24 01:41,75,91.7,light
11/17/24 01:42,76,89.7,light
11/17/24 01:43,80,90.5,light
11/17/24 01:44,74,91.6,light
11/17/24 01:45,73,93.5,light
11/17/24 01:46,80,91.3,light
11/17/24 01:47,69,91.7,light
11/17/24 01:48,75,88.8,light
11/17/24 01:49,72,92.3,light
11/17/24 01:50,76,91.1,light
11/17/24 01:51,77,90,light
11/17/24 01:52,77,89.8,light
11/17/24 01:53,79,89.9,light
11/17/24 01:54,73,90.6,light
11/17/24 01:55,74,88.3,light
11/17/24 01:56,77,92.3,light
11/17/24 01:57,78,92.1,light
11/17/24 01:58,69,91.3,light
11/17/24 01:59,76,89.9,light
11/17/24 02:00,63,91.5,light
11/17/24 02:01,65,91.6,light
11/17/24 02:02,63,91.2,light
11/17/24 02:03,62,92.5,light
11/17/24 02:04,61,90.1,light
11/17/24 02:05,64,90.8,light
11/17/24 02:06,66,92.3,light
11/17/24 02:07,63,91.8,light
11/17/24 02:08,68,90.8,light
11/17/24 02:09,72,91.1,light
11/17/24 02:10,66,90.7,light
11/17/24 02:11,64,91.2,light
11/17/24 02:12,62,92.5,light
11/17/24 02:13,66,92.4,light
11/17/24 02:14,69,91.8,light
11/17/24 02:15,70,88.9,light
11/17/24 02:16,69,91.1,light
11/17/24 02:17,67,91.6,light
11/17/24 02:18,66,93,light
11/17/24 02:19,61,89.7,light
11/17/24 02:20,64,90.6,light
11/17/24 02:21,64,92.6,light
11/17/24 02:22,64,92.9,light
11/17/24 02:23,62,91.4,light
11/17/24 02:24,67,93,light
11/17/24 02:25,64,90.8,light
11/17/24 02:26,63,90,light
11/17/24 02:27,62,92.3,light
11/17/24 02:28,65,92.8,light
11/17/24 02:29,69,92.8,light
11/17/24 02:30,64,90.6,light
11/17/24 02:31,65,91.7,light
11/17/24 02:32,70,91.8,light
11/17/24 02:33,68,91.8,light
11/17/24 02:34,66,92.9,light
11/17/24 02:35,66,91.1,light
11/17/24 02:36,63,91.4,light
11/17/24 02:37,62,91.7,light
11/17/24 02:38,65,92.3,light
11/17/24 02:39,65,91.3,light
11/17/24 02:40,62,92.4,light
11/17/24 02:41,67,93.1,light
11/17/24 02:42,64,91,light
11/17/24 02:43,68,91.3,light
11/17/24 02:44,64,92.5,light
11/17/24 02:45,64,93.4,light
11/17/24 02:46,62,92.1,light
11/17/24 02:47,62,90.7,light
11/17/24 02:48,68,91.7,light
11/17/24 02:49,65,92.5,light
11/17/24 02:50,66,90.7,light
11/17/24 02:51,69,90.4,light
11/17/24 02:52,61,91.2,light
11/17/24 02:53,67,92.2,light
11/17/24 02:54,60,90.1,light
11/17/24 02:55,63,90.8,light
11/17/24 02:56,61,91.8,light
11/17/24 02:57,67,92.6,light
11/17/24 02:58,59,93.2,light
11/17/24 02:59,64,91.9,light
11/17/24 03:00,61,92.5,deep
11/17/24 03:01,62,93.1,deep
11/17/24 03:02,62,93,deep
11/17/24 03:03,68,89.5,deep
11/17/24 03:04,63,91.6,deep
11/17/24 03:05,70,91.9,deep
11/17/24 03:06,70,93,deep
11/17/24 03:07,71,91.5,deep
11/17/24 03:08,64,90.6,deep
11/17/24 03:09,65,90.8,deep
11/17/24 03:10,66,90.8,deep
11/17/24 03:11,63,91.8,deep
11/17/24 03:12,66,91,deep
11/17/24 03:13,62,88.5,deep
11/17/24 03:14,59,92.1,deep
11/17/24 03:15,67,91.1,deep
11/17/24 03:16,63,90.1,deep
11/17/24 03:17,62,90.3,deep
11/17/24 03:18,62,93.6,deep
11/17/24 03:19,69,91.5,deep
11/17/24 03:20,66,91.1,deep
11/17/24 03:21,60,92.2,deep
11/17/24 03:22,61,92.6,deep
11/17/24 03:23,64,93.7,deep
11/17/24 03:24,66,93.2,deep
11/17/24 03:25,62,91.9,deep
11/17/24 03:26,64,90,deep
11/17/24 03:27,65,90.5,deep
11/17/24 03:28,65,91.1,deep
11/17/24 03:29,57,93.4,deep
11/17/24 03:30,55,93.1,deep
11/17/24 03:31,51,91.8,deep
11/17/24 03:32,54,91.7,deep
11/17/24 03:33,53,93.2,deep
11/17/24 03:34,52,93.1,deep
11/17/24 03:35,56,92.8,deep